{"type":"FeatureCollection","features":[{"type":"Feature","properties":{"id_app":1187,"app":"Alsace grand cru Altenberg de Bergbieten","denom":"Alsace grand cru Altenberg de Bergbieten","hierarchy":"Grand Cru","dt":"Colmar","dept":"67"},"geometry":{"type":"Polygon","coordinates":[[[7.4599,48.5827],[7.4599,48.5822],[7.4596,48.5821],[7.4593,48.5824],[7.4587,48.5822],[7.4589,48.582],[7.4579,48.5818],[7.4577,48.5821],[7.4578,48.5828],[7.4581,48.5834],[7.4585,48.5835],[7.4587,48.5842],[7.4594,48.5844],[7.4599,48.5833],[7.4594,48.5845],[7.4597,48.5849],[7.4589,48.5878],[7.4636,48.5883],[7.4652,48.5881],[7.4684,48.5882],[7.4685,48.5874],[7.4668,48.5871],[7.4672,48.5864],[7.4646,48.5855],[7.4642,48.5853],[7.4645,48.585],[7.4632,48.5845],[7.4637,48.5838],[7.463,48.5836],[7.4629,48.5838],[7.4624,48.5837],[7.4628,48.5832],[7.4609,48.5823],[7.4608,48.5824],[7.4606,48.5823],[7.4608,48.5821],[7.4602,48.5819],[7.4599,48.5827]]]}},{"type":"Feature","properties":{"id_app":1188,"app":"Alsace grand cru Altenberg de Bergheim","denom":"Alsace grand cru Altenberg de Bergheim","hierarchy":"Grand Cru","dt":"Colmar","dept":"68"},"geometry":{"type":"MultiPolygon","coordinates":[[[[7.3506,48.2081],[7.3491,48.2093],[7.3491,48.2095],[7.3488,48.2095],[7.3489,48.2091],[7.3475,48.2094],[7.3477,48.2101],[7.3482,48.2105],[7.3488,48.2106],[7.3504,48.2099],[7.3507,48.2096],[7.3519,48.2091],[7.3547,48.209],[7.3557,48.2085],[7.3583,48.2083],[7.3582,48.2079],[7.3563,48.208],[7.3556,48.2079],[7.3538,48.208],[7.3537,48.2074],[7.3526,48.2073],[7.3513,48.2079],[7.3506,48.2081]]],[[[7.3583,48.2083],[7.3557,48.2086],[7.355,48.209],[7.3521,48.2092],[7.3519,48.2095],[7.3519,48.2093],[7.3517,48.2093],[7.3508,48.2096],[7.3505,48.2099],[7.3482,48.211],[7.3479,48.2117],[7.3483,48.2119],[7.3483,48.2123],[7.3485,48.2122],[7.3487,48.2125],[7.3496,48.212],[7.3501,48.2124],[7.351,48.212],[7.3504,48.2116],[7.351,48.2121],[7.3516,48.2116],[7.3511,48.2112],[7.3519,48.2108],[7.352,48.211],[7.3525,48.2111],[7.3528,48.2116],[7.3536,48.2118],[7.3534,48.212],[7.354,48.2122],[7.3544,48.2119],[7.3546,48.2119],[7.355,48.2115],[7.3562,48.2114],[7.3569,48.2116],[7.3592,48.2118],[7.3592,48.2107],[7.3598,48.2096],[7.3595,48.2086],[7.3591,48.2084],[7.3583,48.2083]]]]}},{"type":"Feature","properties":{"id_app":1189,"app":"Alsace grand cru Altenberg de Wolxheim","denom":"Alsace grand cru Altenberg de Wolxheim","hierarchy":"Grand Cru","dt":"Colmar","dept":"67"},"geometry":{"type":"Polygon","coordinates":[[[7.5112,48.5726],[7.5105,48.5714],[7.5104,48.5707],[7.5118,48.5708],[7.5118,48.5711],[7.5123,48.5711],[7.5128,48.5711],[7.5129,48.5708],[7.5139,48.5708],[7.5144,48.5697],[7.5132,48.5696],[7.5132,48.5698],[7.512,48.5697],[7.5121,48.5695],[7.5105,48.5696],[7.5103,48.5695],[7.5104,48.5691],[7.5083,48.5692],[7.5068,48.5696],[7.5059,48.5715],[7.5028,48.5739],[7.5002,48.5766],[7.5019,48.5771],[7.5032,48.5765],[7.5034,48.5768],[7.5032,48.5769],[7.5032,48.5771],[7.5046,48.5773],[7.5052,48.5762],[7.5044,48.5761],[7.5047,48.5761],[7.5052,48.5754],[7.5039,48.5748],[7.505,48.5739],[7.5061,48.5745],[7.5062,48.5738],[7.5066,48.5736],[7.5085,48.5737],[7.5101,48.574],[7.5104,48.5737],[7.5102,48.574],[7.5107,48.574],[7.5111,48.5733],[7.5112,48.5726]]]}},{"type":"Feature","properties":{"id_app":1190,"app":"Alsace grand cru Brand","denom":"Alsace grand cru Brand","hierarchy":"Grand Cru","dt":"Colmar","dept":"68"},"geometry":{"type":"MultiPolygon","coordinates":[[[[7.2763,48.0913],[7.2765,48.0902],[7.2765,48.09],[7.2763,48.0897],[7.2757,48.0891],[7.2765,48.0892],[7.2772,48.0896],[7.2773,48.0895],[7.2763,48.0888],[7.2718,48.0866],[7.2713,48.0862],[7.2708,48.0862],[7.2709,48.0864],[7.2706,48.0865],[7.2703,48.0863],[7.2704,48.0862],[7.2687,48.086],[7.2687,48.0863],[7.2692,48.0864],[7.269,48.0867],[7.2693,48.0868],[7.2691,48.0872],[7.2696,48.0872],[7.2696,48.0881],[7.2711,48.0885],[7.2714,48.0884],[7.2715,48.0885],[7.2722,48.089],[7.2724,48.089],[7.2727,48.0892],[7.2733,48.0897],[7.2734,48.0899],[7.2737,48.0902],[7.2738,48.0907],[7.2743,48.0904],[7.2745,48.0904],[7.2746,48.0905],[7.2747,48.0907],[7.2752,48.0907],[7.2752,48.0909],[7.2751,48.091],[7.2749,48.0912],[7.2746,48.0917],[7.274,48.0922],[7.2739,48.0927],[7.2739,48.0928],[7.2738,48.0928],[7.2739,48.093],[7.2745,48.0931],[7.2747,48.0932],[7.2747,48.0933],[7.2749,48.0932],[7.275,48.0932],[7.2754,48.0933],[7.2757,48.0928],[7.2762,48.0924],[7.2769,48.0921],[7.276,48.0917],[7.2763,48.0913],[7.2754,48.0913],[7.2763,48.0913]],[[7.2765,48.0903],[7.2765,48.0903],[7.2765,48.0903],[7.2765,48.0903]],[[7.2739,48.0882],[7.2739,48.0883],[7.2738,48.0882],[7.2739,48.0882]]],[[[7.2803,48.0926],[7.2805,48.0928],[7.2811,48.0929],[7.282,48.0934],[7.2831,48.0941],[7.2844,48.0934],[7.2842,48.0931],[7.2837,48.093],[7.2838,48.0923],[7.2835,48.0921],[7.2837,48.0915],[7.2824,48.091],[7.2821,48.0906],[7.2807,48.0898],[7.2805,48.0899],[7.2802,48.0898],[7.2803,48.0896],[7.2795,48.0894],[7.2794,48.0896],[7.2792,48.0896],[7.2793,48.0894],[7.2788,48.0893],[7.278,48.0897],[7.2779,48.0905],[7.2777,48.091],[7.2765,48.0914],[7.2764,48.0916],[7.277,48.0919],[7.2786,48.0921],[7.2785,48.0918],[7.2786,48.0916],[7.2786,48.0921],[7.2791,48.092],[7.2794,48.0921],[7.2793,48.0924],[7.2787,48.0925],[7.2787,48.0926],[7.2787,48.0928],[7.2785,48.0928],[7.2787,48.0929],[7.2785,48.0928],[7.2785,48.0929],[7.2785,48.0929],[7.2783,48.0932],[7.2782,48.0935],[7.2781,48.0935],[7.2783,48.0939],[7.2784,48.0941],[7.2793,48.0942],[7.28,48.094],[7.2808,48.0941],[7.2824,48.0936],[7.281,48.0929],[7.2804,48.0929],[7.2803,48.0926]],[[7.2803,48.0926],[7.2803,48.0926],[7.2803,48.0926],[7.2803,48.0926]],[[7.2798,48.093],[7.2798,48.093],[7.2798,48.093],[7.2798,48.093]],[[7.2824,48.0924],[7.2824,48.0924],[7.2824,48.0924],[7.2824,48.0924]],[[7.2808,48.0914],[7.2806,48.0914],[7.2807,48.0914],[7.2808,48.0914]]],[[[7.2731,48.0927],[7.2732,48.0932],[7.2741,48.0941],[7.2741,48.0945],[7.2745,48.0944],[7.2745,48.0945],[7.274,48.0945],[7.274,48.094],[7.273,48.0931],[7.2731,48.0927],[7.2716,48.0928],[7.2714,48.0933],[7.2708,48.0938],[7.2712,48.0937],[7.2713,48.094],[7.2713,48.095],[7.2725,48.0951],[7.2743,48.0949],[7.2745,48.0949],[7.2745,48.095],[7.2758,48.095],[7.2754,48.0943],[7.2752,48.0938],[7.2753,48.0936],[7.2754,48.0933],[7.2747,48.0933],[7.2738,48.0929],[7.2738,48.0928],[7.2739,48.0927],[7.2739,48.0925],[7.2735,48.0926],[7.2739,48.0925],[7.274,48.0922],[7.2745,48.0918],[7.2748,48.0913],[7.2749,48.0912],[7.2751,48.091],[7.2751,48.0907],[7.2747,48.0907],[7.2745,48.0904],[7.2738,48.0907],[7.2733,48.0908],[7.2732,48.0908],[7.273,48.0908],[7.2729,48.0908],[7.2724,48.0909],[7.2723,48.091],[7.2717,48.0909],[7.2717,48.0915],[7.2714,48.0919],[7.2716,48.092],[7.2716,48.0928],[7.2731,48.0927]],[[7.273,48.0908],[7.273,48.0908],[7.273,48.091],[7.273,48.0908]],[[7.2731,48.0927],[7.2731,48.0927],[7.2731,48.0926],[7.2731,48.0927]]],[[[7.2785,48.0929],[7.2757,48.0936],[7.2756,48.0942],[7.2758,48.0945],[7.276,48.0945],[7.2763,48.094],[7.2784,48.0941],[7.2781,48.0935],[7.2782,48.0934],[7.2783,48.0932],[7.2785,48.0929]],[[7.2763,48.094],[7.2763,48.094],[7.2763,48.094],[7.2763,48.094]]],[[[7.2784,48.0892],[7.2782,48.0894],[7.2778,48.0894],[7.2782,48.0895],[7.2785,48.0893],[7.2784,48.0892]]],[[[7.2724,48.0908],[7.2738,48.0907],[7.2733,48.0897],[7.2727,48.0892],[7.2722,48.0891],[7.2715,48.0884],[7.271,48.0885],[7.2712,48.0886],[7.2696,48.0882],[7.2692,48.0886],[7.2696,48.0887],[7.2694,48.089],[7.271,48.0894],[7.2711,48.0893],[7.2715,48.0895],[7.2712,48.0897],[7.2713,48.0898],[7.2712,48.0899],[7.2718,48.0903],[7.2715,48.0904],[7.2716,48.0909],[7.2723,48.091],[7.2724,48.0908]],[[7.2718,48.0888],[7.2718,48.0888],[7.2718,48.0888],[7.2718,48.0888]],[[7.2718,48.0888],[7.2717,48.0888],[7.2718,48.0888],[7.2718,48.0888]]],[[[7.2766,48.0905],[7.2767,48.0912],[7.2776,48.0909],[7.2779,48.0903],[7.2779,48.0897],[7.2774,48.0898],[7.2772,48.0902],[7.2766,48.0905]]],[[[7.2786,48.0923],[7.2791,48.0923],[7.279,48.0922],[7.2786,48.0923],[7.2786,48.0923]]],[[[7.2787,48.0925],[7.2775,48.093],[7.2786,48.0928],[7.2787,48.0925]]],[[[7.2759,48.0927],[7.2753,48.0936],[7.2753,48.094],[7.2758,48.0934],[7.2786,48.0924],[7.2786,48.0923],[7.2769,48.092],[7.2768,48.0922],[7.2759,48.0927]]],[[[7.2758,48.0947],[7.2757,48.0945],[7.2755,48.0944],[7.2758,48.0947]]]]}},{"type":"Feature","properties":{"id_app":1191,"app":"Alsace grand cru Bruderthal","denom":"Alsace grand cru Bruderthal","hierarchy":"Grand Cru","dt":"Colmar","dept":"67"},"geometry":{"type":"Polygon","coordinates":[[[7.4844,48.5467],[7.4811,48.5466],[7.4787,48.5488],[7.4794,48.5491],[7.4795,48.5493],[7.4792,48.5493],[7.4816,48.5505],[7.4819,48.5501],[7.4832,48.551],[7.4856,48.5498],[7.4877,48.5493],[7.4878,48.5491],[7.4862,48.5479],[7.4861,48.5474],[7.4842,48.5475],[7.484,48.5474],[7.4843,48.5473],[7.4844,48.5467]]]}},{"type":"Feature","properties":{"id_app":1192,"app":"Alsace grand cru Eichberg","denom":"Alsace grand cru Eichberg","hierarchy":"Grand Cru","dt":"Colmar","dept":"68"},"geometry":{"type":"MultiPolygon","coordinates":[[[[7.2833,48.0288],[7.2834,48.0295],[7.2831,48.0295],[7.2832,48.0308],[7.2828,48.0314],[7.2842,48.032],[7.2849,48.0324],[7.286,48.0317],[7.2867,48.0318],[7.2866,48.0304],[7.2858,48.0305],[7.2866,48.0304],[7.2863,48.0301],[7.2856,48.0302],[7.2854,48.03],[7.2853,48.0299],[7.2859,48.0298],[7.2858,48.0296],[7.2852,48.029],[7.2846,48.0275],[7.2831,48.0274],[7.2837,48.0282],[7.2833,48.0288]]],[[[7.289,48.0297],[7.2871,48.0294],[7.2863,48.0298],[7.2867,48.0306],[7.2868,48.0316],[7.2916,48.031],[7.2902,48.03],[7.289,48.0297]]],[[[7.2915,48.0295],[7.2896,48.0295],[7.2897,48.0298],[7.2903,48.03],[7.291,48.0304],[7.2921,48.0313],[7.2921,48.0312],[7.2922,48.0302],[7.2923,48.03],[7.2923,48.0299],[7.2923,48.0297],[7.2915,48.0295]]],[[[7.2932,48.0301],[7.2923,48.0297],[7.2921,48.0312],[7.2923,48.0317],[7.2931,48.0323],[7.2925,48.0319],[7.2924,48.032],[7.2915,48.0311],[7.2888,48.0314],[7.2889,48.0327],[7.2902,48.0328],[7.2932,48.0335],[7.2944,48.034],[7.2943,48.0335],[7.2949,48.0325],[7.2951,48.0313],[7.2947,48.031],[7.2947,48.0304],[7.2932,48.0301]]],[[[7.2887,48.0314],[7.2868,48.0316],[7.2868,48.032],[7.2861,48.0318],[7.2849,48.0325],[7.2858,48.0329],[7.2889,48.0327],[7.2887,48.0314]]],[[[7.3059,48.035],[7.3035,48.0348],[7.3035,48.0356],[7.303,48.0359],[7.303,48.0366],[7.3044,48.0366],[7.3052,48.0362],[7.306,48.0363],[7.3059,48.035]]],[[[7.3034,48.0356],[7.3034,48.0349],[7.3021,48.0352],[7.3024,48.0353],[7.3019,48.0351],[7.3007,48.0353],[7.3006,48.035],[7.2978,48.0355],[7.298,48.0362],[7.2977,48.0365],[7.3014,48.0364],[7.3029,48.0366],[7.3029,48.0359],[7.3034,48.0356]]],[[[7.3018,48.0365],[7.2983,48.0365],[7.2971,48.0366],[7.2971,48.0368],[7.2977,48.0375],[7.2993,48.0376],[7.3017,48.038],[7.3017,48.0377],[7.3022,48.0379],[7.3024,48.038],[7.3025,48.0381],[7.3023,48.0385],[7.3036,48.0385],[7.3035,48.0376],[7.303,48.0367],[7.3018,48.0365]]],[[[7.3068,48.0365],[7.3052,48.0363],[7.3045,48.0367],[7.303,48.0366],[7.3036,48.0376],[7.3037,48.0387],[7.3052,48.0386],[7.3051,48.0385],[7.3068,48.0383],[7.3064,48.0373],[7.3067,48.0372],[7.3068,48.0365]]],[[[7.2964,48.034],[7.296,48.0326],[7.295,48.0325],[7.2944,48.0335],[7.2947,48.0348],[7.2953,48.0354],[7.2964,48.0358],[7.2964,48.0346],[7.2958,48.0346],[7.2956,48.0346],[7.2964,48.0346],[7.2964,48.034]]],[[[7.2979,48.0363],[7.2978,48.0355],[7.2964,48.0354],[7.2964,48.0358],[7.297,48.0366],[7.2976,48.0365],[7.2979,48.0363]]]]}},{"type":"Feature","properties":{"id_app":1193,"app":"Alsace grand cru Engelberg","denom":"Alsace grand cru Engelberg","hierarchy":"Grand Cru","dt":"Colmar","dept":"67"},"geometry":{"type":"MultiPolygon","coordinates":[[[[7.4927,48.5818],[7.4927,48.5814],[7.4913,48.5814],[7.4913,48.5807],[7.4905,48.5808],[7.4912,48.5818],[7.4921,48.5818],[7.4923,48.5826],[7.4933,48.5827],[7.4934,48.5833],[7.4954,48.5835],[7.4958,48.583],[7.4953,48.583],[7.4953,48.5825],[7.4955,48.5825],[7.4954,48.5817],[7.4927,48.5818]]],[[[7.4997,48.5814],[7.4956,48.5817],[7.4957,48.5821],[7.4959,48.5821],[7.4959,48.5828],[7.4984,48.5834],[7.4985,48.5833],[7.4998,48.5832],[7.4997,48.5814]]]]}},{"type":"Feature","properties":{"id_app":1193,"app":"Alsace grand cru Engelberg","denom":"Alsace grand cru Engelberg","hierarchy":"Grand Cru","dt":"Colmar","dept":"67"},"geometry":{"type":"Polygon","coordinates":[[[7.4928,48.5841],[7.4946,48.5848],[7.4945,48.585],[7.4954,48.5853],[7.4961,48.5845],[7.495,48.5841],[7.4954,48.5835],[7.4934,48.5833],[7.4933,48.5827],[7.4923,48.5826],[7.4922,48.5819],[7.4911,48.5819],[7.4913,48.5825],[7.4912,48.5825],[7.4913,48.5835],[7.4929,48.5836],[7.4928,48.5841]]]}},{"type":"Feature","properties":{"id_app":1194,"app":"Alsace grand cru Florimont","denom":"Alsace grand cru Florimont","hierarchy":"Grand Cru","dt":"Colmar","dept":"68"},"geometry":{"type":"MultiPolygon","coordinates":[[[[7.2974,48.1025],[7.2971,48.1016],[7.2974,48.1015],[7.2954,48.0996],[7.2931,48.0991],[7.2919,48.0995],[7.2921,48.0998],[7.2933,48.0997],[7.2936,48.0999],[7.2935,48.1],[7.294,48.1007],[7.2938,48.1008],[7.2935,48.1019],[7.293,48.1021],[7.2934,48.1027],[7.2934,48.1031],[7.2939,48.1033],[7.2944,48.1032],[7.2946,48.1036],[7.2948,48.1036],[7.295,48.1038],[7.296,48.1037],[7.2959,48.1039],[7.2963,48.1039],[7.2966,48.1045],[7.2975,48.1044],[7.2974,48.1025]]],[[[7.2962,48.1002],[7.2974,48.1015],[7.2971,48.1018],[7.2974,48.1024],[7.2976,48.1048],[7.2988,48.1049],[7.2991,48.1045],[7.2991,48.1037],[7.2988,48.1019],[7.2983,48.1011],[7.2981,48.1012],[7.2978,48.0997],[7.2969,48.1001],[7.2968,48.1],[7.2962,48.1002]]]]}},{"type":"Feature","properties":{"id_app":1194,"app":"Alsace grand cru Florimont","denom":"Alsace grand cru Florimont","hierarchy":"Grand Cru","dt":"Colmar","dept":"68"},"geometry":{"type":"MultiPolygon","coordinates":[[[[7.2919,48.0995],[7.2914,48.0997],[7.2914,48.0998],[7.2921,48.0998],[7.2919,48.0995]]],[[[7.2913,48.0997],[7.2887,48.1005],[7.2889,48.1014],[7.2897,48.1014],[7.29,48.101],[7.2915,48.0999],[7.2913,48.0997]]]]}},{"type":"Feature","properties":{"id_app":1195,"app":"Alsace grand cru Frankstein","denom":"Alsace grand cru Frankstein","hierarchy":"Grand Cru","dt":"Colmar","dept":"67"},"geometry":{"type":"MultiPolygon","coordinates":[[[[7.4156,48.3094],[7.4148,48.3094],[7.4146,48.3097],[7.415,48.31],[7.4159,48.3099],[7.4164,48.3096],[7.4156,48.3094]]],[[[7.4178,48.3103],[7.4178,48.3102],[7.4175,48.31],[7.4165,48.3103],[7.4161,48.3099],[7.4155,48.3101],[7.4158,48.3106],[7.4176,48.3124],[7.4178,48.3132],[7.4194,48.3129],[7.4197,48.3137],[7.4213,48.3135],[7.4205,48.3123],[7.4192,48.311],[7.4184,48.3104],[7.4178,48.3103]]],[[[7.4195,48.3213],[7.4152,48.3212],[7.4152,48.321],[7.4141,48.3211],[7.4141,48.3213],[7.4135,48.3211],[7.413,48.3216],[7.4128,48.3214],[7.4113,48.3223],[7.4124,48.323],[7.414,48.3247],[7.4144,48.3248],[7.4157,48.3247],[7.4157,48.3253],[7.4187,48.3253],[7.4191,48.3246],[7.4203,48.3248],[7.4219,48.3248],[7.4219,48.3236],[7.4215,48.323],[7.4211,48.3228],[7.4177,48.3235],[7.4168,48.3235],[7.4156,48.3233],[7.4159,48.3226],[7.4159,48.3231],[7.4174,48.3233],[7.4206,48.3226],[7.4204,48.3214],[7.4195,48.3213]],[[7.4204,48.3248],[7.4204,48.3248],[7.4204,48.3246],[7.4204,48.3248]],[[7.416,48.3223],[7.4161,48.3223],[7.4161,48.3224],[7.416,48.3223]]],[[[7.4234,48.3303],[7.4227,48.329],[7.4226,48.3281],[7.4214,48.3281],[7.4206,48.3283],[7.4195,48.3282],[7.4191,48.3292],[7.4188,48.3295],[7.4181,48.3297],[7.4182,48.3305],[7.4209,48.3306],[7.4209,48.3307],[7.4217,48.3306],[7.4219,48.3308],[7.4234,48.3303]]],[[[7.4188,48.3157],[7.4192,48.3162],[7.4193,48.3162],[7.4197,48.3161],[7.4202,48.3159],[7.4199,48.3155],[7.4188,48.3157]]],[[[7.4228,48.3169],[7.4213,48.3162],[7.4213,48.3159],[7.4202,48.3159],[7.4192,48.3163],[7.4187,48.3157],[7.4169,48.3164],[7.4167,48.3167],[7.4165,48.3166],[7.4155,48.3174],[7.4164,48.3183],[7.4184,48.3188],[7.4192,48.3188],[7.4192,48.3189],[7.4205,48.3189],[7.4206,48.319],[7.4217,48.319],[7.4217,48.3187],[7.4234,48.3185],[7.4231,48.3181],[7.4228,48.3169]]]]}},{"type":"Feature","properties":{"id_app":1196,"app":"Alsace grand cru Froehn","denom":"Alsace grand cru Froehn","hierarchy":"Grand Cru","dt":"Colmar","dept":"68"},"geometry":{"type":"MultiPolygon","coordinates":[[[[7.3185,48.1654],[7.318,48.1653],[7.317,48.1655],[7.316,48.166],[7.3155,48.1659],[7.3157,48.1664],[7.3159,48.1663],[7.316,48.1668],[7.3152,48.1671],[7.3158,48.168],[7.3173,48.1675],[7.3171,48.1673],[7.3171,48.1671],[7.3174,48.1667],[7.3178,48.1664],[7.3185,48.1663],[7.3194,48.1666],[7.3202,48.1677],[7.3199,48.1678],[7.3202,48.1682],[7.3209,48.168],[7.3206,48.1676],[7.3211,48.1675],[7.3212,48.1677],[7.3215,48.1676],[7.3217,48.168],[7.322,48.1679],[7.3215,48.168],[7.3218,48.1688],[7.3238,48.1687],[7.3233,48.1677],[7.3233,48.167],[7.3219,48.1666],[7.3205,48.1652],[7.3196,48.1657],[7.3201,48.1661],[7.3197,48.1658],[7.3195,48.1657],[7.3204,48.1652],[7.32,48.1645],[7.3192,48.1648],[7.3185,48.1654]]],[[[7.3193,48.1666],[7.3184,48.1664],[7.3175,48.1667],[7.3172,48.1673],[7.3178,48.1678],[7.3183,48.1674],[7.3179,48.1667],[7.3185,48.1668],[7.3188,48.167],[7.3186,48.167],[7.3187,48.1672],[7.3196,48.1669],[7.3193,48.1666]]],[[[7.3196,48.1671],[7.3197,48.1675],[7.3198,48.1674],[7.3196,48.1671]]],[[[7.3235,48.1692],[7.3235,48.1688],[7.3217,48.169],[7.3215,48.1691],[7.3215,48.1694],[7.3235,48.1692]]]]}},{"type":"Feature","properties":{"id_app":1197,"app":"Alsace grand cru Furstentum","denom":"Alsace grand cru Furstentum","hierarchy":"Grand Cru","dt":"Colmar","dept":"68"},"geometry":{"type":"MultiPolygon","coordinates":[[[[7.2864,48.1459],[7.2869,48.1465],[7.2869,48.1467],[7.2875,48.1465],[7.2876,48.1458],[7.2873,48.1458],[7.2873,48.1457],[7.2864,48.1459]]],[[[7.2902,48.145],[7.2879,48.1455],[7.2881,48.1457],[7.2877,48.1458],[7.2877,48.1462],[7.2875,48.1466],[7.2873,48.1468],[7.2873,48.1473],[7.29,48.1468],[7.29,48.1472],[7.2906,48.1472],[7.2929,48.1476],[7.2949,48.1473],[7.2948,48.147],[7.2954,48.1468],[7.2962,48.147],[7.297,48.1469],[7.2985,48.1459],[7.299,48.1457],[7.2997,48.1449],[7.2988,48.1437],[7.2986,48.1421],[7.2971,48.1425],[7.2963,48.1429],[7.2951,48.1433],[7.2952,48.1434],[7.2941,48.1437],[7.2942,48.1442],[7.2942,48.1442],[7.2943,48.1451],[7.2943,48.1452],[7.2942,48.1442],[7.2933,48.1444],[7.2931,48.1442],[7.2916,48.1445],[7.2902,48.145]]],[[[7.2941,48.1437],[7.2936,48.1437],[7.2936,48.1439],[7.293,48.144],[7.2933,48.1443],[7.2942,48.1442],[7.2941,48.1437],[7.2941,48.1437],[7.2941,48.1437]]]]}},{"type":"Feature","properties":{"id_app":1198,"app":"Alsace grand cru Geisberg","denom":"Alsace grand cru Geisberg","hierarchy":"Grand Cru","dt":"Colmar","dept":"68"},"geometry":{"type":"Polygon","coordinates":[[[7.3212,48.1955],[7.3209,48.1956],[7.3211,48.1957],[7.3208,48.1959],[7.3206,48.1956],[7.3194,48.196],[7.3189,48.1962],[7.3191,48.1965],[7.3202,48.1967],[7.3215,48.1972],[7.3228,48.197],[7.3235,48.1969],[7.3249,48.1962],[7.3253,48.1958],[7.3256,48.1959],[7.3264,48.1952],[7.325,48.1948],[7.325,48.1946],[7.3247,48.1947],[7.3247,48.1946],[7.3249,48.1945],[7.3228,48.1951],[7.323,48.1953],[7.3224,48.1955],[7.3214,48.1957],[7.3212,48.1955]]]}},{"type":"Feature","properties":{"id_app":1199,"app":"Alsace grand cru Gloeckelberg","denom":"Alsace grand cru Gloeckelberg","hierarchy":"Grand Cru","dt":"Colmar","dept":"68"},"geometry":{"type":"Polygon","coordinates":[[[7.3465,48.2276],[7.3425,48.2283],[7.3423,48.2284],[7.3427,48.2292],[7.344,48.2287],[7.344,48.2293],[7.3458,48.2293],[7.3461,48.2289],[7.3472,48.2293],[7.3473,48.2292],[7.3496,48.2305],[7.3505,48.2303],[7.3508,48.23],[7.3506,48.2298],[7.3508,48.2299],[7.3515,48.2293],[7.3519,48.229],[7.3511,48.2281],[7.3508,48.2282],[7.3511,48.228],[7.352,48.229],[7.3508,48.2299],[7.3512,48.2302],[7.352,48.2301],[7.3542,48.2294],[7.3547,48.2298],[7.3559,48.2292],[7.3564,48.2293],[7.3565,48.2289],[7.3565,48.2284],[7.3552,48.2283],[7.3548,48.2282],[7.354,48.2272],[7.3537,48.2271],[7.3532,48.2274],[7.3493,48.2271],[7.3465,48.2276],[7.3465,48.2278],[7.3465,48.2276]]]}},{"type":"Feature","properties":{"id_app":1199,"app":"Alsace grand cru Gloeckelberg","denom":"Alsace grand cru Gloeckelberg","hierarchy":"Grand Cru","dt":"Colmar","dept":"68"},"geometry":{"type":"MultiPolygon","coordinates":[[[[7.3513,48.2302],[7.3516,48.2304],[7.352,48.2301],[7.3517,48.2302],[7.3513,48.2302]]],[[[7.3498,48.2306],[7.3503,48.2304],[7.3505,48.2303],[7.3496,48.2305],[7.3498,48.2306]]]]}},{"type":"Feature","properties":{"id_app":1200,"app":"Alsace grand cru Goldert","denom":"Alsace grand cru Goldert","hierarchy":"Grand Cru","dt":"Colmar","dept":"68"},"geometry":{"type":"MultiPolygon","coordinates":[[[[7.2783,48.0048],[7.2774,48.0051],[7.2776,48.0053],[7.2766,48.0056],[7.2769,48.006],[7.2774,48.0061],[7.2781,48.0066],[7.2807,48.0062],[7.2796,48.0046],[7.2783,48.0048]]],[[[7.2771,48.0068],[7.2765,48.0056],[7.2749,48.0055],[7.2749,48.0053],[7.2743,48.0053],[7.2742,48.0049],[7.2736,48.0044],[7.2731,48.0046],[7.2728,48.005],[7.2723,48.0051],[7.2722,48.0058],[7.2727,48.0058],[7.2733,48.0061],[7.2737,48.0066],[7.2749,48.0076],[7.275,48.008],[7.2753,48.0081],[7.2756,48.0087],[7.2753,48.0088],[7.2756,48.0101],[7.2749,48.0102],[7.2749,48.0105],[7.2762,48.0114],[7.277,48.0127],[7.2784,48.0124],[7.2792,48.0125],[7.2791,48.0127],[7.28,48.0127],[7.2798,48.0114],[7.2791,48.0104],[7.2785,48.01],[7.2782,48.0101],[7.2777,48.0101],[7.2785,48.0099],[7.2781,48.0094],[7.2777,48.0077],[7.2771,48.0068]],[[7.2765,48.0101],[7.2762,48.0097],[7.2763,48.0097],[7.2763,48.0097],[7.2764,48.0099],[7.2764,48.01],[7.2765,48.0101]]],[[[7.2779,48.0066],[7.2772,48.0067],[7.2772,48.0068],[7.2778,48.0077],[7.2782,48.0094],[7.2792,48.0104],[7.2798,48.0114],[7.28,48.0127],[7.2799,48.0134],[7.2804,48.0133],[7.2817,48.0128],[7.282,48.0121],[7.2817,48.0104],[7.2834,48.0109],[7.2835,48.0098],[7.2831,48.0083],[7.2829,48.0079],[7.2827,48.008],[7.2824,48.008],[7.2826,48.008],[7.2821,48.007],[7.2816,48.0071],[7.2813,48.0072],[7.2811,48.0072],[7.2811,48.007],[7.2806,48.0062],[7.2785,48.0066],[7.2783,48.0068],[7.2779,48.0066]]]]}},{"type":"Feature","properties":{"id_app":1201,"app":"Alsace grand cru Hatschbourg","denom":"Alsace grand cru Hatschbourg","hierarchy":"Grand Cru","dt":"Colmar","dept":"68"},"geometry":{"type":"MultiPolygon","coordinates":[[[[7.2955,48.0113],[7.2936,48.0119],[7.292,48.0121],[7.2923,48.0129],[7.2922,48.0136],[7.2931,48.0146],[7.2945,48.0137],[7.2952,48.0126],[7.2957,48.0127],[7.2959,48.0125],[7.2958,48.0117],[7.2955,48.0117],[7.2955,48.0113]]],[[[7.2868,48.0131],[7.2868,48.0129],[7.2864,48.0132],[7.2866,48.0135],[7.2879,48.0138],[7.2891,48.0143],[7.2906,48.0144],[7.2921,48.0146],[7.293,48.0146],[7.2921,48.0135],[7.2922,48.0128],[7.292,48.0121],[7.291,48.0125],[7.2905,48.013],[7.2902,48.0127],[7.2897,48.0127],[7.2868,48.0131]]],[[[7.2829,48.0139],[7.2807,48.0142],[7.2813,48.0155],[7.284,48.0144],[7.2869,48.0144],[7.2867,48.0137],[7.2864,48.0133],[7.2846,48.0135],[7.2829,48.0139]]],[[[7.2875,48.0137],[7.2867,48.0136],[7.287,48.0142],[7.2869,48.0149],[7.2871,48.0149],[7.2867,48.0152],[7.2866,48.0159],[7.2868,48.0164],[7.2872,48.0161],[7.2869,48.0163],[7.2872,48.0166],[7.2887,48.0163],[7.2902,48.0162],[7.2902,48.0159],[7.2914,48.0157],[7.2915,48.0146],[7.2904,48.0144],[7.2892,48.0144],[7.2875,48.0137]]]]}},{"type":"Feature","properties":{"id_app":1201,"app":"Alsace grand cru Hatschbourg","denom":"Alsace grand cru Hatschbourg","hierarchy":"Grand Cru","dt":"Colmar","dept":"68"},"geometry":{"type":"MultiPolygon","coordinates":[[[[7.2817,48.0176],[7.2805,48.0143],[7.2799,48.0146],[7.2798,48.0149],[7.2793,48.015],[7.2797,48.0161],[7.2798,48.0176],[7.28,48.0177],[7.2809,48.0178],[7.2817,48.0176]]],[[[7.2865,48.0159],[7.2869,48.0145],[7.2846,48.0144],[7.2833,48.0147],[7.2814,48.0155],[7.2815,48.0167],[7.2822,48.0184],[7.282,48.0192],[7.2822,48.0192],[7.2823,48.0193],[7.2834,48.0188],[7.2845,48.0179],[7.2868,48.0165],[7.2865,48.0159]]]]}},{"type":"Feature","properties":{"id_app":1202,"app":"Alsace grand cru Hengst","denom":"Alsace grand cru Hengst","hierarchy":"Grand Cru","dt":"Colmar","dept":"68"},"geometry":{"type":"MultiPolygon","coordinates":[[[[7.2848,48.0602],[7.2842,48.0618],[7.2849,48.0623],[7.2846,48.0633],[7.2853,48.064],[7.2867,48.0649],[7.2874,48.0649],[7.287,48.0644],[7.2866,48.0639],[7.2862,48.0632],[7.286,48.0632],[7.2855,48.0632],[7.2855,48.0629],[7.2856,48.0632],[7.2865,48.0631],[7.2878,48.0626],[7.2877,48.0623],[7.2879,48.0626],[7.2867,48.0631],[7.2862,48.0632],[7.2867,48.0641],[7.2871,48.064],[7.2875,48.0638],[7.2884,48.0636],[7.2883,48.0635],[7.2885,48.0634],[7.2896,48.0632],[7.2899,48.0628],[7.2902,48.0627],[7.2877,48.0612],[7.2852,48.0603],[7.2848,48.0602]]],[[[7.2846,48.0634],[7.2853,48.0646],[7.2858,48.065],[7.286,48.0649],[7.2866,48.065],[7.2852,48.064],[7.2846,48.0634]]],[[[7.2859,48.0649],[7.286,48.0651],[7.2867,48.0657],[7.2884,48.0662],[7.2885,48.0659],[7.2885,48.0659],[7.2886,48.0657],[7.2876,48.065],[7.2859,48.0649]]],[[[7.2875,48.0592],[7.2865,48.0607],[7.2877,48.0612],[7.2902,48.0625],[7.2918,48.0625],[7.2926,48.0621],[7.2922,48.0615],[7.2915,48.0611],[7.2889,48.06],[7.2886,48.0597],[7.2875,48.0592]]],[[[7.2886,48.0658],[7.2885,48.0659],[7.2884,48.0662],[7.2905,48.0668],[7.2907,48.0666],[7.2908,48.0663],[7.2886,48.0658]]],[[[7.2896,48.0632],[7.2884,48.0635],[7.2884,48.0636],[7.2867,48.0641],[7.2875,48.0649],[7.2887,48.0657],[7.2898,48.066],[7.2897,48.0658],[7.2892,48.0654],[7.2892,48.0654],[7.2897,48.0658],[7.2898,48.066],[7.2916,48.0666],[7.2929,48.0668],[7.2928,48.0665],[7.2918,48.0657],[7.2908,48.0645],[7.2903,48.0642],[7.2898,48.0636],[7.2896,48.0632]]],[[[7.2917,48.0671],[7.2934,48.0673],[7.2936,48.0672],[7.2936,48.067],[7.292,48.0668],[7.2908,48.0665],[7.2905,48.0668],[7.2918,48.067],[7.2917,48.0671]]],[[[7.2922,48.0634],[7.2919,48.0638],[7.2918,48.0636],[7.2912,48.0637],[7.2913,48.064],[7.2913,48.0642],[7.2908,48.0645],[7.2917,48.0656],[7.2929,48.0665],[7.2929,48.0668],[7.2936,48.067],[7.2936,48.0671],[7.2959,48.0666],[7.2961,48.0664],[7.2951,48.0664],[7.2967,48.0658],[7.2954,48.0647],[7.2942,48.064],[7.2939,48.0636],[7.294,48.0633],[7.2935,48.0632],[7.2922,48.0634]]],[[[7.2926,48.0622],[7.2919,48.0626],[7.2906,48.0626],[7.2899,48.0629],[7.2897,48.0633],[7.2899,48.0636],[7.2904,48.0642],[7.2908,48.0645],[7.2913,48.0642],[7.2912,48.0637],[7.2919,48.0636],[7.2923,48.0633],[7.2935,48.0631],[7.2931,48.0626],[7.2926,48.0622]]],[[[7.293,48.0601],[7.2895,48.0597],[7.2887,48.0597],[7.2889,48.0599],[7.2915,48.061],[7.2921,48.0614],[7.2923,48.0617],[7.2931,48.0609],[7.293,48.0601]]],[[[7.2932,48.0601],[7.2931,48.0611],[7.2924,48.0618],[7.2927,48.0621],[7.2932,48.0625],[7.2937,48.0631],[7.294,48.0632],[7.2947,48.0632],[7.2956,48.0625],[7.2954,48.0619],[7.2948,48.0612],[7.2945,48.0603],[7.2932,48.0601]]]]}},{"type":"Feature","properties":{"id_app":1203,"app":"Alsace grand cru Kaefferkopf","denom":"Alsace grand cru Kaefferkopf","hierarchy":"Grand Cru","dt":"Colmar","dept":"68"},"geometry":{"type":"MultiPolygon","coordinates":[[[[7.2838,48.1143],[7.2822,48.1139],[7.2816,48.1142],[7.2813,48.1139],[7.2809,48.1141],[7.2808,48.1138],[7.2801,48.1137],[7.28,48.1139],[7.2804,48.1146],[7.281,48.1148],[7.2811,48.1155],[7.2834,48.1157],[7.2835,48.1156],[7.2832,48.1169],[7.2839,48.1176],[7.2837,48.1179],[7.2832,48.1176],[7.2828,48.1183],[7.2851,48.1188],[7.285,48.1185],[7.2871,48.1163],[7.287,48.1168],[7.2877,48.1163],[7.2879,48.116],[7.2879,48.1152],[7.2886,48.1151],[7.2884,48.1141],[7.2879,48.1134],[7.2888,48.1129],[7.2884,48.1119],[7.288,48.1119],[7.2871,48.1105],[7.2866,48.1107],[7.2864,48.1106],[7.2862,48.1107],[7.2858,48.1102],[7.2854,48.1104],[7.286,48.1118],[7.2859,48.1126],[7.2844,48.1126],[7.2847,48.1118],[7.2838,48.1117],[7.2831,48.1114],[7.2824,48.1117],[7.2826,48.112],[7.2826,48.1124],[7.2817,48.1125],[7.2824,48.1129],[7.283,48.1128],[7.2838,48.1133],[7.2857,48.1132],[7.2858,48.1135],[7.2853,48.1143],[7.2855,48.1149],[7.2857,48.1149],[7.2867,48.1148],[7.2877,48.1149],[7.2872,48.1149],[7.2871,48.1151],[7.287,48.1148],[7.2854,48.1149],[7.2851,48.1143],[7.2838,48.1143]]],[[[7.2804,48.122],[7.2792,48.1221],[7.2775,48.122],[7.2774,48.1222],[7.2777,48.1227],[7.2777,48.1229],[7.2789,48.123],[7.2786,48.1242],[7.2798,48.1242],[7.2798,48.124],[7.2804,48.124],[7.2804,48.122]]],[[[7.2851,48.1188],[7.2828,48.1183],[7.2819,48.1193],[7.2827,48.1183],[7.2831,48.1175],[7.2777,48.1153],[7.2772,48.1158],[7.2777,48.1153],[7.2771,48.115],[7.2767,48.1156],[7.2764,48.1154],[7.2757,48.116],[7.2775,48.1171],[7.2791,48.1177],[7.2784,48.1182],[7.2788,48.1185],[7.2782,48.1189],[7.2785,48.1191],[7.2783,48.1193],[7.2786,48.1195],[7.279,48.1191],[7.2792,48.1189],[7.2794,48.1188],[7.2782,48.1207],[7.2808,48.1211],[7.2816,48.1215],[7.2824,48.1205],[7.283,48.1206],[7.283,48.1204],[7.284,48.1204],[7.2843,48.1202],[7.2853,48.1201],[7.2851,48.1188]]],[[[7.272,48.1205],[7.2715,48.1204],[7.2707,48.1206],[7.271,48.1209],[7.2707,48.121],[7.271,48.1211],[7.2707,48.1215],[7.2714,48.1217],[7.2715,48.1216],[7.2726,48.1221],[7.275,48.1228],[7.2776,48.1229],[7.2776,48.1226],[7.2762,48.1226],[7.2751,48.1225],[7.2742,48.1221],[7.2723,48.1208],[7.272,48.1205]]],[[[7.2728,48.1211],[7.2741,48.122],[7.2751,48.1224],[7.2776,48.1226],[7.2774,48.1223],[7.2774,48.122],[7.2758,48.1218],[7.2757,48.1222],[7.2741,48.1216],[7.2731,48.121],[7.2728,48.1211]]],[[[7.277,48.1317],[7.276,48.1316],[7.2762,48.1324],[7.2774,48.1323],[7.2773,48.1316],[7.277,48.1317]]],[[[7.2804,48.1275],[7.28,48.1273],[7.2793,48.1273],[7.2794,48.1277],[7.2802,48.1277],[7.2804,48.1275]]],[[[7.2801,48.1285],[7.2802,48.1277],[7.2794,48.1277],[7.2799,48.1288],[7.2799,48.1292],[7.2807,48.1292],[7.2804,48.1289],[7.2806,48.1289],[7.2807,48.1286],[7.2801,48.1285]]],[[[7.2772,48.1274],[7.277,48.1273],[7.2765,48.1276],[7.2766,48.1278],[7.2762,48.1278],[7.2756,48.1284],[7.2755,48.1283],[7.2744,48.1286],[7.2742,48.1284],[7.2735,48.1288],[7.2738,48.1291],[7.2732,48.1292],[7.2735,48.1297],[7.2751,48.1296],[7.2751,48.13],[7.2757,48.1299],[7.2761,48.1297],[7.276,48.1291],[7.276,48.1291],[7.2763,48.1301],[7.2769,48.13],[7.2769,48.1304],[7.2774,48.1303],[7.2776,48.1305],[7.2785,48.1309],[7.2787,48.1305],[7.2804,48.1306],[7.2806,48.1305],[7.2804,48.1305],[7.2806,48.1292],[7.2774,48.1295],[7.2773,48.1291],[7.2771,48.1291],[7.2773,48.1291],[7.2775,48.1293],[7.2798,48.1292],[7.2799,48.1288],[7.2795,48.1283],[7.279,48.127],[7.2787,48.1269],[7.2779,48.1268],[7.2778,48.1271],[7.2772,48.1274]]]]}},{"type":"Feature","properties":{"id_app":1204,"app":"Alsace grand cru Kanzlerberg","denom":"Alsace grand cru Kanzlerberg","hierarchy":"Grand Cru","dt":"Colmar","dept":"68"},"geometry":{"type":"Polygon","coordinates":[[[7.3473,48.208],[7.3451,48.2094],[7.3452,48.2095],[7.3449,48.2109],[7.3454,48.2106],[7.3459,48.2098],[7.3472,48.2107],[7.3476,48.2103],[7.3473,48.2093],[7.3474,48.2084],[7.3473,48.208]]]}},{"type":"Feature","properties":{"id_app":1205,"app":"Alsace grand cru Kastelberg","denom":"Alsace grand cru Kastelberg","hierarchy":"Grand Cru","dt":"Colmar","dept":"67"},"geometry":{"type":"MultiPolygon","coordinates":[[[[7.4169,48.3894],[7.4171,48.3896],[7.4184,48.3894],[7.4189,48.3897],[7.4192,48.3898],[7.42,48.3892],[7.4197,48.389],[7.4201,48.3889],[7.4205,48.3893],[7.4209,48.3891],[7.4203,48.3883],[7.4194,48.3876],[7.419,48.3876],[7.4176,48.3878],[7.4158,48.3884],[7.4154,48.3889],[7.4162,48.3893],[7.4165,48.3889],[7.4171,48.3888],[7.417,48.3891],[7.4173,48.3891],[7.4169,48.3894]]],[[[7.4213,48.3884],[7.4209,48.3888],[7.4209,48.3893],[7.4216,48.3886],[7.4213,48.3884]]]]}},{"type":"Feature","properties":{"id_app":1206,"app":"Alsace grand cru Kessler","denom":"Alsace grand cru Kessler","hierarchy":"Grand Cru","dt":"Colmar","dept":"68"},"geometry":{"type":"Polygon","coordinates":[[[7.2294,47.9098],[7.2286,47.9094],[7.2253,47.9104],[7.2257,47.9104],[7.2259,47.9105],[7.2263,47.9106],[7.226,47.911],[7.2264,47.9111],[7.2267,47.9114],[7.2271,47.9113],[7.2276,47.912],[7.2276,47.9143],[7.2295,47.915],[7.2294,47.9148],[7.2315,47.9176],[7.2333,47.9172],[7.233,47.9167],[7.2346,47.9164],[7.2346,47.9161],[7.2342,47.9151],[7.2329,47.9141],[7.2328,47.9136],[7.2324,47.9133],[7.2311,47.9137],[7.2305,47.9136],[7.2311,47.9136],[7.2324,47.9132],[7.2312,47.9122],[7.2309,47.9102],[7.2294,47.9098]]]}},{"type":"Feature","properties":{"id_app":1207,"app":"Alsace grand cru Kirchberg de Barr","denom":"Alsace grand cru Kirchberg de Barr","hierarchy":"Grand Cru","dt":"Colmar","dept":"67"},"geometry":{"type":"Polygon","coordinates":[[[7.4397,48.4078],[7.4379,48.4087],[7.4371,48.4088],[7.4371,48.409],[7.4369,48.409],[7.437,48.4095],[7.4375,48.4097],[7.4377,48.4103],[7.4384,48.4103],[7.4388,48.4105],[7.4399,48.4106],[7.4395,48.4111],[7.44,48.4114],[7.4396,48.4115],[7.4394,48.4118],[7.4409,48.4119],[7.445,48.4126],[7.4473,48.4127],[7.4482,48.4136],[7.4489,48.4139],[7.4494,48.4136],[7.45,48.4136],[7.4522,48.4129],[7.4519,48.4123],[7.4524,48.4122],[7.4524,48.4117],[7.4516,48.4121],[7.4513,48.4116],[7.4512,48.4117],[7.4504,48.411],[7.4503,48.4106],[7.4483,48.4098],[7.448,48.4103],[7.4467,48.4101],[7.4472,48.4094],[7.4468,48.4092],[7.4457,48.4089],[7.4453,48.4091],[7.4453,48.4097],[7.445,48.4102],[7.4454,48.4104],[7.4453,48.4105],[7.4449,48.4105],[7.445,48.4105],[7.4448,48.4108],[7.4451,48.4109],[7.4449,48.4114],[7.4447,48.4117],[7.4451,48.4109],[7.4448,48.4108],[7.4448,48.4105],[7.445,48.4104],[7.4453,48.4105],[7.445,48.4103],[7.4453,48.4098],[7.4453,48.4091],[7.4457,48.4089],[7.4458,48.4085],[7.4454,48.4079],[7.4432,48.4079],[7.4409,48.4075],[7.4397,48.4078]]]}},{"type":"Feature","properties":{"id_app":1208,"app":"Alsace grand cru Kirchberg de Ribeauvillé","denom":"Alsace grand cru Kirchberg de Ribeauvillé","hierarchy":"Grand Cru","dt":"Colmar","dept":"68"},"geometry":{"type":"Polygon","coordinates":[[[7.3232,48.1977],[7.3226,48.1971],[7.3213,48.1972],[7.3202,48.1967],[7.3192,48.1966],[7.3189,48.1962],[7.3186,48.1964],[7.3187,48.1966],[7.3185,48.1968],[7.3182,48.1966],[7.318,48.197],[7.3182,48.1977],[7.3178,48.1978],[7.3191,48.1983],[7.3191,48.199],[7.3201,48.1997],[7.3205,48.2006],[7.3216,48.2002],[7.3215,48.2],[7.3228,48.2004],[7.3227,48.1991],[7.3232,48.1977]]]}},{"type":"Feature","properties":{"id_app":1209,"app":"Alsace grand cru Kitterlé","denom":"Alsace grand cru Kitterlé","hierarchy":"Grand Cru","dt":"Colmar","dept":"68"},"geometry":{"type":"Polygon","coordinates":[[[7.2232,47.9045],[7.2225,47.9045],[7.2217,47.9047],[7.222,47.9052],[7.2221,47.9055],[7.2226,47.9054],[7.2229,47.9055],[7.2221,47.9055],[7.2217,47.9048],[7.2202,47.9057],[7.221,47.906],[7.2211,47.906],[7.2207,47.9063],[7.2197,47.9079],[7.219,47.9085],[7.2178,47.909],[7.2181,47.9093],[7.2173,47.9096],[7.2181,47.9108],[7.2198,47.9103],[7.2217,47.9104],[7.2214,47.9101],[7.2215,47.9088],[7.221,47.9087],[7.2212,47.9084],[7.2218,47.9081],[7.2223,47.9067],[7.2227,47.9063],[7.224,47.9075],[7.2245,47.9074],[7.2247,47.9081],[7.2253,47.909],[7.2253,47.9092],[7.2249,47.9094],[7.2257,47.9097],[7.226,47.9095],[7.2255,47.9102],[7.2261,47.9102],[7.2263,47.9099],[7.2286,47.9093],[7.227,47.9079],[7.2275,47.9067],[7.2261,47.906],[7.2258,47.9056],[7.2259,47.9053],[7.2232,47.9045]]]}},{"type":"Feature","properties":{"id_app":1210,"app":"Alsace grand cru Mambourg","denom":"Alsace grand cru Mambourg","hierarchy":"Grand Cru","dt":"Colmar","dept":"68"},"geometry":{"type":"MultiPolygon","coordinates":[[[[7.301,48.1372],[7.3013,48.1371],[7.301,48.1368],[7.3007,48.137],[7.301,48.1372]]],[[[7.3016,48.1365],[7.3012,48.1372],[7.3014,48.1373],[7.301,48.1374],[7.3014,48.1387],[7.3025,48.139],[7.3029,48.1394],[7.3028,48.1411],[7.3035,48.1419],[7.3033,48.142],[7.3036,48.1425],[7.3044,48.1424],[7.3057,48.1416],[7.3058,48.1411],[7.3064,48.1405],[7.3085,48.1397],[7.309,48.1399],[7.3097,48.1398],[7.3108,48.1391],[7.3117,48.1389],[7.3117,48.1388],[7.3122,48.1388],[7.3129,48.1395],[7.3144,48.1385],[7.3135,48.1379],[7.3145,48.1384],[7.3147,48.1381],[7.3157,48.1377],[7.3163,48.1373],[7.318,48.1369],[7.318,48.1372],[7.3184,48.1371],[7.3179,48.1366],[7.3177,48.1361],[7.3177,48.1349],[7.3185,48.135],[7.3187,48.1344],[7.3176,48.1343],[7.3176,48.134],[7.316,48.134],[7.3149,48.1343],[7.3151,48.1347],[7.3151,48.1359],[7.315,48.1348],[7.3147,48.1343],[7.3123,48.1346],[7.3113,48.1349],[7.3073,48.1353],[7.3075,48.1359],[7.3077,48.1359],[7.308,48.1368],[7.3082,48.1369],[7.3079,48.137],[7.3078,48.1368],[7.3076,48.1368],[7.308,48.1368],[7.3077,48.1359],[7.3071,48.136],[7.3058,48.1361],[7.3055,48.136],[7.3038,48.1363],[7.3036,48.136],[7.3023,48.1363],[7.3024,48.1367],[7.3027,48.1367],[7.3023,48.1367],[7.3021,48.1368],[7.3021,48.1364],[7.3016,48.1365]]],[[[7.3057,48.1358],[7.306,48.136],[7.3075,48.1359],[7.3073,48.1353],[7.3058,48.1354],[7.3057,48.1356],[7.3054,48.1355],[7.3045,48.1355],[7.3046,48.1358],[7.3039,48.1359],[7.304,48.1362],[7.3057,48.1358]]]]}},{"type":"Feature","properties":{"id_app":1211,"app":"Alsace grand cru Mandelberg","denom":"Alsace grand cru Mandelberg","hierarchy":"Grand Cru","dt":"Colmar","dept":"68"},"geometry":{"type":"Polygon","coordinates":[[[7.3276,48.1522],[7.3281,48.1531],[7.3312,48.1528],[7.3333,48.1524],[7.3328,48.1513],[7.3319,48.1516],[7.3318,48.1514],[7.3276,48.1522]]]}},{"type":"Feature","properties":{"id_app":1211,"app":"Alsace grand cru Mandelberg","denom":"Alsace grand cru Mandelberg","hierarchy":"Grand Cru","dt":"Colmar","dept":"68"},"geometry":{"type":"MultiPolygon","coordinates":[[[[7.3289,48.1509],[7.3281,48.1498],[7.327,48.1498],[7.3271,48.15],[7.3258,48.1502],[7.3244,48.1506],[7.3243,48.1509],[7.3245,48.1511],[7.3247,48.1514],[7.3248,48.1519],[7.3242,48.1521],[7.3248,48.1528],[7.3318,48.1514],[7.3319,48.1516],[7.335,48.1508],[7.3343,48.1496],[7.3314,48.1502],[7.3316,48.1509],[7.3303,48.1512],[7.3301,48.1508],[7.3289,48.1509]]],[[[7.3247,48.1518],[7.3243,48.151],[7.3234,48.1515],[7.3236,48.1517],[7.3233,48.1519],[7.3235,48.152],[7.3233,48.1518],[7.3229,48.152],[7.3232,48.1523],[7.3217,48.1528],[7.3222,48.1532],[7.322,48.1536],[7.3209,48.154],[7.3208,48.1548],[7.3227,48.1536],[7.3226,48.1533],[7.3229,48.1531],[7.3231,48.1534],[7.3248,48.1528],[7.3241,48.1521],[7.3247,48.1518]]]]}},{"type":"Feature","properties":{"id_app":1212,"app":"Alsace grand cru Marckrain","denom":"Alsace grand cru Marckrain","hierarchy":"Grand Cru","dt":"Colmar","dept":"68"},"geometry":{"type":"Polygon","coordinates":[[[7.3146,48.1384],[7.3127,48.1396],[7.3133,48.1413],[7.3146,48.1407],[7.3154,48.1401],[7.3154,48.1415],[7.316,48.1434],[7.3206,48.1438],[7.3227,48.1436],[7.3226,48.142],[7.3217,48.1413],[7.3216,48.1411],[7.325,48.1407],[7.3251,48.1396],[7.3248,48.139],[7.3239,48.1382],[7.3228,48.1375],[7.3225,48.1377],[7.322,48.1372],[7.3206,48.1379],[7.3204,48.1376],[7.3196,48.1371],[7.3185,48.1373],[7.3184,48.1371],[7.318,48.1372],[7.318,48.1369],[7.3163,48.1373],[7.3157,48.1378],[7.3147,48.1382],[7.315,48.1384],[7.3146,48.1384]],[[7.3172,48.1425],[7.317,48.1397],[7.3172,48.1398],[7.3174,48.1432],[7.3172,48.1425]],[[7.3183,48.1423],[7.3184,48.1423],[7.3187,48.1423],[7.3183,48.1423]],[[7.32,48.1422],[7.3201,48.1423],[7.3203,48.1426],[7.3202,48.1426],[7.32,48.1422]],[[7.3215,48.1426],[7.3215,48.1425],[7.3215,48.1426],[7.3215,48.1426]]]}},{"type":"Feature","properties":{"id_app":1212,"app":"Alsace grand cru Marckrain","denom":"Alsace grand cru Marckrain","hierarchy":"Grand Cru","dt":"Colmar","dept":"68"},"geometry":{"type":"Polygon","coordinates":[[[7.3178,48.1349],[7.3178,48.136],[7.3185,48.1372],[7.3196,48.1371],[7.3204,48.1376],[7.3206,48.1379],[7.322,48.1372],[7.3224,48.1376],[7.3227,48.1375],[7.322,48.1368],[7.319,48.1343],[7.3188,48.1343],[7.3186,48.1352],[7.3178,48.1349]]]}},{"type":"Feature","properties":{"id_app":1213,"app":"Alsace grand cru Moenchberg","denom":"Alsace grand cru Moenchberg","hierarchy":"Grand Cru","dt":"Colmar","dept":"67"},"geometry":{"type":"Polygon","coordinates":[[[7.4314,48.3828],[7.4332,48.3833],[7.4332,48.3825],[7.4327,48.3819],[7.4304,48.382],[7.4314,48.3828]]]}},{"type":"Feature","properties":{"id_app":1213,"app":"Alsace grand cru Moenchberg","denom":"Alsace grand cru Moenchberg","hierarchy":"Grand Cru","dt":"Colmar","dept":"67"},"geometry":{"type":"Polygon","coordinates":[[[7.4314,48.3828],[7.4332,48.3833],[7.4332,48.3825],[7.4327,48.3819],[7.4304,48.382],[7.4314,48.3828]]]}},{"type":"Feature","properties":{"id_app":1213,"app":"Alsace grand cru Moenchberg","denom":"Alsace grand cru Moenchberg","hierarchy":"Grand Cru","dt":"Colmar","dept":"67"},"geometry":{"type":"Polygon","coordinates":[[[7.4356,48.3819],[7.4354,48.3814],[7.4327,48.3818],[7.4332,48.3825],[7.4332,48.3833],[7.4343,48.3835],[7.4355,48.3839],[7.4379,48.3843],[7.4389,48.3846],[7.439,48.3846],[7.4396,48.3845],[7.4392,48.3846],[7.4397,48.3847],[7.4401,48.3845],[7.4391,48.3829],[7.4382,48.3832],[7.4356,48.3819]]]}},{"type":"Feature","properties":{"id_app":1214,"app":"Alsace grand cru Muenchberg","denom":"Alsace grand cru Muenchberg","hierarchy":"Grand Cru","dt":"Colmar","dept":"67"},"geometry":{"type":"MultiPolygon","coordinates":[[[[7.4173,48.3577],[7.4177,48.357],[7.415,48.3589],[7.4139,48.3594],[7.4126,48.3597],[7.4124,48.3598],[7.4121,48.36],[7.4117,48.3601],[7.4111,48.3607],[7.4114,48.3612],[7.4128,48.3609],[7.4174,48.3611],[7.4172,48.36],[7.4176,48.3599],[7.418,48.3594],[7.4172,48.3582],[7.4173,48.3577]]],[[[7.405,48.3589],[7.4105,48.3607],[7.4111,48.3607],[7.4116,48.36],[7.4122,48.3599],[7.4126,48.3596],[7.406,48.3582],[7.405,48.3589]]]]}},{"type":"Feature","properties":{"id_app":1215,"app":"Alsace grand cru Ollwiller","denom":"Alsace grand cru Ollwiller","hierarchy":"Grand Cru","dt":"Colmar","dept":"68"},"geometry":{"type":"MultiPolygon","coordinates":[[[[7.2078,47.868],[7.2053,47.8675],[7.2051,47.8683],[7.2034,47.8681],[7.2018,47.8678],[7.2051,47.8682],[7.2052,47.8675],[7.2036,47.8667],[7.2014,47.867],[7.1987,47.8668],[7.197,47.8668],[7.1969,47.8681],[7.1974,47.8685],[7.1996,47.8689],[7.2004,47.8692],[7.201,47.8696],[7.2015,47.8684],[7.2016,47.8683],[7.2018,47.8683],[7.2015,47.8684],[7.2011,47.8696],[7.2016,47.87],[7.2026,47.8702],[7.2027,47.8699],[7.2061,47.8702],[7.2065,47.8693],[7.2071,47.8694],[7.2073,47.8689],[7.2078,47.868]]],[[[7.2114,47.8691],[7.2078,47.868],[7.2071,47.8694],[7.211,47.8716],[7.2133,47.8721],[7.2136,47.8723],[7.2154,47.8725],[7.2151,47.8715],[7.2133,47.8701],[7.2114,47.8691]]]]}},{"type":"Feature","properties":{"id_app":1216,"app":"Alsace grand cru Osterberg","denom":"Alsace grand cru Osterberg","hierarchy":"Grand Cru","dt":"Colmar","dept":"68"},"geometry":{"type":"MultiPolygon","coordinates":[[[[7.3276,48.1946],[7.3262,48.1945],[7.3262,48.195],[7.3265,48.1952],[7.3256,48.1959],[7.3253,48.1958],[7.325,48.1962],[7.3235,48.1969],[7.3233,48.1969],[7.3227,48.1971],[7.3232,48.1977],[7.3227,48.1991],[7.3241,48.1996],[7.3256,48.1989],[7.3267,48.2001],[7.3276,48.2007],[7.3293,48.2001],[7.329,48.1996],[7.329,48.1989],[7.3293,48.1988],[7.3295,48.1985],[7.3298,48.1983],[7.3298,48.1981],[7.3292,48.1973],[7.3298,48.1971],[7.3297,48.1969],[7.3303,48.1967],[7.3304,48.1963],[7.329,48.1968],[7.3289,48.1967],[7.3293,48.1964],[7.329,48.1963],[7.3293,48.1962],[7.3291,48.196],[7.3295,48.1957],[7.3291,48.1955],[7.3293,48.1951],[7.3275,48.1949],[7.3276,48.1946]],[[7.3279,48.1969],[7.3283,48.1966],[7.3289,48.1969],[7.3283,48.1972],[7.328,48.1968],[7.3279,48.1969]]],[[[7.3304,48.1993],[7.33,48.1982],[7.3294,48.1986],[7.3291,48.1994],[7.3292,48.1998],[7.3302,48.2012],[7.3311,48.2009],[7.3319,48.2004],[7.3304,48.1993]]]]}},{"type":"Feature","properties":{"id_app":1217,"app":"Alsace grand cru Pfersigberg","denom":"Alsace grand cru Pfersigberg","hierarchy":"Grand Cru","dt":"Colmar","dept":"68"},"geometry":{"type":"MultiPolygon","coordinates":[[[[7.2906,48.0343],[7.2902,48.034],[7.2888,48.0336],[7.2852,48.0343],[7.2848,48.0345],[7.2847,48.035],[7.2865,48.0351],[7.289,48.0347],[7.2905,48.0349],[7.2911,48.0348],[7.2917,48.0351],[7.2952,48.0354],[7.2946,48.0348],[7.2938,48.0348],[7.2936,48.0349],[7.2922,48.0348],[7.2922,48.0344],[7.2906,48.0343]]],[[[7.2896,48.0356],[7.287,48.0355],[7.2865,48.0352],[7.2848,48.0351],[7.2855,48.0369],[7.2876,48.0369],[7.2892,48.0371],[7.2894,48.0362],[7.2896,48.0356]]],[[[7.2927,48.0367],[7.2909,48.0357],[7.2897,48.0356],[7.2893,48.0371],[7.2901,48.0372],[7.291,48.0377],[7.2917,48.0378],[7.2923,48.0378],[7.2936,48.0376],[7.2927,48.0367]]],[[[7.2876,48.0369],[7.2852,48.037],[7.2851,48.0373],[7.2864,48.0374],[7.2864,48.0376],[7.2869,48.0376],[7.2869,48.0377],[7.2875,48.0377],[7.2876,48.038],[7.2896,48.0378],[7.2897,48.0372],[7.2887,48.0372],[7.2876,48.0369]]],[[[7.3004,48.0456],[7.2999,48.0444],[7.2994,48.0445],[7.2992,48.045],[7.2995,48.0457],[7.3004,48.0456]]],[[[7.2993,48.0445],[7.2991,48.0444],[7.2984,48.0442],[7.2955,48.0448],[7.2935,48.0449],[7.292,48.0453],[7.2884,48.0454],[7.2884,48.0464],[7.2905,48.0475],[7.2919,48.0478],[7.2929,48.0475],[7.2935,48.0471],[7.2936,48.0471],[7.2969,48.0466],[7.2967,48.0458],[7.2969,48.0466],[7.2977,48.0463],[7.2982,48.0462],[7.2993,48.0462],[7.2994,48.0457],[7.2991,48.045],[7.2993,48.0445]],[[7.2926,48.0464],[7.2927,48.0464],[7.293,48.0464],[7.2926,48.0464]]],[[[7.2985,48.0474],[7.2983,48.0463],[7.2965,48.0467],[7.295,48.0469],[7.295,48.047],[7.2936,48.0471],[7.2929,48.0477],[7.2952,48.0475],[7.2952,48.0478],[7.296,48.0478],[7.2971,48.0475],[7.2971,48.0481],[7.2987,48.0479],[7.2985,48.0474]]],[[[7.2995,48.0462],[7.2985,48.0462],[7.2984,48.0464],[7.2988,48.0485],[7.2998,48.0484],[7.3,48.0493],[7.3014,48.0492],[7.3014,48.0472],[7.301,48.0471],[7.3009,48.0467],[7.2995,48.0468],[7.2995,48.0462]]],[[[7.2915,48.04],[7.288,48.0402],[7.288,48.0411],[7.2897,48.0411],[7.2911,48.0414],[7.2918,48.041],[7.2916,48.0407],[7.2916,48.0404],[7.2915,48.04]]],[[[7.2929,48.0393],[7.2915,48.039],[7.2916,48.0399],[7.2931,48.0397],[7.2929,48.0393]]],[[[7.2945,48.0397],[7.2936,48.0376],[7.2924,48.0379],[7.2919,48.0379],[7.2916,48.0389],[7.2929,48.0392],[7.2933,48.0397],[7.2945,48.0397]]],[[[7.29,48.0412],[7.2885,48.0412],[7.2885,48.0417],[7.2893,48.0417],[7.2893,48.0418],[7.2912,48.0418],[7.2913,48.0415],[7.29,48.0412]]],[[[7.2951,48.0398],[7.2932,48.0397],[7.2916,48.04],[7.2918,48.041],[7.2929,48.041],[7.2951,48.0412],[7.2961,48.0416],[7.2973,48.0413],[7.2972,48.0408],[7.2966,48.0407],[7.2951,48.0398]]],[[[7.2925,48.041],[7.2917,48.0411],[7.2913,48.0415],[7.2927,48.042],[7.2951,48.0424],[7.2968,48.043],[7.2961,48.0417],[7.2958,48.0415],[7.2946,48.0412],[7.2925,48.041]]]]}},{"type":"Feature","properties":{"id_app":1217,"app":"Alsace grand cru Pfersigberg","denom":"Alsace grand cru Pfersigberg","hierarchy":"Grand Cru","dt":"Colmar","dept":"68"},"geometry":{"type":"Polygon","coordinates":[[[7.2882,48.0465],[7.2863,48.047],[7.285,48.0471],[7.2854,48.0477],[7.2856,48.0484],[7.2883,48.0484],[7.2895,48.0479],[7.2908,48.0477],[7.2882,48.0465]]]}},{"type":"Feature","properties":{"id_app":1218,"app":"Alsace grand cru Pfingstberg","denom":"Alsace grand cru Pfingstberg","hierarchy":"Grand Cru","dt":"Colmar","dept":"68"},"geometry":{"type":"Polygon","coordinates":[[[7.2315,47.939],[7.2313,47.9392],[7.2308,47.9394],[7.2301,47.9392],[7.2293,47.9393],[7.2284,47.939],[7.2281,47.9396],[7.2282,47.9408],[7.2293,47.9411],[7.2302,47.9416],[7.2306,47.9424],[7.2305,47.9427],[7.2301,47.943],[7.2301,47.9432],[7.2317,47.9454],[7.2322,47.9453],[7.234,47.9457],[7.2362,47.9468],[7.2377,47.946],[7.2367,47.9451],[7.2368,47.9446],[7.2351,47.9433],[7.2338,47.9412],[7.2327,47.9421],[7.2326,47.942],[7.2323,47.9421],[7.2337,47.9412],[7.2337,47.9406],[7.2333,47.9401],[7.2327,47.9403],[7.2322,47.9398],[7.2321,47.9398],[7.2315,47.939]],[[7.2313,47.9424],[7.2313,47.9424],[7.2314,47.9427],[7.2313,47.9424]]]}},{"type":"Feature","properties":{"id_app":1219,"app":"Alsace grand cru Praelatenberg","denom":"Alsace grand cru Praelatenberg","hierarchy":"Grand Cru","dt":"Colmar","dept":"67"},"geometry":{"type":"Polygon","coordinates":[[[7.3781,48.2438],[7.377,48.2443],[7.3777,48.2447],[7.3785,48.2455],[7.3791,48.2463],[7.3792,48.2468],[7.3796,48.247],[7.3805,48.2469],[7.3808,48.2471],[7.3817,48.2469],[7.3822,48.2473],[7.3821,48.2475],[7.3829,48.2474],[7.3821,48.2481],[7.3832,48.2487],[7.3834,48.2493],[7.3837,48.2492],[7.384,48.2495],[7.3861,48.2493],[7.3852,48.2483],[7.3842,48.2475],[7.3839,48.2475],[7.3844,48.2475],[7.3847,48.2474],[7.3846,48.247],[7.384,48.2464],[7.3828,48.2456],[7.3821,48.2442],[7.3815,48.2436],[7.3807,48.2431],[7.3806,48.2427],[7.3795,48.243],[7.3789,48.2429],[7.3779,48.243],[7.3781,48.2434],[7.3781,48.2435],[7.3781,48.2438]]]}},{"type":"Feature","properties":{"id_app":1220,"app":"Alsace grand cru Rangen","denom":"Alsace grand cru Rangen","hierarchy":"Grand Cru","dt":"Colmar","dept":"68"},"geometry":{"type":"Polygon","coordinates":[[[7.1116,47.8103],[7.1102,47.8112],[7.1067,47.8122],[7.1068,47.8124],[7.1064,47.8125],[7.1065,47.8128],[7.1057,47.813],[7.1059,47.8131],[7.1055,47.8135],[7.1067,47.8137],[7.1065,47.8138],[7.1075,47.8139],[7.1078,47.8131],[7.1105,47.8125],[7.1121,47.8129],[7.1126,47.8128],[7.1129,47.8125],[7.1127,47.8124],[7.1124,47.8125],[7.1123,47.8123],[7.1126,47.812],[7.1129,47.8122],[7.1149,47.8122],[7.1145,47.8107],[7.1148,47.8107],[7.1148,47.8101],[7.1116,47.8103]],[[7.1117,47.8123],[7.1121,47.8122],[7.1121,47.8119],[7.1121,47.8122],[7.1118,47.8123],[7.1117,47.8123]],[[7.107,47.8123],[7.107,47.8122],[7.1072,47.8121],[7.1072,47.8122],[7.107,47.8123]]]}},{"type":"Feature","properties":{"id_app":1220,"app":"Alsace grand cru Rangen","denom":"Alsace grand cru Rangen","hierarchy":"Grand Cru","dt":"Colmar","dept":"68"},"geometry":{"type":"Polygon","coordinates":[[[7.1163,47.81],[7.1148,47.8101],[7.1148,47.8107],[7.1145,47.8107],[7.1147,47.8111],[7.1151,47.8111],[7.1147,47.8111],[7.1149,47.8122],[7.1177,47.8122],[7.1184,47.8124],[7.1188,47.812],[7.1187,47.8119],[7.1193,47.8114],[7.119,47.8112],[7.1189,47.8103],[7.118,47.8104],[7.1163,47.81]]]}},{"type":"Feature","properties":{"id_app":1221,"app":"Alsace grand cru Rosacker","denom":"Alsace grand cru Rosacker","hierarchy":"Grand Cru","dt":"Colmar","dept":"68"},"geometry":{"type":"MultiPolygon","coordinates":[[[[7.3088,48.1833],[7.3084,48.1815],[7.3061,48.1814],[7.308,48.1815],[7.3079,48.1806],[7.3075,48.1807],[7.3075,48.1803],[7.3062,48.1804],[7.3062,48.1801],[7.3056,48.1801],[7.3047,48.1797],[7.3036,48.1801],[7.3031,48.1808],[7.3041,48.1808],[7.3043,48.1809],[7.3047,48.181],[7.3044,48.1809],[7.3051,48.1818],[7.3052,48.1818],[7.3061,48.1833],[7.3064,48.1836],[7.3067,48.1836],[7.3068,48.184],[7.3072,48.1843],[7.3074,48.1858],[7.3091,48.1858],[7.3098,48.1852],[7.3088,48.1833]]],[[[7.3133,48.1822],[7.313,48.1822],[7.313,48.1825],[7.311,48.1821],[7.311,48.1825],[7.311,48.1821],[7.311,48.1818],[7.3097,48.1815],[7.3086,48.1816],[7.3088,48.183],[7.31,48.1854],[7.3126,48.1853],[7.3137,48.1851],[7.3134,48.184],[7.3133,48.1822]]],[[[7.3099,48.1857],[7.3097,48.1854],[7.3092,48.1859],[7.3099,48.1857]]]]}},{"type":"Feature","properties":{"id_app":1222,"app":"Alsace grand cru Saering","denom":"Alsace grand cru Saering","hierarchy":"Grand Cru","dt":"Colmar","dept":"68"},"geometry":{"type":"MultiPolygon","coordinates":[[[[7.2301,47.9063],[7.2259,47.9053],[7.2258,47.9056],[7.2262,47.9061],[7.2274,47.9067],[7.227,47.9079],[7.2286,47.9093],[7.2293,47.909],[7.2295,47.9087],[7.2294,47.9081],[7.2294,47.9074],[7.2301,47.9063]]],[[[7.2318,47.908],[7.2296,47.9071],[7.2295,47.9081],[7.2296,47.9087],[7.2294,47.909],[7.2287,47.9094],[7.2309,47.9101],[7.2319,47.91],[7.2335,47.9101],[7.2318,47.908]]],[[[7.234,47.9072],[7.2302,47.9063],[7.2297,47.907],[7.2319,47.908],[7.2336,47.9101],[7.2351,47.9102],[7.236,47.9106],[7.2371,47.9107],[7.2372,47.91],[7.2381,47.9098],[7.2377,47.9091],[7.2378,47.9089],[7.234,47.9072]]]]}},{"type":"Feature","properties":{"id_app":1223,"app":"Alsace grand cru Schlossberg","denom":"Alsace grand cru Schlossberg","hierarchy":"Grand Cru","dt":"Colmar","dept":"68"},"geometry":{"type":"MultiPolygon","coordinates":[[[[7.2653,48.1393],[7.2637,48.1393],[7.2625,48.1399],[7.2626,48.1408],[7.2628,48.1408],[7.263,48.1418],[7.2637,48.1418],[7.2639,48.1424],[7.267,48.1434],[7.2719,48.1447],[7.2725,48.1438],[7.2724,48.1438],[7.2732,48.1435],[7.2733,48.1437],[7.2738,48.1437],[7.2737,48.143],[7.2741,48.1427],[7.2741,48.1425],[7.2751,48.1426],[7.2742,48.1438],[7.2743,48.1449],[7.2743,48.1453],[7.2745,48.1453],[7.2752,48.1452],[7.2762,48.1455],[7.2771,48.1453],[7.2772,48.1448],[7.2763,48.1443],[7.2757,48.1433],[7.2761,48.1424],[7.2761,48.1416],[7.2762,48.1424],[7.2765,48.1425],[7.2768,48.1424],[7.277,48.1426],[7.2775,48.1427],[7.2775,48.143],[7.2783,48.1432],[7.2788,48.143],[7.279,48.1431],[7.2794,48.1431],[7.2796,48.1432],[7.2798,48.1436],[7.2813,48.1434],[7.2814,48.1435],[7.2838,48.1431],[7.2839,48.1428],[7.2831,48.1412],[7.2825,48.1407],[7.2816,48.1393],[7.2799,48.1394],[7.2796,48.1396],[7.2779,48.1394],[7.2779,48.1389],[7.2777,48.1388],[7.2764,48.1396],[7.2763,48.1399],[7.2766,48.14],[7.2763,48.1409],[7.276,48.141],[7.2765,48.1401],[7.2763,48.14],[7.2763,48.1395],[7.2776,48.1388],[7.2753,48.1387],[7.2753,48.139],[7.2735,48.1388],[7.2702,48.1392],[7.2683,48.1391],[7.2684,48.1396],[7.2688,48.1397],[7.2693,48.1401],[7.2713,48.1399],[7.2714,48.1399],[7.2695,48.1401],[7.2692,48.1402],[7.2687,48.1397],[7.2668,48.1398],[7.2656,48.1396],[7.2653,48.1393]],[[7.2705,48.1433],[7.2701,48.1434],[7.2705,48.1433],[7.2705,48.1433]],[[7.2716,48.141],[7.2716,48.141],[7.2716,48.141],[7.2716,48.141]],[[7.2721,48.1408],[7.2721,48.1409],[7.2721,48.1409],[7.2721,48.1408]]],[[[7.2828,48.145],[7.2817,48.1461],[7.2815,48.1468],[7.2804,48.1481],[7.2818,48.1488],[7.2817,48.1491],[7.2821,48.1495],[7.2825,48.1497],[7.2833,48.1491],[7.2835,48.1492],[7.2831,48.1495],[7.2833,48.1497],[7.2842,48.1494],[7.2844,48.1496],[7.2847,48.1495],[7.2846,48.1492],[7.2844,48.1493],[7.2845,48.1492],[7.2846,48.1492],[7.2846,48.1492],[7.2845,48.1489],[7.284,48.1488],[7.2834,48.1482],[7.2839,48.148],[7.2834,48.1475],[7.2831,48.1467],[7.2835,48.1467],[7.2831,48.145],[7.2828,48.145]]]]}},{"type":"Feature","properties":{"id_app":1224,"app":"Alsace grand cru Schoenenbourg","denom":"Alsace grand cru Schoenenbourg","hierarchy":"Grand Cru","dt":"Colmar","dept":"68"},"geometry":{"type":"Polygon","coordinates":[[[7.3017,48.1671],[7.3004,48.1674],[7.3002,48.167],[7.2986,48.1676],[7.299,48.1686],[7.2987,48.1687],[7.2984,48.1687],[7.2982,48.1684],[7.298,48.1684],[7.298,48.1677],[7.2957,48.168],[7.2962,48.1684],[7.297,48.1697],[7.2982,48.1702],[7.2987,48.1699],[7.3,48.1699],[7.3001,48.1704],[7.3041,48.1706],[7.3051,48.1706],[7.3051,48.1705],[7.3077,48.1711],[7.3095,48.1703],[7.3102,48.1702],[7.3097,48.17],[7.3102,48.1692],[7.3102,48.1689],[7.3098,48.1689],[7.3102,48.1687],[7.3102,48.1679],[7.3087,48.1676],[7.3066,48.1664],[7.3043,48.1661],[7.3042,48.1668],[7.3038,48.1668],[7.3038,48.1667],[7.303,48.1667],[7.3028,48.1663],[7.3018,48.1665],[7.3017,48.1666],[7.3018,48.1667],[7.3015,48.1668],[7.3017,48.1671]]]}},{"type":"Feature","properties":{"id_app":1224,"app":"Alsace grand cru Schoenenbourg","denom":"Alsace grand cru Schoenenbourg","hierarchy":"Grand Cru","dt":"Colmar","dept":"68"},"geometry":{"type":"MultiPolygon","coordinates":[[[[7.3162,48.1697],[7.3141,48.1683],[7.3123,48.168],[7.3102,48.1679],[7.3102,48.1691],[7.3098,48.17],[7.3108,48.1703],[7.3114,48.1713],[7.3132,48.1708],[7.314,48.171],[7.3141,48.1711],[7.316,48.1708],[7.3162,48.171],[7.3162,48.1709],[7.3168,48.1706],[7.3161,48.1698],[7.3162,48.1697]]],[[[7.3176,48.1703],[7.3163,48.1697],[7.3161,48.1698],[7.3168,48.1706],[7.3162,48.1709],[7.3164,48.171],[7.3176,48.1703]]],[[[7.3106,48.1703],[7.3096,48.1704],[7.3089,48.1706],[7.3096,48.1716],[7.3098,48.1716],[7.3101,48.1719],[7.3114,48.1715],[7.3106,48.1703]]]]}},{"type":"Feature","properties":{"id_app":1225,"app":"Alsace grand cru Sommerberg","denom":"Alsace grand cru Sommerberg","hierarchy":"Grand Cru","dt":"Colmar","dept":"68"},"geometry":{"type":"Polygon","coordinates":[[[7.2859,48.1011],[7.2855,48.1007],[7.2846,48.1005],[7.2841,48.1017],[7.2829,48.1028],[7.2839,48.1027],[7.284,48.1028],[7.2846,48.1026],[7.2844,48.1025],[7.2851,48.1022],[7.2848,48.102],[7.2859,48.1011]]]}},{"type":"Feature","properties":{"id_app":1225,"app":"Alsace grand cru Sommerberg","denom":"Alsace grand cru Sommerberg","hierarchy":"Grand Cru","dt":"Colmar","dept":"68"},"geometry":{"type":"Polygon","coordinates":[[[7.2737,48.101],[7.2716,48.1007],[7.2712,48.1009],[7.2711,48.1011],[7.2717,48.1021],[7.2716,48.1022],[7.2712,48.1022],[7.2712,48.1029],[7.2731,48.1036],[7.2744,48.1029],[7.2747,48.1029],[7.2747,48.1038],[7.2757,48.1039],[7.2763,48.1036],[7.2764,48.1033],[7.2776,48.1031],[7.2776,48.1021],[7.2779,48.1028],[7.282,48.1035],[7.2841,48.1017],[7.2846,48.1006],[7.2837,48.1006],[7.2813,48.101],[7.2801,48.101],[7.2766,48.1004],[7.2766,48.1007],[7.2765,48.1009],[7.2765,48.1005],[7.2762,48.1007],[7.2762,48.1005],[7.275,48.1009],[7.2737,48.101]],[[7.2771,48.1015],[7.2776,48.1016],[7.2776,48.1018],[7.2776,48.1016],[7.2771,48.1015]]]}},{"type":"Feature","properties":{"id_app":1226,"app":"Alsace grand cru Sonnenglanz","denom":"Alsace grand cru Sonnenglanz","hierarchy":"Grand Cru","dt":"Colmar","dept":"68"},"geometry":{"type":"Polygon","coordinates":[[[7.3252,48.1613],[7.3246,48.1616],[7.3252,48.1627],[7.3244,48.163],[7.3251,48.1627],[7.3245,48.1616],[7.3251,48.1612],[7.3245,48.1602],[7.3235,48.1591],[7.3235,48.1583],[7.3223,48.1584],[7.3219,48.158],[7.3213,48.1579],[7.3208,48.1579],[7.3203,48.1582],[7.3202,48.1584],[7.3205,48.1587],[7.3204,48.1591],[7.3207,48.1601],[7.321,48.1601],[7.3208,48.1601],[7.3204,48.1613],[7.3205,48.1619],[7.3214,48.1618],[7.3216,48.1622],[7.3217,48.1641],[7.3222,48.1648],[7.3236,48.1657],[7.3254,48.1657],[7.3252,48.165],[7.3253,48.1648],[7.3255,48.1646],[7.3252,48.165],[7.3255,48.1657],[7.3275,48.1656],[7.3277,48.1648],[7.3275,48.164],[7.3279,48.1627],[7.3277,48.1619],[7.3278,48.1613],[7.3275,48.1611],[7.3262,48.1598],[7.3248,48.1604],[7.3252,48.1613]]]}},{"type":"Feature","properties":{"id_app":1227,"app":"Alsace grand cru Spiegel","denom":"Alsace grand cru Spiegel","hierarchy":"Grand Cru","dt":"Colmar","dept":"68"},"geometry":{"type":"MultiPolygon","coordinates":[[[[7.2372,47.9193],[7.2368,47.9158],[7.2361,47.9162],[7.2347,47.9164],[7.2351,47.9177],[7.2348,47.92],[7.2352,47.9209],[7.2381,47.9207],[7.2392,47.9203],[7.2388,47.9191],[7.2362,47.9196],[7.2358,47.9187],[7.2362,47.9195],[7.2372,47.9193]]],[[[7.2385,47.9213],[7.2387,47.9207],[7.2354,47.9211],[7.2355,47.9218],[7.236,47.9216],[7.2378,47.9216],[7.2385,47.9213]]]]}},{"type":"Feature","properties":{"id_app":1227,"app":"Alsace grand cru Spiegel","denom":"Alsace grand cru Spiegel","hierarchy":"Grand Cru","dt":"Colmar","dept":"68"},"geometry":{"type":"Polygon","coordinates":[[[7.2343,47.913],[7.2329,47.9135],[7.2329,47.914],[7.2342,47.9151],[7.2347,47.9163],[7.236,47.9162],[7.2368,47.9158],[7.2343,47.913]]]}},{"type":"Feature","properties":{"id_app":1228,"app":"Alsace grand cru Sporen","denom":"Alsace grand cru Sporen","hierarchy":"Grand Cru","dt":"Colmar","dept":"68"},"geometry":{"type":"Polygon","coordinates":[[[7.3034,48.1598],[7.3046,48.1601],[7.3086,48.1598],[7.3109,48.1599],[7.3111,48.159],[7.3108,48.1576],[7.3092,48.1575],[7.3092,48.1574],[7.307,48.1577],[7.3075,48.1591],[7.307,48.1576],[7.307,48.1574],[7.3071,48.157],[7.3065,48.1571],[7.3064,48.1566],[7.3049,48.1569],[7.305,48.1546],[7.3037,48.155],[7.3027,48.1555],[7.3033,48.1575],[7.3028,48.1576],[7.3022,48.158],[7.3014,48.1587],[7.3011,48.1595],[7.3006,48.1597],[7.3034,48.1598]],[[7.3053,48.1593],[7.3049,48.1569],[7.3049,48.1569],[7.3053,48.1593]]]}},{"type":"Feature","properties":{"id_app":1229,"app":"Alsace grand cru Steinert","denom":"Alsace grand cru Steinert","hierarchy":"Grand Cru","dt":"Colmar","dept":"68"},"geometry":{"type":"Polygon","coordinates":[[[7.2833,47.9778],[7.2824,47.9778],[7.2825,47.9781],[7.2823,47.9776],[7.2804,47.9775],[7.2803,47.9773],[7.2774,47.9773],[7.2775,47.9775],[7.2773,47.9773],[7.2769,47.9774],[7.2774,47.9777],[7.2769,47.9774],[7.2763,47.9775],[7.2757,47.9773],[7.2749,47.9773],[7.2755,47.9788],[7.275,47.9787],[7.275,47.9789],[7.2746,47.979],[7.2748,47.9795],[7.275,47.9795],[7.2751,47.9806],[7.2756,47.9807],[7.2749,47.9811],[7.2758,47.9812],[7.2769,47.9824],[7.2781,47.9822],[7.2784,47.9815],[7.2786,47.9798],[7.2793,47.9798],[7.2796,47.979],[7.2794,47.9799],[7.2786,47.9799],[7.2785,47.9815],[7.2782,47.9823],[7.2769,47.9824],[7.2775,47.9831],[7.2788,47.983],[7.2792,47.9829],[7.2792,47.9827],[7.2793,47.9832],[7.2806,47.9832],[7.2793,47.9832],[7.2787,47.9843],[7.2831,47.9841],[7.2829,47.9832],[7.2827,47.9827],[7.2831,47.9818],[7.283,47.979],[7.2833,47.9791],[7.2835,47.9785],[7.2833,47.9778]],[[7.2817,47.982],[7.2816,47.9819],[7.2819,47.9821],[7.281,47.9821],[7.281,47.9821],[7.2798,47.982],[7.2798,47.9819],[7.2817,47.982]],[[7.2795,47.9783],[7.2794,47.9783],[7.2789,47.9784],[7.2793,47.9782],[7.2783,47.978],[7.279,47.9781],[7.2795,47.9783]]]}},{"type":"Feature","properties":{"id_app":1229,"app":"Alsace grand cru Steinert","denom":"Alsace grand cru Steinert","hierarchy":"Grand Cru","dt":"Colmar","dept":"68"},"geometry":{"type":"Polygon","coordinates":[[[7.2786,47.977],[7.2774,47.9772],[7.2803,47.9773],[7.28,47.9769],[7.2786,47.977]]]}},{"type":"Feature","properties":{"id_app":1230,"app":"Alsace grand cru Steingrubler","denom":"Alsace grand cru Steingrubler","hierarchy":"Grand Cru","dt":"Colmar","dept":"68"},"geometry":{"type":"Polygon","coordinates":[[[7.2922,48.0558],[7.2891,48.0548],[7.2882,48.0543],[7.2856,48.0537],[7.285,48.0538],[7.2846,48.0544],[7.2839,48.0545],[7.2846,48.0551],[7.2834,48.0555],[7.2836,48.0565],[7.286,48.0568],[7.2872,48.0572],[7.2877,48.0571],[7.2873,48.0576],[7.2878,48.0576],[7.2878,48.0578],[7.2887,48.0577],[7.2891,48.0579],[7.2903,48.0576],[7.2906,48.0578],[7.2919,48.0578],[7.2919,48.0583],[7.2928,48.0583],[7.2929,48.0581],[7.2933,48.0581],[7.2934,48.0575],[7.2931,48.0572],[7.2924,48.0571],[7.2921,48.0568],[7.2917,48.0565],[7.2923,48.0569],[7.2931,48.0572],[7.2933,48.0575],[7.2935,48.0575],[7.2934,48.0575],[7.2934,48.0579],[7.2948,48.058],[7.2948,48.0573],[7.2951,48.0573],[7.295,48.0567],[7.2932,48.0563],[7.2922,48.0558]]]}},{"type":"Feature","properties":{"id_app":1231,"app":"Alsace grand cru Steinklotz","denom":"Alsace grand cru Steinklotz","hierarchy":"Grand Cru","dt":"Colmar","dept":"67"},"geometry":{"type":"Polygon","coordinates":[[[7.485,48.6225],[7.4833,48.6231],[7.4833,48.6229],[7.4828,48.6228],[7.4828,48.6227],[7.4819,48.6225],[7.4812,48.6238],[7.4802,48.6247],[7.4801,48.6254],[7.4798,48.6258],[7.4804,48.6259],[7.4802,48.6266],[7.4807,48.6267],[7.4806,48.627],[7.4831,48.6273],[7.4856,48.628],[7.4871,48.628],[7.4887,48.6284],[7.489,48.6284],[7.4898,48.6276],[7.4902,48.6276],[7.4921,48.6284],[7.4944,48.6291],[7.4949,48.6289],[7.4958,48.6281],[7.4953,48.6278],[7.4949,48.6281],[7.495,48.6279],[7.4943,48.6277],[7.4945,48.6275],[7.4934,48.627],[7.4933,48.6267],[7.4936,48.6262],[7.4914,48.6256],[7.4903,48.6251],[7.4892,48.6249],[7.4884,48.6246],[7.4845,48.6236],[7.485,48.6225]]]}},{"type":"Feature","properties":{"id_app":1232,"app":"Alsace grand cru Vorbourg","denom":"Alsace grand cru Vorbourg","hierarchy":"Grand Cru","dt":"Colmar","dept":"68"},"geometry":{"type":"MultiPolygon","coordinates":[[[[7.2793,47.9484],[7.2775,47.9488],[7.2745,47.9496],[7.273,47.9507],[7.274,47.9513],[7.2746,47.952],[7.2756,47.9518],[7.2758,47.952],[7.2763,47.9519],[7.2771,47.9517],[7.2783,47.9509],[7.2787,47.9508],[7.2797,47.951],[7.2805,47.952],[7.2809,47.9523],[7.2815,47.9523],[7.2832,47.9517],[7.2812,47.949],[7.2816,47.9488],[7.2807,47.9484],[7.2793,47.9484]]],[[[7.2797,47.9512],[7.2786,47.9509],[7.2801,47.9534],[7.2799,47.9531],[7.2792,47.9534],[7.2796,47.9542],[7.2801,47.9546],[7.2806,47.9563],[7.2812,47.9576],[7.2817,47.9576],[7.2827,47.9579],[7.2851,47.9575],[7.2847,47.9558],[7.2852,47.9553],[7.2856,47.9552],[7.2855,47.955],[7.2858,47.9549],[7.2846,47.9545],[7.2844,47.9541],[7.2849,47.954],[7.2843,47.9531],[7.284,47.9529],[7.2838,47.953],[7.2827,47.9519],[7.2815,47.9524],[7.2816,47.9528],[7.2824,47.9537],[7.2826,47.9545],[7.283,47.9551],[7.2823,47.9552],[7.2824,47.9555],[7.2821,47.9551],[7.2829,47.9551],[7.2825,47.9545],[7.2823,47.9536],[7.2816,47.9528],[7.2813,47.9524],[7.2806,47.9522],[7.2797,47.9512]],[[7.2814,47.9558],[7.2819,47.9565],[7.2812,47.9568],[7.2818,47.9565],[7.2814,47.9558]]],[[[7.2909,47.9649],[7.2898,47.9624],[7.2888,47.9627],[7.2868,47.9648],[7.2861,47.9635],[7.2855,47.9635],[7.2853,47.9641],[7.2858,47.9658],[7.288,47.9656],[7.2909,47.9649]]],[[[7.2825,47.9579],[7.2812,47.9577],[7.2819,47.96],[7.2826,47.9604],[7.2834,47.9615],[7.2835,47.9619],[7.2854,47.9616],[7.2857,47.9615],[7.286,47.9615],[7.2857,47.9604],[7.286,47.9603],[7.2858,47.9599],[7.2859,47.9598],[7.2852,47.9576],[7.2832,47.9579],[7.2825,47.9579]]],[[[7.2874,47.9622],[7.2867,47.9605],[7.2859,47.961],[7.2861,47.9616],[7.286,47.9624],[7.286,47.9625],[7.2855,47.9627],[7.2854,47.9634],[7.2874,47.963],[7.2874,47.9622]]],[[[7.286,47.9616],[7.2834,47.962],[7.2841,47.9641],[7.2852,47.9641],[7.2854,47.9628],[7.2859,47.9624],[7.286,47.9616]]]]}},{"type":"Feature","properties":{"id_app":1232,"app":"Alsace grand cru Vorbourg","denom":"Alsace grand cru Vorbourg","hierarchy":"Grand Cru","dt":"Colmar","dept":"68"},"geometry":{"type":"Polygon","coordinates":[[[7.2717,47.9511],[7.272,47.9516],[7.2718,47.952],[7.272,47.952],[7.2721,47.9518],[7.2722,47.9522],[7.2721,47.9524],[7.2725,47.9529],[7.2728,47.953],[7.2723,47.9531],[7.2725,47.9536],[7.273,47.954],[7.2735,47.9538],[7.2734,47.9531],[7.2744,47.9532],[7.2741,47.952],[7.2744,47.9519],[7.2741,47.9514],[7.273,47.9507],[7.2717,47.9511]]]}},{"type":"Feature","properties":{"id_app":1233,"app":"Alsace grand cru Wiebelsberg","denom":"Alsace grand cru Wiebelsberg","hierarchy":"Grand Cru","dt":"Colmar","dept":"67"},"geometry":{"type":"Polygon","coordinates":[[[7.4257,48.3892],[7.4259,48.3884],[7.4254,48.3885],[7.4254,48.3882],[7.4244,48.3882],[7.4244,48.3883],[7.4236,48.3884],[7.4228,48.3879],[7.4216,48.3887],[7.4208,48.3897],[7.4215,48.3902],[7.4233,48.3896],[7.4235,48.3896],[7.423,48.3899],[7.4213,48.3904],[7.4201,48.3916],[7.4209,48.3917],[7.4209,48.3919],[7.4219,48.3923],[7.4225,48.3915],[7.4233,48.3909],[7.4244,48.3906],[7.4261,48.3906],[7.4274,48.3901],[7.4275,48.3899],[7.4257,48.3892]]]}},{"type":"Feature","properties":{"id_app":1234,"app":"Alsace grand cru Wineck-Schlossberg","denom":"Alsace grand cru Wineck-Schlossberg","hierarchy":"Grand Cru","dt":"Colmar","dept":"68"},"geometry":{"type":"MultiPolygon","coordinates":[[[[7.2858,48.1112],[7.2849,48.1102],[7.284,48.1105],[7.2836,48.1101],[7.2825,48.1097],[7.2819,48.1099],[7.2817,48.1108],[7.2823,48.1116],[7.2831,48.1114],[7.2838,48.1117],[7.2848,48.1118],[7.2845,48.1126],[7.2858,48.1126],[7.286,48.1121],[7.2858,48.1112]]],[[[7.28,48.1128],[7.2801,48.1123],[7.2793,48.1124],[7.2793,48.1127],[7.28,48.1128]]],[[[7.2802,48.1124],[7.2816,48.1124],[7.2807,48.1122],[7.2802,48.1123],[7.2802,48.1124]]]]}},{"type":"Feature","properties":{"id_app":1234,"app":"Alsace grand cru Wineck-Schlossberg","denom":"Alsace grand cru Wineck-Schlossberg","hierarchy":"Grand Cru","dt":"Colmar","dept":"68"},"geometry":{"type":"MultiPolygon","coordinates":[[[[7.2831,48.1094],[7.2825,48.1091],[7.282,48.1098],[7.2826,48.1097],[7.2841,48.1105],[7.2849,48.1101],[7.2854,48.1104],[7.2855,48.1103],[7.2852,48.1098],[7.2849,48.1096],[7.2852,48.1093],[7.285,48.1092],[7.2846,48.1097],[7.284,48.1093],[7.2838,48.1096],[7.2834,48.1094],[7.2836,48.1092],[7.2834,48.109],[7.2831,48.1094]]],[[[7.2779,48.1087],[7.2779,48.109],[7.2784,48.1092],[7.2784,48.1095],[7.2778,48.1096],[7.278,48.1099],[7.2786,48.1098],[7.2784,48.1102],[7.2772,48.1099],[7.2753,48.1086],[7.2752,48.1092],[7.2747,48.1096],[7.2749,48.1097],[7.2746,48.1101],[7.2744,48.1112],[7.2753,48.1113],[7.2778,48.1123],[7.2795,48.1123],[7.2807,48.1122],[7.2821,48.1125],[7.2826,48.1124],[7.2826,48.112],[7.2815,48.1107],[7.2823,48.1092],[7.2816,48.109],[7.2815,48.1089],[7.2798,48.1082],[7.2787,48.1081],[7.2785,48.1083],[7.278,48.1081],[7.2773,48.1083],[7.2772,48.1084],[7.2775,48.1088],[7.2777,48.1087],[7.2779,48.1087]]]]}},{"type":"Feature","properties":{"id_app":1235,"app":"Alsace grand cru Winzenberg","denom":"Alsace grand cru Winzenberg","hierarchy":"Grand Cru","dt":"Colmar","dept":"67"},"geometry":{"type":"MultiPolygon","coordinates":[[[[7.4127,48.3453],[7.411,48.3458],[7.4115,48.3462],[7.4132,48.3467],[7.4134,48.3467],[7.4136,48.3465],[7.4137,48.3467],[7.4141,48.3469],[7.4138,48.3471],[7.4148,48.3483],[7.4166,48.3481],[7.4165,48.3478],[7.4174,48.3477],[7.4173,48.3475],[7.4163,48.3476],[7.4159,48.3473],[7.4163,48.3471],[7.4167,48.3469],[7.4175,48.347],[7.4182,48.3468],[7.4181,48.3463],[7.4175,48.3459],[7.4159,48.3457],[7.4157,48.3459],[7.4153,48.3458],[7.4147,48.3459],[7.4148,48.3461],[7.4145,48.3462],[7.4142,48.3462],[7.4143,48.346],[7.4135,48.346],[7.4135,48.3458],[7.413,48.3456],[7.4127,48.3453]],[[7.4136,48.3465],[7.4135,48.3463],[7.4136,48.3465],[7.4136,48.3465]]],[[[7.4177,48.3421],[7.4171,48.3419],[7.417,48.3422],[7.4165,48.3421],[7.4166,48.3427],[7.4167,48.3427],[7.4172,48.3428],[7.4177,48.3421]]],[[[7.416,48.3415],[7.415,48.3412],[7.4148,48.3414],[7.4138,48.3413],[7.4137,48.3418],[7.4135,48.3418],[7.4134,48.3421],[7.4136,48.3421],[7.4128,48.3435],[7.4129,48.3435],[7.4128,48.3445],[7.4138,48.3443],[7.4137,48.3446],[7.4141,48.3448],[7.4144,48.3447],[7.4151,48.3447],[7.4169,48.3442],[7.4174,48.3441],[7.4187,48.3427],[7.4185,48.3426],[7.4186,48.3423],[7.4184,48.3421],[7.4177,48.3421],[7.4172,48.3428],[7.4175,48.3428],[7.4174,48.3431],[7.4175,48.3428],[7.4167,48.3427],[7.4158,48.3431],[7.4151,48.3428],[7.415,48.3428],[7.4158,48.343],[7.4164,48.3427],[7.4164,48.3421],[7.4161,48.342],[7.4159,48.3416],[7.416,48.3415]]]]}},{"type":"Feature","properties":{"id_app":1236,"app":"Alsace grand cru Zinnkoepfle","denom":"Alsace grand cru Zinnkoepfle","hierarchy":"Grand Cru","dt":"Colmar","dept":"68"},"geometry":{"type":"MultiPolygon","coordinates":[[[[7.2496,47.958],[7.2469,47.9587],[7.2462,47.959],[7.2499,47.959],[7.2496,47.958]]],[[[7.2445,47.9601],[7.2422,47.9608],[7.2412,47.9613],[7.2413,47.9614],[7.2407,47.9615],[7.2409,47.9617],[7.2407,47.9618],[7.2405,47.9616],[7.2403,47.9617],[7.2407,47.962],[7.24,47.9621],[7.24,47.9622],[7.2408,47.9623],[7.2411,47.9626],[7.241,47.9628],[7.242,47.9631],[7.2417,47.9634],[7.242,47.9635],[7.2416,47.9638],[7.2429,47.964],[7.243,47.9638],[7.2432,47.9636],[7.2437,47.9642],[7.2446,47.9645],[7.2447,47.9645],[7.2448,47.9642],[7.245,47.964],[7.2451,47.9639],[7.2448,47.9644],[7.2461,47.9645],[7.2462,47.9646],[7.2465,47.9645],[7.2464,47.9643],[7.2463,47.9642],[7.2465,47.9644],[7.248,47.9644],[7.248,47.964],[7.2478,47.964],[7.2482,47.9637],[7.248,47.9634],[7.2482,47.9634],[7.2483,47.9635],[7.2492,47.9633],[7.2497,47.9634],[7.2497,47.9635],[7.2502,47.9635],[7.2502,47.9637],[7.2514,47.9637],[7.252,47.9634],[7.2515,47.9624],[7.2511,47.9626],[7.2513,47.9625],[7.251,47.9615],[7.2498,47.9591],[7.2475,47.9592],[7.2476,47.959],[7.2461,47.959],[7.2445,47.9601]],[[7.2463,47.964],[7.2464,47.9639],[7.2463,47.964],[7.2463,47.964]]],[[[7.243,47.9641],[7.2435,47.9641],[7.2431,47.9637],[7.243,47.9638],[7.243,47.9641]]]]}},{"type":"Feature","properties":{"id_app":1236,"app":"Alsace grand cru Zinnkoepfle","denom":"Alsace grand cru Zinnkoepfle","hierarchy":"Grand Cru","dt":"Colmar","dept":"68"},"geometry":{"type":"Polygon","coordinates":[[[7.2557,47.9615],[7.256,47.9617],[7.2564,47.9622],[7.2557,47.9615],[7.2553,47.9618],[7.2552,47.9622],[7.2547,47.9628],[7.2545,47.964],[7.2563,47.9637],[7.2572,47.9637],[7.2572,47.9621],[7.2581,47.9617],[7.2581,47.9615],[7.2573,47.9603],[7.2578,47.9601],[7.2576,47.958],[7.2556,47.9579],[7.2539,47.9582],[7.2543,47.9581],[7.2543,47.958],[7.2557,47.9579],[7.2575,47.9579],[7.2576,47.9578],[7.2572,47.9576],[7.2561,47.9574],[7.2561,47.9572],[7.2548,47.9571],[7.2533,47.9572],[7.2527,47.9576],[7.2526,47.9574],[7.2496,47.958],[7.2498,47.9591],[7.2513,47.9625],[7.2517,47.9622],[7.2518,47.9624],[7.2534,47.9623],[7.2533,47.9625],[7.254,47.963],[7.2535,47.9632],[7.2536,47.9633],[7.254,47.9632],[7.2541,47.9633],[7.2537,47.9635],[7.254,47.9635],[7.2541,47.9637],[7.2545,47.9636],[7.2546,47.9627],[7.2549,47.9625],[7.2551,47.9618],[7.2557,47.9615]]]}},{"type":"Feature","properties":{"id_app":1237,"app":"Alsace grand cru Zotzenberg","denom":"Alsace grand cru Zotzenberg","hierarchy":"Grand Cru","dt":"Colmar","dept":"67"},"geometry":{"type":"MultiPolygon","coordinates":[[[[7.4455,48.3969],[7.4453,48.3963],[7.4448,48.3964],[7.4449,48.3967],[7.4442,48.3971],[7.4444,48.3973],[7.444,48.3976],[7.4446,48.3981],[7.4453,48.3992],[7.4459,48.3998],[7.4481,48.3991],[7.4471,48.3979],[7.4455,48.3969]]],[[[7.4362,48.4005],[7.4362,48.3993],[7.4351,48.3993],[7.4351,48.3991],[7.4346,48.3992],[7.4347,48.3995],[7.4342,48.3995],[7.4342,48.3998],[7.4311,48.4003],[7.4314,48.4012],[7.4342,48.4014],[7.4356,48.4015],[7.4352,48.4015],[7.4352,48.4021],[7.4363,48.402],[7.4366,48.4021],[7.4365,48.4022],[7.4372,48.4022],[7.4378,48.4022],[7.4377,48.4017],[7.4402,48.4016],[7.4399,48.4011],[7.44,48.4007],[7.4407,48.4007],[7.441,48.4013],[7.4455,48.4009],[7.4441,48.4],[7.4454,48.3994],[7.4452,48.3992],[7.4446,48.3982],[7.444,48.3977],[7.4434,48.3979],[7.4433,48.3978],[7.4423,48.3981],[7.4424,48.3985],[7.4416,48.3986],[7.4417,48.3981],[7.4414,48.3981],[7.4412,48.3971],[7.441,48.3971],[7.4409,48.3968],[7.4403,48.3967],[7.4398,48.3969],[7.4401,48.3976],[7.4389,48.3977],[7.4389,48.3979],[7.4395,48.3984],[7.4408,48.3987],[7.44,48.3986],[7.439,48.3981],[7.4381,48.3986],[7.4363,48.3991],[7.4363,48.4004],[7.4365,48.4004],[7.4362,48.4005]],[[7.4427,48.399],[7.443,48.3992],[7.4429,48.3991],[7.4427,48.399]],[[7.443,48.3992],[7.443,48.3992],[7.4431,48.3992],[7.443,48.3992]],[[7.4425,48.3987],[7.4426,48.3988],[7.4427,48.3989],[7.4426,48.3988],[7.4425,48.3987]],[[7.443,48.3992],[7.4421,48.399],[7.4424,48.3987],[7.443,48.3992]]]]}},{"type":"Feature","properties":{"id_app":1,"app":"Alsace ou Vin d'Alsace","denom":"Alsace ou Vin d'Alsace","hierarchy":"AOC","dt":"Colmar","dept":"67"},"geometry":{"type":"MultiPolygon","coordinates":[[[[7.107,47.792],[7.108,47.794],[7.108,47.795],[7.112,47.793],[7.111,47.791],[7.107,47.792]],[[7.11,47.793],[7.11,47.793],[7.11,47.793],[7.11,47.793]]],[[[7.106,47.793],[7.105,47.793],[7.106,47.795],[7.103,47.795],[7.104,47.797],[7.105,47.797],[7.106,47.797],[7.108,47.795],[7.107,47.793],[7.106,47.793]]],[[[7.11,47.795],[7.107,47.796],[7.108,47.797],[7.11,47.795]]],[[[7.105,47.797],[7.106,47.797],[7.104,47.797],[7.105,47.797]]],[[[7.092,47.798],[7.094,47.798],[7.095,47.797],[7.092,47.797],[7.091,47.798],[7.092,47.798]]],[[[7.139,47.808],[7.131,47.808],[7.135,47.809],[7.141,47.809],[7.139,47.808]]],[[[7.131,47.809],[7.13,47.808],[7.127,47.808],[7.123,47.81],[7.124,47.812],[7.128,47.809],[7.129,47.81],[7.131,47.809]],[[7.127,47.809],[7.126,47.809],[7.127,47.809],[7.127,47.809]]],[[[7.112,47.81],[7.107,47.812],[7.105,47.813],[7.108,47.814],[7.108,47.813],[7.109,47.813],[7.11,47.813],[7.111,47.812],[7.111,47.812],[7.113,47.813],[7.113,47.812],[7.118,47.812],[7.119,47.811],[7.119,47.81],[7.112,47.81]],[[7.111,47.812],[7.112,47.812],[7.112,47.812],[7.111,47.812]],[[7.107,47.812],[7.107,47.812],[7.107,47.812],[7.107,47.812]]],[[[7.144,47.811],[7.146,47.811],[7.146,47.811],[7.146,47.811],[7.145,47.81],[7.144,47.811]]],[[[7.146,47.811],[7.148,47.812],[7.149,47.812],[7.146,47.811]]],[[[7.149,47.812],[7.15,47.812],[7.149,47.812],[7.149,47.812]]],[[[7.154,47.812],[7.153,47.813],[7.15,47.812],[7.143,47.811],[7.142,47.81],[7.139,47.811],[7.14,47.812],[7.138,47.812],[7.138,47.813],[7.141,47.813],[7.141,47.814],[7.145,47.814],[7.145,47.815],[7.149,47.815],[7.15,47.815],[7.154,47.816],[7.158,47.814],[7.159,47.812],[7.154,47.812]],[[7.155,47.813],[7.153,47.813],[7.152,47.813],[7.154,47.813],[7.155,47.813]]],[[[7.166,47.815],[7.164,47.816],[7.166,47.816],[7.166,47.815]]],[[[7.166,47.816],[7.168,47.816],[7.166,47.815],[7.166,47.816]]],[[[7.164,47.816],[7.163,47.817],[7.164,47.817],[7.165,47.819],[7.167,47.817],[7.168,47.816],[7.164,47.816]]],[[[7.166,47.818],[7.169,47.819],[7.17,47.818],[7.172,47.819],[7.172,47.818],[7.168,47.817],[7.166,47.818]]],[[[7.15,47.819],[7.143,47.818],[7.143,47.819],[7.146,47.821],[7.15,47.821],[7.15,47.819]]],[[[7.172,47.818],[7.172,47.819],[7.172,47.819],[7.172,47.819],[7.172,47.819],[7.173,47.82],[7.174,47.819],[7.172,47.818]]],[[[7.17,47.819],[7.172,47.819],[7.172,47.819],[7.172,47.819],[7.171,47.819],[7.171,47.819],[7.17,47.818],[7.17,47.819]]],[[[7.163,47.817],[7.156,47.822],[7.157,47.822],[7.157,47.823],[7.164,47.817],[7.163,47.817]]],[[[7.172,47.819],[7.172,47.82],[7.173,47.819],[7.172,47.819]]],[[[7.153,47.822],[7.156,47.823],[7.154,47.823],[7.155,47.824],[7.157,47.823],[7.155,47.822],[7.153,47.822]]],[[[7.151,47.823],[7.151,47.824],[7.154,47.824],[7.154,47.823],[7.151,47.823]]],[[[7.175,47.823],[7.173,47.824],[7.175,47.823],[7.175,47.823]]],[[[7.166,47.826],[7.166,47.825],[7.168,47.825],[7.168,47.824],[7.168,47.824],[7.169,47.824],[7.17,47.824],[7.168,47.824],[7.172,47.824],[7.172,47.823],[7.165,47.824],[7.163,47.825],[7.165,47.827],[7.168,47.826],[7.167,47.825],[7.166,47.826]],[[7.167,47.824],[7.166,47.824],[7.166,47.824],[7.167,47.824]]],[[[7.18,47.825],[7.181,47.825],[7.18,47.824],[7.18,47.824],[7.18,47.825]]],[[[7.18,47.826],[7.179,47.823],[7.177,47.824],[7.176,47.825],[7.171,47.826],[7.17,47.828],[7.172,47.831],[7.172,47.829],[7.173,47.829],[7.175,47.829],[7.172,47.827],[7.177,47.827],[7.176,47.826],[7.177,47.826],[7.178,47.825],[7.178,47.825],[7.178,47.825],[7.177,47.826],[7.177,47.826],[7.177,47.827],[7.177,47.828],[7.178,47.828],[7.181,47.828],[7.18,47.826],[7.178,47.826],[7.18,47.826]],[[7.172,47.829],[7.172,47.829],[7.172,47.829],[7.172,47.829]],[[7.173,47.828],[7.172,47.827],[7.171,47.828],[7.172,47.827],[7.173,47.828]],[[7.173,47.827],[7.173,47.827],[7.173,47.826],[7.173,47.827]]],[[[7.181,47.827],[7.18,47.826],[7.181,47.827],[7.181,47.828],[7.181,47.828],[7.182,47.826],[7.181,47.827]]],[[[7.177,47.827],[7.173,47.827],[7.175,47.829],[7.176,47.828],[7.177,47.828],[7.177,47.827]]],[[[7.181,47.828],[7.177,47.829],[7.177,47.829],[7.181,47.829],[7.181,47.828]]],[[[7.177,47.829],[7.172,47.829],[7.173,47.83],[7.173,47.83],[7.173,47.829],[7.177,47.83],[7.177,47.829]]],[[[7.171,47.832],[7.171,47.834],[7.173,47.834],[7.174,47.835],[7.175,47.834],[7.173,47.833],[7.173,47.833],[7.176,47.834],[7.179,47.833],[7.177,47.832],[7.175,47.833],[7.173,47.832],[7.171,47.832]]],[[[7.172,47.834],[7.173,47.834],[7.173,47.834],[7.173,47.834],[7.172,47.834]]],[[[7.175,47.839],[7.176,47.84],[7.178,47.839],[7.176,47.838],[7.175,47.839]]],[[[7.203,47.851],[7.201,47.851],[7.201,47.852],[7.204,47.851],[7.203,47.851]]],[[[7.208,47.853],[7.209,47.853],[7.209,47.852],[7.207,47.852],[7.206,47.851],[7.202,47.852],[7.202,47.853],[7.204,47.853],[7.205,47.856],[7.209,47.856],[7.211,47.857],[7.213,47.857],[7.213,47.856],[7.208,47.853]]],[[[7.212,47.869],[7.21,47.866],[7.206,47.867],[7.206,47.866],[7.207,47.866],[7.207,47.864],[7.202,47.864],[7.204,47.864],[7.204,47.866],[7.203,47.866],[7.199,47.866],[7.199,47.867],[7.201,47.867],[7.197,47.867],[7.194,47.866],[7.19,47.867],[7.189,47.868],[7.193,47.869],[7.193,47.87],[7.195,47.871],[7.2,47.872],[7.2,47.871],[7.201,47.871],[7.202,47.873],[7.203,47.872],[7.204,47.873],[7.206,47.873],[7.206,47.871],[7.207,47.869],[7.208,47.868],[7.205,47.867],[7.205,47.868],[7.203,47.868],[7.202,47.868],[7.205,47.868],[7.205,47.867],[7.208,47.868],[7.207,47.868],[7.208,47.868],[7.207,47.869],[7.21,47.871],[7.211,47.872],[7.212,47.871],[7.212,47.872],[7.215,47.872],[7.212,47.869]],[[7.198,47.871],[7.198,47.871],[7.198,47.871],[7.198,47.871],[7.198,47.871]],[[7.2,47.869],[7.201,47.87],[7.201,47.868],[7.202,47.868],[7.202,47.868],[7.201,47.87],[7.2,47.869]],[[7.199,47.87],[7.199,47.87],[7.199,47.871],[7.199,47.87]]],[[[7.219,47.87],[7.221,47.868],[7.217,47.868],[7.218,47.868],[7.214,47.869],[7.214,47.868],[7.212,47.868],[7.216,47.872],[7.225,47.871],[7.229,47.871],[7.229,47.869],[7.222,47.868],[7.222,47.869],[7.219,47.87]]],[[[7.212,47.873],[7.211,47.874],[7.214,47.874],[7.214,47.873],[7.215,47.875],[7.216,47.875],[7.215,47.872],[7.211,47.872],[7.207,47.869],[7.206,47.873],[7.212,47.873]]],[[[7.192,47.873],[7.197,47.876],[7.209,47.879],[7.209,47.878],[7.206,47.877],[7.206,47.878],[7.205,47.878],[7.206,47.877],[7.203,47.875],[7.201,47.875],[7.202,47.875],[7.201,47.875],[7.201,47.874],[7.192,47.873]]],[[[7.199,47.879],[7.2,47.878],[7.199,47.878],[7.199,47.879]]],[[[7.201,47.879],[7.203,47.879],[7.203,47.878],[7.2,47.878],[7.201,47.879]]],[[[7.208,47.884],[7.201,47.885],[7.201,47.885],[7.205,47.886],[7.209,47.884],[7.208,47.884]]],[[[7.199,47.885],[7.2,47.887],[7.203,47.888],[7.206,47.887],[7.207,47.886],[7.209,47.886],[7.209,47.885],[7.205,47.886],[7.199,47.885]]],[[[7.212,47.883],[7.209,47.884],[7.209,47.885],[7.209,47.886],[7.21,47.887],[7.206,47.887],[7.207,47.889],[7.213,47.89],[7.214,47.889],[7.212,47.887],[7.216,47.887],[7.216,47.888],[7.218,47.887],[7.222,47.888],[7.222,47.888],[7.224,47.887],[7.225,47.887],[7.224,47.886],[7.225,47.885],[7.223,47.885],[7.224,47.885],[7.224,47.884],[7.22,47.884],[7.217,47.884],[7.222,47.884],[7.216,47.883],[7.212,47.883]],[[7.21,47.885],[7.213,47.885],[7.213,47.884],[7.216,47.885],[7.217,47.885],[7.213,47.884],[7.211,47.885],[7.21,47.885]],[[7.217,47.884],[7.217,47.884],[7.217,47.884],[7.217,47.884]],[[7.217,47.886],[7.216,47.886],[7.217,47.886],[7.217,47.886]],[[7.216,47.887],[7.216,47.887],[7.217,47.887],[7.216,47.887]]],[[[7.214,47.889],[7.216,47.89],[7.216,47.889],[7.217,47.889],[7.217,47.889],[7.214,47.889]]],[[[7.214,47.889],[7.213,47.89],[7.213,47.89],[7.214,47.889]]],[[[7.23,47.906],[7.222,47.905],[7.223,47.906],[7.222,47.905],[7.219,47.906],[7.22,47.908],[7.218,47.907],[7.22,47.908],[7.219,47.909],[7.217,47.909],[7.216,47.909],[7.216,47.909],[7.214,47.91],[7.21,47.915],[7.209,47.915],[7.209,47.916],[7.208,47.915],[7.207,47.916],[7.209,47.916],[7.208,47.918],[7.21,47.918],[7.212,47.918],[7.21,47.918],[7.205,47.917],[7.204,47.92],[7.208,47.924],[7.209,47.92],[7.212,47.92],[7.213,47.915],[7.216,47.912],[7.219,47.91],[7.222,47.91],[7.221,47.909],[7.223,47.906],[7.224,47.907],[7.226,47.91],[7.225,47.91],[7.229,47.909],[7.229,47.907],[7.23,47.906]],[[7.207,47.92],[7.206,47.92],[7.208,47.92],[7.207,47.92]],[[7.208,47.92],[7.208,47.92],[7.207,47.92],[7.208,47.92]]],[[[7.208,47.917],[7.207,47.917],[7.208,47.917],[7.208,47.917]]],[[[7.204,47.919],[7.2,47.922],[7.2,47.922],[7.201,47.922],[7.203,47.921],[7.203,47.92],[7.204,47.92],[7.204,47.919]]],[[[7.205,47.922],[7.203,47.92],[7.197,47.924],[7.197,47.925],[7.194,47.928],[7.196,47.929],[7.201,47.925],[7.199,47.926],[7.199,47.925],[7.199,47.926],[7.201,47.925],[7.204,47.924],[7.204,47.923],[7.205,47.923],[7.206,47.922],[7.205,47.922]],[[7.199,47.924],[7.199,47.924],[7.199,47.924],[7.199,47.924]]],[[[7.194,47.927],[7.192,47.928],[7.193,47.928],[7.194,47.928],[7.194,47.927]]],[[[7.193,47.931],[7.191,47.932],[7.191,47.933],[7.193,47.934],[7.194,47.932],[7.193,47.931]]],[[[7.19,47.969],[7.186,47.971],[7.187,47.972],[7.191,47.97],[7.19,47.969]]],[[[7.216,47.983],[7.218,47.983],[7.217,47.981],[7.215,47.982],[7.216,47.983]]],[[[7.198,47.985],[7.201,47.989],[7.204,47.987],[7.2,47.985],[7.198,47.985]]],[[[7.205,47.986],[7.202,47.988],[7.203,47.988],[7.205,47.986]]],[[[7.208,47.986],[7.201,47.991],[7.202,47.991],[7.204,47.99],[7.204,47.99],[7.205,47.99],[7.206,47.991],[7.208,47.991],[7.208,47.991],[7.209,47.99],[7.21,47.989],[7.21,47.985],[7.209,47.987],[7.208,47.986]]],[[[7.205,47.99],[7.202,47.991],[7.202,47.991],[7.204,47.994],[7.21,47.992],[7.213,47.989],[7.212,47.988],[7.211,47.988],[7.21,47.988],[7.21,47.989],[7.208,47.991],[7.206,47.991],[7.205,47.99]]],[[[7.222,47.991],[7.225,47.993],[7.226,47.993],[7.224,47.991],[7.225,47.991],[7.223,47.99],[7.222,47.991]]],[[[7.185,48.048],[7.187,48.049],[7.188,48.049],[7.189,48.048],[7.185,48.048]]],[[[7.182,48.048],[7.181,48.05],[7.185,48.049],[7.185,48.049],[7.182,48.048]]],[[[7.193,48.05],[7.189,48.049],[7.188,48.049],[7.185,48.048],[7.186,48.05],[7.187,48.049],[7.187,48.05],[7.191,48.051],[7.193,48.051],[7.192,48.052],[7.193,48.05]]],[[[7.193,48.05],[7.192,48.052],[7.192,48.054],[7.193,48.054],[7.198,48.054],[7.201,48.053],[7.199,48.053],[7.202,48.053],[7.197,48.051],[7.193,48.049],[7.193,48.05],[7.193,48.05]]],[[[7.21,48.051],[7.206,48.051],[7.207,48.051],[7.207,48.052],[7.209,48.051],[7.21,48.053],[7.21,48.051]]],[[[7.208,48.052],[7.209,48.052],[7.208,48.052],[7.208,48.052]]],[[[7.203,48.055],[7.202,48.055],[7.203,48.055],[7.203,48.055]]],[[[7.21,48.056],[7.211,48.056],[7.214,48.058],[7.218,48.056],[7.217,48.055],[7.213,48.054],[7.211,48.052],[7.209,48.053],[7.21,48.054],[7.208,48.055],[7.21,48.056]]],[[[7.205,48.054],[7.204,48.054],[7.204,48.054],[7.204,48.054],[7.204,48.055],[7.205,48.055],[7.203,48.055],[7.201,48.057],[7.194,48.06],[7.195,48.061],[7.194,48.062],[7.195,48.062],[7.196,48.061],[7.2,48.061],[7.201,48.059],[7.204,48.06],[7.205,48.058],[7.209,48.059],[7.213,48.059],[7.214,48.058],[7.207,48.054],[7.205,48.054],[7.205,48.054]],[[7.21,48.059],[7.21,48.059],[7.21,48.059],[7.21,48.059]],[[7.208,48.057],[7.209,48.057],[7.209,48.057],[7.209,48.057],[7.21,48.056],[7.21,48.057],[7.21,48.056],[7.209,48.057],[7.209,48.058],[7.208,48.057]],[[7.208,48.058],[7.208,48.058],[7.207,48.057],[7.208,48.058],[7.208,48.058]],[[7.203,48.059],[7.203,48.059],[7.203,48.059],[7.203,48.059]],[[7.2,48.059],[7.201,48.059],[7.201,48.058],[7.2,48.059]]],[[[7.225,48.06],[7.221,48.059],[7.221,48.06],[7.222,48.06],[7.224,48.06],[7.225,48.06]]],[[[7.221,48.06],[7.221,48.06],[7.221,48.06],[7.221,48.06]]],[[[7.221,48.06],[7.222,48.061],[7.222,48.06],[7.221,48.06]]],[[[7.213,48.06],[7.21,48.062],[7.209,48.063],[7.211,48.063],[7.211,48.063],[7.214,48.064],[7.216,48.064],[7.217,48.063],[7.215,48.062],[7.214,48.063],[7.213,48.063],[7.213,48.063],[7.216,48.061],[7.213,48.06]],[[7.213,48.062],[7.212,48.063],[7.213,48.062],[7.213,48.062]]],[[[7.219,48.063],[7.219,48.061],[7.217,48.061],[7.215,48.062],[7.219,48.063],[7.219,48.063]]],[[[7.228,48.061],[7.227,48.062],[7.228,48.062],[7.229,48.062],[7.228,48.061]]],[[[7.227,48.063],[7.229,48.064],[7.23,48.063],[7.228,48.062],[7.227,48.063]]],[[[7.213,48.065],[7.216,48.065],[7.215,48.064],[7.213,48.065]]],[[[7.229,48.064],[7.229,48.064],[7.231,48.066],[7.232,48.065],[7.231,48.063],[7.229,48.064]]],[[[7.225,48.066],[7.226,48.066],[7.226,48.066],[7.226,48.066],[7.227,48.067],[7.227,48.067],[7.227,48.067],[7.227,48.067],[7.227,48.068],[7.227,48.068],[7.227,48.068],[7.232,48.068],[7.23,48.065],[7.227,48.063],[7.227,48.064],[7.226,48.063],[7.223,48.065],[7.222,48.068],[7.223,48.066],[7.219,48.067],[7.221,48.069],[7.219,48.067],[7.217,48.068],[7.217,48.07],[7.222,48.07],[7.222,48.069],[7.225,48.068],[7.225,48.066]],[[7.224,48.065],[7.226,48.065],[7.226,48.065],[7.226,48.065],[7.224,48.065]],[[7.228,48.067],[7.228,48.067],[7.228,48.067],[7.228,48.067]],[[7.228,48.065],[7.227,48.065],[7.227,48.064],[7.228,48.065]],[[7.23,48.066],[7.23,48.066],[7.23,48.066],[7.23,48.066]],[[7.228,48.064],[7.228,48.064],[7.228,48.064],[7.228,48.064]],[[7.223,48.066],[7.223,48.066],[7.223,48.066],[7.223,48.066]],[[7.223,48.068],[7.222,48.068],[7.223,48.068],[7.223,48.068]]],[[[7.226,48.066],[7.225,48.068],[7.224,48.069],[7.224,48.069],[7.227,48.068],[7.226,48.066]]],[[[7.231,48.067],[7.232,48.068],[7.232,48.068],[7.232,48.068],[7.231,48.067]]],[[[7.232,48.07],[7.232,48.071],[7.232,48.071],[7.232,48.07],[7.227,48.072],[7.227,48.072],[7.229,48.071],[7.229,48.071],[7.229,48.071],[7.227,48.072],[7.226,48.071],[7.226,48.073],[7.229,48.073],[7.228,48.073],[7.229,48.072],[7.229,48.072],[7.232,48.071],[7.233,48.073],[7.234,48.071],[7.234,48.072],[7.235,48.072],[7.237,48.072],[7.236,48.072],[7.237,48.071],[7.237,48.071],[7.235,48.07],[7.233,48.069],[7.232,48.07]],[[7.232,48.071],[7.232,48.071],[7.232,48.071],[7.232,48.071]],[[7.237,48.071],[7.237,48.071],[7.237,48.071],[7.237,48.071]],[[7.235,48.072],[7.234,48.071],[7.235,48.071],[7.235,48.071],[7.235,48.071],[7.235,48.071],[7.235,48.071],[7.235,48.072],[7.235,48.072]],[[7.235,48.071],[7.235,48.071],[7.235,48.071],[7.235,48.071]],[[7.235,48.071],[7.235,48.071],[7.235,48.071],[7.235,48.071]]],[[[7.232,48.072],[7.228,48.073],[7.23,48.073],[7.233,48.072],[7.232,48.072]]],[[[7.232,48.076],[7.233,48.076],[7.232,48.076],[7.232,48.076]]],[[[7.244,48.154],[7.236,48.154],[7.234,48.155],[7.235,48.156],[7.236,48.157],[7.237,48.156],[7.236,48.157],[7.241,48.157],[7.244,48.155],[7.244,48.154]]],[[[7.224,47.856],[7.218,47.857],[7.218,47.858],[7.22,47.857],[7.224,47.857],[7.224,47.856]]],[[[7.223,47.858],[7.22,47.858],[7.22,47.858],[7.223,47.858]]],[[[7.232,47.87],[7.229,47.87],[7.23,47.871],[7.216,47.872],[7.216,47.874],[7.217,47.874],[7.218,47.874],[7.23,47.873],[7.233,47.871],[7.232,47.87]]],[[[7.225,47.885],[7.224,47.885],[7.224,47.885],[7.225,47.885]]],[[[7.224,47.886],[7.225,47.885],[7.225,47.885],[7.224,47.886]]],[[[7.223,47.891],[7.224,47.891],[7.223,47.891],[7.223,47.891]]],[[[7.217,47.891],[7.216,47.892],[7.217,47.894],[7.22,47.894],[7.22,47.893],[7.221,47.893],[7.221,47.893],[7.22,47.892],[7.22,47.892],[7.222,47.892],[7.223,47.89],[7.217,47.89],[7.217,47.891]],[[7.219,47.893],[7.219,47.893],[7.219,47.893],[7.219,47.893]]],[[[7.23,47.906],[7.23,47.907],[7.232,47.908],[7.234,47.91],[7.235,47.91],[7.237,47.911],[7.237,47.91],[7.237,47.911],[7.234,47.91],[7.234,47.913],[7.235,47.913],[7.235,47.913],[7.236,47.913],[7.237,47.915],[7.238,47.915],[7.24,47.915],[7.241,47.913],[7.242,47.913],[7.238,47.909],[7.238,47.91],[7.238,47.909],[7.238,47.909],[7.24,47.911],[7.237,47.906],[7.23,47.905],[7.23,47.906]]],[[[7.226,47.91],[7.228,47.912],[7.228,47.914],[7.229,47.915],[7.232,47.918],[7.234,47.918],[7.234,47.921],[7.243,47.92],[7.24,47.919],[7.236,47.92],[7.236,47.919],[7.236,47.92],[7.24,47.919],[7.242,47.919],[7.244,47.916],[7.241,47.916],[7.24,47.914],[7.24,47.915],[7.239,47.915],[7.238,47.915],[7.236,47.916],[7.236,47.916],[7.235,47.916],[7.235,47.916],[7.235,47.916],[7.236,47.916],[7.237,47.915],[7.236,47.913],[7.234,47.913],[7.234,47.91],[7.232,47.908],[7.23,47.907],[7.23,47.909],[7.229,47.909],[7.226,47.91]],[[7.232,47.917],[7.232,47.917],[7.232,47.917],[7.232,47.917]],[[7.233,47.917],[7.233,47.917],[7.233,47.917],[7.233,47.917]],[[7.232,47.913],[7.232,47.913],[7.231,47.912],[7.231,47.912],[7.232,47.912],[7.231,47.912],[7.232,47.913],[7.231,47.914],[7.23,47.914],[7.232,47.913]],[[7.235,47.919],[7.235,47.919],[7.235,47.919],[7.235,47.919]]],[[[7.241,47.915],[7.242,47.916],[7.243,47.916],[7.242,47.913],[7.241,47.915]]],[[[7.243,47.92],[7.235,47.921],[7.236,47.922],[7.236,47.922],[7.238,47.921],[7.241,47.921],[7.243,47.922],[7.243,47.92]]],[[[7.244,47.922],[7.243,47.923],[7.242,47.923],[7.244,47.923],[7.244,47.922]]],[[[7.244,47.923],[7.245,47.923],[7.245,47.922],[7.244,47.922],[7.244,47.923]]],[[[7.242,47.923],[7.24,47.927],[7.241,47.927],[7.242,47.926],[7.244,47.924],[7.243,47.924],[7.244,47.923],[7.242,47.923]]],[[[7.234,47.921],[7.229,47.928],[7.23,47.929],[7.228,47.928],[7.226,47.929],[7.228,47.932],[7.229,47.931],[7.23,47.931],[7.231,47.931],[7.231,47.931],[7.231,47.929],[7.233,47.929],[7.233,47.927],[7.238,47.928],[7.243,47.922],[7.238,47.921],[7.236,47.922],[7.235,47.921],[7.234,47.921]],[[7.23,47.931],[7.23,47.931],[7.231,47.931],[7.23,47.931]],[[7.233,47.925],[7.233,47.925],[7.233,47.925],[7.233,47.925]],[[7.236,47.926],[7.236,47.926],[7.236,47.926],[7.236,47.926]]],[[[7.243,47.928],[7.242,47.93],[7.244,47.929],[7.243,47.928]]],[[[7.232,47.933],[7.232,47.932],[7.23,47.933],[7.232,47.933]]],[[[7.233,47.933],[7.236,47.933],[7.235,47.932],[7.236,47.932],[7.233,47.932],[7.233,47.933]]],[[[7.24,47.931],[7.241,47.935],[7.245,47.934],[7.242,47.932],[7.242,47.93],[7.24,47.931]],[[7.241,47.933],[7.241,47.933],[7.241,47.933],[7.241,47.933]]],[[[7.228,47.935],[7.228,47.935],[7.226,47.936],[7.228,47.936],[7.228,47.935]]],[[[7.229,47.936],[7.23,47.936],[7.229,47.935],[7.229,47.936]]],[[[7.237,47.939],[7.239,47.94],[7.239,47.937],[7.238,47.938],[7.237,47.939]]],[[[7.239,47.937],[7.24,47.941],[7.242,47.943],[7.242,47.944],[7.242,47.944],[7.241,47.942],[7.24,47.942],[7.24,47.941],[7.239,47.94],[7.238,47.94],[7.236,47.941],[7.234,47.941],[7.235,47.943],[7.237,47.945],[7.237,47.945],[7.238,47.946],[7.238,47.946],[7.235,47.943],[7.234,47.941],[7.233,47.942],[7.232,47.942],[7.234,47.941],[7.233,47.939],[7.234,47.941],[7.236,47.941],[7.234,47.939],[7.228,47.937],[7.226,47.94],[7.227,47.943],[7.23,47.944],[7.232,47.945],[7.232,47.948],[7.235,47.948],[7.236,47.949],[7.235,47.951],[7.236,47.952],[7.235,47.952],[7.235,47.955],[7.235,47.955],[7.234,47.957],[7.237,47.958],[7.237,47.958],[7.239,47.959],[7.241,47.958],[7.241,47.957],[7.241,47.958],[7.24,47.957],[7.24,47.957],[7.243,47.956],[7.247,47.951],[7.247,47.949],[7.246,47.949],[7.247,47.949],[7.246,47.948],[7.241,47.944],[7.242,47.944],[7.241,47.944],[7.245,47.947],[7.247,47.948],[7.247,47.949],[7.248,47.949],[7.25,47.949],[7.247,47.95],[7.251,47.952],[7.256,47.954],[7.258,47.952],[7.256,47.952],[7.254,47.951],[7.253,47.951],[7.251,47.948],[7.251,47.947],[7.25,47.946],[7.251,47.947],[7.252,47.946],[7.254,47.949],[7.258,47.949],[7.261,47.947],[7.262,47.948],[7.261,47.949],[7.262,47.948],[7.265,47.949],[7.266,47.949],[7.266,47.947],[7.268,47.947],[7.269,47.946],[7.271,47.946],[7.271,47.945],[7.272,47.945],[7.273,47.946],[7.272,47.948],[7.275,47.946],[7.277,47.945],[7.276,47.944],[7.273,47.943],[7.272,47.942],[7.271,47.942],[7.275,47.94],[7.272,47.938],[7.269,47.94],[7.262,47.942],[7.259,47.939],[7.262,47.94],[7.259,47.938],[7.257,47.939],[7.258,47.939],[7.259,47.939],[7.257,47.939],[7.259,47.937],[7.26,47.938],[7.262,47.937],[7.26,47.936],[7.261,47.936],[7.261,47.936],[7.262,47.936],[7.263,47.935],[7.261,47.936],[7.264,47.937],[7.269,47.94],[7.274,47.937],[7.268,47.935],[7.267,47.934],[7.267,47.934],[7.271,47.936],[7.273,47.936],[7.276,47.937],[7.276,47.938],[7.274,47.937],[7.272,47.938],[7.275,47.94],[7.272,47.942],[7.273,47.942],[7.275,47.943],[7.277,47.945],[7.281,47.943],[7.28,47.942],[7.281,47.943],[7.275,47.946],[7.273,47.948],[7.273,47.949],[7.275,47.948],[7.277,47.948],[7.277,47.947],[7.278,47.947],[7.279,47.947],[7.279,47.947],[7.279,47.947],[7.279,47.946],[7.28,47.946],[7.28,47.945],[7.283,47.944],[7.282,47.943],[7.283,47.942],[7.277,47.936],[7.276,47.936],[7.273,47.934],[7.272,47.935],[7.269,47.934],[7.266,47.932],[7.264,47.933],[7.261,47.93],[7.256,47.931],[7.254,47.935],[7.253,47.935],[7.254,47.936],[7.254,47.937],[7.253,47.936],[7.252,47.937],[7.252,47.938],[7.253,47.936],[7.25,47.938],[7.25,47.939],[7.25,47.937],[7.248,47.937],[7.247,47.939],[7.248,47.942],[7.247,47.942],[7.247,47.942],[7.247,47.939],[7.245,47.934],[7.24,47.936],[7.239,47.937]],[[7.238,47.94],[7.238,47.94],[7.238,47.94],[7.238,47.94]],[[7.236,47.941],[7.236,47.941],[7.236,47.941],[7.236,47.941]],[[7.233,47.939],[7.233,47.939],[7.233,47.939],[7.233,47.939]],[[7.254,47.937],[7.254,47.937],[7.254,47.937],[7.254,47.937]],[[7.25,47.939],[7.25,47.939],[7.25,47.939],[7.25,47.939]],[[7.248,47.938],[7.248,47.938],[7.248,47.938],[7.248,47.938]],[[7.24,47.937],[7.24,47.937],[7.24,47.937],[7.24,47.937]],[[7.242,47.944],[7.243,47.944],[7.243,47.944],[7.242,47.944]],[[7.245,47.943],[7.245,47.943],[7.245,47.943],[7.245,47.943]],[[7.245,47.943],[7.245,47.943],[7.245,47.943],[7.245,47.943]],[[7.245,47.943],[7.245,47.943],[7.245,47.943],[7.245,47.943]],[[7.242,47.944],[7.242,47.944],[7.242,47.944],[7.242,47.944]],[[7.242,47.944],[7.242,47.944],[7.242,47.944],[7.242,47.944]],[[7.235,47.947],[7.235,47.947],[7.235,47.947],[7.235,47.947]],[[7.236,47.947],[7.236,47.947],[7.235,47.947],[7.236,47.947]],[[7.236,47.947],[7.239,47.948],[7.24,47.949],[7.24,47.95],[7.24,47.95],[7.24,47.951],[7.24,47.951],[7.239,47.953],[7.239,47.954],[7.239,47.955],[7.239,47.955],[7.239,47.956],[7.239,47.956],[7.239,47.957],[7.239,47.957],[7.239,47.956],[7.239,47.955],[7.239,47.953],[7.24,47.95],[7.239,47.948],[7.236,47.947]],[[7.236,47.947],[7.236,47.947],[7.236,47.947],[7.236,47.947]],[[7.238,47.946],[7.238,47.946],[7.238,47.946],[7.238,47.946]],[[7.24,47.945],[7.24,47.945],[7.24,47.945],[7.24,47.945]],[[7.235,47.956],[7.236,47.956],[7.236,47.957],[7.235,47.956]],[[7.237,47.956],[7.237,47.956],[7.237,47.956],[7.237,47.956]],[[7.241,47.95],[7.241,47.95],[7.241,47.95],[7.241,47.95]],[[7.242,47.954],[7.243,47.954],[7.242,47.955],[7.242,47.954]],[[7.25,47.941],[7.251,47.94],[7.25,47.941],[7.25,47.941]],[[7.251,47.939],[7.251,47.94],[7.251,47.939],[7.251,47.939]],[[7.251,47.939],[7.251,47.939],[7.251,47.939],[7.251,47.939]],[[7.252,47.938],[7.252,47.938],[7.252,47.938],[7.252,47.938]],[[7.252,47.938],[7.252,47.938],[7.252,47.938],[7.252,47.938]],[[7.256,47.938],[7.255,47.938],[7.255,47.938],[7.256,47.938]],[[7.254,47.935],[7.254,47.935],[7.254,47.935],[7.254,47.935]],[[7.278,47.94],[7.281,47.942],[7.278,47.941],[7.278,47.94],[7.278,47.94],[7.276,47.938],[7.276,47.938],[7.278,47.94]],[[7.265,47.945],[7.265,47.944],[7.265,47.944],[7.265,47.945]],[[7.266,47.945],[7.266,47.945],[7.266,47.945],[7.266,47.945]],[[7.271,47.943],[7.271,47.943],[7.272,47.944],[7.272,47.944],[7.268,47.945],[7.272,47.944],[7.271,47.943]],[[7.25,47.945],[7.25,47.945],[7.25,47.945],[7.25,47.945]],[[7.258,47.945],[7.257,47.945],[7.256,47.944],[7.257,47.944],[7.258,47.944],[7.259,47.944],[7.26,47.943],[7.26,47.943],[7.258,47.944],[7.258,47.945]]],[[[7.235,47.94],[7.237,47.94],[7.235,47.939],[7.233,47.938],[7.235,47.94]]],[[[7.251,47.958],[7.25,47.957],[7.245,47.958],[7.246,47.959],[7.25,47.959],[7.25,47.958],[7.25,47.958],[7.251,47.958]]],[[[7.241,47.958],[7.24,47.959],[7.241,47.959],[7.242,47.959],[7.241,47.958]]],[[[7.246,47.959],[7.245,47.96],[7.242,47.961],[7.24,47.962],[7.24,47.962],[7.241,47.963],[7.241,47.964],[7.242,47.964],[7.242,47.964],[7.24,47.964],[7.24,47.962],[7.239,47.963],[7.237,47.965],[7.236,47.965],[7.235,47.966],[7.232,47.967],[7.234,47.97],[7.233,47.97],[7.234,47.972],[7.233,47.973],[7.234,47.973],[7.234,47.975],[7.234,47.974],[7.232,47.976],[7.233,47.977],[7.236,47.976],[7.237,47.977],[7.237,47.976],[7.243,47.975],[7.243,47.974],[7.245,47.974],[7.245,47.973],[7.243,47.973],[7.242,47.972],[7.241,47.97],[7.243,47.972],[7.245,47.972],[7.248,47.973],[7.25,47.972],[7.248,47.971],[7.247,47.971],[7.244,47.969],[7.243,47.968],[7.243,47.968],[7.242,47.967],[7.241,47.968],[7.24,47.967],[7.24,47.967],[7.239,47.968],[7.238,47.967],[7.24,47.967],[7.24,47.967],[7.241,47.967],[7.241,47.968],[7.242,47.967],[7.243,47.968],[7.244,47.968],[7.245,47.968],[7.244,47.969],[7.25,47.972],[7.25,47.971],[7.251,47.97],[7.251,47.97],[7.253,47.969],[7.254,47.969],[7.251,47.962],[7.253,47.962],[7.254,47.964],[7.254,47.964],[7.255,47.963],[7.255,47.962],[7.256,47.961],[7.256,47.962],[7.256,47.962],[7.255,47.962],[7.254,47.965],[7.259,47.963],[7.258,47.965],[7.261,47.964],[7.263,47.964],[7.258,47.965],[7.257,47.965],[7.255,47.966],[7.256,47.967],[7.256,47.969],[7.264,47.969],[7.263,47.968],[7.263,47.968],[7.263,47.967],[7.263,47.967],[7.262,47.967],[7.262,47.967],[7.262,47.966],[7.262,47.966],[7.264,47.969],[7.261,47.969],[7.26,47.97],[7.264,47.971],[7.266,47.97],[7.267,47.971],[7.268,47.97],[7.268,47.969],[7.269,47.971],[7.27,47.971],[7.271,47.972],[7.272,47.972],[7.272,47.972],[7.272,47.974],[7.271,47.975],[7.272,47.976],[7.272,47.976],[7.273,47.977],[7.274,47.977],[7.275,47.977],[7.277,47.977],[7.275,47.977],[7.271,47.976],[7.27,47.978],[7.271,47.98],[7.272,47.98],[7.273,47.98],[7.271,47.981],[7.272,47.983],[7.274,47.983],[7.276,47.983],[7.274,47.983],[7.275,47.984],[7.275,47.986],[7.277,47.986],[7.276,47.988],[7.279,47.986],[7.282,47.987],[7.283,47.984],[7.283,47.983],[7.283,47.981],[7.287,47.981],[7.288,47.981],[7.289,47.981],[7.289,47.979],[7.288,47.979],[7.288,47.977],[7.29,47.977],[7.288,47.977],[7.288,47.979],[7.289,47.979],[7.289,47.98],[7.291,47.981],[7.291,47.98],[7.294,47.98],[7.294,47.977],[7.294,47.977],[7.293,47.976],[7.293,47.974],[7.294,47.969],[7.29,47.97],[7.288,47.97],[7.287,47.97],[7.286,47.97],[7.287,47.971],[7.287,47.973],[7.287,47.973],[7.286,47.97],[7.283,47.972],[7.281,47.972],[7.28,47.973],[7.279,47.973],[7.279,47.975],[7.28,47.976],[7.28,47.977],[7.28,47.977],[7.28,47.977],[7.28,47.977],[7.279,47.976],[7.279,47.973],[7.278,47.974],[7.277,47.973],[7.276,47.972],[7.273,47.972],[7.273,47.971],[7.271,47.972],[7.273,47.971],[7.273,47.971],[7.271,47.969],[7.27,47.968],[7.265,47.965],[7.265,47.966],[7.264,47.966],[7.265,47.965],[7.264,47.965],[7.264,47.964],[7.263,47.963],[7.26,47.96],[7.259,47.96],[7.259,47.961],[7.258,47.961],[7.258,47.961],[7.259,47.961],[7.259,47.96],[7.259,47.96],[7.26,47.96],[7.259,47.959],[7.258,47.959],[7.258,47.959],[7.258,47.96],[7.257,47.958],[7.254,47.958],[7.254,47.958],[7.257,47.958],[7.253,47.957],[7.25,47.958],[7.25,47.959],[7.246,47.959]],[[7.241,47.967],[7.241,47.967],[7.241,47.967],[7.241,47.967]],[[7.25,47.97],[7.251,47.97],[7.25,47.971],[7.25,47.97]],[[7.286,47.977],[7.286,47.977],[7.286,47.977],[7.286,47.977]],[[7.286,47.977],[7.286,47.977],[7.286,47.977],[7.286,47.977]],[[7.286,47.977],[7.286,47.977],[7.286,47.977],[7.286,47.977]],[[7.286,47.977],[7.285,47.977],[7.284,47.977],[7.282,47.977],[7.286,47.977]],[[7.251,47.961],[7.251,47.961],[7.251,47.961],[7.251,47.961]],[[7.25,47.96],[7.25,47.96],[7.25,47.96],[7.25,47.96]],[[7.25,47.96],[7.25,47.96],[7.25,47.96],[7.25,47.96]],[[7.245,47.965],[7.245,47.964],[7.245,47.965],[7.244,47.964],[7.243,47.964],[7.243,47.965],[7.243,47.965],[7.242,47.965],[7.243,47.966],[7.243,47.966],[7.242,47.965],[7.243,47.965],[7.243,47.964],[7.245,47.965]],[[7.235,47.968],[7.235,47.968],[7.235,47.968],[7.234,47.968],[7.233,47.968],[7.235,47.968]],[[7.236,47.974],[7.236,47.974],[7.236,47.973],[7.235,47.971],[7.236,47.972],[7.238,47.971],[7.239,47.971],[7.24,47.972],[7.238,47.971],[7.236,47.972],[7.236,47.973],[7.236,47.974],[7.238,47.975],[7.236,47.974]],[[7.237,47.968],[7.237,47.968],[7.236,47.967],[7.237,47.968]],[[7.248,47.968],[7.248,47.968],[7.248,47.968],[7.248,47.968]],[[7.277,47.977],[7.277,47.977],[7.277,47.977],[7.277,47.977]],[[7.257,47.969],[7.257,47.968],[7.257,47.968],[7.257,47.969]],[[7.257,47.965],[7.257,47.965],[7.257,47.965],[7.257,47.965]],[[7.279,47.978],[7.28,47.978],[7.278,47.978],[7.279,47.978]],[[7.278,47.978],[7.278,47.978],[7.278,47.978],[7.278,47.978]],[[7.275,47.979],[7.275,47.978],[7.275,47.978],[7.276,47.979],[7.275,47.979]],[[7.275,47.977],[7.275,47.977],[7.275,47.978],[7.275,47.977]],[[7.274,47.979],[7.274,47.98],[7.273,47.979],[7.274,47.979]],[[7.278,47.982],[7.28,47.979],[7.278,47.982],[7.277,47.982],[7.278,47.982]],[[7.282,47.982],[7.281,47.982],[7.28,47.982],[7.28,47.982],[7.282,47.982]],[[7.29,47.977],[7.291,47.977],[7.291,47.977],[7.29,47.977]],[[7.292,47.977],[7.291,47.977],[7.291,47.977],[7.292,47.977]],[[7.291,47.979],[7.293,47.979],[7.291,47.979],[7.291,47.979]]],[[[7.241,47.961],[7.246,47.959],[7.245,47.958],[7.243,47.96],[7.243,47.959],[7.242,47.96],[7.241,47.961]]],[[[7.24,47.962],[7.238,47.963],[7.238,47.963],[7.24,47.962]]],[[[7.231,47.969],[7.228,47.969],[7.227,47.971],[7.229,47.972],[7.228,47.973],[7.23,47.973],[7.23,47.974],[7.232,47.97],[7.231,47.969]],[[7.229,47.971],[7.229,47.971],[7.229,47.971],[7.229,47.971]]],[[[7.236,48.073],[7.238,48.073],[7.237,48.073],[7.236,48.073]]],[[[7.242,48.073],[7.242,48.074],[7.242,48.074],[7.242,48.073]]],[[[7.241,48.074],[7.241,48.073],[7.241,48.073],[7.241,48.074]]],[[[7.243,48.073],[7.243,48.074],[7.243,48.074],[7.243,48.073]]],[[[7.238,48.074],[7.236,48.074],[7.232,48.076],[7.233,48.076],[7.232,48.076],[7.233,48.077],[7.238,48.076],[7.242,48.078],[7.242,48.079],[7.243,48.079],[7.245,48.079],[7.246,48.079],[7.246,48.079],[7.242,48.075],[7.239,48.074],[7.241,48.076],[7.241,48.076],[7.241,48.077],[7.242,48.077],[7.242,48.078],[7.241,48.077],[7.241,48.076],[7.238,48.074]],[[7.238,48.075],[7.238,48.075],[7.238,48.075],[7.238,48.075]],[[7.237,48.076],[7.238,48.076],[7.237,48.076],[7.237,48.076]]],[[[7.244,48.076],[7.245,48.075],[7.242,48.075],[7.244,48.076]]],[[[7.246,48.079],[7.243,48.079],[7.243,48.08],[7.247,48.081],[7.247,48.082],[7.258,48.084],[7.255,48.082],[7.251,48.081],[7.246,48.078],[7.246,48.079]]],[[[7.249,48.085],[7.247,48.087],[7.251,48.089],[7.252,48.088],[7.253,48.088],[7.253,48.088],[7.252,48.088],[7.252,48.087],[7.253,48.088],[7.255,48.088],[7.251,48.089],[7.253,48.09],[7.254,48.09],[7.256,48.088],[7.256,48.087],[7.257,48.087],[7.257,48.086],[7.257,48.085],[7.252,48.086],[7.252,48.086],[7.252,48.086],[7.252,48.086],[7.252,48.087],[7.252,48.086],[7.249,48.085]]],[[[7.257,48.087],[7.255,48.089],[7.257,48.09],[7.259,48.089],[7.259,48.089],[7.258,48.089],[7.262,48.091],[7.263,48.091],[7.263,48.09],[7.263,48.09],[7.263,48.09],[7.263,48.089],[7.262,48.089],[7.262,48.089],[7.262,48.089],[7.263,48.089],[7.263,48.089],[7.263,48.09],[7.264,48.089],[7.264,48.093],[7.265,48.093],[7.265,48.094],[7.268,48.096],[7.268,48.095],[7.268,48.095],[7.268,48.094],[7.268,48.094],[7.267,48.093],[7.267,48.092],[7.267,48.092],[7.267,48.091],[7.265,48.089],[7.266,48.089],[7.265,48.088],[7.266,48.087],[7.264,48.087],[7.264,48.087],[7.264,48.087],[7.263,48.088],[7.263,48.089],[7.262,48.089],[7.261,48.089],[7.261,48.089],[7.259,48.088],[7.261,48.089],[7.263,48.088],[7.264,48.086],[7.258,48.085],[7.258,48.084],[7.257,48.085],[7.257,48.087],[7.257,48.087],[7.259,48.086],[7.263,48.087],[7.259,48.086],[7.259,48.087],[7.259,48.086],[7.257,48.087]]],[[[7.262,48.135],[7.26,48.135],[7.259,48.135],[7.26,48.136],[7.262,48.135]]],[[[7.259,48.137],[7.255,48.134],[7.253,48.134],[7.254,48.135],[7.256,48.136],[7.255,48.137],[7.256,48.137],[7.257,48.138],[7.259,48.137]]],[[[7.261,48.136],[7.262,48.137],[7.264,48.136],[7.264,48.136],[7.263,48.135],[7.261,48.136]]],[[[7.249,48.141],[7.25,48.141],[7.248,48.14],[7.246,48.141],[7.247,48.141],[7.249,48.141]]],[[[7.251,48.142],[7.249,48.141],[7.249,48.142],[7.248,48.142],[7.25,48.143],[7.251,48.142]]],[[[7.25,48.143],[7.25,48.144],[7.251,48.144],[7.254,48.143],[7.252,48.142],[7.25,48.143]]],[[[7.262,48.139],[7.261,48.145],[7.26,48.146],[7.26,48.148],[7.259,48.148],[7.261,48.149],[7.261,48.148],[7.262,48.147],[7.262,48.146],[7.263,48.145],[7.263,48.144],[7.263,48.144],[7.262,48.142],[7.264,48.142],[7.263,48.142],[7.262,48.14],[7.263,48.139],[7.262,48.139]]],[[[7.258,48.145],[7.259,48.145],[7.259,48.145],[7.258,48.145]]],[[[7.258,48.146],[7.258,48.146],[7.258,48.146],[7.258,48.146]]],[[[7.256,48.147],[7.262,48.151],[7.263,48.15],[7.261,48.15],[7.259,48.148],[7.26,48.146],[7.261,48.144],[7.26,48.143],[7.26,48.145],[7.258,48.146],[7.257,48.146],[7.258,48.146],[7.256,48.147]]],[[[7.261,48.15],[7.263,48.148],[7.264,48.148],[7.263,48.147],[7.264,48.146],[7.263,48.146],[7.261,48.149],[7.261,48.149],[7.26,48.149],[7.26,48.149],[7.261,48.15]]],[[[7.26,48.15],[7.257,48.148],[7.256,48.152],[7.26,48.152],[7.261,48.151],[7.26,48.15]]],[[[7.256,48.153],[7.256,48.148],[7.255,48.149],[7.256,48.153]]],[[[7.249,48.153],[7.251,48.154],[7.251,48.154],[7.251,48.154],[7.251,48.155],[7.253,48.153],[7.254,48.153],[7.253,48.153],[7.255,48.152],[7.255,48.149],[7.25,48.152],[7.25,48.153],[7.249,48.153]],[[7.252,48.152],[7.252,48.152],[7.252,48.152],[7.252,48.152]]],[[[7.249,48.156],[7.25,48.155],[7.251,48.154],[7.249,48.153],[7.245,48.154],[7.245,48.156],[7.247,48.155],[7.249,48.156]]],[[[7.246,47.92],[7.244,47.921],[7.245,47.922],[7.248,47.921],[7.246,47.92]]],[[[7.247,47.925],[7.243,47.928],[7.247,47.929],[7.248,47.93],[7.247,47.93],[7.246,47.932],[7.245,47.932],[7.246,47.934],[7.252,47.934],[7.253,47.932],[7.254,47.934],[7.256,47.931],[7.259,47.93],[7.257,47.93],[7.255,47.928],[7.251,47.929],[7.247,47.929],[7.246,47.929],[7.249,47.929],[7.25,47.928],[7.25,47.929],[7.25,47.928],[7.25,47.929],[7.255,47.928],[7.251,47.926],[7.247,47.925]],[[7.252,47.934],[7.251,47.934],[7.252,47.934],[7.252,47.934]],[[7.251,47.926],[7.251,47.926],[7.251,47.926],[7.251,47.926]]],[[[7.251,47.935],[7.248,47.934],[7.246,47.934],[7.249,47.937],[7.251,47.936],[7.25,47.935],[7.251,47.935]]],[[[7.265,47.938],[7.264,47.937],[7.263,47.938],[7.264,47.939],[7.265,47.938]]],[[[7.255,47.95],[7.253,47.95],[7.259,47.952],[7.259,47.952],[7.255,47.95]],[[7.258,47.952],[7.258,47.952],[7.258,47.952],[7.258,47.952]]],[[[7.272,47.949],[7.267,47.953],[7.267,47.953],[7.266,47.953],[7.264,47.954],[7.266,47.953],[7.267,47.953],[7.265,47.955],[7.263,47.955],[7.264,47.954],[7.262,47.955],[7.263,47.956],[7.262,47.958],[7.261,47.958],[7.265,47.963],[7.264,47.964],[7.265,47.965],[7.27,47.968],[7.276,47.968],[7.275,47.967],[7.277,47.967],[7.276,47.966],[7.278,47.964],[7.278,47.964],[7.278,47.964],[7.278,47.964],[7.278,47.964],[7.279,47.964],[7.28,47.963],[7.281,47.962],[7.284,47.962],[7.284,47.962],[7.285,47.962],[7.286,47.962],[7.286,47.962],[7.286,47.96],[7.286,47.96],[7.286,47.96],[7.285,47.958],[7.285,47.958],[7.283,47.958],[7.282,47.958],[7.281,47.958],[7.277,47.959],[7.277,47.959],[7.275,47.959],[7.276,47.96],[7.276,47.961],[7.275,47.959],[7.276,47.959],[7.275,47.958],[7.275,47.957],[7.275,47.956],[7.276,47.959],[7.281,47.958],[7.281,47.957],[7.283,47.958],[7.285,47.957],[7.286,47.958],[7.287,47.957],[7.287,47.957],[7.287,47.957],[7.286,47.958],[7.285,47.958],[7.286,47.959],[7.286,47.959],[7.286,47.96],[7.286,47.961],[7.286,47.961],[7.286,47.961],[7.286,47.962],[7.286,47.962],[7.285,47.963],[7.289,47.963],[7.29,47.962],[7.293,47.962],[7.292,47.961],[7.292,47.961],[7.292,47.961],[7.292,47.961],[7.292,47.96],[7.292,47.959],[7.29,47.959],[7.291,47.958],[7.29,47.958],[7.29,47.957],[7.289,47.957],[7.29,47.956],[7.288,47.956],[7.287,47.955],[7.287,47.954],[7.284,47.951],[7.281,47.952],[7.282,47.954],[7.283,47.955],[7.282,47.956],[7.282,47.954],[7.281,47.952],[7.281,47.952],[7.28,47.951],[7.278,47.951],[7.275,47.954],[7.274,47.953],[7.274,47.952],[7.274,47.952],[7.274,47.951],[7.273,47.951],[7.273,47.951],[7.273,47.951],[7.272,47.951],[7.273,47.951],[7.274,47.951],[7.275,47.952],[7.274,47.953],[7.275,47.953],[7.276,47.952],[7.278,47.951],[7.28,47.951],[7.281,47.952],[7.284,47.951],[7.281,47.949],[7.281,47.947],[7.284,47.951],[7.286,47.952],[7.286,47.951],[7.283,47.948],[7.285,47.947],[7.283,47.944],[7.28,47.946],[7.28,47.947],[7.279,47.947],[7.276,47.949],[7.272,47.949]],[[7.292,47.961],[7.292,47.961],[7.292,47.961],[7.292,47.961]],[[7.275,47.955],[7.275,47.955],[7.275,47.955],[7.275,47.955]],[[7.275,47.955],[7.275,47.955],[7.275,47.955],[7.275,47.955]],[[7.278,47.963],[7.278,47.963],[7.278,47.963],[7.278,47.963]],[[7.278,47.963],[7.278,47.962],[7.278,47.962],[7.277,47.962],[7.278,47.962],[7.278,47.963]],[[7.276,47.961],[7.276,47.961],[7.276,47.961],[7.276,47.961]],[[7.276,47.961],[7.276,47.961],[7.276,47.961],[7.276,47.961]],[[7.275,47.955],[7.275,47.955],[7.275,47.955],[7.275,47.955]],[[7.275,47.955],[7.275,47.955],[7.275,47.955],[7.275,47.955]],[[7.267,47.953],[7.269,47.953],[7.27,47.955],[7.269,47.955],[7.27,47.956],[7.269,47.957],[7.269,47.957],[7.27,47.957],[7.271,47.958],[7.271,47.959],[7.269,47.957],[7.269,47.957],[7.268,47.957],[7.27,47.955],[7.267,47.953]],[[7.265,47.962],[7.265,47.961],[7.265,47.961],[7.265,47.962]],[[7.267,47.962],[7.267,47.961],[7.267,47.961],[7.267,47.962]],[[7.267,47.961],[7.267,47.961],[7.267,47.961],[7.267,47.961]],[[7.27,47.959],[7.269,47.96],[7.27,47.961],[7.271,47.961],[7.273,47.961],[7.271,47.962],[7.271,47.963],[7.273,47.963],[7.275,47.963],[7.271,47.963],[7.272,47.967],[7.27,47.966],[7.27,47.966],[7.269,47.965],[7.267,47.959],[7.264,47.958],[7.264,47.956],[7.265,47.956],[7.267,47.958],[7.269,47.96],[7.27,47.959]],[[7.267,47.953],[7.267,47.953],[7.267,47.953],[7.267,47.953]],[[7.268,47.955],[7.268,47.956],[7.268,47.956],[7.266,47.955],[7.268,47.955]],[[7.282,47.956],[7.282,47.956],[7.282,47.956],[7.282,47.956]]],[[[7.269,47.954],[7.269,47.954],[7.269,47.954],[7.269,47.954]]],[[[7.262,47.956],[7.261,47.958],[7.262,47.958],[7.262,47.956]]],[[[7.269,47.957],[7.269,47.957],[7.269,47.957],[7.269,47.957]]],[[[7.272,48.001],[7.272,48.002],[7.273,48.002],[7.272,48.002],[7.272,48.001]]],[[[7.273,48.002],[7.275,48.002],[7.276,48.001],[7.275,48.001],[7.275,48.001],[7.275,48.001],[7.273,48.001],[7.272,48.001],[7.273,48.002],[7.272,48.002],[7.272,48.002],[7.272,48.003],[7.274,48.003],[7.273,48.002]]],[[[7.274,48.003],[7.274,48.004],[7.274,48.004],[7.274,48.003]]],[[[7.271,48.004],[7.273,48.006],[7.271,48.006],[7.271,48.007],[7.272,48.006],[7.273,48.011],[7.275,48.011],[7.275,48.012],[7.277,48.012],[7.277,48.013],[7.279,48.013],[7.277,48.015],[7.28,48.014],[7.281,48.014],[7.28,48.014],[7.28,48.013],[7.28,48.011],[7.279,48.01],[7.278,48.01],[7.278,48.01],[7.279,48.01],[7.278,48.009],[7.278,48.008],[7.277,48.007],[7.277,48.006],[7.273,48.004],[7.273,48.003],[7.271,48.004]],[[7.274,48.005],[7.274,48.005],[7.274,48.005],[7.274,48.005]],[[7.275,48.009],[7.275,48.01],[7.275,48.009],[7.275,48.009]],[[7.276,48.01],[7.276,48.01],[7.276,48.01],[7.276,48.01]],[[7.276,48.01],[7.276,48.01],[7.276,48.01],[7.276,48.01]]],[[[7.275,48.016],[7.276,48.016],[7.276,48.015],[7.276,48.015],[7.275,48.016]]],[[[7.274,48.017],[7.275,48.016],[7.274,48.016],[7.273,48.016],[7.274,48.017]]],[[[7.279,48.068],[7.28,48.068],[7.279,48.066],[7.279,48.067],[7.279,48.068]]],[[[7.278,48.069],[7.28,48.069],[7.277,48.07],[7.274,48.073],[7.271,48.074],[7.271,48.074],[7.271,48.075],[7.272,48.075],[7.272,48.075],[7.272,48.076],[7.272,48.076],[7.271,48.074],[7.271,48.075],[7.268,48.077],[7.273,48.077],[7.272,48.076],[7.272,48.076],[7.272,48.076],[7.272,48.076],[7.273,48.077],[7.277,48.075],[7.282,48.075],[7.282,48.073],[7.279,48.073],[7.279,48.073],[7.281,48.073],[7.284,48.073],[7.283,48.072],[7.283,48.073],[7.285,48.072],[7.282,48.071],[7.285,48.072],[7.285,48.071],[7.286,48.07],[7.285,48.07],[7.284,48.069],[7.283,48.069],[7.283,48.068],[7.283,48.069],[7.283,48.07],[7.283,48.07],[7.283,48.07],[7.282,48.071],[7.282,48.071],[7.281,48.071],[7.28,48.068],[7.278,48.068],[7.278,48.069]],[[7.276,48.073],[7.275,48.073],[7.276,48.073],[7.276,48.073]],[[7.277,48.071],[7.276,48.074],[7.275,48.075],[7.275,48.075],[7.275,48.074],[7.275,48.074],[7.275,48.074],[7.274,48.074],[7.273,48.074],[7.275,48.074],[7.275,48.074],[7.275,48.074],[7.276,48.074],[7.277,48.071]],[[7.279,48.071],[7.279,48.072],[7.279,48.072],[7.279,48.071]]],[[[7.282,48.075],[7.277,48.076],[7.271,48.077],[7.278,48.077],[7.28,48.077],[7.282,48.076],[7.282,48.075]]],[[[7.258,48.076],[7.261,48.078],[7.262,48.078],[7.258,48.076]]],[[[7.27,48.077],[7.269,48.077],[7.27,48.077],[7.27,48.077]]],[[[7.274,48.078],[7.275,48.078],[7.274,48.078],[7.274,48.078]]],[[[7.267,48.078],[7.267,48.078],[7.267,48.078],[7.265,48.078],[7.265,48.079],[7.262,48.078],[7.257,48.076],[7.254,48.075],[7.253,48.075],[7.257,48.078],[7.258,48.079],[7.264,48.081],[7.262,48.08],[7.263,48.078],[7.264,48.079],[7.263,48.08],[7.265,48.081],[7.265,48.08],[7.265,48.081],[7.268,48.082],[7.268,48.082],[7.269,48.081],[7.266,48.079],[7.269,48.081],[7.269,48.08],[7.269,48.079],[7.269,48.079],[7.269,48.08],[7.27,48.081],[7.271,48.079],[7.274,48.078],[7.269,48.078],[7.267,48.078]],[[7.268,48.078],[7.268,48.078],[7.269,48.078],[7.268,48.078]],[[7.268,48.078],[7.268,48.078],[7.267,48.078],[7.268,48.078]]],[[[7.266,48.078],[7.267,48.078],[7.266,48.078],[7.266,48.078]]],[[[7.269,48.081],[7.271,48.082],[7.272,48.081],[7.269,48.08],[7.269,48.081]]],[[[7.269,48.081],[7.268,48.083],[7.27,48.084],[7.271,48.083],[7.271,48.082],[7.269,48.081]]],[[[7.271,48.082],[7.274,48.084],[7.275,48.082],[7.274,48.082],[7.272,48.081],[7.271,48.082]]],[[[7.272,48.083],[7.271,48.083],[7.271,48.083],[7.272,48.083]]],[[[7.278,48.082],[7.276,48.082],[7.275,48.083],[7.277,48.083],[7.278,48.082]]],[[[7.272,48.083],[7.272,48.084],[7.274,48.084],[7.272,48.083]]],[[[7.279,48.082],[7.278,48.084],[7.279,48.084],[7.279,48.084],[7.28,48.083],[7.281,48.084],[7.281,48.082],[7.28,48.083],[7.28,48.082],[7.279,48.082]]],[[[7.27,48.084],[7.271,48.083],[7.271,48.083],[7.27,48.084]]],[[[7.279,48.085],[7.28,48.085],[7.281,48.085],[7.28,48.085],[7.281,48.084],[7.279,48.085]]],[[[7.266,48.086],[7.266,48.089],[7.268,48.089],[7.266,48.089],[7.267,48.091],[7.267,48.092],[7.27,48.093],[7.267,48.092],[7.268,48.094],[7.269,48.095],[7.27,48.096],[7.27,48.095],[7.271,48.095],[7.271,48.094],[7.27,48.094],[7.27,48.094],[7.271,48.094],[7.271,48.094],[7.271,48.094],[7.271,48.095],[7.273,48.096],[7.274,48.095],[7.275,48.095],[7.274,48.095],[7.275,48.095],[7.273,48.096],[7.271,48.095],[7.272,48.096],[7.272,48.096],[7.272,48.097],[7.273,48.097],[7.273,48.097],[7.272,48.097],[7.271,48.095],[7.271,48.097],[7.269,48.097],[7.269,48.098],[7.266,48.097],[7.264,48.097],[7.266,48.099],[7.267,48.101],[7.272,48.1],[7.272,48.099],[7.273,48.099],[7.273,48.098],[7.273,48.098],[7.273,48.098],[7.274,48.098],[7.273,48.099],[7.274,48.099],[7.276,48.099],[7.275,48.098],[7.275,48.098],[7.276,48.099],[7.277,48.098],[7.277,48.1],[7.279,48.099],[7.28,48.098],[7.278,48.098],[7.278,48.097],[7.278,48.096],[7.278,48.095],[7.275,48.095],[7.276,48.095],[7.276,48.095],[7.275,48.094],[7.275,48.094],[7.275,48.094],[7.275,48.093],[7.276,48.093],[7.276,48.093],[7.277,48.092],[7.275,48.091],[7.276,48.091],[7.276,48.09],[7.276,48.09],[7.276,48.089],[7.275,48.089],[7.275,48.089],[7.277,48.089],[7.271,48.086],[7.266,48.086]],[[7.269,48.088],[7.271,48.088],[7.271,48.088],[7.271,48.088],[7.273,48.089],[7.273,48.09],[7.273,48.09],[7.274,48.09],[7.274,48.091],[7.274,48.09],[7.275,48.09],[7.275,48.091],[7.275,48.091],[7.275,48.091],[7.275,48.091],[7.275,48.092],[7.274,48.092],[7.274,48.092],[7.274,48.093],[7.273,48.093],[7.274,48.092],[7.274,48.092],[7.275,48.092],[7.275,48.091],[7.275,48.091],[7.275,48.09],[7.274,48.091],[7.272,48.091],[7.27,48.091],[7.269,48.091],[7.269,48.091],[7.269,48.091],[7.269,48.091],[7.269,48.091],[7.269,48.091],[7.269,48.091],[7.269,48.091],[7.274,48.091],[7.271,48.088],[7.271,48.089],[7.27,48.088],[7.269,48.089],[7.269,48.089],[7.269,48.088]],[[7.273,48.093],[7.271,48.093],[7.27,48.093],[7.271,48.093],[7.273,48.093]],[[7.273,48.093],[7.273,48.093],[7.274,48.094],[7.274,48.094],[7.273,48.093]],[[7.274,48.088],[7.274,48.088],[7.274,48.088],[7.274,48.088]],[[7.276,48.098],[7.277,48.098],[7.277,48.098],[7.276,48.098]]],[[[7.28,48.089],[7.28,48.088],[7.279,48.088],[7.28,48.089]]],[[[7.28,48.089],[7.28,48.089],[7.279,48.089],[7.28,48.089]]],[[[7.281,48.088],[7.282,48.09],[7.283,48.089],[7.281,48.088]]],[[[7.278,48.091],[7.278,48.09],[7.277,48.091],[7.278,48.091]]],[[[7.279,48.092],[7.279,48.092],[7.279,48.092],[7.279,48.092]]],[[[7.283,48.092],[7.28,48.09],[7.279,48.089],[7.278,48.091],[7.276,48.092],[7.279,48.092],[7.279,48.092],[7.279,48.091],[7.279,48.092],[7.278,48.095],[7.279,48.095],[7.282,48.096],[7.282,48.095],[7.284,48.095],[7.282,48.095],[7.282,48.095],[7.282,48.096],[7.282,48.096],[7.278,48.095],[7.278,48.096],[7.278,48.097],[7.278,48.098],[7.282,48.098],[7.283,48.1],[7.286,48.099],[7.283,48.1],[7.285,48.1],[7.285,48.101],[7.281,48.098],[7.279,48.1],[7.277,48.1],[7.276,48.1],[7.277,48.101],[7.276,48.101],[7.277,48.1],[7.272,48.101],[7.272,48.1],[7.269,48.101],[7.269,48.102],[7.269,48.102],[7.261,48.102],[7.267,48.104],[7.279,48.103],[7.281,48.104],[7.28,48.105],[7.28,48.107],[7.283,48.107],[7.283,48.106],[7.283,48.107],[7.285,48.108],[7.285,48.107],[7.285,48.107],[7.287,48.104],[7.286,48.108],[7.295,48.107],[7.293,48.107],[7.292,48.109],[7.292,48.107],[7.286,48.108],[7.286,48.11],[7.285,48.11],[7.286,48.11],[7.286,48.11],[7.285,48.11],[7.284,48.11],[7.282,48.11],[7.282,48.111],[7.282,48.112],[7.283,48.112],[7.283,48.112],[7.283,48.112],[7.282,48.112],[7.283,48.113],[7.283,48.114],[7.285,48.114],[7.285,48.115],[7.286,48.115],[7.287,48.115],[7.288,48.115],[7.285,48.115],[7.285,48.114],[7.284,48.114],[7.282,48.114],[7.282,48.114],[7.28,48.114],[7.28,48.116],[7.283,48.117],[7.283,48.118],[7.283,48.118],[7.285,48.119],[7.285,48.119],[7.283,48.118],[7.282,48.119],[7.283,48.117],[7.276,48.115],[7.275,48.116],[7.279,48.118],[7.276,48.12],[7.275,48.119],[7.274,48.119],[7.274,48.12],[7.271,48.12],[7.274,48.122],[7.278,48.123],[7.277,48.122],[7.277,48.122],[7.278,48.121],[7.279,48.121],[7.278,48.121],[7.278,48.121],[7.279,48.119],[7.279,48.119],[7.279,48.119],[7.278,48.121],[7.279,48.121],[7.277,48.122],[7.278,48.123],[7.278,48.123],[7.278,48.123],[7.279,48.123],[7.279,48.124],[7.281,48.124],[7.282,48.123],[7.282,48.122],[7.283,48.123],[7.285,48.123],[7.288,48.118],[7.287,48.119],[7.288,48.118],[7.29,48.116],[7.289,48.115],[7.29,48.115],[7.293,48.112],[7.292,48.112],[7.291,48.109],[7.293,48.11],[7.293,48.112],[7.294,48.111],[7.297,48.109],[7.298,48.106],[7.299,48.105],[7.291,48.106],[7.289,48.104],[7.29,48.104],[7.291,48.104],[7.289,48.101],[7.291,48.1],[7.293,48.1],[7.294,48.101],[7.292,48.105],[7.298,48.105],[7.297,48.102],[7.297,48.101],[7.296,48.1],[7.293,48.099],[7.289,48.1],[7.288,48.101],[7.287,48.099],[7.288,48.095],[7.288,48.095],[7.287,48.095],[7.286,48.095],[7.285,48.096],[7.285,48.096],[7.285,48.096],[7.286,48.095],[7.288,48.095],[7.286,48.094],[7.286,48.093],[7.286,48.092],[7.283,48.092]],[[7.284,48.095],[7.284,48.095],[7.284,48.095],[7.284,48.095]],[[7.292,48.1],[7.292,48.1],[7.292,48.1],[7.292,48.1]],[[7.284,48.095],[7.284,48.095],[7.284,48.095],[7.284,48.095]],[[7.284,48.096],[7.284,48.096],[7.284,48.096],[7.284,48.096]],[[7.285,48.096],[7.285,48.096],[7.285,48.096],[7.285,48.096]],[[7.285,48.096],[7.285,48.096],[7.285,48.096],[7.285,48.096]],[[7.28,48.093],[7.283,48.094],[7.283,48.094],[7.28,48.093]],[[7.279,48.103],[7.279,48.103],[7.279,48.103],[7.279,48.103]],[[7.279,48.103],[7.281,48.103],[7.282,48.104],[7.282,48.104],[7.279,48.103]],[[7.282,48.103],[7.282,48.103],[7.282,48.103],[7.282,48.103]],[[7.283,48.103],[7.282,48.103],[7.282,48.103],[7.283,48.103]],[[7.283,48.103],[7.283,48.103],[7.283,48.103],[7.283,48.103]],[[7.284,48.101],[7.284,48.101],[7.284,48.101],[7.284,48.101]],[[7.278,48.102],[7.278,48.102],[7.278,48.102],[7.278,48.102]],[[7.278,48.102],[7.278,48.103],[7.278,48.103],[7.278,48.103],[7.278,48.102]],[[7.29,48.11],[7.29,48.112],[7.29,48.113],[7.29,48.11],[7.288,48.11],[7.286,48.11],[7.29,48.11],[7.29,48.11]],[[7.287,48.111],[7.287,48.111],[7.286,48.11],[7.287,48.111]],[[7.289,48.115],[7.289,48.115],[7.289,48.115],[7.289,48.115]],[[7.28,48.106],[7.283,48.106],[7.283,48.106],[7.281,48.106],[7.28,48.106],[7.28,48.106]],[[7.287,48.105],[7.287,48.105],[7.287,48.105],[7.287,48.105]],[[7.288,48.104],[7.288,48.104],[7.288,48.104],[7.288,48.104]],[[7.286,48.103],[7.286,48.103],[7.286,48.103],[7.286,48.103]],[[7.295,48.106],[7.295,48.106],[7.295,48.106],[7.295,48.106]],[[7.285,48.108],[7.285,48.107],[7.285,48.107],[7.285,48.108]],[[7.288,48.109],[7.288,48.109],[7.288,48.109],[7.288,48.109]]],[[[7.276,48.094],[7.279,48.092],[7.279,48.092],[7.277,48.092],[7.276,48.093],[7.275,48.094],[7.276,48.094]]],[[[7.276,48.094],[7.276,48.094],[7.278,48.095],[7.279,48.093],[7.276,48.094]]],[[[7.276,48.095],[7.277,48.095],[7.275,48.094],[7.276,48.095],[7.276,48.095]]],[[[7.27,48.096],[7.268,48.095],[7.268,48.096],[7.27,48.096],[7.27,48.095],[7.27,48.096]]],[[[7.275,48.1],[7.276,48.1],[7.276,48.1],[7.275,48.1]]],[[[7.28,48.108],[7.282,48.109],[7.28,48.108],[7.28,48.108]]],[[[7.267,48.108],[7.271,48.108],[7.272,48.108],[7.272,48.108],[7.271,48.109],[7.274,48.111],[7.274,48.112],[7.283,48.112],[7.282,48.111],[7.282,48.11],[7.282,48.109],[7.28,48.108],[7.273,48.107],[7.267,48.107],[7.267,48.108]],[[7.275,48.108],[7.275,48.108],[7.275,48.108],[7.275,48.108]]],[[[7.282,48.11],[7.284,48.11],[7.286,48.11],[7.285,48.109],[7.285,48.11],[7.283,48.109],[7.282,48.11]]],[[[7.277,48.112],[7.279,48.113],[7.28,48.112],[7.277,48.112]]],[[[7.281,48.112],[7.28,48.113],[7.282,48.112],[7.281,48.112]]],[[[7.269,48.12],[7.273,48.122],[7.273,48.123],[7.272,48.123],[7.273,48.123],[7.273,48.123],[7.27,48.123],[7.266,48.122],[7.266,48.123],[7.268,48.123],[7.266,48.123],[7.267,48.125],[7.271,48.124],[7.277,48.125],[7.279,48.124],[7.279,48.123],[7.278,48.123],[7.278,48.123],[7.274,48.122],[7.271,48.12],[7.269,48.12]],[[7.274,48.123],[7.274,48.122],[7.274,48.123],[7.274,48.123]]],[[[7.266,48.125],[7.267,48.125],[7.267,48.125],[7.266,48.125]]],[[[7.259,48.125],[7.259,48.127],[7.263,48.126],[7.264,48.126],[7.265,48.126],[7.266,48.126],[7.266,48.126],[7.267,48.125],[7.259,48.125]]],[[[7.27,48.125],[7.27,48.125],[7.267,48.125],[7.267,48.126],[7.27,48.126],[7.272,48.126],[7.273,48.126],[7.276,48.126],[7.277,48.126],[7.278,48.125],[7.269,48.125],[7.27,48.125]],[[7.271,48.125],[7.271,48.125],[7.271,48.125],[7.271,48.125]]],[[[7.284,48.128],[7.287,48.127],[7.287,48.127],[7.287,48.127],[7.287,48.127],[7.286,48.127],[7.286,48.127],[7.287,48.126],[7.287,48.126],[7.285,48.126],[7.285,48.127],[7.283,48.128],[7.283,48.128],[7.284,48.128],[7.284,48.128]],[[7.285,48.127],[7.285,48.127],[7.285,48.127],[7.285,48.127]]],[[[7.282,48.128],[7.282,48.129],[7.282,48.128],[7.282,48.128]]],[[[7.28,48.129],[7.281,48.129],[7.281,48.13],[7.282,48.129],[7.28,48.129],[7.28,48.128],[7.279,48.128],[7.28,48.129]]],[[[7.277,48.126],[7.272,48.126],[7.27,48.126],[7.266,48.126],[7.263,48.126],[7.261,48.127],[7.261,48.128],[7.265,48.129],[7.266,48.127],[7.266,48.128],[7.268,48.128],[7.27,48.13],[7.271,48.128],[7.271,48.129],[7.273,48.129],[7.275,48.13],[7.276,48.129],[7.276,48.131],[7.275,48.132],[7.276,48.132],[7.277,48.133],[7.274,48.134],[7.277,48.135],[7.278,48.133],[7.277,48.133],[7.279,48.132],[7.281,48.129],[7.277,48.129],[7.277,48.129],[7.28,48.129],[7.279,48.128],[7.28,48.127],[7.278,48.126],[7.277,48.126]],[[7.272,48.126],[7.271,48.127],[7.271,48.126],[7.272,48.126]],[[7.27,48.128],[7.27,48.127],[7.271,48.127],[7.27,48.128]]],[[[7.288,48.128],[7.283,48.128],[7.284,48.129],[7.282,48.129],[7.278,48.133],[7.282,48.133],[7.285,48.132],[7.288,48.132],[7.287,48.132],[7.283,48.132],[7.282,48.132],[7.282,48.132],[7.282,48.131],[7.286,48.131],[7.286,48.13],[7.287,48.13],[7.286,48.131],[7.289,48.13],[7.288,48.128],[7.288,48.128]]],[[[7.283,48.132],[7.283,48.132],[7.283,48.131],[7.283,48.132]]],[[[7.286,48.135],[7.285,48.135],[7.285,48.135],[7.286,48.135]]],[[[7.269,48.137],[7.275,48.137],[7.274,48.136],[7.274,48.136],[7.274,48.135],[7.274,48.135],[7.275,48.136],[7.275,48.137],[7.281,48.137],[7.28,48.133],[7.281,48.136],[7.283,48.135],[7.286,48.134],[7.29,48.135],[7.29,48.132],[7.286,48.133],[7.285,48.132],[7.283,48.133],[7.279,48.133],[7.278,48.135],[7.274,48.134],[7.27,48.135],[7.266,48.137],[7.267,48.138],[7.269,48.138],[7.269,48.137],[7.269,48.137]],[[7.273,48.136],[7.274,48.136],[7.274,48.136],[7.273,48.136],[7.273,48.136]]],[[[7.264,48.135],[7.264,48.136],[7.265,48.135],[7.264,48.135]]],[[[7.284,48.136],[7.284,48.135],[7.283,48.135],[7.284,48.136]]],[[[7.272,48.145],[7.277,48.145],[7.277,48.143],[7.276,48.143],[7.276,48.141],[7.276,48.14],[7.28,48.137],[7.279,48.138],[7.277,48.137],[7.267,48.138],[7.266,48.139],[7.271,48.14],[7.265,48.139],[7.263,48.14],[7.264,48.142],[7.272,48.145]]],[[[7.276,48.142],[7.281,48.145],[7.283,48.145],[7.284,48.144],[7.284,48.143],[7.284,48.142],[7.284,48.142],[7.284,48.141],[7.284,48.141],[7.284,48.14],[7.282,48.141],[7.281,48.139],[7.281,48.137],[7.276,48.14],[7.276,48.142]]],[[[7.279,48.147],[7.282,48.149],[7.285,48.15],[7.285,48.155],[7.284,48.156],[7.287,48.159],[7.29,48.158],[7.296,48.157],[7.295,48.155],[7.295,48.155],[7.296,48.157],[7.299,48.156],[7.3,48.159],[7.3,48.159],[7.301,48.16],[7.303,48.16],[7.303,48.158],[7.304,48.157],[7.303,48.16],[7.305,48.16],[7.309,48.16],[7.311,48.16],[7.311,48.159],[7.311,48.157],[7.311,48.156],[7.309,48.156],[7.308,48.156],[7.308,48.156],[7.308,48.156],[7.307,48.154],[7.308,48.153],[7.308,48.153],[7.305,48.149],[7.3,48.15],[7.3,48.15],[7.3,48.152],[7.3,48.15],[7.297,48.15],[7.293,48.15],[7.298,48.15],[7.305,48.148],[7.303,48.145],[7.307,48.142],[7.309,48.141],[7.308,48.141],[7.307,48.14],[7.309,48.14],[7.31,48.141],[7.31,48.141],[7.312,48.14],[7.31,48.139],[7.311,48.139],[7.312,48.14],[7.314,48.138],[7.314,48.138],[7.314,48.138],[7.315,48.138],[7.316,48.138],[7.312,48.14],[7.308,48.141],[7.309,48.143],[7.314,48.141],[7.315,48.141],[7.316,48.142],[7.316,48.143],[7.318,48.144],[7.316,48.144],[7.318,48.149],[7.321,48.148],[7.321,48.145],[7.323,48.144],[7.324,48.144],[7.324,48.142],[7.325,48.141],[7.325,48.142],[7.327,48.142],[7.326,48.14],[7.325,48.14],[7.324,48.139],[7.319,48.134],[7.315,48.134],[7.315,48.135],[7.315,48.136],[7.315,48.134],[7.314,48.134],[7.314,48.133],[7.31,48.133],[7.314,48.133],[7.314,48.134],[7.319,48.134],[7.316,48.131],[7.309,48.132],[7.309,48.131],[7.307,48.131],[7.303,48.132],[7.305,48.135],[7.304,48.135],[7.306,48.135],[7.304,48.136],[7.304,48.136],[7.306,48.136],[7.307,48.136],[7.307,48.135],[7.308,48.137],[7.308,48.136],[7.307,48.136],[7.306,48.136],[7.305,48.136],[7.304,48.136],[7.304,48.136],[7.301,48.137],[7.301,48.139],[7.303,48.139],[7.303,48.141],[7.303,48.142],[7.303,48.142],[7.303,48.141],[7.303,48.139],[7.301,48.139],[7.301,48.138],[7.3,48.138],[7.3,48.138],[7.301,48.137],[7.3,48.137],[7.299,48.138],[7.292,48.139],[7.296,48.138],[7.296,48.136],[7.299,48.136],[7.299,48.135],[7.297,48.135],[7.297,48.134],[7.296,48.134],[7.296,48.135],[7.295,48.134],[7.291,48.135],[7.291,48.135],[7.291,48.136],[7.289,48.135],[7.29,48.136],[7.289,48.138],[7.284,48.138],[7.281,48.137],[7.283,48.141],[7.284,48.14],[7.285,48.141],[7.286,48.141],[7.293,48.14],[7.288,48.141],[7.284,48.141],[7.284,48.142],[7.284,48.143],[7.285,48.147],[7.289,48.153],[7.29,48.153],[7.289,48.152],[7.292,48.153],[7.293,48.152],[7.292,48.153],[7.297,48.153],[7.301,48.153],[7.301,48.154],[7.291,48.154],[7.29,48.153],[7.29,48.154],[7.288,48.154],[7.289,48.154],[7.285,48.149],[7.284,48.144],[7.279,48.147]],[[7.308,48.156],[7.308,48.156],[7.308,48.156],[7.308,48.156]],[[7.306,48.154],[7.307,48.154],[7.307,48.154],[7.306,48.154]],[[7.293,48.15],[7.288,48.149],[7.287,48.147],[7.287,48.146],[7.289,48.145],[7.287,48.147],[7.29,48.147],[7.293,48.148],[7.3,48.147],[7.294,48.148],[7.293,48.15]],[[7.321,48.145],[7.321,48.145],[7.321,48.145],[7.321,48.145]],[[7.326,48.142],[7.326,48.142],[7.326,48.142],[7.326,48.142]],[[7.293,48.14],[7.293,48.14],[7.293,48.14],[7.293,48.14]],[[7.293,48.152],[7.293,48.152],[7.293,48.152],[7.293,48.152]],[[7.285,48.155],[7.285,48.155],[7.285,48.155],[7.285,48.155]],[[7.285,48.155],[7.285,48.155],[7.285,48.155],[7.285,48.155]],[[7.286,48.155],[7.287,48.155],[7.287,48.154],[7.286,48.155]],[[7.287,48.154],[7.288,48.154],[7.288,48.154],[7.287,48.154]],[[7.318,48.137],[7.318,48.137],[7.318,48.137],[7.318,48.137]],[[7.318,48.137],[7.318,48.137],[7.318,48.137],[7.318,48.137]],[[7.318,48.137],[7.318,48.137],[7.318,48.137],[7.318,48.137]],[[7.32,48.137],[7.32,48.138],[7.321,48.138],[7.32,48.138],[7.32,48.137],[7.32,48.137],[7.32,48.137]],[[7.284,48.138],[7.283,48.138],[7.284,48.138],[7.284,48.138]],[[7.291,48.137],[7.29,48.137],[7.291,48.137],[7.291,48.137]],[[7.292,48.137],[7.292,48.137],[7.292,48.137],[7.292,48.137]],[[7.292,48.138],[7.292,48.138],[7.292,48.138],[7.292,48.138],[7.292,48.138]],[[7.293,48.141],[7.293,48.141],[7.293,48.14],[7.293,48.141]],[[7.293,48.141],[7.294,48.142],[7.294,48.142],[7.293,48.141]],[[7.294,48.144],[7.296,48.143],[7.295,48.143],[7.294,48.144]],[[7.294,48.144],[7.294,48.145],[7.294,48.144],[7.293,48.144],[7.292,48.145],[7.291,48.144],[7.294,48.144]],[[7.294,48.145],[7.294,48.145],[7.294,48.145],[7.294,48.145]],[[7.295,48.146],[7.295,48.146],[7.295,48.146],[7.295,48.146]],[[7.296,48.136],[7.296,48.136],[7.296,48.136],[7.296,48.136]],[[7.296,48.136],[7.296,48.136],[7.296,48.136],[7.296,48.136]],[[7.297,48.135],[7.297,48.135],[7.297,48.135],[7.297,48.135]],[[7.304,48.133],[7.304,48.133],[7.305,48.133],[7.304,48.133]],[[7.305,48.134],[7.305,48.133],[7.305,48.133],[7.305,48.134]],[[7.305,48.134],[7.305,48.134],[7.305,48.134],[7.305,48.134]],[[7.306,48.133],[7.305,48.133],[7.306,48.133],[7.306,48.133]],[[7.306,48.133],[7.306,48.133],[7.306,48.133],[7.306,48.133]],[[7.306,48.134],[7.306,48.134],[7.306,48.134],[7.306,48.134]],[[7.31,48.134],[7.307,48.134],[7.307,48.134],[7.31,48.134]],[[7.299,48.154],[7.306,48.154],[7.307,48.154],[7.306,48.154],[7.304,48.154],[7.302,48.154],[7.299,48.154],[7.299,48.154]],[[7.305,48.154],[7.305,48.154],[7.305,48.154],[7.305,48.154]],[[7.304,48.154],[7.305,48.154],[7.305,48.154],[7.304,48.154]],[[7.286,48.155],[7.286,48.155],[7.286,48.155],[7.286,48.155]],[[7.29,48.156],[7.29,48.156],[7.289,48.156],[7.29,48.156]],[[7.302,48.155],[7.303,48.155],[7.303,48.155],[7.302,48.155]],[[7.317,48.14],[7.317,48.142],[7.319,48.142],[7.317,48.142],[7.317,48.143],[7.317,48.143],[7.317,48.14]],[[7.32,48.142],[7.32,48.143],[7.32,48.142],[7.32,48.142]],[[7.326,48.14],[7.326,48.141],[7.326,48.141],[7.326,48.14]]],[[[7.275,47.948],[7.273,47.949],[7.273,47.949],[7.276,47.949],[7.275,47.948]]],[[[7.272,47.97],[7.273,47.972],[7.275,47.972],[7.272,47.969],[7.272,47.968],[7.27,47.968],[7.272,47.97]]],[[[7.278,47.974],[7.28,47.973],[7.279,47.972],[7.277,47.973],[7.277,47.973],[7.277,47.973],[7.278,47.974]]],[[[7.283,47.985],[7.282,47.987],[7.282,47.987],[7.283,47.987],[7.284,47.987],[7.284,47.987],[7.286,47.987],[7.284,47.986],[7.285,47.985],[7.284,47.985],[7.284,47.984],[7.283,47.985]]],[[[7.279,47.987],[7.275,47.99],[7.275,47.99],[7.275,47.99],[7.275,47.99],[7.276,47.99],[7.276,47.99],[7.277,47.991],[7.278,47.99],[7.278,47.99],[7.276,47.991],[7.275,47.991],[7.274,47.995],[7.272,47.996],[7.275,47.997],[7.273,47.998],[7.272,48.001],[7.275,48.001],[7.275,48.001],[7.275,48.001],[7.275,48.001],[7.276,48.001],[7.276,48.0],[7.28,47.995],[7.281,47.995],[7.28,47.995],[7.279,47.996],[7.276,48.001],[7.278,48.004],[7.278,48.004],[7.278,48.003],[7.278,48.003],[7.278,48.001],[7.277,48.001],[7.278,48.001],[7.278,48.001],[7.278,48.002],[7.278,48.002],[7.278,48.002],[7.279,48.002],[7.283,48.001],[7.284,47.999],[7.284,47.998],[7.285,47.996],[7.285,47.995],[7.286,47.995],[7.286,47.994],[7.286,47.992],[7.286,47.991],[7.287,47.992],[7.288,47.991],[7.289,47.991],[7.29,47.991],[7.29,47.989],[7.288,47.987],[7.284,47.987],[7.282,47.987],[7.281,47.988],[7.282,47.987],[7.279,47.987]],[[7.281,47.99],[7.281,47.991],[7.279,47.991],[7.279,47.991],[7.279,47.991],[7.281,47.991],[7.281,47.99]],[[7.276,47.994],[7.276,47.995],[7.276,47.994],[7.276,47.994]],[[7.278,47.994],[7.277,47.995],[7.277,47.995],[7.277,47.994],[7.278,47.994]],[[7.282,47.995],[7.282,47.995],[7.282,47.995],[7.282,47.995],[7.282,47.995]],[[7.284,47.996],[7.284,47.996],[7.284,47.996],[7.284,47.996]],[[7.282,47.991],[7.282,47.991],[7.282,47.991],[7.282,47.991]],[[7.285,47.991],[7.285,47.991],[7.285,47.991],[7.285,47.991]],[[7.277,47.993],[7.277,47.993],[7.278,47.993],[7.277,47.993]]],[[[7.278,48.004],[7.279,48.004],[7.278,48.004],[7.278,48.004]]],[[[7.279,48.004],[7.277,48.006],[7.278,48.007],[7.283,48.006],[7.283,48.006],[7.284,48.007],[7.285,48.006],[7.284,48.007],[7.284,48.008],[7.285,48.009],[7.284,48.01],[7.284,48.011],[7.285,48.011],[7.285,48.012],[7.287,48.014],[7.293,48.015],[7.292,48.014],[7.292,48.012],[7.291,48.012],[7.292,48.012],[7.296,48.011],[7.298,48.011],[7.298,48.01],[7.295,48.01],[7.295,48.009],[7.294,48.009],[7.293,48.009],[7.295,48.009],[7.295,48.006],[7.29,48.007],[7.29,48.007],[7.29,48.008],[7.29,48.008],[7.29,48.007],[7.286,48.005],[7.287,48.005],[7.287,48.003],[7.288,48.002],[7.285,48.002],[7.283,48.003],[7.283,48.001],[7.279,48.002],[7.278,48.003],[7.279,48.004],[7.279,48.004]],[[7.286,48.007],[7.286,48.007],[7.284,48.007],[7.286,48.007]],[[7.282,48.004],[7.281,48.004],[7.281,48.004],[7.282,48.003],[7.282,48.004]],[[7.278,48.003],[7.278,48.002],[7.278,48.003],[7.278,48.003]],[[7.28,48.005],[7.28,48.004],[7.281,48.005],[7.28,48.005]],[[7.291,48.009],[7.291,48.01],[7.291,48.01],[7.293,48.01],[7.293,48.01],[7.291,48.01],[7.291,48.009],[7.289,48.009],[7.288,48.009],[7.291,48.009]]],[[[7.283,48.006],[7.278,48.007],[7.277,48.007],[7.278,48.008],[7.278,48.009],[7.28,48.011],[7.28,48.014],[7.281,48.013],[7.283,48.013],[7.283,48.012],[7.284,48.01],[7.283,48.006]]],[[[7.284,48.011],[7.283,48.013],[7.28,48.014],[7.277,48.015],[7.28,48.015],[7.28,48.015],[7.281,48.014],[7.281,48.015],[7.283,48.015],[7.284,48.014],[7.285,48.014],[7.287,48.014],[7.285,48.012],[7.284,48.011]]],[[[7.284,48.019],[7.284,48.018],[7.284,48.019],[7.284,48.019]]],[[[7.277,48.019],[7.279,48.018],[7.281,48.019],[7.28,48.018],[7.281,48.019],[7.283,48.018],[7.284,48.018],[7.282,48.019],[7.282,48.019],[7.283,48.019],[7.284,48.018],[7.287,48.016],[7.287,48.016],[7.287,48.015],[7.287,48.014],[7.284,48.014],[7.281,48.016],[7.281,48.014],[7.28,48.015],[7.279,48.015],[7.277,48.015],[7.275,48.016],[7.275,48.016],[7.275,48.017],[7.277,48.017],[7.278,48.017],[7.275,48.017],[7.275,48.016],[7.274,48.017],[7.276,48.022],[7.275,48.023],[7.276,48.024],[7.281,48.024],[7.284,48.024],[7.285,48.023],[7.284,48.023],[7.284,48.022],[7.282,48.022],[7.283,48.023],[7.282,48.023],[7.282,48.022],[7.281,48.023],[7.278,48.023],[7.282,48.022],[7.281,48.021],[7.281,48.021],[7.279,48.021],[7.281,48.02],[7.281,48.019],[7.279,48.02],[7.279,48.019],[7.278,48.019],[7.278,48.02],[7.277,48.02],[7.277,48.019]],[[7.278,48.02],[7.278,48.02],[7.278,48.02],[7.278,48.02]],[[7.278,48.021],[7.278,48.02],[7.278,48.02],[7.278,48.021]],[[7.279,48.018],[7.279,48.017],[7.28,48.018],[7.279,48.018]],[[7.281,48.018],[7.282,48.017],[7.282,48.018],[7.281,48.018]],[[7.28,48.016],[7.28,48.018],[7.28,48.017],[7.28,48.016]],[[7.278,48.021],[7.278,48.021],[7.278,48.021],[7.278,48.021],[7.278,48.021]],[[7.278,48.02],[7.279,48.021],[7.279,48.021],[7.278,48.02]]],[[[7.282,48.021],[7.282,48.021],[7.281,48.021],[7.282,48.021]]],[[[7.284,48.024],[7.277,48.024],[7.276,48.026],[7.279,48.026],[7.281,48.026],[7.287,48.026],[7.282,48.027],[7.282,48.028],[7.281,48.03],[7.283,48.031],[7.283,48.031],[7.283,48.029],[7.283,48.029],[7.283,48.031],[7.283,48.031],[7.284,48.032],[7.285,48.032],[7.286,48.032],[7.287,48.032],[7.286,48.029],[7.285,48.029],[7.285,48.029],[7.287,48.029],[7.287,48.028],[7.287,48.028],[7.287,48.029],[7.289,48.03],[7.29,48.03],[7.29,48.029],[7.289,48.029],[7.288,48.028],[7.288,48.027],[7.288,48.027],[7.288,48.024],[7.29,48.024],[7.289,48.022],[7.284,48.024]],[[7.283,48.027],[7.283,48.028],[7.283,48.027],[7.283,48.027]]],[[[7.281,48.026],[7.281,48.026],[7.282,48.026],[7.281,48.026]]],[[[7.276,48.027],[7.28,48.029],[7.277,48.028],[7.279,48.032],[7.281,48.031],[7.281,48.03],[7.282,48.028],[7.281,48.028],[7.28,48.028],[7.282,48.028],[7.282,48.027],[7.281,48.026],[7.279,48.027],[7.278,48.026],[7.276,48.027]],[[7.28,48.03],[7.28,48.03],[7.28,48.03],[7.28,48.03]]],[[[7.287,48.032],[7.284,48.034],[7.285,48.032],[7.283,48.031],[7.281,48.031],[7.279,48.032],[7.277,48.033],[7.277,48.035],[7.279,48.035],[7.28,48.034],[7.278,48.034],[7.279,48.033],[7.279,48.032],[7.281,48.033],[7.281,48.035],[7.283,48.036],[7.282,48.036],[7.285,48.037],[7.284,48.035],[7.285,48.034],[7.285,48.034],[7.286,48.034],[7.288,48.034],[7.289,48.034],[7.29,48.034],[7.289,48.033],[7.289,48.033],[7.289,48.033],[7.289,48.032],[7.289,48.031],[7.287,48.032]]],[[[7.279,48.037],[7.28,48.037],[7.28,48.036],[7.279,48.036],[7.279,48.037]]],[[[7.285,48.035],[7.286,48.037],[7.288,48.037],[7.289,48.037],[7.289,48.036],[7.29,48.036],[7.287,48.036],[7.285,48.035]]],[[[7.283,48.037],[7.278,48.037],[7.278,48.039],[7.28,48.039],[7.279,48.041],[7.283,48.04],[7.284,48.04],[7.285,48.041],[7.283,48.037]],[[7.282,48.038],[7.281,48.037],[7.282,48.037],[7.282,48.038]]],[[[7.285,48.041],[7.279,48.041],[7.279,48.042],[7.281,48.042],[7.281,48.044],[7.285,48.044],[7.283,48.044],[7.283,48.044],[7.288,48.044],[7.288,48.045],[7.292,48.045],[7.294,48.045],[7.296,48.045],[7.292,48.045],[7.287,48.045],[7.283,48.047],[7.281,48.046],[7.28,48.047],[7.281,48.048],[7.281,48.049],[7.282,48.049],[7.283,48.05],[7.285,48.05],[7.286,48.05],[7.287,48.05],[7.288,48.051],[7.288,48.048],[7.289,48.048],[7.291,48.048],[7.288,48.046],[7.288,48.046],[7.292,48.048],[7.294,48.047],[7.297,48.047],[7.297,48.046],[7.297,48.047],[7.298,48.046],[7.298,48.046],[7.299,48.046],[7.299,48.045],[7.299,48.044],[7.298,48.044],[7.297,48.043],[7.296,48.044],[7.296,48.044],[7.297,48.043],[7.296,48.043],[7.295,48.042],[7.297,48.043],[7.295,48.041],[7.292,48.041],[7.292,48.042],[7.288,48.041],[7.288,48.042],[7.288,48.042],[7.288,48.041],[7.287,48.041],[7.285,48.041],[7.285,48.042],[7.285,48.042],[7.285,48.041]],[[7.285,48.044],[7.285,48.043],[7.285,48.042],[7.285,48.044]],[[7.283,48.047],[7.284,48.047],[7.284,48.047],[7.283,48.047]],[[7.288,48.046],[7.288,48.046],[7.288,48.046],[7.288,48.046]],[[7.288,48.046],[7.288,48.046],[7.288,48.047],[7.288,48.046]],[[7.287,48.047],[7.287,48.047],[7.286,48.047],[7.287,48.047]],[[7.285,48.047],[7.286,48.047],[7.285,48.047],[7.285,48.047]],[[7.285,48.047],[7.285,48.047],[7.285,48.047],[7.285,48.047]],[[7.285,48.047],[7.284,48.047],[7.284,48.047],[7.285,48.047]],[[7.284,48.047],[7.284,48.047],[7.284,48.047],[7.284,48.047]],[[7.284,48.047],[7.284,48.047],[7.284,48.047],[7.284,48.047]],[[7.292,48.043],[7.293,48.043],[7.293,48.043],[7.292,48.043]],[[7.294,48.045],[7.287,48.044],[7.288,48.043],[7.287,48.043],[7.291,48.044],[7.294,48.045]],[[7.293,48.046],[7.293,48.046],[7.293,48.046],[7.293,48.046]]],[[[7.281,48.052],[7.28,48.053],[7.281,48.054],[7.283,48.054],[7.282,48.054],[7.283,48.054],[7.282,48.052],[7.281,48.052]]],[[[7.285,48.05],[7.285,48.053],[7.289,48.054],[7.289,48.053],[7.29,48.054],[7.291,48.054],[7.292,48.055],[7.293,48.056],[7.291,48.055],[7.286,48.054],[7.282,48.055],[7.284,48.056],[7.286,48.057],[7.286,48.058],[7.286,48.057],[7.286,48.059],[7.287,48.059],[7.285,48.059],[7.284,48.06],[7.285,48.06],[7.283,48.06],[7.285,48.059],[7.282,48.059],[7.281,48.06],[7.282,48.06],[7.282,48.062],[7.284,48.06],[7.283,48.062],[7.284,48.062],[7.283,48.063],[7.285,48.063],[7.285,48.062],[7.285,48.063],[7.284,48.064],[7.285,48.065],[7.283,48.066],[7.282,48.065],[7.282,48.065],[7.282,48.066],[7.282,48.066],[7.282,48.067],[7.282,48.067],[7.286,48.07],[7.287,48.069],[7.29,48.069],[7.288,48.069],[7.29,48.068],[7.294,48.068],[7.297,48.067],[7.294,48.064],[7.294,48.064],[7.294,48.063],[7.293,48.063],[7.292,48.064],[7.291,48.064],[7.291,48.064],[7.291,48.064],[7.291,48.064],[7.293,48.066],[7.293,48.067],[7.293,48.067],[7.294,48.067],[7.294,48.067],[7.294,48.067],[7.294,48.067],[7.292,48.067],[7.291,48.066],[7.291,48.067],[7.287,48.068],[7.291,48.066],[7.289,48.066],[7.288,48.066],[7.289,48.066],[7.287,48.065],[7.287,48.065],[7.287,48.064],[7.287,48.064],[7.286,48.063],[7.286,48.063],[7.286,48.063],[7.286,48.063],[7.286,48.063],[7.287,48.064],[7.288,48.063],[7.29,48.063],[7.29,48.062],[7.291,48.064],[7.291,48.064],[7.292,48.063],[7.294,48.063],[7.29,48.06],[7.294,48.063],[7.296,48.062],[7.295,48.061],[7.295,48.061],[7.295,48.06],[7.29,48.06],[7.295,48.06],[7.295,48.059],[7.293,48.059],[7.293,48.058],[7.293,48.058],[7.291,48.059],[7.289,48.058],[7.288,48.059],[7.288,48.059],[7.289,48.058],[7.291,48.059],[7.293,48.058],[7.293,48.058],[7.292,48.057],[7.294,48.058],[7.294,48.059],[7.295,48.059],[7.295,48.054],[7.295,48.054],[7.294,48.053],[7.292,48.052],[7.29,48.052],[7.29,48.052],[7.29,48.052],[7.287,48.05],[7.286,48.05],[7.285,48.05]],[[7.287,48.058],[7.287,48.058],[7.287,48.058],[7.287,48.058]],[[7.287,48.058],[7.287,48.058],[7.288,48.058],[7.288,48.058],[7.287,48.058]],[[7.288,48.058],[7.288,48.058],[7.288,48.058],[7.288,48.058]],[[7.288,48.058],[7.288,48.058],[7.288,48.058],[7.288,48.058]],[[7.289,48.058],[7.289,48.058],[7.289,48.058],[7.289,48.058]],[[7.289,48.058],[7.289,48.058],[7.289,48.058],[7.289,48.058]],[[7.289,48.058],[7.289,48.058],[7.289,48.058],[7.289,48.058]],[[7.289,48.058],[7.289,48.058],[7.289,48.058],[7.289,48.058]],[[7.289,48.058],[7.289,48.058],[7.289,48.058],[7.289,48.058],[7.289,48.058],[7.289,48.058]],[[7.289,48.058],[7.289,48.058],[7.289,48.058],[7.289,48.058]],[[7.285,48.066],[7.286,48.066],[7.284,48.066],[7.285,48.066]],[[7.285,48.068],[7.285,48.068],[7.285,48.069],[7.285,48.069],[7.285,48.068]],[[7.287,48.068],[7.286,48.068],[7.286,48.068],[7.287,48.068]],[[7.289,48.062],[7.288,48.061],[7.287,48.061],[7.286,48.06],[7.288,48.061],[7.289,48.062]],[[7.287,48.066],[7.287,48.066],[7.287,48.066],[7.288,48.066],[7.287,48.066]],[[7.287,48.068],[7.287,48.068],[7.287,48.068],[7.287,48.068]],[[7.291,48.059],[7.291,48.059],[7.291,48.059],[7.291,48.059]],[[7.291,48.059],[7.291,48.059],[7.291,48.059],[7.291,48.059]],[[7.295,48.066],[7.295,48.066],[7.295,48.066],[7.295,48.066]]],[[[7.283,48.063],[7.283,48.065],[7.284,48.065],[7.284,48.064],[7.284,48.063],[7.283,48.063]]],[[[7.281,48.065],[7.282,48.065],[7.281,48.065],[7.281,48.065]]],[[[7.287,48.064],[7.289,48.066],[7.293,48.067],[7.29,48.063],[7.287,48.064]]],[[[7.28,48.065],[7.28,48.068],[7.281,48.071],[7.282,48.071],[7.283,48.068],[7.281,48.067],[7.282,48.066],[7.282,48.065],[7.28,48.065]]],[[[7.289,48.07],[7.29,48.071],[7.289,48.07],[7.289,48.07]]],[[[7.287,48.071],[7.287,48.072],[7.289,48.072],[7.288,48.069],[7.287,48.071]]],[[[7.284,48.076],[7.283,48.075],[7.284,48.076],[7.284,48.076]]],[[[7.283,48.075],[7.282,48.075],[7.283,48.076],[7.283,48.076],[7.283,48.075]]],[[[7.277,48.081],[7.276,48.082],[7.277,48.082],[7.278,48.081],[7.278,48.082],[7.279,48.082],[7.28,48.082],[7.28,48.082],[7.281,48.081],[7.283,48.081],[7.283,48.08],[7.283,48.08],[7.282,48.08],[7.281,48.08],[7.28,48.08],[7.278,48.079],[7.281,48.08],[7.283,48.079],[7.283,48.079],[7.285,48.078],[7.283,48.079],[7.284,48.082],[7.286,48.082],[7.287,48.081],[7.285,48.081],[7.284,48.081],[7.285,48.08],[7.287,48.081],[7.287,48.081],[7.289,48.081],[7.291,48.081],[7.292,48.081],[7.294,48.081],[7.297,48.081],[7.299,48.081],[7.3,48.082],[7.292,48.081],[7.289,48.081],[7.287,48.081],[7.287,48.084],[7.288,48.083],[7.288,48.083],[7.289,48.083],[7.289,48.083],[7.291,48.084],[7.296,48.084],[7.296,48.082],[7.296,48.084],[7.301,48.085],[7.301,48.084],[7.302,48.084],[7.301,48.085],[7.302,48.085],[7.304,48.084],[7.304,48.083],[7.305,48.084],[7.305,48.083],[7.306,48.083],[7.304,48.082],[7.303,48.082],[7.302,48.08],[7.306,48.08],[7.302,48.081],[7.306,48.082],[7.305,48.082],[7.306,48.083],[7.312,48.083],[7.311,48.075],[7.306,48.075],[7.311,48.074],[7.31,48.069],[7.31,48.07],[7.306,48.07],[7.305,48.069],[7.304,48.07],[7.303,48.07],[7.302,48.072],[7.301,48.072],[7.301,48.073],[7.3,48.073],[7.3,48.072],[7.298,48.072],[7.298,48.072],[7.298,48.074],[7.299,48.074],[7.3,48.074],[7.302,48.073],[7.303,48.073],[7.3,48.074],[7.298,48.074],[7.298,48.075],[7.298,48.076],[7.298,48.074],[7.293,48.076],[7.282,48.076],[7.279,48.078],[7.274,48.078],[7.272,48.079],[7.273,48.079],[7.274,48.079],[7.274,48.08],[7.273,48.08],[7.272,48.079],[7.271,48.081],[7.276,48.082],[7.276,48.08],[7.277,48.08],[7.279,48.081],[7.279,48.081],[7.279,48.081],[7.277,48.081]],[[7.306,48.082],[7.306,48.081],[7.306,48.081],[7.306,48.082],[7.306,48.083],[7.306,48.082]],[[7.306,48.078],[7.306,48.078],[7.306,48.078],[7.306,48.078]],[[7.306,48.077],[7.306,48.077],[7.306,48.077],[7.306,48.077]],[[7.306,48.074],[7.306,48.074],[7.306,48.075],[7.306,48.074]],[[7.306,48.074],[7.306,48.074],[7.306,48.074],[7.306,48.074]],[[7.306,48.074],[7.306,48.073],[7.306,48.073],[7.306,48.074]],[[7.275,48.08],[7.274,48.08],[7.274,48.08],[7.275,48.08]],[[7.275,48.08],[7.276,48.08],[7.276,48.08],[7.276,48.08],[7.275,48.08]],[[7.301,48.082],[7.301,48.082],[7.301,48.082],[7.301,48.082],[7.301,48.082]],[[7.302,48.082],[7.302,48.082],[7.302,48.082],[7.302,48.082]]],[[[7.285,48.082],[7.286,48.083],[7.286,48.082],[7.285,48.082]]],[[[7.283,48.084],[7.282,48.084],[7.282,48.085],[7.284,48.085],[7.283,48.085],[7.284,48.085],[7.285,48.084],[7.285,48.085],[7.286,48.085],[7.287,48.084],[7.285,48.084],[7.285,48.083],[7.284,48.083],[7.283,48.084]]],[[[7.285,48.089],[7.284,48.089],[7.284,48.089],[7.285,48.089]]],[[[7.283,48.089],[7.283,48.089],[7.284,48.089],[7.283,48.089]]],[[[7.283,48.091],[7.283,48.09],[7.283,48.09],[7.283,48.091]]],[[[7.286,48.09],[7.286,48.09],[7.285,48.09],[7.285,48.09],[7.286,48.09]]],[[[7.284,48.091],[7.284,48.09],[7.284,48.09],[7.284,48.09],[7.284,48.091]]],[[[7.286,48.091],[7.285,48.09],[7.285,48.091],[7.286,48.091]]],[[[7.282,48.091],[7.283,48.091],[7.282,48.091],[7.282,48.091]]],[[[7.283,48.091],[7.283,48.091],[7.283,48.091],[7.283,48.091]]],[[[7.284,48.091],[7.284,48.091],[7.284,48.091],[7.284,48.091]]],[[[7.284,48.091],[7.286,48.092],[7.286,48.091],[7.284,48.091]]],[[[7.296,48.092],[7.287,48.09],[7.287,48.091],[7.286,48.091],[7.286,48.092],[7.286,48.092],[7.287,48.092],[7.286,48.092],[7.288,48.095],[7.289,48.095],[7.291,48.096],[7.293,48.096],[7.296,48.096],[7.299,48.098],[7.3,48.097],[7.3,48.096],[7.302,48.096],[7.301,48.095],[7.3,48.095],[7.299,48.093],[7.296,48.092]],[[7.291,48.093],[7.289,48.094],[7.289,48.094],[7.29,48.093],[7.291,48.093]],[[7.293,48.092],[7.293,48.092],[7.293,48.092],[7.293,48.092]],[[7.288,48.092],[7.288,48.091],[7.288,48.091],[7.288,48.092]],[[7.299,48.097],[7.299,48.097],[7.299,48.097],[7.299,48.097]]],[[[7.289,48.095],[7.288,48.101],[7.293,48.099],[7.295,48.099],[7.295,48.098],[7.297,48.098],[7.296,48.096],[7.29,48.096],[7.289,48.095]]],[[[7.285,48.109],[7.286,48.108],[7.285,48.108],[7.285,48.109]]],[[[7.289,48.118],[7.29,48.117],[7.29,48.117],[7.289,48.118]]],[[[7.296,48.123],[7.295,48.121],[7.295,48.12],[7.293,48.12],[7.292,48.121],[7.291,48.122],[7.291,48.123],[7.289,48.124],[7.29,48.123],[7.291,48.122],[7.294,48.119],[7.296,48.113],[7.296,48.114],[7.298,48.114],[7.299,48.114],[7.299,48.114],[7.296,48.114],[7.294,48.119],[7.293,48.12],[7.303,48.119],[7.302,48.116],[7.296,48.117],[7.302,48.116],[7.302,48.116],[7.302,48.116],[7.301,48.115],[7.299,48.114],[7.299,48.114],[7.302,48.116],[7.302,48.115],[7.302,48.112],[7.302,48.112],[7.301,48.112],[7.294,48.111],[7.29,48.116],[7.29,48.119],[7.29,48.118],[7.286,48.121],[7.287,48.122],[7.285,48.123],[7.286,48.123],[7.286,48.123],[7.288,48.123],[7.287,48.124],[7.285,48.124],[7.288,48.126],[7.288,48.127],[7.291,48.128],[7.301,48.129],[7.301,48.127],[7.302,48.123],[7.293,48.125],[7.292,48.126],[7.289,48.126],[7.296,48.124],[7.296,48.123]],[[7.299,48.111],[7.298,48.111],[7.298,48.111],[7.299,48.111]],[[7.292,48.118],[7.292,48.118],[7.292,48.118],[7.292,48.118]],[[7.288,48.126],[7.288,48.126],[7.288,48.126],[7.288,48.126]],[[7.289,48.125],[7.288,48.126],[7.288,48.125],[7.289,48.125]]],[[[7.285,48.123],[7.286,48.123],[7.286,48.123],[7.285,48.123]]],[[[7.287,48.128],[7.287,48.128],[7.287,48.128],[7.287,48.128]]],[[[7.287,48.134],[7.286,48.134],[7.286,48.135],[7.287,48.134]]],[[[7.288,48.16],[7.291,48.164],[7.293,48.164],[7.294,48.162],[7.295,48.163],[7.296,48.163],[7.292,48.158],[7.29,48.158],[7.288,48.16]],[[7.289,48.159],[7.289,48.159],[7.289,48.159],[7.289,48.159]]],[[[7.295,48.165],[7.295,48.166],[7.295,48.165],[7.295,48.165]]],[[[7.297,48.165],[7.297,48.165],[7.299,48.165],[7.299,48.165],[7.297,48.165]]],[[[7.296,48.166],[7.295,48.166],[7.296,48.166],[7.296,48.166]]],[[[7.29,48.164],[7.289,48.165],[7.29,48.167],[7.292,48.167],[7.29,48.168],[7.291,48.169],[7.292,48.168],[7.294,48.168],[7.294,48.167],[7.293,48.167],[7.292,48.167],[7.294,48.166],[7.294,48.165],[7.293,48.165],[7.294,48.165],[7.294,48.164],[7.295,48.164],[7.295,48.165],[7.295,48.165],[7.295,48.164],[7.295,48.163],[7.29,48.164]]],[[[7.295,48.166],[7.295,48.167],[7.295,48.167],[7.295,48.167],[7.295,48.166]]],[[[7.293,48.17],[7.295,48.167],[7.291,48.169],[7.293,48.17]]],[[[7.295,48.172],[7.293,48.171],[7.294,48.173],[7.295,48.172]]],[[[7.298,48.177],[7.302,48.178],[7.303,48.179],[7.305,48.179],[7.307,48.179],[7.308,48.179],[7.31,48.177],[7.313,48.178],[7.315,48.178],[7.314,48.177],[7.315,48.175],[7.313,48.175],[7.313,48.175],[7.31,48.175],[7.309,48.175],[7.306,48.174],[7.305,48.176],[7.304,48.176],[7.304,48.176],[7.305,48.178],[7.306,48.178],[7.307,48.179],[7.304,48.178],[7.304,48.176],[7.303,48.176],[7.302,48.175],[7.3,48.176],[7.298,48.175],[7.298,48.177]],[[7.299,48.176],[7.299,48.176],[7.299,48.176],[7.299,48.176]]],[[[7.305,48.347],[7.305,48.347],[7.305,48.347],[7.305,48.347]]],[[[7.305,48.347],[7.305,48.348],[7.306,48.348],[7.306,48.348],[7.305,48.347]]],[[[7.305,48.352],[7.308,48.354],[7.312,48.355],[7.31,48.353],[7.311,48.352],[7.309,48.349],[7.306,48.351],[7.304,48.351],[7.305,48.352]],[[7.306,48.352],[7.306,48.352],[7.306,48.352],[7.306,48.352]],[[7.306,48.351],[7.306,48.352],[7.306,48.351],[7.306,48.351]]],[[[7.311,48.355],[7.308,48.356],[7.312,48.356],[7.311,48.355]]],[[[7.317,48.357],[7.313,48.356],[7.309,48.358],[7.308,48.36],[7.309,48.362],[7.312,48.362],[7.314,48.36],[7.318,48.359],[7.317,48.359],[7.315,48.359],[7.317,48.358],[7.317,48.357],[7.316,48.358],[7.316,48.358],[7.314,48.358],[7.312,48.359],[7.314,48.358],[7.317,48.357],[7.314,48.358],[7.317,48.357]],[[7.308,48.36],[7.308,48.36],[7.308,48.36],[7.308,48.36]],[[7.313,48.357],[7.313,48.357],[7.313,48.357],[7.313,48.357]]],[[[7.289,47.955],[7.288,47.955],[7.287,47.955],[7.288,47.955],[7.289,47.955]]],[[[7.285,47.964],[7.286,47.962],[7.283,47.962],[7.281,47.962],[7.279,47.964],[7.281,47.965],[7.28,47.968],[7.282,47.966],[7.283,47.966],[7.285,47.966],[7.286,47.966],[7.285,47.964]],[[7.283,47.962],[7.283,47.962],[7.283,47.962],[7.283,47.962]]],[[[7.289,47.963],[7.285,47.964],[7.287,47.968],[7.286,47.97],[7.287,47.97],[7.29,47.97],[7.294,47.969],[7.294,47.966],[7.294,47.966],[7.294,47.969],[7.294,47.969],[7.3,47.969],[7.299,47.966],[7.3,47.966],[7.299,47.965],[7.298,47.964],[7.299,47.964],[7.298,47.962],[7.295,47.962],[7.295,47.963],[7.295,47.963],[7.293,47.964],[7.293,47.962],[7.291,47.962],[7.293,47.964],[7.293,47.964],[7.293,47.964],[7.293,47.964],[7.291,47.962],[7.289,47.963]]],[[[7.286,47.97],[7.286,47.966],[7.282,47.967],[7.281,47.968],[7.281,47.97],[7.28,47.97],[7.281,47.972],[7.283,47.972],[7.286,47.97],[7.286,47.97]]],[[[7.283,47.982],[7.283,47.984],[7.289,47.981],[7.289,47.982],[7.289,47.982],[7.29,47.982],[7.289,47.981],[7.289,47.981],[7.283,47.982]]],[[[7.289,47.983],[7.29,47.984],[7.29,47.983],[7.289,47.983]]],[[[7.288,47.984],[7.289,47.984],[7.288,47.984],[7.288,47.984]]],[[[7.29,47.985],[7.289,47.986],[7.29,47.986],[7.29,47.985]]],[[[7.289,47.986],[7.288,47.985],[7.288,47.986],[7.289,47.986]]],[[[7.287,47.992],[7.286,47.992],[7.286,47.995],[7.285,47.996],[7.284,47.999],[7.288,48.001],[7.289,48.0],[7.289,47.999],[7.289,48.0],[7.292,48.0],[7.29,47.991],[7.288,47.991],[7.287,47.992]],[[7.291,47.999],[7.29,47.999],[7.29,47.999],[7.291,47.999]],[[7.288,47.998],[7.288,47.998],[7.288,47.998],[7.288,47.998]]],[[[7.288,48.001],[7.288,48.002],[7.291,48.002],[7.29,48.0],[7.288,48.001]]],[[[7.288,48.002],[7.289,48.003],[7.289,48.002],[7.288,48.002]]],[[[7.288,48.003],[7.287,48.005],[7.289,48.006],[7.289,48.003],[7.288,48.003]]],[[[7.287,48.014],[7.287,48.016],[7.286,48.017],[7.284,48.018],[7.285,48.018],[7.283,48.019],[7.284,48.021],[7.286,48.021],[7.284,48.022],[7.285,48.023],[7.289,48.022],[7.291,48.02],[7.294,48.018],[7.292,48.018],[7.292,48.016],[7.29,48.016],[7.292,48.016],[7.292,48.018],[7.294,48.018],[7.299,48.017],[7.293,48.015],[7.293,48.015],[7.287,48.014],[7.287,48.014]]],[[[7.294,48.021],[7.292,48.022],[7.292,48.022],[7.293,48.021],[7.296,48.02],[7.296,48.019],[7.295,48.02],[7.293,48.019],[7.291,48.02],[7.289,48.022],[7.29,48.024],[7.297,48.023],[7.297,48.022],[7.297,48.021],[7.296,48.02],[7.294,48.021],[7.294,48.021],[7.295,48.021],[7.295,48.023],[7.294,48.021]],[[7.292,48.024],[7.292,48.024],[7.292,48.024],[7.292,48.024]]],[[[7.296,48.023],[7.29,48.024],[7.29,48.026],[7.29,48.026],[7.29,48.026],[7.292,48.026],[7.296,48.026],[7.296,48.026],[7.298,48.026],[7.298,48.023],[7.296,48.023]],[[7.295,48.025],[7.295,48.025],[7.295,48.025],[7.295,48.025]]],[[[7.288,48.024],[7.288,48.026],[7.288,48.026],[7.289,48.026],[7.288,48.026],[7.288,48.027],[7.288,48.028],[7.29,48.029],[7.29,48.029],[7.29,48.03],[7.29,48.03],[7.291,48.031],[7.293,48.032],[7.292,48.031],[7.291,48.031],[7.289,48.031],[7.289,48.033],[7.289,48.033],[7.29,48.033],[7.29,48.033],[7.293,48.033],[7.294,48.034],[7.294,48.033],[7.295,48.031],[7.293,48.03],[7.295,48.03],[7.294,48.03],[7.294,48.029],[7.295,48.029],[7.294,48.029],[7.295,48.031],[7.295,48.035],[7.297,48.036],[7.297,48.037],[7.298,48.036],[7.298,48.036],[7.298,48.035],[7.298,48.035],[7.298,48.032],[7.298,48.032],[7.298,48.031],[7.296,48.031],[7.298,48.031],[7.3,48.032],[7.3,48.031],[7.3,48.031],[7.299,48.03],[7.299,48.03],[7.299,48.03],[7.298,48.03],[7.298,48.03],[7.298,48.03],[7.297,48.029],[7.297,48.029],[7.298,48.03],[7.298,48.03],[7.299,48.03],[7.299,48.03],[7.3,48.031],[7.301,48.031],[7.3,48.031],[7.3,48.032],[7.301,48.032],[7.3,48.032],[7.3,48.033],[7.301,48.034],[7.301,48.034],[7.298,48.034],[7.298,48.035],[7.298,48.035],[7.298,48.036],[7.298,48.037],[7.301,48.036],[7.303,48.037],[7.303,48.032],[7.304,48.032],[7.304,48.035],[7.307,48.035],[7.307,48.034],[7.307,48.032],[7.307,48.032],[7.307,48.032],[7.308,48.032],[7.309,48.032],[7.312,48.032],[7.311,48.031],[7.308,48.031],[7.308,48.03],[7.307,48.03],[7.307,48.03],[7.306,48.03],[7.306,48.031],[7.306,48.032],[7.306,48.031],[7.306,48.03],[7.306,48.029],[7.304,48.029],[7.303,48.029],[7.303,48.03],[7.303,48.031],[7.303,48.029],[7.301,48.029],[7.301,48.03],[7.301,48.028],[7.299,48.027],[7.297,48.027],[7.296,48.028],[7.296,48.027],[7.295,48.029],[7.294,48.028],[7.294,48.028],[7.294,48.028],[7.293,48.028],[7.292,48.028],[7.291,48.027],[7.29,48.027],[7.29,48.027],[7.289,48.027],[7.289,48.027],[7.294,48.028],[7.295,48.029],[7.296,48.027],[7.297,48.027],[7.299,48.027],[7.296,48.026],[7.292,48.026],[7.29,48.027],[7.29,48.024],[7.288,48.024]],[[7.289,48.027],[7.289,48.027],[7.289,48.027],[7.289,48.027]],[[7.297,48.029],[7.297,48.029],[7.297,48.029],[7.297,48.029]],[[7.295,48.029],[7.295,48.029],[7.296,48.029],[7.295,48.029]],[[7.289,48.026],[7.289,48.026],[7.289,48.026],[7.289,48.026]],[[7.294,48.028],[7.294,48.028],[7.294,48.028],[7.294,48.028]],[[7.301,48.031],[7.302,48.031],[7.301,48.031],[7.301,48.031]],[[7.302,48.032],[7.303,48.032],[7.302,48.032],[7.302,48.032]],[[7.303,48.032],[7.303,48.032],[7.303,48.032],[7.303,48.032]],[[7.303,48.032],[7.303,48.032],[7.303,48.032],[7.303,48.032]],[[7.304,48.032],[7.304,48.032],[7.303,48.032],[7.304,48.032]],[[7.305,48.032],[7.305,48.032],[7.305,48.032],[7.305,48.032]],[[7.305,48.032],[7.305,48.032],[7.305,48.032],[7.305,48.032]],[[7.305,48.032],[7.305,48.032],[7.305,48.032],[7.305,48.032]],[[7.306,48.032],[7.306,48.032],[7.306,48.032],[7.306,48.032]],[[7.306,48.032],[7.306,48.032],[7.306,48.032],[7.306,48.032]],[[7.299,48.03],[7.299,48.03],[7.299,48.03],[7.299,48.03]]],[[[7.287,48.029],[7.287,48.032],[7.292,48.031],[7.29,48.03],[7.287,48.029],[7.287,48.029]]],[[[7.29,48.034],[7.285,48.034],[7.285,48.035],[7.289,48.035],[7.295,48.035],[7.293,48.033],[7.289,48.033],[7.29,48.034]]],[[[7.287,48.035],[7.29,48.036],[7.289,48.037],[7.29,48.037],[7.291,48.038],[7.292,48.038],[7.294,48.038],[7.294,48.038],[7.294,48.035],[7.289,48.035],[7.287,48.035]]],[[[7.288,48.037],[7.283,48.038],[7.285,48.041],[7.288,48.041],[7.288,48.04],[7.287,48.04],[7.287,48.04],[7.287,48.039],[7.286,48.039],[7.286,48.038],[7.286,48.038],[7.285,48.038],[7.285,48.038],[7.285,48.038],[7.285,48.038],[7.286,48.038],[7.286,48.038],[7.287,48.039],[7.287,48.039],[7.291,48.039],[7.293,48.039],[7.293,48.04],[7.295,48.04],[7.295,48.04],[7.297,48.041],[7.299,48.041],[7.299,48.039],[7.298,48.039],[7.296,48.038],[7.296,48.04],[7.296,48.038],[7.295,48.038],[7.292,48.038],[7.288,48.037]]],[[[7.287,48.039],[7.287,48.04],[7.288,48.04],[7.288,48.041],[7.291,48.041],[7.292,48.04],[7.293,48.04],[7.292,48.039],[7.287,48.039]]],[[[7.292,48.04],[7.292,48.041],[7.295,48.041],[7.298,48.043],[7.298,48.042],[7.297,48.042],[7.297,48.041],[7.297,48.041],[7.297,48.041],[7.295,48.04],[7.292,48.04]]],[[[7.297,48.047],[7.292,48.048],[7.288,48.048],[7.288,48.051],[7.293,48.053],[7.294,48.053],[7.295,48.053],[7.295,48.052],[7.295,48.05],[7.295,48.049],[7.295,48.048],[7.294,48.048],[7.294,48.048],[7.294,48.048],[7.294,48.048],[7.299,48.049],[7.299,48.048],[7.299,48.047],[7.298,48.046],[7.297,48.047]],[[7.293,48.048],[7.293,48.048],[7.293,48.048],[7.293,48.048]],[[7.293,48.048],[7.293,48.048],[7.293,48.048],[7.293,48.048]]],[[[7.296,48.057],[7.297,48.054],[7.295,48.054],[7.296,48.055],[7.295,48.056],[7.296,48.057]]],[[[7.295,48.059],[7.296,48.059],[7.298,48.058],[7.296,48.058],[7.296,48.058],[7.295,48.058],[7.295,48.059]]],[[[7.295,48.059],[7.296,48.062],[7.297,48.062],[7.298,48.061],[7.296,48.061],[7.297,48.059],[7.296,48.059],[7.295,48.059]]],[[[7.297,48.062],[7.294,48.064],[7.297,48.066],[7.297,48.062]]],[[[7.292,48.069],[7.293,48.068],[7.292,48.068],[7.292,48.069]]],[[[7.294,48.069],[7.294,48.069],[7.294,48.069],[7.294,48.069]]],[[[7.295,48.068],[7.296,48.07],[7.297,48.07],[7.295,48.068],[7.295,48.068]]],[[[7.293,48.069],[7.291,48.069],[7.292,48.071],[7.292,48.07],[7.294,48.071],[7.294,48.07],[7.293,48.069]]],[[[7.295,48.07],[7.295,48.069],[7.294,48.069],[7.295,48.07]]],[[[7.29,48.07],[7.291,48.071],[7.29,48.07],[7.29,48.07]]],[[[7.293,48.071],[7.293,48.071],[7.293,48.071],[7.293,48.071]]],[[[7.297,48.073],[7.297,48.073],[7.297,48.074],[7.297,48.074],[7.298,48.074],[7.298,48.074],[7.297,48.073]],[[7.297,48.074],[7.297,48.074],[7.297,48.074],[7.297,48.074]]],[[[7.287,48.084],[7.287,48.085],[7.289,48.084],[7.291,48.084],[7.288,48.085],[7.288,48.085],[7.293,48.087],[7.297,48.087],[7.297,48.086],[7.302,48.086],[7.302,48.085],[7.301,48.085],[7.301,48.085],[7.3,48.085],[7.299,48.084],[7.291,48.084],[7.291,48.084],[7.291,48.084],[7.289,48.083],[7.287,48.084]],[[7.29,48.085],[7.29,48.086],[7.29,48.086],[7.29,48.086],[7.29,48.085]]],[[[7.299,48.09],[7.302,48.089],[7.297,48.089],[7.297,48.09],[7.297,48.09],[7.299,48.091],[7.302,48.091],[7.306,48.093],[7.307,48.092],[7.305,48.092],[7.307,48.092],[7.307,48.09],[7.309,48.09],[7.309,48.092],[7.308,48.092],[7.308,48.093],[7.308,48.093],[7.307,48.093],[7.31,48.092],[7.311,48.092],[7.31,48.09],[7.314,48.09],[7.314,48.091],[7.315,48.09],[7.316,48.09],[7.315,48.089],[7.315,48.089],[7.314,48.089],[7.313,48.089],[7.312,48.089],[7.31,48.089],[7.309,48.089],[7.308,48.089],[7.307,48.089],[7.304,48.089],[7.304,48.089],[7.301,48.089],[7.301,48.089],[7.302,48.089],[7.302,48.089],[7.301,48.09],[7.299,48.09]],[[7.299,48.09],[7.299,48.09],[7.299,48.09],[7.299,48.09]],[[7.305,48.091],[7.305,48.091],[7.305,48.091],[7.305,48.091],[7.305,48.091]]],[[[7.297,48.098],[7.299,48.098],[7.3,48.098],[7.3,48.098],[7.297,48.098]]],[[[7.295,48.098],[7.295,48.098],[7.295,48.098],[7.295,48.098]]],[[[7.301,48.098],[7.299,48.098],[7.298,48.1],[7.299,48.098],[7.296,48.098],[7.295,48.099],[7.296,48.1],[7.297,48.101],[7.298,48.105],[7.3,48.105],[7.299,48.106],[7.303,48.103],[7.302,48.101],[7.301,48.098]]],[[[7.299,48.107],[7.298,48.107],[7.299,48.107],[7.299,48.107]]],[[[7.304,48.106],[7.299,48.107],[7.296,48.111],[7.301,48.112],[7.302,48.11],[7.304,48.106]]],[[[7.294,48.111],[7.296,48.111],[7.297,48.109],[7.294,48.111]]],[[[7.303,48.119],[7.295,48.12],[7.296,48.124],[7.302,48.123],[7.303,48.119]]],[[[7.3,48.13],[7.301,48.13],[7.301,48.129],[7.3,48.129],[7.3,48.13]]],[[[7.29,48.132],[7.29,48.135],[7.292,48.135],[7.294,48.134],[7.293,48.133],[7.301,48.132],[7.302,48.131],[7.301,48.132],[7.301,48.13],[7.295,48.13],[7.291,48.131],[7.294,48.131],[7.292,48.131],[7.293,48.131],[7.29,48.132]],[[7.298,48.131],[7.293,48.133],[7.293,48.132],[7.293,48.133],[7.298,48.131]]],[[[7.3,48.133],[7.3,48.133],[7.3,48.133],[7.3,48.133]]],[[[7.302,48.135],[7.302,48.135],[7.302,48.135],[7.302,48.135]]],[[[7.301,48.135],[7.301,48.135],[7.301,48.135],[7.301,48.135]]],[[[7.301,48.136],[7.302,48.136],[7.302,48.136],[7.301,48.136]]],[[[7.297,48.136],[7.297,48.137],[7.298,48.137],[7.297,48.136]]],[[[7.3,48.137],[7.3,48.137],[7.3,48.137],[7.3,48.137]]],[[[7.301,48.137],[7.301,48.137],[7.301,48.137],[7.301,48.137]]],[[[7.298,48.156],[7.293,48.158],[7.295,48.161],[7.296,48.163],[7.298,48.162],[7.301,48.161],[7.298,48.162],[7.297,48.164],[7.301,48.165],[7.301,48.166],[7.304,48.165],[7.306,48.164],[7.311,48.16],[7.31,48.16],[7.304,48.16],[7.301,48.16],[7.301,48.161],[7.301,48.162],[7.301,48.163],[7.306,48.163],[7.302,48.163],[7.301,48.163],[7.301,48.162],[7.3,48.16],[7.3,48.159],[7.298,48.156]],[[7.305,48.16],[7.305,48.16],[7.305,48.16],[7.305,48.16]],[[7.305,48.16],[7.305,48.16],[7.305,48.16],[7.305,48.16]],[[7.304,48.164],[7.304,48.163],[7.304,48.163],[7.304,48.164]]],[[[7.299,48.165],[7.299,48.165],[7.299,48.165],[7.299,48.165]]],[[[7.3,48.165],[7.301,48.165],[7.3,48.165],[7.3,48.165]]],[[[7.305,48.165],[7.305,48.165],[7.304,48.166],[7.305,48.165]]],[[[7.295,48.168],[7.293,48.17],[7.295,48.171],[7.296,48.173],[7.298,48.172],[7.299,48.173],[7.302,48.172],[7.304,48.172],[7.307,48.172],[7.309,48.173],[7.307,48.173],[7.307,48.172],[7.304,48.172],[7.304,48.172],[7.309,48.175],[7.313,48.175],[7.309,48.174],[7.309,48.173],[7.312,48.173],[7.311,48.17],[7.308,48.171],[7.301,48.171],[7.301,48.17],[7.308,48.171],[7.31,48.17],[7.311,48.17],[7.312,48.173],[7.317,48.172],[7.316,48.171],[7.316,48.171],[7.317,48.171],[7.316,48.17],[7.316,48.17],[7.314,48.168],[7.309,48.168],[7.307,48.166],[7.304,48.166],[7.304,48.167],[7.303,48.166],[7.301,48.167],[7.301,48.167],[7.295,48.168]],[[7.295,48.171],[7.295,48.171],[7.295,48.171],[7.295,48.171]],[[7.306,48.166],[7.305,48.166],[7.305,48.166],[7.306,48.166]],[[7.302,48.167],[7.302,48.167],[7.302,48.167],[7.302,48.167]],[[7.302,48.167],[7.302,48.167],[7.302,48.167],[7.302,48.167]],[[7.3,48.167],[7.3,48.167],[7.3,48.167],[7.3,48.167]],[[7.295,48.17],[7.295,48.17],[7.295,48.17],[7.295,48.17]],[[7.302,48.172],[7.302,48.172],[7.302,48.172],[7.302,48.172]],[[7.302,48.171],[7.302,48.171],[7.302,48.171],[7.302,48.171]],[[7.302,48.171],[7.302,48.171],[7.302,48.171],[7.302,48.171]],[[7.302,48.171],[7.301,48.171],[7.302,48.171],[7.302,48.171]],[[7.31,48.169],[7.31,48.169],[7.31,48.169],[7.31,48.169]],[[7.309,48.175],[7.309,48.175],[7.309,48.175],[7.309,48.175]],[[7.309,48.174],[7.309,48.174],[7.309,48.174],[7.309,48.174]],[[7.309,48.174],[7.309,48.174],[7.309,48.174],[7.309,48.174]]],[[[7.303,48.174],[7.303,48.175],[7.305,48.176],[7.305,48.174],[7.303,48.174]]],[[[7.299,48.18],[7.3,48.181],[7.301,48.18],[7.299,48.18]]],[[[7.307,48.18],[7.303,48.179],[7.301,48.18],[7.302,48.182],[7.303,48.182],[7.305,48.185],[7.309,48.186],[7.31,48.185],[7.309,48.183],[7.308,48.182],[7.306,48.181],[7.308,48.181],[7.307,48.18]]],[[[7.303,48.199],[7.304,48.199],[7.304,48.198],[7.303,48.199]]],[[[7.3,47.967],[7.3,47.967],[7.299,47.966],[7.3,47.967]]],[[[7.302,47.968],[7.3,47.967],[7.301,47.969],[7.302,47.968]]],[[[7.293,47.976],[7.295,47.976],[7.295,47.969],[7.294,47.969],[7.293,47.976]]],[[[7.295,47.976],[7.294,47.976],[7.294,47.977],[7.295,47.976]]],[[[7.295,47.979],[7.295,47.978],[7.294,47.979],[7.295,47.979]]],[[[7.295,47.979],[7.294,47.979],[7.294,47.98],[7.295,47.979]]],[[[7.292,47.981],[7.293,47.981],[7.293,47.981],[7.292,47.981]]],[[[7.3,47.978],[7.295,47.979],[7.295,47.98],[7.297,47.979],[7.298,47.979],[7.299,47.979],[7.295,47.98],[7.293,47.987],[7.293,47.985],[7.292,47.986],[7.291,47.987],[7.291,47.988],[7.293,47.988],[7.294,47.989],[7.296,47.99],[7.3,47.989],[7.3,47.986],[7.3,47.986],[7.299,47.986],[7.301,47.985],[7.302,47.981],[7.3,47.978]],[[7.293,47.987],[7.294,47.987],[7.293,47.987],[7.293,47.987]],[[7.296,47.987],[7.296,47.987],[7.296,47.987],[7.296,47.987]],[[7.296,47.987],[7.298,47.987],[7.299,47.986],[7.299,47.986],[7.296,47.987]]],[[[7.294,47.989],[7.295,47.99],[7.296,47.99],[7.294,47.989]]],[[[7.305,48.012],[7.302,48.013],[7.302,48.014],[7.302,48.013],[7.296,48.011],[7.292,48.012],[7.292,48.014],[7.293,48.015],[7.297,48.016],[7.299,48.017],[7.299,48.018],[7.299,48.018],[7.298,48.019],[7.298,48.019],[7.299,48.019],[7.296,48.019],[7.297,48.021],[7.297,48.021],[7.299,48.021],[7.299,48.021],[7.302,48.021],[7.3,48.019],[7.301,48.019],[7.302,48.019],[7.3,48.019],[7.302,48.021],[7.303,48.021],[7.304,48.021],[7.304,48.022],[7.305,48.022],[7.305,48.022],[7.302,48.022],[7.302,48.024],[7.303,48.025],[7.303,48.025],[7.304,48.025],[7.304,48.025],[7.303,48.025],[7.302,48.025],[7.302,48.026],[7.305,48.027],[7.307,48.027],[7.311,48.027],[7.312,48.023],[7.309,48.024],[7.306,48.024],[7.308,48.024],[7.308,48.021],[7.308,48.021],[7.308,48.02],[7.306,48.021],[7.306,48.021],[7.305,48.021],[7.303,48.017],[7.301,48.018],[7.301,48.018],[7.306,48.017],[7.305,48.015],[7.304,48.016],[7.304,48.016],[7.305,48.015],[7.306,48.017],[7.308,48.017],[7.307,48.015],[7.306,48.014],[7.307,48.014],[7.306,48.013],[7.303,48.015],[7.304,48.015],[7.304,48.015],[7.303,48.015],[7.303,48.015],[7.303,48.015],[7.301,48.016],[7.301,48.017],[7.301,48.017],[7.301,48.016],[7.3,48.016],[7.3,48.016],[7.304,48.014],[7.303,48.013],[7.304,48.014],[7.306,48.013],[7.305,48.012]],[[7.301,48.018],[7.302,48.019],[7.301,48.018],[7.301,48.018]],[[7.3,48.013],[7.3,48.013],[7.3,48.013],[7.3,48.013]],[[7.306,48.025],[7.305,48.024],[7.304,48.024],[7.306,48.025]],[[7.306,48.024],[7.306,48.024],[7.306,48.024],[7.306,48.024]],[[7.306,48.024],[7.306,48.024],[7.306,48.024],[7.306,48.024]],[[7.306,48.024],[7.306,48.024],[7.306,48.024],[7.306,48.024]],[[7.306,48.024],[7.306,48.024],[7.306,48.024],[7.306,48.024]],[[7.306,48.023],[7.306,48.023],[7.306,48.024],[7.306,48.023]],[[7.306,48.023],[7.306,48.023],[7.306,48.023],[7.306,48.023]],[[7.306,48.023],[7.306,48.023],[7.306,48.023],[7.306,48.023]],[[7.305,48.023],[7.305,48.023],[7.305,48.023],[7.305,48.023]],[[7.305,48.023],[7.305,48.023],[7.305,48.023],[7.305,48.023]],[[7.305,48.023],[7.305,48.023],[7.305,48.023],[7.305,48.023]],[[7.305,48.023],[7.305,48.023],[7.305,48.023],[7.305,48.023]],[[7.305,48.023],[7.305,48.023],[7.305,48.023],[7.305,48.023]],[[7.305,48.022],[7.305,48.022],[7.305,48.022],[7.305,48.022]],[[7.305,48.022],[7.305,48.022],[7.305,48.022],[7.305,48.022]],[[7.306,48.025],[7.306,48.025],[7.306,48.025],[7.306,48.025]],[[7.306,48.025],[7.306,48.025],[7.306,48.025],[7.306,48.025]],[[7.306,48.025],[7.306,48.025],[7.306,48.025],[7.306,48.025]],[[7.308,48.025],[7.309,48.025],[7.309,48.025],[7.308,48.025]],[[7.307,48.026],[7.307,48.026],[7.306,48.026],[7.307,48.026]]],[[[7.298,48.018],[7.297,48.019],[7.297,48.019],[7.298,48.019],[7.298,48.018]]],[[[7.294,48.019],[7.295,48.019],[7.295,48.018],[7.294,48.019]]],[[[7.302,48.021],[7.304,48.022],[7.304,48.022],[7.302,48.021]]],[[[7.302,48.022],[7.297,48.021],[7.298,48.023],[7.302,48.022]]],[[[7.301,48.022],[7.298,48.023],[7.298,48.024],[7.299,48.024],[7.3,48.024],[7.298,48.024],[7.298,48.026],[7.301,48.027],[7.301,48.022]]],[[[7.301,48.029],[7.306,48.029],[7.306,48.03],[7.308,48.03],[7.308,48.031],[7.311,48.031],[7.311,48.03],[7.311,48.027],[7.31,48.027],[7.306,48.027],[7.306,48.027],[7.305,48.027],[7.302,48.026],[7.301,48.029]],[[7.306,48.027],[7.306,48.028],[7.306,48.028],[7.306,48.028],[7.306,48.027]]],[[[7.298,48.032],[7.298,48.034],[7.301,48.034],[7.3,48.032],[7.3,48.032],[7.298,48.032]]],[[[7.294,48.035],[7.294,48.038],[7.295,48.038],[7.297,48.038],[7.298,48.039],[7.299,48.039],[7.296,48.036],[7.294,48.035]]],[[[7.303,48.037],[7.297,48.037],[7.299,48.039],[7.3,48.039],[7.302,48.038],[7.304,48.038],[7.303,48.037]]],[[[7.303,48.039],[7.3,48.039],[7.304,48.04],[7.304,48.041],[7.305,48.041],[7.306,48.041],[7.305,48.039],[7.304,48.039],[7.303,48.039]]],[[[7.3,48.039],[7.299,48.041],[7.305,48.041],[7.304,48.04],[7.3,48.039]]],[[[7.307,48.041],[7.307,48.041],[7.307,48.041],[7.307,48.041]]],[[[7.307,48.041],[7.305,48.041],[7.307,48.041],[7.307,48.041]]],[[[7.302,48.044],[7.302,48.043],[7.301,48.044],[7.302,48.044]]],[[[7.301,48.044],[7.3,48.044],[7.301,48.044],[7.301,48.044]]],[[[7.3,48.044],[7.299,48.044],[7.3,48.044],[7.3,48.044]]],[[[7.306,48.044],[7.306,48.044],[7.306,48.044],[7.306,48.044]]],[[[7.307,48.045],[7.307,48.045],[7.307,48.045],[7.307,48.045]]],[[[7.304,48.045],[7.305,48.045],[7.305,48.045],[7.304,48.045]]],[[[7.305,48.045],[7.306,48.046],[7.304,48.046],[7.305,48.047],[7.304,48.048],[7.307,48.048],[7.306,48.047],[7.307,48.047],[7.306,48.046],[7.307,48.046],[7.306,48.045],[7.306,48.045],[7.305,48.045]]],[[[7.299,48.044],[7.299,48.046],[7.3,48.046],[7.302,48.046],[7.302,48.05],[7.301,48.051],[7.302,48.051],[7.301,48.051],[7.301,48.05],[7.3,48.05],[7.3,48.05],[7.3,48.05],[7.299,48.05],[7.299,48.05],[7.299,48.05],[7.301,48.05],[7.301,48.046],[7.299,48.046],[7.299,48.049],[7.295,48.049],[7.295,48.053],[7.298,48.054],[7.298,48.053],[7.3,48.052],[7.3,48.053],[7.305,48.054],[7.304,48.057],[7.306,48.057],[7.306,48.055],[7.31,48.054],[7.311,48.051],[7.308,48.051],[7.311,48.051],[7.311,48.049],[7.309,48.05],[7.307,48.048],[7.308,48.049],[7.307,48.049],[7.307,48.05],[7.307,48.051],[7.307,48.051],[7.307,48.048],[7.304,48.048],[7.304,48.05],[7.304,48.051],[7.304,48.052],[7.305,48.052],[7.305,48.053],[7.302,48.053],[7.305,48.053],[7.303,48.05],[7.304,48.05],[7.303,48.047],[7.304,48.047],[7.304,48.045],[7.305,48.045],[7.305,48.044],[7.304,48.044],[7.301,48.044],[7.302,48.046],[7.301,48.045],[7.301,48.044],[7.299,48.044]],[[7.303,48.05],[7.303,48.05],[7.303,48.05],[7.303,48.05]],[[7.303,48.045],[7.304,48.044],[7.304,48.045],[7.303,48.045]],[[7.305,48.051],[7.305,48.051],[7.305,48.051],[7.305,48.051]],[[7.306,48.051],[7.306,48.051],[7.305,48.051],[7.306,48.051]],[[7.306,48.051],[7.306,48.051],[7.306,48.051],[7.306,48.051]],[[7.306,48.051],[7.306,48.051],[7.306,48.051],[7.306,48.051]],[[7.307,48.051],[7.307,48.051],[7.307,48.051],[7.307,48.051]]],[[[7.299,48.054],[7.3,48.053],[7.299,48.054],[7.299,48.054]]],[[[7.306,48.055],[7.306,48.055],[7.306,48.055],[7.306,48.055]]],[[[7.301,48.056],[7.301,48.055],[7.3,48.054],[7.299,48.056],[7.301,48.056]]],[[[7.301,48.056],[7.302,48.056],[7.301,48.056],[7.301,48.056]]],[[[7.299,48.057],[7.3,48.057],[7.301,48.057],[7.299,48.057]]],[[[7.3,48.058],[7.3,48.058],[7.3,48.058],[7.3,48.058]]],[[[7.301,48.057],[7.3,48.058],[7.301,48.059],[7.302,48.059],[7.302,48.06],[7.303,48.059],[7.304,48.06],[7.304,48.058],[7.304,48.06],[7.305,48.06],[7.304,48.061],[7.306,48.061],[7.306,48.057],[7.301,48.057]]],[[[7.297,48.059],[7.296,48.06],[7.298,48.06],[7.298,48.06],[7.298,48.059],[7.297,48.059]]],[[[7.306,48.061],[7.305,48.061],[7.306,48.061],[7.306,48.061]]],[[[7.299,48.059],[7.299,48.06],[7.3,48.061],[7.302,48.061],[7.302,48.062],[7.302,48.062],[7.302,48.063],[7.302,48.063],[7.298,48.062],[7.298,48.064],[7.3,48.065],[7.302,48.063],[7.3,48.065],[7.298,48.064],[7.297,48.066],[7.298,48.069],[7.301,48.068],[7.303,48.064],[7.302,48.067],[7.309,48.068],[7.307,48.063],[7.306,48.063],[7.306,48.062],[7.304,48.062],[7.303,48.062],[7.304,48.062],[7.302,48.06],[7.301,48.06],[7.301,48.059],[7.299,48.059]],[[7.302,48.063],[7.302,48.063],[7.302,48.063],[7.302,48.063]],[[7.302,48.063],[7.302,48.063],[7.302,48.063],[7.302,48.063]],[[7.302,48.063],[7.302,48.063],[7.302,48.063],[7.302,48.063]],[[7.303,48.064],[7.303,48.064],[7.303,48.064],[7.303,48.064]],[[7.304,48.064],[7.304,48.064],[7.304,48.064],[7.304,48.064]],[[7.305,48.064],[7.305,48.064],[7.305,48.064],[7.305,48.064]],[[7.305,48.064],[7.306,48.063],[7.306,48.063],[7.305,48.064]],[[7.306,48.063],[7.306,48.063],[7.306,48.063],[7.306,48.063]]],[[[7.299,48.06],[7.298,48.062],[7.302,48.063],[7.302,48.061],[7.299,48.06]]],[[[7.309,48.064],[7.309,48.064],[7.309,48.063],[7.308,48.063],[7.309,48.064]]],[[[7.309,48.066],[7.308,48.065],[7.309,48.067],[7.309,48.066]]],[[[7.309,48.067],[7.309,48.068],[7.309,48.068],[7.309,48.067]]],[[[7.306,48.068],[7.307,48.067],[7.306,48.067],[7.306,48.068]]],[[[7.309,48.084],[7.312,48.083],[7.307,48.083],[7.309,48.084]]],[[[7.308,48.084],[7.31,48.085],[7.31,48.084],[7.308,48.084]]],[[[7.306,48.084],[7.303,48.084],[7.303,48.086],[7.304,48.085],[7.306,48.085],[7.306,48.084]]],[[[7.302,48.086],[7.303,48.086],[7.303,48.084],[7.302,48.085],[7.302,48.086]]],[[[7.308,48.088],[7.309,48.087],[7.306,48.087],[7.305,48.087],[7.304,48.088],[7.302,48.087],[7.302,48.088],[7.296,48.088],[7.297,48.089],[7.299,48.089],[7.308,48.088]],[[7.304,48.088],[7.304,48.088],[7.304,48.088],[7.304,48.088]],[[7.304,48.088],[7.304,48.088],[7.304,48.088],[7.304,48.088],[7.304,48.088]],[[7.304,48.088],[7.304,48.088],[7.304,48.088],[7.304,48.088]]],[[[7.309,48.088],[7.311,48.088],[7.311,48.087],[7.31,48.087],[7.309,48.088]]],[[[7.304,48.089],[7.307,48.089],[7.307,48.089],[7.309,48.089],[7.309,48.088],[7.304,48.089]]],[[[7.309,48.093],[7.309,48.093],[7.309,48.093],[7.309,48.093]]],[[[7.302,48.1],[7.302,48.1],[7.302,48.1],[7.302,48.1]]],[[[7.303,48.1],[7.303,48.1],[7.303,48.1],[7.303,48.1]]],[[[7.304,48.101],[7.303,48.101],[7.304,48.101],[7.304,48.101]]],[[[7.304,48.101],[7.305,48.102],[7.304,48.103],[7.303,48.102],[7.304,48.104],[7.299,48.107],[7.304,48.106],[7.301,48.112],[7.302,48.112],[7.303,48.119],[7.304,48.119],[7.303,48.119],[7.302,48.125],[7.301,48.127],[7.301,48.128],[7.301,48.128],[7.301,48.128],[7.301,48.128],[7.301,48.128],[7.301,48.129],[7.31,48.129],[7.31,48.127],[7.313,48.127],[7.31,48.121],[7.306,48.118],[7.31,48.121],[7.312,48.125],[7.317,48.124],[7.316,48.12],[7.313,48.12],[7.311,48.118],[7.31,48.118],[7.31,48.119],[7.309,48.119],[7.309,48.118],[7.311,48.117],[7.31,48.115],[7.309,48.115],[7.309,48.115],[7.31,48.115],[7.309,48.111],[7.308,48.109],[7.306,48.107],[7.306,48.105],[7.307,48.104],[7.307,48.104],[7.306,48.105],[7.306,48.107],[7.312,48.108],[7.315,48.107],[7.309,48.101],[7.306,48.102],[7.307,48.103],[7.304,48.101]],[[7.302,48.128],[7.302,48.128],[7.301,48.128],[7.302,48.128]],[[7.306,48.107],[7.305,48.108],[7.305,48.108],[7.305,48.107],[7.306,48.107]],[[7.306,48.111],[7.305,48.113],[7.305,48.111],[7.306,48.111]]],[[[7.307,48.107],[7.308,48.109],[7.309,48.109],[7.309,48.111],[7.311,48.111],[7.309,48.108],[7.307,48.107]]],[[[7.314,48.141],[7.309,48.143],[7.308,48.142],[7.304,48.144],[7.308,48.145],[7.312,48.146],[7.313,48.147],[7.315,48.147],[7.309,48.147],[7.311,48.151],[7.312,48.151],[7.312,48.15],[7.313,48.151],[7.315,48.151],[7.315,48.15],[7.314,48.151],[7.314,48.151],[7.314,48.15],[7.318,48.149],[7.317,48.148],[7.317,48.148],[7.316,48.145],[7.316,48.142],[7.314,48.141]],[[7.316,48.147],[7.316,48.147],[7.316,48.147],[7.316,48.147]],[[7.315,48.147],[7.315,48.147],[7.315,48.147],[7.315,48.147]],[[7.311,48.15],[7.311,48.151],[7.311,48.151],[7.311,48.15]],[[7.315,48.149],[7.315,48.149],[7.315,48.149],[7.315,48.149]]],[[[7.308,48.145],[7.304,48.144],[7.303,48.144],[7.304,48.147],[7.307,48.147],[7.313,48.147],[7.308,48.145]]],[[[7.309,48.147],[7.304,48.147],[7.308,48.153],[7.312,48.151],[7.311,48.151],[7.309,48.147]]],[[[7.315,48.15],[7.315,48.151],[7.315,48.15],[7.315,48.15]]],[[[7.316,48.151],[7.316,48.151],[7.316,48.151],[7.316,48.151]]],[[[7.313,48.151],[7.312,48.152],[7.317,48.152],[7.317,48.151],[7.316,48.151],[7.315,48.151],[7.313,48.151]]],[[[7.316,48.152],[7.311,48.153],[7.307,48.154],[7.308,48.156],[7.311,48.156],[7.318,48.157],[7.318,48.156],[7.318,48.155],[7.319,48.153],[7.319,48.152],[7.317,48.152],[7.316,48.153],[7.316,48.152]]],[[[7.31,48.161],[7.307,48.164],[7.308,48.163],[7.312,48.164],[7.313,48.165],[7.314,48.164],[7.317,48.162],[7.317,48.161],[7.316,48.161],[7.316,48.16],[7.317,48.162],[7.318,48.161],[7.318,48.157],[7.311,48.156],[7.311,48.159],[7.311,48.161],[7.312,48.16],[7.312,48.161],[7.311,48.16],[7.31,48.161]],[[7.312,48.163],[7.312,48.164],[7.312,48.164],[7.312,48.163]],[[7.316,48.16],[7.316,48.16],[7.316,48.16],[7.316,48.16]],[[7.317,48.162],[7.317,48.162],[7.317,48.162],[7.317,48.162]],[[7.31,48.162],[7.31,48.161],[7.31,48.161],[7.31,48.162]]],[[[7.306,48.165],[7.306,48.165],[7.306,48.165],[7.306,48.165]]],[[[7.306,48.165],[7.306,48.165],[7.307,48.165],[7.307,48.166],[7.307,48.166],[7.307,48.166],[7.307,48.166],[7.307,48.166],[7.309,48.167],[7.314,48.168],[7.319,48.171],[7.318,48.17],[7.32,48.169],[7.318,48.169],[7.318,48.168],[7.318,48.168],[7.317,48.167],[7.317,48.167],[7.318,48.167],[7.318,48.166],[7.318,48.166],[7.319,48.167],[7.32,48.168],[7.319,48.167],[7.32,48.168],[7.322,48.168],[7.322,48.169],[7.325,48.169],[7.328,48.168],[7.328,48.167],[7.328,48.167],[7.327,48.166],[7.328,48.166],[7.328,48.168],[7.327,48.169],[7.33,48.173],[7.333,48.176],[7.333,48.177],[7.333,48.177],[7.333,48.178],[7.334,48.179],[7.335,48.179],[7.336,48.18],[7.339,48.18],[7.34,48.181],[7.341,48.181],[7.341,48.178],[7.339,48.179],[7.339,48.179],[7.339,48.177],[7.338,48.176],[7.338,48.175],[7.337,48.174],[7.338,48.176],[7.339,48.179],[7.341,48.178],[7.341,48.179],[7.343,48.177],[7.344,48.172],[7.333,48.171],[7.334,48.172],[7.334,48.172],[7.334,48.173],[7.334,48.173],[7.334,48.173],[7.334,48.173],[7.334,48.172],[7.333,48.17],[7.333,48.17],[7.332,48.169],[7.331,48.165],[7.329,48.162],[7.328,48.16],[7.328,48.16],[7.325,48.16],[7.325,48.161],[7.325,48.162],[7.325,48.163],[7.325,48.163],[7.325,48.163],[7.325,48.162],[7.325,48.161],[7.323,48.159],[7.324,48.158],[7.32,48.158],[7.319,48.164],[7.316,48.166],[7.315,48.166],[7.315,48.167],[7.31,48.167],[7.31,48.165],[7.308,48.165],[7.313,48.165],[7.312,48.164],[7.307,48.164],[7.306,48.165],[7.305,48.165],[7.306,48.165]],[[7.306,48.165],[7.307,48.165],[7.306,48.165],[7.306,48.165]],[[7.307,48.166],[7.307,48.166],[7.307,48.166],[7.307,48.166]],[[7.307,48.166],[7.307,48.166],[7.307,48.166],[7.307,48.166]],[[7.331,48.174],[7.331,48.174],[7.331,48.174],[7.331,48.174]],[[7.334,48.173],[7.334,48.173],[7.334,48.173],[7.334,48.173]],[[7.319,48.164],[7.319,48.164],[7.319,48.164],[7.319,48.164]],[[7.307,48.165],[7.307,48.165],[7.307,48.165],[7.307,48.165]],[[7.32,48.164],[7.321,48.165],[7.32,48.166],[7.32,48.166],[7.32,48.166],[7.32,48.165],[7.32,48.164]],[[7.32,48.164],[7.32,48.164],[7.32,48.164],[7.32,48.164]],[[7.321,48.164],[7.321,48.164],[7.321,48.165],[7.321,48.164]],[[7.322,48.165],[7.322,48.165],[7.322,48.165],[7.322,48.165]],[[7.323,48.165],[7.322,48.165],[7.323,48.165],[7.323,48.165]],[[7.323,48.165],[7.323,48.165],[7.323,48.165],[7.323,48.165]],[[7.325,48.165],[7.325,48.165],[7.325,48.165],[7.326,48.166],[7.325,48.165]],[[7.326,48.166],[7.326,48.166],[7.326,48.166],[7.326,48.166]],[[7.326,48.166],[7.326,48.166],[7.326,48.166],[7.326,48.166]],[[7.328,48.166],[7.328,48.166],[7.328,48.166],[7.328,48.166]],[[7.329,48.166],[7.329,48.166],[7.329,48.166],[7.329,48.166]],[[7.33,48.165],[7.33,48.165],[7.33,48.165],[7.33,48.165]],[[7.331,48.165],[7.331,48.165],[7.331,48.165],[7.331,48.165]],[[7.335,48.173],[7.335,48.173],[7.335,48.173],[7.335,48.173]],[[7.336,48.173],[7.336,48.173],[7.336,48.173],[7.336,48.173]],[[7.336,48.173],[7.336,48.173],[7.336,48.173],[7.336,48.173]],[[7.338,48.173],[7.338,48.173],[7.338,48.173],[7.338,48.173]],[[7.338,48.173],[7.338,48.173],[7.338,48.174],[7.337,48.174],[7.338,48.174],[7.338,48.174],[7.338,48.173],[7.338,48.173]],[[7.339,48.173],[7.339,48.173],[7.339,48.173],[7.339,48.173]],[[7.339,48.173],[7.339,48.173],[7.339,48.173],[7.339,48.173]],[[7.34,48.173],[7.34,48.173],[7.34,48.173],[7.34,48.173]],[[7.34,48.173],[7.34,48.173],[7.34,48.173],[7.34,48.173]],[[7.34,48.173],[7.34,48.173],[7.34,48.173],[7.34,48.173]],[[7.34,48.173],[7.34,48.173],[7.34,48.173],[7.34,48.173]],[[7.341,48.174],[7.341,48.174],[7.341,48.174],[7.341,48.174]],[[7.341,48.174],[7.341,48.174],[7.341,48.174],[7.341,48.174]],[[7.341,48.174],[7.341,48.174],[7.341,48.174],[7.341,48.174]]],[[[7.309,48.178],[7.311,48.179],[7.312,48.179],[7.314,48.179],[7.314,48.178],[7.313,48.178],[7.31,48.177],[7.309,48.178]]],[[[7.313,48.18],[7.312,48.179],[7.312,48.18],[7.313,48.18]]],[[[7.314,48.18],[7.313,48.181],[7.314,48.181],[7.314,48.18]]],[[[7.312,48.18],[7.312,48.18],[7.312,48.18],[7.312,48.18]]],[[[7.311,48.181],[7.308,48.18],[7.309,48.181],[7.311,48.181],[7.311,48.182],[7.311,48.181]]],[[[7.312,48.182],[7.312,48.181],[7.312,48.181],[7.311,48.182],[7.312,48.182]]],[[[7.315,48.181],[7.313,48.181],[7.313,48.182],[7.315,48.182],[7.315,48.182],[7.315,48.181]]],[[[7.316,48.181],[7.316,48.182],[7.317,48.182],[7.317,48.181],[7.316,48.181]],[[7.317,48.181],[7.317,48.181],[7.317,48.181],[7.317,48.181]]],[[[7.313,48.187],[7.318,48.184],[7.315,48.182],[7.313,48.182],[7.313,48.182],[7.312,48.182],[7.309,48.182],[7.309,48.183],[7.31,48.185],[7.31,48.187],[7.313,48.187]]],[[[7.311,48.187],[7.31,48.187],[7.311,48.19],[7.312,48.19],[7.313,48.19],[7.315,48.19],[7.317,48.19],[7.318,48.19],[7.318,48.19],[7.321,48.19],[7.322,48.19],[7.323,48.19],[7.322,48.187],[7.319,48.188],[7.321,48.187],[7.325,48.186],[7.324,48.184],[7.325,48.186],[7.327,48.186],[7.33,48.185],[7.332,48.186],[7.333,48.184],[7.334,48.184],[7.334,48.184],[7.334,48.183],[7.334,48.183],[7.334,48.182],[7.334,48.182],[7.334,48.181],[7.333,48.181],[7.329,48.182],[7.328,48.182],[7.328,48.181],[7.321,48.182],[7.322,48.183],[7.321,48.183],[7.316,48.186],[7.314,48.187],[7.311,48.187]],[[7.324,48.184],[7.324,48.184],[7.324,48.184],[7.324,48.184]],[[7.326,48.183],[7.326,48.183],[7.326,48.183],[7.326,48.183]],[[7.326,48.183],[7.326,48.183],[7.326,48.183],[7.326,48.183]],[[7.326,48.182],[7.326,48.182],[7.326,48.182],[7.326,48.182]],[[7.326,48.182],[7.326,48.182],[7.326,48.182],[7.326,48.182]],[[7.326,48.182],[7.326,48.182],[7.326,48.182],[7.326,48.182]],[[7.326,48.182],[7.326,48.182],[7.326,48.182],[7.326,48.182]],[[7.326,48.182],[7.326,48.182],[7.326,48.182],[7.326,48.182]],[[7.326,48.182],[7.326,48.182],[7.326,48.182],[7.326,48.182]]],[[[7.306,48.188],[7.309,48.189],[7.309,48.189],[7.31,48.19],[7.311,48.19],[7.311,48.19],[7.311,48.19],[7.31,48.185],[7.309,48.186],[7.306,48.186],[7.306,48.188]]],[[[7.309,48.19],[7.309,48.191],[7.308,48.191],[7.306,48.192],[7.307,48.193],[7.309,48.192],[7.313,48.194],[7.315,48.193],[7.315,48.192],[7.316,48.192],[7.315,48.191],[7.315,48.19],[7.315,48.19],[7.313,48.19],[7.311,48.19],[7.309,48.19],[7.309,48.19]],[[7.312,48.192],[7.312,48.192],[7.312,48.193],[7.312,48.192]]],[[[7.318,48.192],[7.318,48.192],[7.318,48.192],[7.318,48.192]]],[[[7.316,48.193],[7.319,48.193],[7.322,48.192],[7.316,48.193]]],[[[7.315,48.195],[7.316,48.194],[7.314,48.194],[7.315,48.195]]],[[[7.313,48.197],[7.304,48.199],[7.303,48.2],[7.306,48.2],[7.307,48.201],[7.308,48.2],[7.31,48.201],[7.31,48.2],[7.311,48.201],[7.315,48.199],[7.313,48.197]]],[[[7.318,48.198],[7.316,48.199],[7.315,48.201],[7.32,48.204],[7.323,48.201],[7.323,48.199],[7.323,48.199],[7.323,48.198],[7.323,48.197],[7.323,48.197],[7.322,48.197],[7.321,48.197],[7.319,48.197],[7.319,48.196],[7.319,48.196],[7.318,48.198]]],[[[7.328,48.349],[7.321,48.348],[7.32,48.349],[7.32,48.349],[7.321,48.349],[7.323,48.349],[7.324,48.349],[7.32,48.35],[7.318,48.351],[7.317,48.35],[7.313,48.35],[7.313,48.351],[7.314,48.352],[7.316,48.351],[7.317,48.352],[7.314,48.353],[7.318,48.353],[7.32,48.351],[7.323,48.352],[7.329,48.35],[7.328,48.349]]],[[[7.328,48.352],[7.325,48.354],[7.327,48.354],[7.327,48.356],[7.328,48.356],[7.329,48.354],[7.331,48.354],[7.331,48.353],[7.329,48.353],[7.328,48.352]]],[[[7.325,48.355],[7.324,48.354],[7.323,48.355],[7.325,48.355],[7.325,48.355]]],[[[7.323,48.356],[7.321,48.358],[7.322,48.359],[7.321,48.359],[7.319,48.36],[7.32,48.36],[7.32,48.361],[7.321,48.361],[7.323,48.361],[7.324,48.359],[7.325,48.359],[7.324,48.358],[7.326,48.358],[7.329,48.358],[7.323,48.356]],[[7.324,48.358],[7.325,48.359],[7.324,48.359],[7.324,48.359],[7.324,48.358]]],[[[7.307,48.009],[7.306,48.01],[7.304,48.01],[7.307,48.012],[7.308,48.012],[7.307,48.012],[7.311,48.015],[7.312,48.014],[7.314,48.015],[7.314,48.014],[7.314,48.014],[7.314,48.015],[7.315,48.015],[7.314,48.015],[7.312,48.014],[7.311,48.015],[7.31,48.014],[7.312,48.016],[7.314,48.016],[7.315,48.013],[7.316,48.013],[7.315,48.012],[7.314,48.012],[7.315,48.011],[7.311,48.01],[7.311,48.011],[7.311,48.01],[7.307,48.009]],[[7.309,48.011],[7.309,48.011],[7.308,48.011],[7.309,48.011]],[[7.309,48.011],[7.309,48.011],[7.309,48.011],[7.309,48.011]],[[7.309,48.011],[7.309,48.011],[7.309,48.011],[7.309,48.011]],[[7.309,48.011],[7.309,48.011],[7.309,48.011],[7.309,48.011]],[[7.309,48.011],[7.309,48.011],[7.309,48.011],[7.309,48.011]],[[7.31,48.011],[7.31,48.011],[7.31,48.011],[7.31,48.011]],[[7.314,48.013],[7.314,48.012],[7.314,48.012],[7.314,48.013]],[[7.314,48.012],[7.314,48.012],[7.314,48.012],[7.314,48.012]],[[7.31,48.011],[7.311,48.012],[7.312,48.012],[7.313,48.012],[7.313,48.013],[7.311,48.012],[7.31,48.012],[7.31,48.011]]],[[[7.307,48.013],[7.308,48.013],[7.307,48.013],[7.307,48.013]]],[[[7.308,48.014],[7.309,48.017],[7.311,48.016],[7.308,48.014],[7.308,48.014]]],[[[7.308,48.017],[7.308,48.017],[7.308,48.017],[7.308,48.017]]],[[[7.312,48.016],[7.315,48.019],[7.316,48.019],[7.315,48.016],[7.312,48.016]]],[[[7.309,48.017],[7.311,48.019],[7.311,48.021],[7.312,48.02],[7.315,48.02],[7.311,48.016],[7.309,48.017]]],[[[7.304,48.018],[7.305,48.021],[7.306,48.021],[7.308,48.02],[7.307,48.02],[7.309,48.02],[7.308,48.02],[7.308,48.021],[7.308,48.022],[7.308,48.024],[7.312,48.023],[7.311,48.02],[7.31,48.02],[7.311,48.019],[7.309,48.017],[7.307,48.017],[7.307,48.018],[7.307,48.017],[7.307,48.018],[7.306,48.017],[7.306,48.018],[7.306,48.017],[7.304,48.018]],[[7.306,48.019],[7.307,48.019],[7.307,48.019],[7.306,48.019],[7.306,48.019]],[[7.31,48.02],[7.309,48.02],[7.309,48.02],[7.31,48.02]],[[7.309,48.02],[7.309,48.02],[7.309,48.02],[7.309,48.02]],[[7.309,48.02],[7.309,48.02],[7.309,48.02],[7.309,48.02]]],[[[7.314,48.02],[7.314,48.02],[7.315,48.021],[7.315,48.02],[7.314,48.02]]],[[[7.316,48.021],[7.317,48.021],[7.316,48.019],[7.315,48.02],[7.316,48.021]]],[[[7.32,48.02],[7.319,48.019],[7.316,48.019],[7.317,48.022],[7.316,48.022],[7.315,48.024],[7.316,48.025],[7.318,48.023],[7.318,48.022],[7.318,48.023],[7.318,48.024],[7.321,48.023],[7.321,48.02],[7.319,48.019],[7.32,48.02]]],[[[7.314,48.022],[7.315,48.023],[7.315,48.022],[7.314,48.022],[7.314,48.022]]],[[[7.313,48.02],[7.311,48.021],[7.312,48.023],[7.311,48.025],[7.312,48.027],[7.315,48.024],[7.313,48.021],[7.314,48.022],[7.315,48.022],[7.315,48.021],[7.313,48.02]],[[7.312,48.024],[7.312,48.024],[7.312,48.024],[7.312,48.024]],[[7.313,48.024],[7.313,48.024],[7.312,48.024],[7.313,48.024]]],[[[7.315,48.024],[7.314,48.026],[7.314,48.026],[7.316,48.025],[7.315,48.024]]],[[[7.311,48.026],[7.312,48.027],[7.311,48.026],[7.311,48.026]]],[[[7.314,48.03],[7.312,48.031],[7.311,48.027],[7.312,48.032],[7.315,48.032],[7.314,48.03]]],[[[7.311,48.036],[7.307,48.035],[7.307,48.036],[7.307,48.036],[7.311,48.037],[7.311,48.036]]],[[[7.312,48.032],[7.31,48.032],[7.309,48.033],[7.307,48.032],[7.307,48.034],[7.307,48.035],[7.312,48.036],[7.311,48.038],[7.311,48.038],[7.311,48.039],[7.311,48.041],[7.311,48.04],[7.312,48.041],[7.313,48.04],[7.314,48.041],[7.313,48.038],[7.313,48.038],[7.313,48.038],[7.316,48.038],[7.315,48.032],[7.312,48.032]]],[[[7.311,48.038],[7.311,48.037],[7.311,48.037],[7.311,48.038]]],[[[7.311,48.039],[7.311,48.037],[7.307,48.036],[7.307,48.037],[7.307,48.035],[7.303,48.035],[7.304,48.039],[7.305,48.039],[7.305,48.039],[7.306,48.041],[7.307,48.04],[7.306,48.037],[7.307,48.039],[7.307,48.04],[7.307,48.041],[7.308,48.041],[7.311,48.04],[7.311,48.039]]],[[[7.311,48.04],[7.307,48.041],[7.307,48.041],[7.309,48.042],[7.309,48.042],[7.31,48.042],[7.311,48.04]]],[[[7.312,48.042],[7.312,48.042],[7.312,48.043],[7.314,48.043],[7.313,48.041],[7.312,48.042]]],[[[7.311,48.042],[7.312,48.044],[7.311,48.042],[7.311,48.042]]],[[[7.309,48.043],[7.308,48.044],[7.31,48.044],[7.31,48.043],[7.309,48.043]]],[[[7.308,48.044],[7.307,48.044],[7.307,48.044],[7.308,48.044]]],[[[7.306,48.044],[7.309,48.045],[7.309,48.044],[7.306,48.044]]],[[[7.309,48.045],[7.307,48.045],[7.307,48.046],[7.309,48.046],[7.309,48.045]]],[[[7.308,48.046],[7.308,48.048],[7.309,48.048],[7.308,48.046]]],[[[7.306,48.055],[7.306,48.062],[7.307,48.062],[7.308,48.063],[7.313,48.062],[7.31,48.054],[7.306,48.055]]],[[[7.311,48.062],[7.311,48.063],[7.311,48.063],[7.311,48.062]]],[[[7.316,48.062],[7.314,48.061],[7.314,48.064],[7.317,48.065],[7.316,48.062]]],[[[7.309,48.065],[7.309,48.064],[7.309,48.065],[7.309,48.065]]],[[[7.31,48.064],[7.309,48.067],[7.311,48.068],[7.312,48.068],[7.312,48.066],[7.314,48.066],[7.314,48.067],[7.315,48.067],[7.319,48.067],[7.319,48.065],[7.311,48.063],[7.311,48.065],[7.313,48.065],[7.315,48.065],[7.31,48.064]]],[[[7.315,48.068],[7.31,48.069],[7.312,48.075],[7.312,48.078],[7.318,48.078],[7.315,48.068]]],[[[7.315,48.088],[7.316,48.088],[7.315,48.088],[7.315,48.088]]],[[[7.31,48.088],[7.315,48.089],[7.314,48.088],[7.31,48.088]]],[[[7.317,48.09],[7.318,48.089],[7.316,48.089],[7.316,48.089],[7.317,48.09]]],[[[7.325,48.09],[7.325,48.09],[7.325,48.09],[7.325,48.09]]],[[[7.328,48.089],[7.327,48.091],[7.327,48.09],[7.326,48.091],[7.325,48.091],[7.325,48.092],[7.327,48.092],[7.327,48.091],[7.327,48.092],[7.33,48.092],[7.33,48.09],[7.33,48.09],[7.329,48.09],[7.328,48.089]]],[[[7.315,48.091],[7.315,48.093],[7.315,48.091],[7.315,48.091]]],[[[7.327,48.092],[7.327,48.092],[7.328,48.092],[7.327,48.092]]],[[[7.331,48.092],[7.336,48.091],[7.331,48.092],[7.331,48.092]]],[[[7.314,48.093],[7.315,48.092],[7.314,48.092],[7.314,48.093]]],[[[7.312,48.092],[7.311,48.094],[7.313,48.094],[7.313,48.092],[7.312,48.093],[7.312,48.092]]],[[[7.314,48.093],[7.315,48.093],[7.315,48.093],[7.314,48.093]]],[[[7.318,48.09],[7.315,48.093],[7.319,48.093],[7.317,48.093],[7.318,48.095],[7.317,48.096],[7.32,48.097],[7.321,48.097],[7.322,48.097],[7.322,48.096],[7.325,48.096],[7.326,48.097],[7.328,48.096],[7.326,48.097],[7.325,48.096],[7.322,48.097],[7.321,48.097],[7.323,48.098],[7.324,48.099],[7.325,48.099],[7.325,48.099],[7.323,48.1],[7.325,48.099],[7.321,48.097],[7.321,48.097],[7.318,48.096],[7.317,48.098],[7.317,48.098],[7.316,48.098],[7.317,48.097],[7.317,48.093],[7.314,48.094],[7.313,48.094],[7.312,48.094],[7.31,48.094],[7.31,48.094],[7.309,48.093],[7.307,48.094],[7.309,48.095],[7.311,48.097],[7.317,48.1],[7.319,48.1],[7.32,48.101],[7.329,48.104],[7.328,48.103],[7.328,48.103],[7.329,48.102],[7.329,48.101],[7.329,48.101],[7.329,48.1],[7.33,48.103],[7.33,48.102],[7.328,48.103],[7.332,48.109],[7.335,48.111],[7.337,48.113],[7.337,48.113],[7.338,48.113],[7.338,48.113],[7.339,48.113],[7.339,48.114],[7.341,48.115],[7.342,48.115],[7.342,48.115],[7.343,48.116],[7.342,48.115],[7.341,48.115],[7.34,48.115],[7.339,48.114],[7.338,48.114],[7.34,48.114],[7.339,48.117],[7.341,48.117],[7.341,48.12],[7.34,48.12],[7.344,48.12],[7.344,48.12],[7.348,48.121],[7.349,48.12],[7.35,48.119],[7.35,48.119],[7.35,48.117],[7.355,48.117],[7.354,48.114],[7.351,48.115],[7.351,48.116],[7.35,48.116],[7.354,48.114],[7.353,48.102],[7.353,48.102],[7.353,48.102],[7.354,48.114],[7.355,48.114],[7.354,48.108],[7.356,48.097],[7.354,48.096],[7.354,48.095],[7.352,48.095],[7.35,48.093],[7.349,48.093],[7.348,48.094],[7.346,48.097],[7.342,48.097],[7.342,48.098],[7.341,48.099],[7.342,48.097],[7.341,48.096],[7.341,48.095],[7.341,48.094],[7.342,48.093],[7.342,48.092],[7.331,48.092],[7.332,48.095],[7.331,48.092],[7.327,48.092],[7.327,48.093],[7.327,48.093],[7.327,48.094],[7.327,48.094],[7.327,48.094],[7.328,48.095],[7.328,48.095],[7.328,48.095],[7.328,48.095],[7.328,48.096],[7.328,48.096],[7.328,48.095],[7.327,48.094],[7.327,48.092],[7.32,48.092],[7.324,48.092],[7.323,48.09],[7.323,48.091],[7.322,48.09],[7.321,48.091],[7.319,48.091],[7.318,48.09]],[[7.313,48.094],[7.313,48.094],[7.313,48.094],[7.313,48.094]],[[7.355,48.104],[7.355,48.104],[7.355,48.104],[7.355,48.104]],[[7.319,48.092],[7.319,48.092],[7.319,48.092],[7.319,48.092]],[[7.326,48.093],[7.325,48.093],[7.325,48.093],[7.326,48.093]],[[7.329,48.099],[7.328,48.099],[7.329,48.099],[7.329,48.098],[7.329,48.099]],[[7.329,48.097],[7.329,48.097],[7.329,48.097],[7.329,48.097]],[[7.329,48.097],[7.329,48.097],[7.329,48.097],[7.329,48.097]],[[7.328,48.096],[7.328,48.097],[7.328,48.096],[7.328,48.096]],[[7.311,48.096],[7.311,48.096],[7.311,48.096],[7.311,48.096]],[[7.326,48.101],[7.326,48.101],[7.325,48.101],[7.326,48.101]],[[7.339,48.114],[7.34,48.114],[7.339,48.114],[7.339,48.114]],[[7.34,48.096],[7.34,48.096],[7.34,48.096],[7.34,48.096]],[[7.341,48.096],[7.34,48.096],[7.341,48.096],[7.341,48.096]],[[7.348,48.12],[7.348,48.12],[7.348,48.12],[7.348,48.12]],[[7.352,48.097],[7.352,48.098],[7.352,48.097],[7.352,48.097]],[[7.354,48.11],[7.354,48.11],[7.354,48.11],[7.354,48.11]]],[[[7.334,48.111],[7.335,48.112],[7.336,48.112],[7.334,48.11],[7.334,48.111]]],[[[7.33,48.123],[7.326,48.123],[7.326,48.124],[7.33,48.123],[7.33,48.123]]],[[[7.314,48.129],[7.322,48.127],[7.322,48.126],[7.313,48.126],[7.314,48.129]]],[[[7.317,48.132],[7.32,48.133],[7.329,48.132],[7.329,48.132],[7.33,48.133],[7.33,48.132],[7.331,48.131],[7.332,48.13],[7.335,48.13],[7.333,48.127],[7.327,48.127],[7.326,48.128],[7.316,48.13],[7.317,48.132]]],[[[7.343,48.13],[7.331,48.131],[7.33,48.133],[7.331,48.133],[7.33,48.135],[7.331,48.133],[7.329,48.133],[7.32,48.133],[7.319,48.134],[7.323,48.137],[7.324,48.137],[7.324,48.137],[7.323,48.137],[7.325,48.139],[7.325,48.14],[7.327,48.14],[7.33,48.139],[7.331,48.142],[7.332,48.142],[7.333,48.143],[7.336,48.143],[7.336,48.142],[7.339,48.141],[7.348,48.14],[7.344,48.139],[7.339,48.14],[7.343,48.139],[7.343,48.138],[7.344,48.139],[7.347,48.139],[7.345,48.134],[7.345,48.132],[7.346,48.134],[7.349,48.134],[7.348,48.13],[7.345,48.13],[7.345,48.132],[7.344,48.129],[7.343,48.129],[7.343,48.13]],[[7.33,48.139],[7.33,48.139],[7.33,48.139],[7.33,48.139]],[[7.343,48.129],[7.343,48.129],[7.343,48.129],[7.343,48.129]],[[7.328,48.137],[7.328,48.137],[7.328,48.137],[7.328,48.137]],[[7.328,48.137],[7.328,48.137],[7.328,48.137],[7.328,48.137]],[[7.33,48.136],[7.329,48.137],[7.33,48.138],[7.329,48.138],[7.329,48.137],[7.33,48.136]],[[7.33,48.136],[7.33,48.136],[7.33,48.136],[7.33,48.136]],[[7.331,48.136],[7.331,48.136],[7.331,48.136],[7.331,48.136]],[[7.334,48.135],[7.334,48.135],[7.334,48.135],[7.334,48.135]],[[7.337,48.135],[7.337,48.135],[7.337,48.135],[7.337,48.135]],[[7.337,48.135],[7.337,48.135],[7.337,48.135],[7.337,48.135]],[[7.337,48.135],[7.337,48.135],[7.337,48.135],[7.337,48.135]],[[7.337,48.135],[7.337,48.135],[7.337,48.135],[7.337,48.135]],[[7.337,48.135],[7.337,48.135],[7.337,48.135],[7.337,48.135]],[[7.337,48.132],[7.337,48.132],[7.337,48.132],[7.337,48.132]],[[7.337,48.132],[7.338,48.132],[7.339,48.132],[7.337,48.132]],[[7.339,48.132],[7.339,48.132],[7.339,48.132],[7.339,48.132]],[[7.327,48.137],[7.327,48.137],[7.327,48.137],[7.327,48.137]],[[7.326,48.14],[7.327,48.139],[7.326,48.14],[7.326,48.14]],[[7.331,48.139],[7.332,48.139],[7.331,48.139],[7.331,48.139]],[[7.332,48.139],[7.332,48.139],[7.332,48.139],[7.332,48.139]],[[7.333,48.142],[7.333,48.141],[7.333,48.142],[7.333,48.142]]],[[[7.323,48.145],[7.324,48.144],[7.323,48.144],[7.323,48.145]]],[[[7.326,48.145],[7.327,48.144],[7.326,48.144],[7.325,48.145],[7.326,48.145]]],[[[7.327,48.143],[7.328,48.143],[7.33,48.145],[7.333,48.147],[7.335,48.148],[7.336,48.148],[7.338,48.147],[7.338,48.147],[7.34,48.148],[7.341,48.148],[7.345,48.148],[7.345,48.145],[7.341,48.146],[7.339,48.141],[7.336,48.143],[7.332,48.143],[7.332,48.144],[7.331,48.144],[7.329,48.142],[7.327,48.143],[7.327,48.143]],[[7.337,48.144],[7.338,48.146],[7.338,48.146],[7.338,48.146],[7.337,48.144]]],[[[7.325,48.147],[7.326,48.148],[7.323,48.148],[7.323,48.149],[7.326,48.15],[7.328,48.149],[7.329,48.148],[7.33,48.148],[7.33,48.148],[7.329,48.148],[7.329,48.148],[7.328,48.149],[7.328,48.149],[7.325,48.15],[7.324,48.151],[7.324,48.151],[7.324,48.151],[7.325,48.151],[7.325,48.152],[7.324,48.152],[7.325,48.153],[7.325,48.153],[7.326,48.155],[7.326,48.157],[7.327,48.157],[7.329,48.155],[7.329,48.156],[7.331,48.156],[7.332,48.155],[7.331,48.156],[7.333,48.157],[7.331,48.158],[7.336,48.159],[7.34,48.158],[7.339,48.157],[7.339,48.156],[7.337,48.156],[7.339,48.156],[7.338,48.154],[7.337,48.155],[7.337,48.155],[7.338,48.154],[7.335,48.149],[7.334,48.148],[7.331,48.148],[7.331,48.148],[7.334,48.148],[7.332,48.147],[7.328,48.143],[7.327,48.144],[7.327,48.144],[7.328,48.144],[7.328,48.144],[7.327,48.144],[7.327,48.146],[7.325,48.147]],[[7.33,48.148],[7.33,48.148],[7.33,48.148],[7.33,48.148]],[[7.331,48.148],[7.331,48.148],[7.331,48.148],[7.331,48.148]],[[7.333,48.151],[7.333,48.151],[7.333,48.151],[7.333,48.151]],[[7.327,48.148],[7.327,48.147],[7.327,48.148],[7.327,48.148]],[[7.332,48.147],[7.332,48.147],[7.332,48.147],[7.332,48.147]],[[7.335,48.156],[7.333,48.157],[7.333,48.156],[7.335,48.156]],[[7.333,48.157],[7.333,48.157],[7.333,48.157],[7.333,48.157]],[[7.334,48.155],[7.334,48.155],[7.334,48.155],[7.334,48.155],[7.334,48.155]]],[[[7.321,48.15],[7.323,48.15],[7.324,48.15],[7.322,48.149],[7.321,48.15]]],[[[7.316,48.15],[7.319,48.15],[7.318,48.15],[7.316,48.15]]],[[[7.317,48.152],[7.317,48.151],[7.317,48.151],[7.317,48.152]]],[[[7.32,48.153],[7.32,48.152],[7.32,48.152],[7.32,48.153]]],[[[7.338,48.148],[7.335,48.148],[7.336,48.149],[7.34,48.158],[7.34,48.156],[7.343,48.154],[7.342,48.152],[7.34,48.152],[7.34,48.148],[7.338,48.148]],[[7.339,48.153],[7.338,48.153],[7.339,48.153],[7.339,48.153]]],[[[7.324,48.151],[7.321,48.154],[7.32,48.156],[7.321,48.155],[7.323,48.154],[7.321,48.155],[7.321,48.158],[7.323,48.158],[7.324,48.158],[7.324,48.157],[7.326,48.157],[7.325,48.153],[7.323,48.153],[7.325,48.153],[7.324,48.152],[7.325,48.151],[7.324,48.151]]],[[[7.319,48.157],[7.319,48.155],[7.319,48.155],[7.318,48.156],[7.319,48.157]]],[[[7.33,48.158],[7.328,48.159],[7.331,48.16],[7.331,48.159],[7.331,48.158],[7.33,48.158]]],[[[7.324,48.159],[7.325,48.16],[7.326,48.16],[7.324,48.158],[7.324,48.159]]],[[[7.331,48.159],[7.331,48.16],[7.332,48.16],[7.335,48.16],[7.335,48.159],[7.331,48.159]]],[[[7.339,48.159],[7.335,48.16],[7.335,48.161],[7.333,48.16],[7.333,48.161],[7.332,48.16],[7.329,48.16],[7.328,48.161],[7.331,48.165],[7.331,48.165],[7.331,48.165],[7.331,48.165],[7.332,48.167],[7.332,48.169],[7.333,48.17],[7.333,48.171],[7.34,48.171],[7.34,48.17],[7.339,48.168],[7.34,48.171],[7.344,48.172],[7.344,48.169],[7.341,48.169],[7.341,48.167],[7.34,48.167],[7.335,48.162],[7.339,48.166],[7.341,48.165],[7.339,48.159]],[[7.331,48.165],[7.331,48.165],[7.331,48.165],[7.331,48.165]],[[7.332,48.165],[7.332,48.165],[7.332,48.165],[7.332,48.165]],[[7.333,48.165],[7.333,48.165],[7.333,48.165],[7.333,48.165]],[[7.333,48.165],[7.333,48.165],[7.333,48.165],[7.333,48.165]],[[7.334,48.165],[7.334,48.165],[7.334,48.165],[7.334,48.165]],[[7.335,48.165],[7.335,48.165],[7.335,48.165],[7.335,48.165]],[[7.336,48.165],[7.336,48.165],[7.336,48.165],[7.336,48.165]],[[7.337,48.165],[7.337,48.165],[7.337,48.165],[7.337,48.165]],[[7.337,48.165],[7.337,48.165],[7.337,48.165],[7.337,48.165]]],[[[7.318,48.168],[7.318,48.167],[7.319,48.167],[7.319,48.167],[7.317,48.167],[7.318,48.168]]],[[[7.32,48.169],[7.319,48.168],[7.318,48.169],[7.32,48.169]]],[[[7.317,48.171],[7.317,48.172],[7.319,48.171],[7.318,48.171],[7.318,48.17],[7.316,48.17],[7.317,48.171]]],[[[7.318,48.17],[7.318,48.171],[7.318,48.171],[7.318,48.17]]],[[[7.321,48.169],[7.321,48.171],[7.323,48.172],[7.322,48.172],[7.324,48.174],[7.324,48.175],[7.325,48.176],[7.325,48.177],[7.324,48.175],[7.324,48.174],[7.323,48.175],[7.324,48.179],[7.326,48.179],[7.326,48.18],[7.334,48.179],[7.333,48.177],[7.333,48.176],[7.33,48.173],[7.328,48.17],[7.327,48.168],[7.325,48.169],[7.325,48.169],[7.321,48.169]],[[7.326,48.174],[7.326,48.174],[7.326,48.174],[7.326,48.174]],[[7.328,48.174],[7.328,48.174],[7.328,48.174],[7.328,48.174]],[[7.326,48.178],[7.326,48.178],[7.325,48.177],[7.326,48.178]]],[[[7.312,48.173],[7.313,48.174],[7.313,48.173],[7.314,48.174],[7.313,48.175],[7.319,48.174],[7.319,48.175],[7.315,48.175],[7.315,48.178],[7.314,48.179],[7.316,48.179],[7.314,48.179],[7.319,48.179],[7.316,48.179],[7.318,48.18],[7.314,48.179],[7.315,48.18],[7.314,48.18],[7.322,48.182],[7.319,48.18],[7.324,48.179],[7.323,48.174],[7.324,48.174],[7.324,48.173],[7.322,48.172],[7.322,48.173],[7.322,48.172],[7.319,48.171],[7.312,48.173]],[[7.32,48.175],[7.32,48.175],[7.319,48.175],[7.32,48.175]],[[7.319,48.175],[7.319,48.175],[7.319,48.175],[7.319,48.175]],[[7.32,48.175],[7.32,48.175],[7.32,48.175],[7.32,48.175]],[[7.321,48.175],[7.321,48.175],[7.321,48.175],[7.321,48.175]],[[7.32,48.172],[7.319,48.172],[7.32,48.172],[7.32,48.172]],[[7.322,48.173],[7.322,48.173],[7.322,48.173],[7.322,48.173]]],[[[7.324,48.179],[7.324,48.18],[7.326,48.18],[7.326,48.179],[7.324,48.179]]],[[[7.333,48.179],[7.335,48.18],[7.335,48.179],[7.333,48.179]]],[[[7.343,48.183],[7.342,48.181],[7.345,48.18],[7.343,48.177],[7.345,48.176],[7.344,48.175],[7.343,48.175],[7.343,48.177],[7.341,48.18],[7.339,48.183],[7.343,48.183]]],[[[7.336,48.181],[7.334,48.18],[7.333,48.181],[7.334,48.181],[7.336,48.181]]],[[[7.32,48.182],[7.316,48.182],[7.318,48.184],[7.321,48.183],[7.32,48.183],[7.32,48.182]]],[[[7.333,48.186],[7.333,48.188],[7.333,48.189],[7.336,48.187],[7.334,48.189],[7.342,48.187],[7.339,48.184],[7.339,48.185],[7.339,48.185],[7.34,48.187],[7.34,48.187],[7.34,48.187],[7.338,48.185],[7.338,48.183],[7.34,48.181],[7.339,48.18],[7.337,48.18],[7.335,48.18],[7.336,48.181],[7.334,48.182],[7.334,48.183],[7.334,48.184],[7.332,48.186],[7.333,48.186]],[[7.337,48.188],[7.337,48.188],[7.337,48.188],[7.337,48.188]],[[7.337,48.181],[7.336,48.181],[7.337,48.181],[7.337,48.181]]],[[[7.325,48.187],[7.325,48.19],[7.326,48.19],[7.325,48.191],[7.326,48.192],[7.328,48.191],[7.332,48.189],[7.333,48.186],[7.33,48.185],[7.325,48.187]]],[[[7.316,48.19],[7.315,48.191],[7.316,48.192],[7.316,48.192],[7.316,48.192],[7.316,48.192],[7.315,48.193],[7.316,48.193],[7.317,48.193],[7.317,48.191],[7.318,48.191],[7.32,48.192],[7.324,48.192],[7.325,48.191],[7.324,48.188],[7.325,48.188],[7.325,48.186],[7.322,48.187],[7.323,48.189],[7.323,48.19],[7.318,48.19],[7.316,48.19]],[[7.323,48.19],[7.323,48.19],[7.323,48.19],[7.323,48.19]]],[[[7.333,48.19],[7.333,48.189],[7.333,48.19],[7.333,48.19]]],[[[7.344,48.19],[7.342,48.19],[7.343,48.191],[7.345,48.191],[7.344,48.19]]],[[[7.322,48.192],[7.323,48.192],[7.323,48.192],[7.322,48.192]]],[[[7.332,48.193],[7.333,48.193],[7.333,48.193],[7.332,48.193]]],[[[7.329,48.195],[7.33,48.194],[7.329,48.194],[7.329,48.195]]],[[[7.337,48.197],[7.338,48.196],[7.337,48.196],[7.337,48.197]]],[[[7.336,48.198],[7.34,48.2],[7.334,48.198],[7.332,48.198],[7.334,48.198],[7.332,48.198],[7.332,48.197],[7.334,48.195],[7.333,48.195],[7.332,48.194],[7.331,48.194],[7.331,48.195],[7.33,48.194],[7.332,48.196],[7.33,48.198],[7.33,48.199],[7.333,48.201],[7.333,48.202],[7.333,48.202],[7.333,48.203],[7.335,48.204],[7.335,48.205],[7.336,48.206],[7.336,48.206],[7.336,48.206],[7.335,48.205],[7.333,48.202],[7.332,48.203],[7.329,48.205],[7.329,48.205],[7.33,48.204],[7.332,48.203],[7.333,48.202],[7.333,48.202],[7.33,48.199],[7.33,48.199],[7.33,48.198],[7.329,48.2],[7.329,48.2],[7.328,48.201],[7.328,48.201],[7.329,48.2],[7.329,48.199],[7.33,48.196],[7.33,48.195],[7.326,48.195],[7.326,48.195],[7.326,48.196],[7.326,48.195],[7.325,48.194],[7.319,48.196],[7.322,48.197],[7.325,48.196],[7.323,48.197],[7.323,48.198],[7.323,48.2],[7.324,48.201],[7.324,48.202],[7.328,48.207],[7.33,48.207],[7.33,48.207],[7.331,48.208],[7.332,48.207],[7.333,48.208],[7.334,48.208],[7.337,48.208],[7.337,48.208],[7.336,48.207],[7.336,48.206],[7.337,48.208],[7.338,48.211],[7.338,48.21],[7.339,48.21],[7.342,48.209],[7.342,48.208],[7.341,48.208],[7.341,48.208],[7.34,48.207],[7.341,48.206],[7.341,48.206],[7.341,48.205],[7.34,48.205],[7.34,48.205],[7.34,48.204],[7.34,48.204],[7.34,48.204],[7.34,48.203],[7.337,48.204],[7.337,48.202],[7.338,48.204],[7.34,48.203],[7.341,48.207],[7.34,48.207],[7.341,48.208],[7.342,48.208],[7.342,48.208],[7.343,48.209],[7.343,48.21],[7.344,48.209],[7.349,48.205],[7.349,48.205],[7.351,48.205],[7.347,48.204],[7.342,48.206],[7.346,48.204],[7.348,48.204],[7.342,48.2],[7.341,48.2],[7.34,48.2],[7.341,48.199],[7.346,48.198],[7.346,48.197],[7.347,48.197],[7.346,48.196],[7.347,48.196],[7.347,48.195],[7.338,48.196],[7.336,48.198]],[[7.336,48.206],[7.336,48.206],[7.336,48.206],[7.336,48.206]],[[7.338,48.201],[7.338,48.201],[7.338,48.201],[7.338,48.201]],[[7.334,48.207],[7.334,48.207],[7.334,48.207],[7.334,48.207]],[[7.335,48.206],[7.335,48.206],[7.336,48.206],[7.335,48.206]]],[[[7.323,48.202],[7.323,48.201],[7.322,48.202],[7.323,48.202]]],[[[7.338,48.211],[7.338,48.213],[7.34,48.213],[7.338,48.214],[7.339,48.215],[7.343,48.213],[7.344,48.213],[7.345,48.214],[7.346,48.213],[7.345,48.212],[7.342,48.213],[7.344,48.211],[7.343,48.21],[7.342,48.209],[7.34,48.21],[7.338,48.211],[7.338,48.211]]],[[[7.335,48.216],[7.337,48.217],[7.336,48.216],[7.335,48.216]]],[[[7.34,48.224],[7.343,48.225],[7.346,48.225],[7.35,48.225],[7.351,48.224],[7.344,48.223],[7.343,48.224],[7.341,48.223],[7.34,48.224]]],[[[7.346,48.226],[7.342,48.228],[7.342,48.229],[7.35,48.23],[7.35,48.233],[7.351,48.233],[7.353,48.232],[7.353,48.233],[7.359,48.23],[7.359,48.228],[7.36,48.226],[7.363,48.226],[7.363,48.226],[7.364,48.226],[7.364,48.226],[7.365,48.226],[7.365,48.226],[7.366,48.225],[7.368,48.225],[7.369,48.225],[7.37,48.225],[7.371,48.224],[7.372,48.224],[7.373,48.224],[7.374,48.223],[7.376,48.222],[7.378,48.222],[7.378,48.222],[7.379,48.222],[7.379,48.222],[7.381,48.221],[7.381,48.22],[7.378,48.22],[7.375,48.221],[7.371,48.223],[7.378,48.219],[7.375,48.219],[7.369,48.217],[7.367,48.217],[7.369,48.218],[7.369,48.219],[7.367,48.217],[7.365,48.217],[7.366,48.218],[7.366,48.22],[7.368,48.219],[7.369,48.219],[7.366,48.22],[7.366,48.221],[7.367,48.222],[7.367,48.223],[7.367,48.224],[7.365,48.225],[7.367,48.224],[7.366,48.219],[7.362,48.22],[7.362,48.219],[7.361,48.218],[7.362,48.219],[7.361,48.22],[7.362,48.22],[7.362,48.221],[7.36,48.223],[7.359,48.224],[7.36,48.224],[7.361,48.224],[7.361,48.224],[7.36,48.224],[7.359,48.224],[7.359,48.223],[7.358,48.223],[7.358,48.222],[7.357,48.221],[7.358,48.223],[7.36,48.223],[7.362,48.221],[7.361,48.218],[7.36,48.219],[7.359,48.219],[7.36,48.218],[7.359,48.217],[7.356,48.217],[7.354,48.22],[7.354,48.221],[7.354,48.221],[7.353,48.221],[7.354,48.221],[7.354,48.22],[7.355,48.218],[7.357,48.217],[7.356,48.216],[7.359,48.217],[7.359,48.217],[7.359,48.217],[7.36,48.217],[7.362,48.216],[7.362,48.216],[7.361,48.216],[7.361,48.216],[7.359,48.216],[7.36,48.216],[7.363,48.216],[7.365,48.216],[7.365,48.215],[7.365,48.214],[7.365,48.212],[7.361,48.213],[7.36,48.211],[7.36,48.208],[7.352,48.207],[7.353,48.206],[7.356,48.206],[7.356,48.205],[7.355,48.205],[7.355,48.205],[7.356,48.205],[7.359,48.204],[7.354,48.205],[7.351,48.205],[7.351,48.205],[7.349,48.206],[7.351,48.208],[7.349,48.206],[7.343,48.21],[7.344,48.211],[7.344,48.21],[7.345,48.209],[7.347,48.208],[7.345,48.21],[7.346,48.213],[7.347,48.212],[7.346,48.213],[7.347,48.213],[7.345,48.214],[7.343,48.213],[7.339,48.215],[7.338,48.214],[7.338,48.215],[7.34,48.217],[7.342,48.216],[7.346,48.218],[7.346,48.219],[7.348,48.22],[7.348,48.219],[7.35,48.219],[7.351,48.219],[7.346,48.215],[7.346,48.215],[7.346,48.215],[7.346,48.215],[7.351,48.219],[7.352,48.218],[7.352,48.218],[7.352,48.217],[7.353,48.216],[7.352,48.216],[7.352,48.216],[7.353,48.216],[7.352,48.217],[7.353,48.218],[7.35,48.219],[7.348,48.22],[7.349,48.221],[7.353,48.22],[7.353,48.221],[7.356,48.222],[7.357,48.224],[7.352,48.222],[7.351,48.223],[7.362,48.226],[7.358,48.225],[7.356,48.225],[7.354,48.226],[7.351,48.226],[7.354,48.226],[7.355,48.227],[7.354,48.227],[7.35,48.226],[7.35,48.226],[7.35,48.227],[7.35,48.227],[7.349,48.226],[7.35,48.226],[7.35,48.225],[7.346,48.225],[7.349,48.226],[7.346,48.226]],[[7.354,48.221],[7.354,48.221],[7.354,48.221],[7.354,48.221]],[[7.352,48.216],[7.352,48.216],[7.352,48.216],[7.352,48.216]],[[7.362,48.225],[7.362,48.225],[7.362,48.225],[7.362,48.225]],[[7.362,48.226],[7.362,48.226],[7.362,48.226],[7.362,48.226]],[[7.362,48.226],[7.362,48.226],[7.362,48.226],[7.362,48.226]],[[7.352,48.229],[7.351,48.23],[7.352,48.229],[7.351,48.228],[7.351,48.228],[7.352,48.229]],[[7.351,48.23],[7.351,48.23],[7.351,48.23],[7.351,48.23]],[[7.351,48.23],[7.352,48.23],[7.351,48.23],[7.351,48.23]],[[7.354,48.23],[7.354,48.23],[7.354,48.23],[7.354,48.23]],[[7.355,48.23],[7.355,48.23],[7.354,48.23],[7.355,48.23]],[[7.355,48.23],[7.355,48.23],[7.355,48.23],[7.355,48.23]],[[7.357,48.23],[7.358,48.229],[7.359,48.229],[7.357,48.23],[7.357,48.23]],[[7.359,48.229],[7.359,48.229],[7.359,48.229],[7.359,48.229]],[[7.359,48.229],[7.359,48.229],[7.359,48.229],[7.359,48.229]],[[7.359,48.229],[7.359,48.229],[7.359,48.229],[7.359,48.229]],[[7.36,48.209],[7.356,48.209],[7.355,48.209],[7.352,48.209],[7.349,48.211],[7.352,48.209],[7.355,48.209],[7.356,48.208],[7.358,48.208],[7.36,48.209]],[[7.36,48.212],[7.359,48.213],[7.357,48.214],[7.356,48.212],[7.355,48.212],[7.354,48.213],[7.355,48.214],[7.355,48.214],[7.354,48.214],[7.355,48.213],[7.353,48.213],[7.353,48.213],[7.351,48.211],[7.352,48.211],[7.354,48.212],[7.356,48.211],[7.36,48.212]],[[7.36,48.213],[7.36,48.213],[7.359,48.213],[7.36,48.213]],[[7.353,48.215],[7.353,48.215],[7.353,48.215],[7.353,48.215],[7.353,48.215]],[[7.354,48.214],[7.354,48.215],[7.356,48.215],[7.354,48.215],[7.354,48.215],[7.353,48.215],[7.354,48.214]],[[7.351,48.207],[7.351,48.207],[7.352,48.207],[7.351,48.207]],[[7.354,48.208],[7.354,48.208],[7.354,48.207],[7.354,48.208]],[[7.356,48.214],[7.356,48.214],[7.356,48.214],[7.356,48.214]],[[7.362,48.215],[7.363,48.215],[7.362,48.215],[7.362,48.215]],[[7.354,48.221],[7.355,48.221],[7.354,48.221],[7.354,48.221]],[[7.355,48.221],[7.355,48.221],[7.355,48.221],[7.355,48.221]],[[7.355,48.221],[7.355,48.221],[7.355,48.221],[7.355,48.221]],[[7.355,48.221],[7.355,48.221],[7.355,48.221],[7.355,48.221]],[[7.355,48.221],[7.355,48.221],[7.355,48.221],[7.355,48.221]],[[7.356,48.221],[7.356,48.221],[7.356,48.221],[7.356,48.221]],[[7.356,48.221],[7.356,48.221],[7.356,48.221],[7.356,48.221]],[[7.356,48.221],[7.356,48.221],[7.356,48.221],[7.356,48.221]],[[7.356,48.221],[7.356,48.221],[7.356,48.221],[7.356,48.221]],[[7.357,48.221],[7.357,48.221],[7.357,48.221],[7.357,48.221]],[[7.356,48.224],[7.356,48.224],[7.356,48.224],[7.356,48.224]],[[7.37,48.223],[7.37,48.223],[7.37,48.223],[7.37,48.223]],[[7.366,48.224],[7.366,48.223],[7.366,48.223],[7.366,48.224]]],[[[7.34,48.087],[7.34,48.091],[7.342,48.092],[7.343,48.087],[7.34,48.087]]],[[[7.344,48.092],[7.343,48.091],[7.342,48.092],[7.344,48.092]]],[[[7.341,48.095],[7.342,48.097],[7.346,48.097],[7.349,48.092],[7.342,48.092],[7.341,48.095]]],[[[7.344,48.12],[7.341,48.12],[7.341,48.122],[7.344,48.122],[7.344,48.12]]],[[[7.344,48.122],[7.344,48.122],[7.344,48.122],[7.344,48.122]]],[[[7.348,48.195],[7.347,48.193],[7.347,48.195],[7.348,48.195]]],[[[7.344,48.195],[7.347,48.195],[7.347,48.193],[7.344,48.194],[7.344,48.195]]],[[[7.349,48.196],[7.348,48.199],[7.35,48.201],[7.35,48.201],[7.353,48.201],[7.352,48.199],[7.353,48.199],[7.356,48.201],[7.356,48.2],[7.355,48.198],[7.354,48.198],[7.353,48.196],[7.349,48.196]]],[[[7.346,48.198],[7.344,48.199],[7.341,48.199],[7.342,48.2],[7.35,48.204],[7.35,48.201],[7.349,48.2],[7.348,48.199],[7.347,48.197],[7.346,48.198]]],[[[7.353,48.201],[7.35,48.201],[7.351,48.205],[7.354,48.205],[7.354,48.204],[7.358,48.204],[7.36,48.203],[7.36,48.2],[7.362,48.204],[7.364,48.204],[7.367,48.202],[7.367,48.203],[7.37,48.202],[7.368,48.199],[7.367,48.197],[7.356,48.198],[7.355,48.196],[7.353,48.196],[7.357,48.2],[7.356,48.201],[7.353,48.2],[7.353,48.201]]],[[[7.362,48.208],[7.363,48.208],[7.363,48.208],[7.363,48.208],[7.364,48.208],[7.366,48.208],[7.366,48.208],[7.367,48.208],[7.367,48.208],[7.368,48.208],[7.368,48.207],[7.366,48.206],[7.361,48.208],[7.362,48.208]]],[[[7.363,48.208],[7.361,48.208],[7.36,48.208],[7.361,48.213],[7.367,48.212],[7.365,48.212],[7.365,48.214],[7.365,48.215],[7.367,48.215],[7.365,48.215],[7.366,48.216],[7.369,48.216],[7.372,48.217],[7.373,48.216],[7.372,48.213],[7.37,48.214],[7.372,48.213],[7.37,48.213],[7.37,48.213],[7.372,48.213],[7.37,48.212],[7.371,48.212],[7.37,48.208],[7.368,48.207],[7.368,48.208],[7.366,48.208],[7.363,48.208]],[[7.367,48.212],[7.367,48.212],[7.367,48.212],[7.367,48.212]],[[7.367,48.212],[7.367,48.212],[7.367,48.212],[7.367,48.212]],[[7.367,48.213],[7.367,48.213],[7.367,48.213],[7.367,48.213]],[[7.368,48.213],[7.368,48.213],[7.368,48.213],[7.368,48.213]],[[7.368,48.213],[7.368,48.213],[7.368,48.213],[7.368,48.213]],[[7.368,48.213],[7.368,48.213],[7.368,48.213],[7.368,48.213]],[[7.369,48.213],[7.369,48.213],[7.369,48.213],[7.369,48.213]],[[7.369,48.213],[7.369,48.214],[7.369,48.214],[7.369,48.213]],[[7.369,48.214],[7.369,48.214],[7.369,48.214],[7.369,48.214]],[[7.369,48.213],[7.37,48.213],[7.369,48.213],[7.369,48.213]],[[7.37,48.213],[7.37,48.213],[7.37,48.213],[7.37,48.213]],[[7.367,48.215],[7.368,48.215],[7.368,48.216],[7.367,48.215]]],[[[7.353,48.213],[7.353,48.213],[7.353,48.213],[7.353,48.213]]],[[[7.354,48.213],[7.354,48.213],[7.354,48.213],[7.354,48.213]]],[[[7.363,48.217],[7.365,48.217],[7.366,48.217],[7.363,48.216],[7.363,48.217]]],[[[7.363,48.219],[7.366,48.219],[7.365,48.217],[7.363,48.217],[7.363,48.219]]],[[[7.35,48.222],[7.35,48.221],[7.351,48.222],[7.35,48.222]]],[[[7.35,48.221],[7.347,48.222],[7.349,48.222],[7.35,48.222],[7.35,48.221]]],[[[7.351,48.224],[7.35,48.223],[7.35,48.223],[7.35,48.223],[7.351,48.224]]],[[[7.352,48.224],[7.352,48.224],[7.351,48.224],[7.352,48.224]]],[[[7.351,48.225],[7.352,48.225],[7.351,48.224],[7.351,48.225]]],[[[7.365,48.228],[7.367,48.232],[7.37,48.231],[7.371,48.232],[7.373,48.231],[7.373,48.23],[7.371,48.229],[7.37,48.228],[7.369,48.226],[7.369,48.225],[7.365,48.226],[7.363,48.226],[7.363,48.226],[7.365,48.228]]],[[[7.365,48.228],[7.362,48.226],[7.36,48.229],[7.361,48.231],[7.359,48.231],[7.36,48.232],[7.36,48.232],[7.361,48.232],[7.36,48.233],[7.36,48.234],[7.363,48.232],[7.366,48.231],[7.366,48.231],[7.365,48.231],[7.365,48.231],[7.365,48.23],[7.365,48.228]]],[[[7.36,48.232],[7.36,48.232],[7.36,48.232],[7.36,48.232]]],[[[7.346,48.233],[7.348,48.234],[7.353,48.234],[7.358,48.233],[7.359,48.232],[7.358,48.231],[7.354,48.233],[7.351,48.233],[7.346,48.232],[7.346,48.233]]],[[[7.364,48.232],[7.36,48.234],[7.361,48.234],[7.362,48.235],[7.362,48.238],[7.361,48.239],[7.363,48.24],[7.365,48.24],[7.365,48.239],[7.369,48.241],[7.378,48.24],[7.378,48.24],[7.377,48.24],[7.376,48.24],[7.376,48.239],[7.378,48.24],[7.378,48.241],[7.38,48.24],[7.381,48.241],[7.382,48.241],[7.382,48.241],[7.381,48.241],[7.383,48.241],[7.382,48.24],[7.383,48.241],[7.385,48.241],[7.387,48.241],[7.387,48.24],[7.388,48.238],[7.389,48.239],[7.39,48.239],[7.394,48.238],[7.392,48.234],[7.392,48.234],[7.39,48.236],[7.384,48.238],[7.384,48.237],[7.382,48.238],[7.384,48.237],[7.381,48.233],[7.376,48.234],[7.377,48.234],[7.375,48.234],[7.374,48.234],[7.374,48.235],[7.373,48.236],[7.374,48.235],[7.374,48.234],[7.375,48.234],[7.381,48.233],[7.377,48.231],[7.374,48.232],[7.368,48.235],[7.372,48.237],[7.372,48.237],[7.374,48.238],[7.375,48.239],[7.376,48.239],[7.376,48.239],[7.376,48.239],[7.367,48.235],[7.366,48.237],[7.365,48.237],[7.364,48.238],[7.365,48.238],[7.365,48.238],[7.364,48.239],[7.364,48.238],[7.364,48.237],[7.366,48.237],[7.367,48.235],[7.366,48.234],[7.365,48.235],[7.366,48.234],[7.366,48.233],[7.364,48.232]],[[7.381,48.241],[7.382,48.241],[7.382,48.241],[7.381,48.241]],[[7.366,48.233],[7.366,48.233],[7.366,48.233],[7.366,48.233]],[[7.375,48.24],[7.375,48.24],[7.375,48.24],[7.375,48.24]],[[7.376,48.24],[7.375,48.24],[7.376,48.24],[7.376,48.24]],[[7.377,48.239],[7.376,48.239],[7.376,48.239],[7.377,48.239]],[[7.378,48.239],[7.378,48.238],[7.378,48.239],[7.378,48.239]],[[7.379,48.239],[7.379,48.239],[7.381,48.238],[7.381,48.238],[7.379,48.239]],[[7.376,48.239],[7.376,48.239],[7.376,48.239],[7.376,48.239]]],[[[7.357,48.234],[7.353,48.235],[7.35,48.237],[7.351,48.239],[7.353,48.239],[7.354,48.236],[7.355,48.237],[7.359,48.236],[7.361,48.234],[7.357,48.234]],[[7.357,48.235],[7.357,48.235],[7.357,48.235],[7.357,48.235]]],[[[7.359,48.236],[7.354,48.238],[7.354,48.24],[7.36,48.239],[7.362,48.237],[7.362,48.235],[7.361,48.234],[7.359,48.236]],[[7.361,48.236],[7.361,48.236],[7.361,48.236],[7.361,48.236]],[[7.36,48.238],[7.36,48.238],[7.36,48.238],[7.36,48.238]]],[[[7.377,48.356],[7.376,48.357],[7.378,48.358],[7.379,48.357],[7.377,48.356]]],[[[7.359,48.101],[7.359,48.101],[7.362,48.101],[7.36,48.101],[7.359,48.101]]],[[[7.361,48.118],[7.359,48.117],[7.359,48.117],[7.357,48.117],[7.357,48.118],[7.356,48.118],[7.356,48.121],[7.364,48.121],[7.364,48.12],[7.361,48.12],[7.361,48.118]]],[[[7.362,48.121],[7.361,48.122],[7.356,48.121],[7.356,48.122],[7.364,48.124],[7.364,48.121],[7.362,48.121]]],[[[7.37,48.202],[7.374,48.201],[7.373,48.199],[7.369,48.2],[7.37,48.202]]],[[[7.375,48.201],[7.371,48.202],[7.372,48.205],[7.376,48.204],[7.375,48.201]]],[[[7.365,48.204],[7.367,48.205],[7.366,48.203],[7.365,48.204]]],[[[7.367,48.203],[7.368,48.205],[7.372,48.205],[7.371,48.204],[7.369,48.204],[7.368,48.202],[7.367,48.203]]],[[[7.367,48.205],[7.368,48.206],[7.368,48.205],[7.367,48.205]]],[[[7.368,48.206],[7.372,48.206],[7.372,48.206],[7.37,48.206],[7.37,48.205],[7.368,48.205],[7.368,48.206]]],[[[7.369,48.207],[7.372,48.208],[7.375,48.208],[7.374,48.207],[7.369,48.207]]],[[[7.371,48.209],[7.377,48.209],[7.377,48.209],[7.375,48.208],[7.372,48.208],[7.371,48.208],[7.371,48.209]]],[[[7.378,48.213],[7.378,48.216],[7.378,48.214],[7.378,48.213],[7.372,48.215],[7.373,48.216],[7.372,48.217],[7.376,48.219],[7.383,48.219],[7.382,48.215],[7.379,48.215],[7.381,48.215],[7.38,48.213],[7.378,48.213]]],[[[7.37,48.225],[7.37,48.228],[7.372,48.229],[7.375,48.227],[7.377,48.229],[7.381,48.227],[7.381,48.227],[7.381,48.227],[7.387,48.226],[7.384,48.222],[7.379,48.222],[7.379,48.222],[7.379,48.222],[7.378,48.222],[7.376,48.223],[7.373,48.224],[7.374,48.224],[7.374,48.225],[7.373,48.224],[7.37,48.225]],[[7.379,48.226],[7.379,48.227],[7.379,48.227],[7.379,48.226]],[[7.377,48.223],[7.378,48.224],[7.378,48.224],[7.377,48.223]]],[[[7.387,48.226],[7.378,48.229],[7.378,48.231],[7.382,48.232],[7.381,48.23],[7.385,48.229],[7.39,48.229],[7.387,48.226]]],[[[7.373,48.231],[7.372,48.232],[7.372,48.232],[7.374,48.232],[7.373,48.231]]],[[[7.381,48.23],[7.382,48.231],[7.382,48.232],[7.38,48.232],[7.381,48.233],[7.382,48.234],[7.384,48.234],[7.385,48.234],[7.386,48.234],[7.388,48.234],[7.392,48.233],[7.388,48.232],[7.392,48.233],[7.39,48.229],[7.381,48.23]]],[[[7.383,48.234],[7.382,48.234],[7.383,48.234],[7.383,48.234]]],[[[7.386,48.234],[7.384,48.234],[7.384,48.235],[7.386,48.235],[7.386,48.234]]],[[[7.392,48.234],[7.391,48.234],[7.391,48.235],[7.392,48.234]]],[[[7.391,48.235],[7.387,48.236],[7.388,48.237],[7.391,48.235]]],[[[7.387,48.237],[7.384,48.237],[7.384,48.238],[7.387,48.237]]],[[[7.396,48.238],[7.394,48.233],[7.392,48.233],[7.395,48.24],[7.396,48.243],[7.395,48.24],[7.392,48.241],[7.395,48.24],[7.394,48.238],[7.388,48.24],[7.387,48.24],[7.386,48.241],[7.387,48.242],[7.394,48.244],[7.394,48.244],[7.396,48.243],[7.396,48.245],[7.4,48.245],[7.397,48.243],[7.396,48.238]],[[7.392,48.243],[7.392,48.243],[7.392,48.243],[7.392,48.243]]],[[[7.388,48.239],[7.388,48.239],[7.388,48.24],[7.389,48.239],[7.388,48.239]]],[[[7.38,48.241],[7.381,48.24],[7.38,48.241],[7.38,48.241]]],[[[7.385,48.241],[7.385,48.241],[7.385,48.241],[7.385,48.241]]],[[[7.386,48.241],[7.385,48.241],[7.385,48.242],[7.387,48.242],[7.386,48.241]]],[[[7.377,48.242],[7.376,48.243],[7.377,48.242],[7.377,48.242]]],[[[7.384,48.242],[7.381,48.242],[7.381,48.243],[7.383,48.243],[7.384,48.242]]],[[[7.375,48.242],[7.371,48.243],[7.374,48.244],[7.376,48.243],[7.375,48.242],[7.375,48.242]]],[[[7.384,48.243],[7.381,48.243],[7.382,48.244],[7.381,48.243],[7.378,48.243],[7.377,48.245],[7.378,48.247],[7.382,48.247],[7.38,48.248],[7.38,48.248],[7.382,48.25],[7.383,48.25],[7.385,48.25],[7.384,48.251],[7.386,48.252],[7.391,48.251],[7.391,48.251],[7.393,48.25],[7.392,48.248],[7.391,48.248],[7.392,48.248],[7.392,48.248],[7.393,48.25],[7.394,48.25],[7.392,48.251],[7.393,48.251],[7.393,48.252],[7.393,48.252],[7.394,48.251],[7.394,48.252],[7.394,48.252],[7.397,48.251],[7.396,48.249],[7.398,48.248],[7.397,48.246],[7.389,48.244],[7.385,48.244],[7.384,48.243]],[[7.386,48.246],[7.385,48.246],[7.385,48.246],[7.386,48.246],[7.386,48.246],[7.386,48.246],[7.386,48.246],[7.386,48.246]],[[7.383,48.243],[7.385,48.244],[7.383,48.243],[7.383,48.243]],[[7.382,48.243],[7.382,48.243],[7.382,48.243],[7.382,48.243]],[[7.383,48.243],[7.383,48.243],[7.382,48.243],[7.383,48.243]],[[7.384,48.247],[7.384,48.247],[7.385,48.247],[7.384,48.247]],[[7.386,48.248],[7.386,48.248],[7.386,48.248],[7.386,48.248]],[[7.386,48.248],[7.387,48.248],[7.387,48.248],[7.386,48.248]],[[7.388,48.248],[7.388,48.248],[7.388,48.248],[7.388,48.248]],[[7.388,48.248],[7.388,48.248],[7.387,48.248],[7.388,48.248]],[[7.393,48.246],[7.393,48.246],[7.393,48.245],[7.393,48.246]],[[7.395,48.25],[7.395,48.249],[7.395,48.25],[7.395,48.25]]],[[[7.395,48.253],[7.395,48.252],[7.395,48.252],[7.395,48.253]]],[[[7.393,48.253],[7.392,48.253],[7.392,48.254],[7.393,48.253]]],[[[7.392,48.254],[7.394,48.254],[7.393,48.253],[7.392,48.254]]],[[[7.39,48.256],[7.392,48.255],[7.392,48.253],[7.388,48.255],[7.39,48.256]]],[[[7.388,48.255],[7.387,48.256],[7.389,48.256],[7.388,48.255],[7.388,48.255]]],[[[7.39,48.257],[7.39,48.257],[7.385,48.258],[7.389,48.262],[7.388,48.262],[7.389,48.263],[7.391,48.262],[7.391,48.263],[7.389,48.263],[7.39,48.265],[7.392,48.264],[7.394,48.272],[7.393,48.273],[7.393,48.275],[7.395,48.275],[7.397,48.271],[7.397,48.269],[7.398,48.269],[7.396,48.269],[7.396,48.269],[7.396,48.27],[7.396,48.271],[7.395,48.271],[7.396,48.27],[7.396,48.268],[7.398,48.269],[7.398,48.267],[7.398,48.268],[7.399,48.268],[7.398,48.266],[7.399,48.265],[7.398,48.265],[7.4,48.265],[7.4,48.264],[7.398,48.259],[7.397,48.258],[7.396,48.258],[7.395,48.256],[7.393,48.257],[7.394,48.257],[7.393,48.257],[7.394,48.258],[7.394,48.258],[7.393,48.257],[7.393,48.257],[7.392,48.256],[7.393,48.256],[7.392,48.255],[7.39,48.256],[7.39,48.257]],[[7.396,48.27],[7.396,48.27],[7.396,48.27],[7.396,48.27]],[[7.392,48.262],[7.392,48.262],[7.392,48.262],[7.392,48.262]],[[7.392,48.262],[7.392,48.262],[7.392,48.262],[7.392,48.262]],[[7.392,48.262],[7.392,48.262],[7.392,48.262],[7.392,48.262]],[[7.393,48.261],[7.392,48.26],[7.392,48.26],[7.392,48.26],[7.393,48.261]],[[7.394,48.26],[7.395,48.259],[7.395,48.26],[7.394,48.26]],[[7.395,48.26],[7.395,48.26],[7.395,48.26],[7.395,48.26]],[[7.395,48.26],[7.395,48.26],[7.395,48.26],[7.395,48.26]],[[7.396,48.26],[7.396,48.26],[7.395,48.26],[7.396,48.26]],[[7.396,48.26],[7.396,48.26],[7.396,48.26],[7.396,48.26]],[[7.397,48.26],[7.397,48.26],[7.397,48.26],[7.397,48.26]],[[7.397,48.265],[7.397,48.265],[7.397,48.265],[7.397,48.265]],[[7.395,48.271],[7.396,48.272],[7.396,48.272],[7.396,48.272],[7.395,48.271],[7.395,48.271]],[[7.397,48.272],[7.397,48.272],[7.397,48.272],[7.397,48.272]]],[[[7.398,48.289],[7.394,48.288],[7.396,48.289],[7.399,48.289],[7.399,48.289],[7.399,48.289],[7.399,48.289],[7.396,48.289],[7.394,48.289],[7.394,48.289],[7.394,48.289],[7.394,48.29],[7.394,48.289],[7.394,48.289],[7.393,48.288],[7.391,48.289],[7.393,48.29],[7.397,48.293],[7.396,48.294],[7.396,48.295],[7.397,48.298],[7.399,48.3],[7.4,48.302],[7.402,48.3],[7.405,48.302],[7.405,48.304],[7.406,48.305],[7.408,48.305],[7.407,48.303],[7.408,48.302],[7.408,48.304],[7.41,48.305],[7.407,48.305],[7.408,48.307],[7.411,48.307],[7.409,48.307],[7.409,48.309],[7.412,48.31],[7.413,48.308],[7.416,48.309],[7.417,48.309],[7.412,48.303],[7.412,48.303],[7.41,48.302],[7.408,48.299],[7.407,48.299],[7.405,48.3],[7.405,48.301],[7.404,48.299],[7.401,48.3],[7.402,48.3],[7.407,48.299],[7.407,48.298],[7.406,48.298],[7.405,48.296],[7.405,48.296],[7.405,48.296],[7.401,48.297],[7.4,48.297],[7.399,48.297],[7.399,48.297],[7.4,48.297],[7.401,48.297],[7.404,48.295],[7.405,48.295],[7.404,48.293],[7.404,48.292],[7.402,48.292],[7.401,48.292],[7.4,48.293],[7.4,48.293],[7.398,48.293],[7.4,48.292],[7.399,48.292],[7.403,48.292],[7.4,48.29],[7.403,48.292],[7.404,48.292],[7.403,48.287],[7.399,48.287],[7.399,48.287],[7.397,48.286],[7.396,48.288],[7.398,48.288],[7.398,48.288],[7.398,48.289]],[[7.399,48.289],[7.4,48.29],[7.399,48.289],[7.399,48.289]],[[7.4,48.29],[7.4,48.29],[7.4,48.29],[7.4,48.29]],[[7.409,48.302],[7.409,48.302],[7.409,48.302],[7.409,48.302]],[[7.399,48.292],[7.399,48.29],[7.399,48.29],[7.399,48.291],[7.4,48.291],[7.399,48.292]],[[7.399,48.292],[7.399,48.292],[7.399,48.292],[7.399,48.292]],[[7.396,48.29],[7.396,48.29],[7.397,48.29],[7.396,48.29]],[[7.398,48.297],[7.398,48.297],[7.398,48.297],[7.398,48.297]],[[7.401,48.3],[7.401,48.3],[7.401,48.3],[7.401,48.3]]],[[[7.403,48.347],[7.403,48.348],[7.406,48.347],[7.405,48.347],[7.403,48.347]]],[[[7.393,48.356],[7.39,48.355],[7.39,48.355],[7.393,48.356]]],[[[7.39,48.354],[7.396,48.356],[7.393,48.356],[7.398,48.356],[7.395,48.355],[7.39,48.354]]],[[[7.386,48.356],[7.385,48.355],[7.384,48.356],[7.385,48.356],[7.386,48.356]]],[[[7.401,48.355],[7.401,48.356],[7.401,48.355],[7.401,48.355]]],[[[7.402,48.357],[7.402,48.356],[7.4,48.355],[7.4,48.356],[7.402,48.357]]],[[[7.398,48.356],[7.399,48.357],[7.399,48.356],[7.398,48.356]]],[[[7.389,48.359],[7.381,48.355],[7.379,48.355],[7.388,48.36],[7.389,48.359]]],[[[7.394,48.357],[7.399,48.358],[7.399,48.358],[7.4,48.359],[7.4,48.357],[7.394,48.357]]],[[[7.394,48.357],[7.396,48.358],[7.394,48.358],[7.396,48.36],[7.4,48.361],[7.4,48.36],[7.399,48.358],[7.399,48.358],[7.392,48.356],[7.389,48.357],[7.393,48.358],[7.394,48.357]]],[[[7.4,48.357],[7.4,48.359],[7.406,48.361],[7.402,48.359],[7.4,48.357]]],[[[7.382,48.362],[7.387,48.363],[7.388,48.361],[7.384,48.36],[7.385,48.359],[7.382,48.358],[7.382,48.359],[7.384,48.36],[7.382,48.362]]],[[[7.388,48.362],[7.393,48.363],[7.395,48.362],[7.398,48.362],[7.391,48.36],[7.388,48.36],[7.388,48.362]]],[[[7.4,48.362],[7.401,48.362],[7.397,48.361],[7.399,48.362],[7.4,48.362]]],[[[7.4,48.359],[7.401,48.361],[7.4,48.361],[7.402,48.362],[7.403,48.362],[7.399,48.362],[7.397,48.364],[7.397,48.366],[7.402,48.365],[7.404,48.363],[7.409,48.363],[7.406,48.361],[7.4,48.359]],[[7.399,48.363],[7.399,48.363],[7.399,48.363],[7.399,48.363]],[[7.403,48.362],[7.403,48.362],[7.403,48.362],[7.403,48.362]],[[7.403,48.362],[7.403,48.362],[7.403,48.362],[7.403,48.362]],[[7.403,48.362],[7.403,48.362],[7.403,48.362],[7.403,48.362]],[[7.404,48.362],[7.403,48.362],[7.404,48.362],[7.404,48.362]],[[7.404,48.362],[7.404,48.362],[7.404,48.362],[7.404,48.362]],[[7.404,48.363],[7.404,48.363],[7.404,48.363],[7.404,48.363]]],[[[7.401,48.362],[7.402,48.362],[7.402,48.362],[7.401,48.362]]],[[[7.396,48.364],[7.398,48.362],[7.393,48.363],[7.389,48.363],[7.385,48.365],[7.387,48.366],[7.389,48.365],[7.39,48.366],[7.392,48.365],[7.392,48.364],[7.393,48.366],[7.397,48.366],[7.396,48.364]],[[7.39,48.364],[7.39,48.364],[7.39,48.364],[7.389,48.364],[7.39,48.364]]],[[[7.406,48.365],[7.404,48.366],[7.404,48.366],[7.406,48.365]]],[[[7.4,48.367],[7.401,48.367],[7.399,48.367],[7.399,48.367],[7.4,48.367]]],[[[7.399,48.367],[7.392,48.366],[7.386,48.367],[7.386,48.368],[7.387,48.368],[7.385,48.368],[7.384,48.369],[7.382,48.368],[7.38,48.369],[7.381,48.371],[7.382,48.37],[7.385,48.37],[7.386,48.369],[7.388,48.371],[7.392,48.371],[7.392,48.372],[7.394,48.372],[7.397,48.371],[7.399,48.372],[7.4,48.371],[7.402,48.37],[7.4,48.369],[7.4,48.367],[7.399,48.369],[7.395,48.369],[7.393,48.371],[7.393,48.369],[7.398,48.368],[7.399,48.367]],[[7.4,48.371],[7.4,48.371],[7.4,48.371],[7.4,48.371]],[[7.392,48.371],[7.392,48.371],[7.392,48.371],[7.392,48.371]],[[7.392,48.367],[7.394,48.367],[7.394,48.367],[7.397,48.367],[7.397,48.367],[7.392,48.367]],[[7.387,48.368],[7.391,48.367],[7.392,48.367],[7.393,48.367],[7.387,48.368]],[[7.387,48.368],[7.387,48.368],[7.387,48.368],[7.387,48.368]]],[[[7.404,48.368],[7.403,48.369],[7.404,48.37],[7.405,48.369],[7.404,48.368]]],[[[7.399,48.372],[7.402,48.372],[7.402,48.37],[7.4,48.371],[7.399,48.372]]],[[[7.4,48.374],[7.405,48.375],[7.406,48.375],[7.409,48.375],[7.408,48.374],[7.404,48.373],[7.403,48.372],[7.4,48.373],[7.4,48.374]]],[[[7.408,48.395],[7.409,48.395],[7.408,48.394],[7.408,48.395]]],[[[7.407,48.395],[7.404,48.396],[7.404,48.397],[7.405,48.396],[7.406,48.397],[7.407,48.395]]],[[[7.424,48.581],[7.422,48.581],[7.422,48.582],[7.423,48.582],[7.424,48.581]]],[[[7.422,48.601],[7.419,48.601],[7.42,48.604],[7.422,48.603],[7.425,48.604],[7.423,48.604],[7.424,48.604],[7.427,48.604],[7.425,48.603],[7.428,48.604],[7.428,48.602],[7.422,48.601]]],[[[7.397,48.25],[7.397,48.25],[7.399,48.25],[7.399,48.249],[7.397,48.25]]],[[[7.398,48.248],[7.403,48.253],[7.402,48.254],[7.405,48.254],[7.403,48.249],[7.404,48.249],[7.403,48.247],[7.398,48.248]]],[[[7.396,48.252],[7.395,48.254],[7.396,48.253],[7.397,48.253],[7.398,48.253],[7.397,48.253],[7.397,48.251],[7.396,48.252],[7.396,48.252],[7.397,48.253],[7.396,48.252]]],[[[7.399,48.254],[7.402,48.253],[7.401,48.253],[7.399,48.253],[7.399,48.254]]],[[[7.398,48.254],[7.396,48.253],[7.397,48.254],[7.398,48.254]]],[[[7.398,48.258],[7.4,48.264],[7.399,48.267],[7.4,48.267],[7.403,48.263],[7.402,48.263],[7.401,48.259],[7.4,48.26],[7.401,48.259],[7.402,48.259],[7.398,48.254],[7.396,48.256],[7.397,48.256],[7.398,48.258]],[[7.401,48.265],[7.401,48.265],[7.401,48.265],[7.401,48.265]],[[7.401,48.265],[7.401,48.265],[7.401,48.265],[7.401,48.265]],[[7.402,48.264],[7.402,48.264],[7.402,48.264],[7.402,48.264]],[[7.399,48.26],[7.399,48.26],[7.398,48.26],[7.399,48.26]],[[7.399,48.26],[7.399,48.26],[7.399,48.26],[7.399,48.26]]],[[[7.422,48.267],[7.408,48.27],[7.408,48.271],[7.407,48.27],[7.406,48.271],[7.404,48.271],[7.403,48.272],[7.405,48.273],[7.407,48.274],[7.408,48.274],[7.408,48.274],[7.41,48.275],[7.409,48.275],[7.417,48.275],[7.415,48.275],[7.418,48.276],[7.422,48.272],[7.424,48.272],[7.424,48.27],[7.423,48.27],[7.415,48.272],[7.424,48.269],[7.422,48.267]],[[7.408,48.273],[7.408,48.273],[7.408,48.273],[7.408,48.273]],[[7.415,48.272],[7.415,48.272],[7.415,48.272],[7.415,48.272]],[[7.409,48.273],[7.409,48.273],[7.409,48.273],[7.409,48.273]],[[7.408,48.274],[7.409,48.274],[7.408,48.274],[7.408,48.274]]],[[[7.405,48.274],[7.404,48.274],[7.405,48.274],[7.405,48.274]]],[[[7.407,48.275],[7.407,48.275],[7.409,48.275],[7.409,48.275],[7.407,48.275]]],[[[7.409,48.275],[7.411,48.277],[7.414,48.277],[7.415,48.277],[7.414,48.276],[7.409,48.275]]],[[[7.402,48.277],[7.403,48.279],[7.402,48.279],[7.409,48.276],[7.409,48.275],[7.407,48.275],[7.402,48.277]]],[[[7.415,48.282],[7.416,48.284],[7.417,48.284],[7.417,48.285],[7.418,48.285],[7.418,48.284],[7.418,48.284],[7.418,48.284],[7.419,48.284],[7.423,48.284],[7.423,48.281],[7.42,48.281],[7.418,48.28],[7.415,48.28],[7.415,48.279],[7.402,48.282],[7.403,48.286],[7.405,48.286],[7.404,48.287],[7.409,48.286],[7.409,48.287],[7.407,48.288],[7.403,48.287],[7.405,48.292],[7.412,48.29],[7.41,48.288],[7.409,48.289],[7.409,48.289],[7.407,48.289],[7.408,48.288],[7.409,48.288],[7.411,48.288],[7.411,48.287],[7.409,48.286],[7.413,48.287],[7.415,48.286],[7.416,48.286],[7.416,48.285],[7.417,48.285],[7.415,48.284],[7.415,48.282],[7.415,48.282]],[[7.416,48.281],[7.416,48.282],[7.416,48.281],[7.416,48.281]],[[7.417,48.281],[7.417,48.281],[7.416,48.281],[7.417,48.281]],[[7.416,48.282],[7.416,48.282],[7.416,48.282],[7.416,48.282]],[[7.418,48.281],[7.418,48.281],[7.417,48.281],[7.418,48.281]],[[7.406,48.284],[7.406,48.284],[7.406,48.284],[7.406,48.284]],[[7.406,48.283],[7.408,48.283],[7.409,48.284],[7.406,48.284],[7.406,48.283],[7.406,48.283]]],[[[7.418,48.285],[7.419,48.285],[7.418,48.285],[7.418,48.285]]],[[[7.42,48.285],[7.419,48.285],[7.42,48.285],[7.42,48.285]]],[[[7.417,48.285],[7.418,48.286],[7.417,48.285],[7.417,48.285]]],[[[7.411,48.287],[7.413,48.287],[7.414,48.286],[7.413,48.287],[7.411,48.287],[7.411,48.287]]],[[[7.419,48.288],[7.419,48.288],[7.419,48.288],[7.419,48.288],[7.42,48.288],[7.419,48.288]]],[[[7.418,48.289],[7.42,48.288],[7.419,48.288],[7.419,48.288],[7.418,48.288],[7.417,48.288],[7.418,48.289]]],[[[7.412,48.29],[7.413,48.291],[7.413,48.292],[7.413,48.292],[7.413,48.292],[7.412,48.291],[7.411,48.291],[7.412,48.291],[7.411,48.29],[7.41,48.293],[7.41,48.293],[7.409,48.294],[7.41,48.293],[7.41,48.29],[7.405,48.292],[7.406,48.296],[7.407,48.296],[7.407,48.296],[7.408,48.296],[7.408,48.296],[7.408,48.297],[7.406,48.297],[7.407,48.299],[7.407,48.298],[7.408,48.298],[7.412,48.295],[7.41,48.297],[7.411,48.298],[7.416,48.299],[7.416,48.298],[7.417,48.298],[7.417,48.296],[7.416,48.296],[7.415,48.295],[7.417,48.296],[7.417,48.29],[7.415,48.291],[7.415,48.289],[7.412,48.29]],[[7.414,48.291],[7.414,48.291],[7.414,48.292],[7.414,48.291]],[[7.415,48.291],[7.415,48.291],[7.415,48.291],[7.415,48.291]],[[7.415,48.292],[7.414,48.291],[7.415,48.291],[7.415,48.292]],[[7.41,48.294],[7.409,48.295],[7.409,48.295],[7.409,48.295],[7.41,48.294]],[[7.414,48.293],[7.413,48.292],[7.414,48.292],[7.414,48.293]]],[[[7.405,48.295],[7.403,48.296],[7.403,48.296],[7.405,48.295]]],[[[7.408,48.299],[7.409,48.3],[7.409,48.3],[7.409,48.299],[7.41,48.299],[7.409,48.298],[7.408,48.299]]],[[[7.417,48.301],[7.419,48.301],[7.419,48.3],[7.423,48.301],[7.423,48.3],[7.426,48.301],[7.428,48.299],[7.427,48.299],[7.428,48.296],[7.428,48.293],[7.429,48.291],[7.423,48.291],[7.425,48.292],[7.424,48.293],[7.427,48.294],[7.426,48.294],[7.424,48.294],[7.423,48.297],[7.425,48.297],[7.426,48.298],[7.417,48.296],[7.417,48.301]],[[7.421,48.3],[7.421,48.3],[7.421,48.3],[7.421,48.3]],[[7.421,48.3],[7.421,48.3],[7.42,48.3],[7.421,48.3]],[[7.417,48.297],[7.417,48.297],[7.417,48.297],[7.417,48.297]]],[[[7.42,48.306],[7.417,48.301],[7.411,48.302],[7.412,48.303],[7.413,48.303],[7.417,48.309],[7.42,48.31],[7.422,48.31],[7.422,48.309],[7.423,48.307],[7.421,48.306],[7.419,48.307],[7.419,48.307],[7.418,48.307],[7.417,48.306],[7.42,48.306]],[[7.42,48.31],[7.42,48.31],[7.42,48.31],[7.42,48.31]],[[7.419,48.308],[7.418,48.308],[7.418,48.308],[7.419,48.308]],[[7.419,48.308],[7.419,48.308],[7.419,48.308],[7.419,48.308]],[[7.419,48.308],[7.418,48.308],[7.419,48.308],[7.419,48.308]],[[7.421,48.309],[7.421,48.309],[7.421,48.309],[7.421,48.309]],[[7.421,48.309],[7.421,48.309],[7.421,48.309],[7.421,48.309]],[[7.421,48.309],[7.421,48.309],[7.421,48.309],[7.421,48.309]],[[7.419,48.308],[7.419,48.309],[7.419,48.308],[7.419,48.308]],[[7.42,48.309],[7.42,48.309],[7.42,48.309],[7.42,48.309]],[[7.42,48.309],[7.42,48.309],[7.42,48.309],[7.42,48.309]],[[7.42,48.309],[7.42,48.309],[7.42,48.309],[7.42,48.309]]],[[[7.416,48.309],[7.415,48.309],[7.417,48.309],[7.417,48.309],[7.417,48.309],[7.417,48.309],[7.416,48.309],[7.416,48.309]],[[7.417,48.309],[7.417,48.309],[7.417,48.309],[7.417,48.309]]],[[[7.418,48.314],[7.418,48.314],[7.416,48.313],[7.416,48.314],[7.418,48.314]]],[[[7.424,48.317],[7.422,48.317],[7.421,48.316],[7.421,48.316],[7.419,48.316],[7.421,48.316],[7.422,48.315],[7.419,48.311],[7.414,48.309],[7.415,48.31],[7.413,48.311],[7.415,48.311],[7.415,48.313],[7.421,48.315],[7.415,48.316],[7.415,48.317],[7.416,48.318],[7.417,48.32],[7.416,48.32],[7.415,48.321],[7.417,48.321],[7.419,48.321],[7.42,48.321],[7.422,48.322],[7.422,48.322],[7.422,48.322],[7.423,48.321],[7.426,48.32],[7.425,48.317],[7.424,48.317]],[[7.419,48.316],[7.419,48.316],[7.418,48.316],[7.417,48.316],[7.419,48.316],[7.419,48.316]],[[7.417,48.317],[7.417,48.317],[7.417,48.317],[7.417,48.317]]],[[[7.424,48.322],[7.425,48.322],[7.424,48.322],[7.424,48.322]]],[[[7.419,48.321],[7.41,48.321],[7.412,48.322],[7.411,48.322],[7.414,48.325],[7.416,48.325],[7.415,48.327],[7.42,48.327],[7.42,48.328],[7.419,48.328],[7.42,48.328],[7.423,48.328],[7.424,48.326],[7.423,48.325],[7.422,48.325],[7.422,48.325],[7.422,48.325],[7.422,48.322],[7.419,48.321]],[[7.416,48.323],[7.416,48.323],[7.419,48.323],[7.416,48.323],[7.416,48.323]],[[7.416,48.322],[7.416,48.322],[7.416,48.322],[7.416,48.322]]],[[[7.413,48.327],[7.412,48.328],[7.413,48.329],[7.414,48.328],[7.413,48.327]]],[[[7.42,48.328],[7.413,48.327],[7.412,48.327],[7.413,48.327],[7.414,48.328],[7.415,48.328],[7.414,48.328],[7.417,48.328],[7.418,48.328],[7.416,48.329],[7.418,48.33],[7.415,48.331],[7.414,48.332],[7.415,48.332],[7.415,48.332],[7.416,48.332],[7.417,48.332],[7.418,48.334],[7.413,48.333],[7.412,48.335],[7.419,48.335],[7.421,48.333],[7.422,48.333],[7.422,48.332],[7.419,48.331],[7.418,48.331],[7.416,48.332],[7.416,48.331],[7.419,48.331],[7.422,48.331],[7.423,48.333],[7.426,48.332],[7.425,48.33],[7.424,48.331],[7.425,48.33],[7.424,48.328],[7.42,48.328]],[[7.42,48.332],[7.42,48.333],[7.42,48.332],[7.42,48.332]],[[7.42,48.332],[7.42,48.332],[7.42,48.332],[7.42,48.332]],[[7.419,48.329],[7.42,48.33],[7.419,48.329],[7.419,48.329]],[[7.419,48.329],[7.419,48.329],[7.419,48.329],[7.419,48.329]],[[7.423,48.33],[7.423,48.33],[7.423,48.33],[7.423,48.33]],[[7.423,48.33],[7.423,48.33],[7.423,48.33],[7.423,48.33]],[[7.423,48.33],[7.423,48.329],[7.423,48.33],[7.423,48.33]],[[7.418,48.334],[7.418,48.335],[7.418,48.335],[7.418,48.334]],[[7.417,48.332],[7.417,48.332],[7.417,48.332],[7.417,48.332]],[[7.42,48.333],[7.42,48.333],[7.42,48.333],[7.42,48.333]],[[7.419,48.333],[7.42,48.333],[7.419,48.333],[7.419,48.333]],[[7.419,48.333],[7.419,48.333],[7.419,48.333],[7.419,48.333]],[[7.418,48.333],[7.418,48.333],[7.418,48.333],[7.418,48.333]],[[7.42,48.333],[7.42,48.333],[7.42,48.333],[7.42,48.333]],[[7.42,48.33],[7.42,48.33],[7.42,48.33],[7.42,48.33]],[[7.419,48.329],[7.419,48.329],[7.419,48.329],[7.419,48.329]],[[7.419,48.328],[7.419,48.328],[7.419,48.329],[7.419,48.328]],[[7.418,48.329],[7.418,48.329],[7.418,48.329],[7.418,48.329]],[[7.421,48.33],[7.421,48.33],[7.421,48.33],[7.421,48.33]],[[7.421,48.33],[7.421,48.33],[7.421,48.33],[7.421,48.33]],[[7.424,48.331],[7.424,48.331],[7.424,48.331],[7.424,48.331]],[[7.424,48.331],[7.424,48.331],[7.424,48.331],[7.424,48.331]]],[[[7.416,48.332],[7.415,48.332],[7.415,48.332],[7.416,48.332]]],[[[7.423,48.333],[7.421,48.333],[7.42,48.337],[7.42,48.337],[7.42,48.338],[7.42,48.339],[7.42,48.339],[7.42,48.339],[7.419,48.339],[7.419,48.339],[7.418,48.34],[7.423,48.341],[7.423,48.341],[7.423,48.343],[7.424,48.343],[7.425,48.343],[7.426,48.342],[7.426,48.342],[7.426,48.342],[7.426,48.343],[7.426,48.343],[7.427,48.343],[7.427,48.344],[7.438,48.344],[7.44,48.345],[7.438,48.343],[7.429,48.343],[7.429,48.343],[7.433,48.343],[7.44,48.341],[7.439,48.339],[7.438,48.339],[7.434,48.338],[7.431,48.34],[7.43,48.339],[7.429,48.34],[7.425,48.34],[7.421,48.34],[7.421,48.339],[7.424,48.34],[7.425,48.338],[7.425,48.338],[7.425,48.337],[7.426,48.337],[7.427,48.336],[7.426,48.332],[7.423,48.333]],[[7.426,48.342],[7.426,48.342],[7.426,48.343],[7.426,48.342]],[[7.42,48.339],[7.42,48.339],[7.42,48.339],[7.42,48.339]],[[7.421,48.339],[7.421,48.339],[7.421,48.339],[7.421,48.339]],[[7.431,48.34],[7.431,48.34],[7.431,48.34],[7.431,48.34]],[[7.427,48.342],[7.428,48.341],[7.428,48.34],[7.428,48.34],[7.428,48.34],[7.428,48.341],[7.427,48.342]],[[7.427,48.342],[7.431,48.341],[7.435,48.34],[7.437,48.339],[7.431,48.341],[7.429,48.342],[7.427,48.342]]],[[[7.412,48.341],[7.418,48.34],[7.42,48.338],[7.418,48.337],[7.416,48.337],[7.416,48.338],[7.414,48.338],[7.411,48.34],[7.412,48.341]],[[7.414,48.338],[7.414,48.338],[7.414,48.338],[7.414,48.338]]],[[[7.415,48.34],[7.416,48.341],[7.416,48.34],[7.415,48.34]]],[[[7.408,48.341],[7.41,48.342],[7.411,48.341],[7.408,48.341]]],[[[7.42,48.341],[7.422,48.342],[7.422,48.343],[7.423,48.343],[7.423,48.341],[7.42,48.341]],[[7.422,48.342],[7.422,48.342],[7.422,48.342],[7.422,48.342]]],[[[7.418,48.342],[7.416,48.342],[7.417,48.343],[7.418,48.342]]],[[[7.421,48.342],[7.421,48.343],[7.422,48.343],[7.421,48.342]]],[[[7.42,48.343],[7.418,48.342],[7.417,48.343],[7.418,48.343],[7.417,48.343],[7.416,48.343],[7.415,48.343],[7.416,48.343],[7.416,48.341],[7.412,48.341],[7.41,48.344],[7.411,48.345],[7.41,48.344],[7.409,48.345],[7.411,48.346],[7.414,48.345],[7.417,48.344],[7.42,48.344],[7.422,48.344],[7.418,48.344],[7.418,48.345],[7.418,48.346],[7.418,48.346],[7.418,48.348],[7.418,48.348],[7.418,48.349],[7.419,48.35],[7.42,48.348],[7.42,48.35],[7.422,48.35],[7.426,48.35],[7.427,48.349],[7.428,48.348],[7.425,48.347],[7.421,48.346],[7.421,48.345],[7.426,48.347],[7.433,48.347],[7.433,48.344],[7.426,48.344],[7.426,48.344],[7.426,48.345],[7.425,48.344],[7.423,48.344],[7.423,48.343],[7.422,48.343],[7.422,48.343],[7.42,48.343]],[[7.422,48.344],[7.423,48.344],[7.424,48.344],[7.422,48.344]],[[7.418,48.348],[7.418,48.348],[7.418,48.348],[7.418,48.348]],[[7.421,48.347],[7.421,48.346],[7.421,48.346],[7.421,48.347]],[[7.419,48.348],[7.418,48.348],[7.419,48.348],[7.419,48.348]],[[7.419,48.348],[7.419,48.348],[7.419,48.349],[7.419,48.348]],[[7.421,48.348],[7.421,48.348],[7.421,48.348],[7.421,48.348],[7.421,48.348]],[[7.421,48.348],[7.421,48.348],[7.421,48.348],[7.421,48.348]],[[7.421,48.348],[7.421,48.348],[7.422,48.348],[7.421,48.348]],[[7.423,48.348],[7.422,48.348],[7.422,48.348],[7.422,48.348],[7.422,48.348],[7.422,48.348],[7.423,48.348]],[[7.423,48.348],[7.423,48.348],[7.423,48.348],[7.423,48.348]],[[7.423,48.348],[7.423,48.348],[7.423,48.348],[7.423,48.348]],[[7.423,48.348],[7.423,48.348],[7.423,48.348],[7.423,48.348]],[[7.423,48.348],[7.423,48.348],[7.423,48.348],[7.423,48.348]],[[7.424,48.348],[7.424,48.348],[7.424,48.348],[7.424,48.348]],[[7.424,48.348],[7.424,48.348],[7.424,48.348],[7.424,48.348]],[[7.424,48.349],[7.424,48.349],[7.424,48.349],[7.424,48.349]],[[7.424,48.349],[7.424,48.349],[7.424,48.349],[7.425,48.349],[7.424,48.349]],[[7.425,48.349],[7.425,48.349],[7.425,48.349],[7.425,48.349]],[[7.425,48.349],[7.426,48.348],[7.426,48.348],[7.425,48.349]],[[7.427,48.346],[7.426,48.346],[7.427,48.346],[7.427,48.346]]],[[[7.426,48.344],[7.425,48.343],[7.425,48.343],[7.426,48.344]]],[[[7.406,48.342],[7.406,48.343],[7.404,48.343],[7.403,48.344],[7.405,48.345],[7.405,48.346],[7.404,48.346],[7.404,48.347],[7.402,48.347],[7.405,48.347],[7.406,48.347],[7.406,48.345],[7.408,48.346],[7.409,48.344],[7.409,48.345],[7.41,48.344],[7.41,48.342],[7.409,48.343],[7.409,48.342],[7.406,48.342]],[[7.405,48.346],[7.405,48.346],[7.405,48.346],[7.405,48.346]],[[7.406,48.345],[7.406,48.345],[7.406,48.345],[7.406,48.345]],[[7.409,48.343],[7.41,48.343],[7.409,48.343],[7.409,48.343]],[[7.407,48.342],[7.407,48.342],[7.407,48.342],[7.407,48.342]]],[[[7.409,48.345],[7.409,48.345],[7.408,48.345],[7.409,48.345]]],[[[7.407,48.346],[7.406,48.347],[7.408,48.347],[7.407,48.346]]],[[[7.411,48.346],[7.408,48.346],[7.409,48.347],[7.406,48.347],[7.406,48.348],[7.41,48.348],[7.413,48.349],[7.413,48.35],[7.412,48.349],[7.411,48.35],[7.412,48.35],[7.412,48.351],[7.41,48.351],[7.408,48.354],[7.402,48.352],[7.401,48.353],[7.404,48.354],[7.405,48.355],[7.404,48.355],[7.401,48.355],[7.402,48.357],[7.404,48.357],[7.406,48.358],[7.41,48.359],[7.409,48.358],[7.409,48.358],[7.409,48.358],[7.409,48.358],[7.41,48.359],[7.413,48.36],[7.415,48.359],[7.417,48.357],[7.418,48.357],[7.421,48.357],[7.42,48.356],[7.418,48.356],[7.415,48.359],[7.413,48.358],[7.411,48.357],[7.41,48.358],[7.407,48.356],[7.408,48.356],[7.41,48.356],[7.411,48.355],[7.411,48.355],[7.413,48.356],[7.415,48.356],[7.416,48.357],[7.417,48.356],[7.418,48.356],[7.415,48.355],[7.417,48.356],[7.419,48.356],[7.42,48.355],[7.419,48.355],[7.42,48.355],[7.42,48.354],[7.418,48.354],[7.42,48.352],[7.415,48.353],[7.414,48.354],[7.416,48.354],[7.413,48.354],[7.413,48.354],[7.413,48.355],[7.411,48.355],[7.413,48.354],[7.414,48.354],[7.415,48.353],[7.412,48.352],[7.414,48.352],[7.413,48.35],[7.417,48.35],[7.417,48.348],[7.417,48.348],[7.418,48.348],[7.417,48.346],[7.418,48.344],[7.411,48.346]],[[7.414,48.35],[7.414,48.35],[7.415,48.35],[7.414,48.35]],[[7.415,48.35],[7.415,48.35],[7.415,48.35],[7.415,48.35]],[[7.414,48.35],[7.414,48.35],[7.414,48.35],[7.414,48.35]],[[7.414,48.35],[7.414,48.35],[7.414,48.35],[7.414,48.35]],[[7.416,48.35],[7.416,48.35],[7.416,48.35],[7.416,48.35]],[[7.418,48.353],[7.418,48.353],[7.418,48.353],[7.418,48.353]],[[7.41,48.353],[7.409,48.353],[7.41,48.353],[7.41,48.353]]],[[[7.418,48.348],[7.418,48.35],[7.419,48.35],[7.418,48.349],[7.418,48.348]]],[[[7.418,48.351],[7.418,48.351],[7.415,48.35],[7.416,48.352],[7.418,48.351]]],[[[7.414,48.352],[7.415,48.352],[7.414,48.351],[7.414,48.352]]],[[[7.42,48.351],[7.42,48.355],[7.422,48.356],[7.425,48.355],[7.424,48.354],[7.424,48.355],[7.423,48.355],[7.424,48.355],[7.422,48.355],[7.423,48.353],[7.423,48.351],[7.42,48.351]]],[[[7.41,48.356],[7.411,48.357],[7.411,48.357],[7.412,48.356],[7.411,48.355],[7.41,48.356]]],[[[7.429,48.361],[7.429,48.359],[7.427,48.36],[7.426,48.359],[7.428,48.359],[7.428,48.357],[7.425,48.357],[7.425,48.356],[7.421,48.357],[7.425,48.361],[7.421,48.357],[7.418,48.357],[7.415,48.359],[7.411,48.361],[7.413,48.36],[7.406,48.358],[7.404,48.357],[7.401,48.357],[7.403,48.358],[7.41,48.362],[7.412,48.361],[7.417,48.361],[7.418,48.361],[7.426,48.362],[7.429,48.361]],[[7.425,48.361],[7.425,48.361],[7.425,48.361],[7.425,48.361]],[[7.426,48.361],[7.426,48.361],[7.426,48.361],[7.426,48.361]],[[7.426,48.361],[7.426,48.361],[7.426,48.361],[7.426,48.361]],[[7.427,48.361],[7.426,48.361],[7.426,48.361],[7.427,48.361]],[[7.427,48.361],[7.427,48.361],[7.427,48.361],[7.427,48.361]],[[7.427,48.361],[7.428,48.361],[7.427,48.361],[7.427,48.361]],[[7.423,48.357],[7.423,48.357],[7.423,48.357],[7.423,48.357]],[[7.419,48.36],[7.42,48.361],[7.418,48.36],[7.419,48.36]],[[7.421,48.361],[7.421,48.361],[7.421,48.361],[7.421,48.361]],[[7.422,48.359],[7.422,48.359],[7.422,48.359],[7.422,48.359]]],[[[7.425,48.364],[7.426,48.365],[7.426,48.364],[7.43,48.364],[7.43,48.363],[7.43,48.362],[7.425,48.364]]],[[[7.414,48.366],[7.41,48.363],[7.406,48.365],[7.407,48.365],[7.408,48.364],[7.409,48.364],[7.414,48.366]]],[[[7.423,48.363],[7.415,48.364],[7.415,48.365],[7.417,48.364],[7.42,48.366],[7.423,48.364],[7.423,48.363]]],[[[7.409,48.366],[7.41,48.367],[7.412,48.366],[7.408,48.364],[7.403,48.367],[7.401,48.367],[7.4,48.369],[7.403,48.369],[7.403,48.368],[7.406,48.366],[7.409,48.366]]],[[[7.41,48.367],[7.409,48.367],[7.41,48.367],[7.41,48.367]]],[[[7.425,48.364],[7.419,48.367],[7.422,48.368],[7.426,48.369],[7.425,48.366],[7.426,48.365],[7.425,48.364]],[[7.424,48.368],[7.424,48.368],[7.424,48.368],[7.424,48.368]],[[7.421,48.367],[7.421,48.367],[7.421,48.367],[7.421,48.367]],[[7.422,48.368],[7.422,48.367],[7.422,48.367],[7.422,48.367],[7.422,48.368]],[[7.422,48.368],[7.422,48.368],[7.422,48.368],[7.422,48.368]]],[[[7.424,48.37],[7.426,48.372],[7.428,48.372],[7.427,48.371],[7.426,48.37],[7.426,48.369],[7.424,48.37]]],[[[7.43,48.371],[7.426,48.369],[7.426,48.369],[7.428,48.372],[7.43,48.373],[7.43,48.371]]],[[[7.403,48.372],[7.408,48.374],[7.409,48.375],[7.411,48.375],[7.409,48.375],[7.406,48.375],[7.406,48.376],[7.41,48.377],[7.413,48.376],[7.413,48.376],[7.411,48.375],[7.411,48.375],[7.412,48.374],[7.41,48.374],[7.403,48.372]],[[7.411,48.375],[7.411,48.375],[7.411,48.375],[7.411,48.375]],[[7.411,48.375],[7.411,48.375],[7.411,48.375],[7.411,48.375]]],[[[7.425,48.373],[7.427,48.374],[7.427,48.375],[7.431,48.376],[7.434,48.378],[7.435,48.377],[7.438,48.376],[7.438,48.376],[7.436,48.371],[7.438,48.375],[7.447,48.376],[7.447,48.375],[7.448,48.373],[7.447,48.373],[7.446,48.373],[7.445,48.373],[7.444,48.373],[7.442,48.372],[7.442,48.372],[7.441,48.372],[7.441,48.372],[7.44,48.372],[7.44,48.372],[7.444,48.373],[7.446,48.373],[7.448,48.373],[7.449,48.37],[7.45,48.368],[7.451,48.368],[7.448,48.373],[7.449,48.373],[7.45,48.374],[7.455,48.375],[7.456,48.368],[7.455,48.368],[7.451,48.367],[7.452,48.365],[7.448,48.363],[7.446,48.363],[7.446,48.365],[7.446,48.366],[7.446,48.363],[7.439,48.364],[7.441,48.366],[7.439,48.364],[7.437,48.364],[7.436,48.364],[7.436,48.365],[7.436,48.365],[7.434,48.365],[7.432,48.365],[7.433,48.367],[7.433,48.367],[7.431,48.365],[7.427,48.364],[7.426,48.365],[7.426,48.369],[7.432,48.372],[7.432,48.371],[7.432,48.372],[7.434,48.373],[7.43,48.372],[7.43,48.373],[7.428,48.372],[7.426,48.372],[7.427,48.373],[7.425,48.373]],[[7.437,48.373],[7.435,48.373],[7.437,48.373],[7.437,48.373]],[[7.44,48.365],[7.44,48.365],[7.44,48.365],[7.44,48.365]],[[7.439,48.372],[7.439,48.372],[7.439,48.372],[7.439,48.372]],[[7.439,48.372],[7.439,48.372],[7.439,48.372],[7.439,48.372]],[[7.438,48.371],[7.438,48.371],[7.438,48.371],[7.438,48.371]],[[7.438,48.371],[7.438,48.371],[7.438,48.371],[7.438,48.371]],[[7.438,48.366],[7.438,48.366],[7.438,48.366],[7.438,48.366]],[[7.438,48.366],[7.438,48.366],[7.438,48.366],[7.438,48.366]],[[7.43,48.375],[7.43,48.375],[7.43,48.374],[7.43,48.375]],[[7.43,48.374],[7.43,48.374],[7.43,48.374],[7.43,48.374]],[[7.43,48.374],[7.43,48.374],[7.43,48.374],[7.43,48.374]],[[7.436,48.371],[7.436,48.371],[7.436,48.371],[7.436,48.371]],[[7.437,48.371],[7.437,48.371],[7.437,48.371],[7.437,48.371]],[[7.437,48.371],[7.437,48.371],[7.437,48.371],[7.437,48.371]],[[7.437,48.371],[7.437,48.371],[7.437,48.371],[7.437,48.371]],[[7.438,48.371],[7.438,48.371],[7.438,48.371],[7.438,48.371]],[[7.428,48.365],[7.428,48.365],[7.428,48.365],[7.428,48.365]],[[7.43,48.365],[7.43,48.365],[7.43,48.365],[7.43,48.365]]],[[[7.422,48.38],[7.42,48.381],[7.423,48.382],[7.423,48.383],[7.428,48.383],[7.428,48.384],[7.432,48.386],[7.437,48.386],[7.44,48.385],[7.438,48.382],[7.438,48.381],[7.436,48.381],[7.435,48.38],[7.432,48.379],[7.431,48.38],[7.432,48.379],[7.431,48.378],[7.432,48.377],[7.427,48.375],[7.426,48.378],[7.428,48.378],[7.427,48.378],[7.423,48.378],[7.422,48.378],[7.424,48.38],[7.422,48.38]],[[7.437,48.385],[7.438,48.385],[7.438,48.385],[7.437,48.385]],[[7.437,48.385],[7.437,48.385],[7.437,48.385],[7.437,48.385]],[[7.437,48.385],[7.437,48.385],[7.437,48.385],[7.437,48.385]],[[7.437,48.384],[7.436,48.384],[7.433,48.383],[7.437,48.384]],[[7.433,48.383],[7.433,48.383],[7.433,48.383],[7.433,48.383]],[[7.433,48.382],[7.433,48.382],[7.433,48.383],[7.433,48.382]],[[7.433,48.382],[7.433,48.382],[7.433,48.382],[7.433,48.382]],[[7.435,48.381],[7.433,48.382],[7.43,48.382],[7.429,48.382],[7.43,48.38],[7.429,48.381],[7.427,48.382],[7.426,48.382],[7.43,48.38],[7.431,48.38],[7.43,48.38],[7.43,48.382],[7.435,48.381],[7.434,48.38],[7.434,48.38],[7.434,48.38],[7.435,48.381]],[[7.439,48.385],[7.439,48.384],[7.439,48.385],[7.439,48.385]]],[[[7.416,48.381],[7.416,48.384],[7.417,48.385],[7.42,48.383],[7.419,48.383],[7.422,48.383],[7.42,48.381],[7.418,48.382],[7.417,48.381],[7.416,48.381]]],[[[7.415,48.384],[7.415,48.384],[7.415,48.384],[7.415,48.384]]],[[[7.407,48.384],[7.411,48.384],[7.414,48.385],[7.414,48.386],[7.408,48.384],[7.409,48.386],[7.412,48.387],[7.414,48.386],[7.415,48.384],[7.413,48.383],[7.408,48.382],[7.407,48.384]]],[[[7.423,48.385],[7.422,48.385],[7.423,48.385],[7.423,48.385]]],[[[7.419,48.385],[7.42,48.386],[7.42,48.385],[7.419,48.385]]],[[[7.42,48.387],[7.423,48.388],[7.422,48.386],[7.421,48.386],[7.42,48.387]]],[[[7.412,48.388],[7.413,48.389],[7.414,48.388],[7.412,48.388]],[[7.412,48.388],[7.412,48.388],[7.412,48.388],[7.412,48.388]]],[[[7.421,48.389],[7.422,48.389],[7.421,48.388],[7.421,48.389]]],[[[7.415,48.39],[7.415,48.391],[7.415,48.391],[7.415,48.391],[7.415,48.39]]],[[[7.415,48.39],[7.41,48.393],[7.41,48.393],[7.41,48.394],[7.409,48.393],[7.409,48.393],[7.408,48.394],[7.41,48.395],[7.408,48.396],[7.411,48.396],[7.411,48.394],[7.415,48.394],[7.415,48.393],[7.416,48.393],[7.417,48.392],[7.417,48.391],[7.42,48.392],[7.421,48.393],[7.424,48.391],[7.426,48.391],[7.428,48.392],[7.428,48.39],[7.429,48.39],[7.427,48.387],[7.425,48.387],[7.422,48.389],[7.421,48.39],[7.421,48.39],[7.422,48.39],[7.423,48.39],[7.422,48.39],[7.421,48.39],[7.42,48.391],[7.419,48.39],[7.421,48.389],[7.419,48.388],[7.415,48.389],[7.417,48.389],[7.417,48.39],[7.415,48.391],[7.416,48.392],[7.415,48.391],[7.415,48.39]],[[7.421,48.392],[7.421,48.392],[7.421,48.392],[7.421,48.392]],[[7.412,48.392],[7.412,48.392],[7.412,48.392],[7.412,48.392]],[[7.416,48.392],[7.416,48.392],[7.416,48.392],[7.416,48.392]]],[[[7.428,48.446],[7.432,48.444],[7.434,48.444],[7.428,48.446],[7.43,48.447],[7.433,48.446],[7.441,48.448],[7.442,48.447],[7.442,48.445],[7.44,48.445],[7.436,48.445],[7.44,48.445],[7.441,48.444],[7.435,48.443],[7.435,48.443],[7.431,48.443],[7.426,48.444],[7.426,48.445],[7.428,48.446]],[[7.433,48.443],[7.432,48.444],[7.432,48.444],[7.432,48.444],[7.433,48.443]],[[7.434,48.445],[7.434,48.445],[7.434,48.444],[7.434,48.445]],[[7.434,48.445],[7.434,48.445],[7.434,48.445],[7.434,48.445]]],[[[7.431,48.448],[7.43,48.449],[7.431,48.45],[7.433,48.45],[7.435,48.451],[7.437,48.451],[7.439,48.452],[7.44,48.451],[7.431,48.448]]],[[[7.434,48.454],[7.433,48.453],[7.432,48.455],[7.433,48.457],[7.436,48.457],[7.437,48.457],[7.434,48.454]]],[[[7.438,48.456],[7.433,48.453],[7.437,48.457],[7.44,48.458],[7.44,48.456],[7.438,48.456]]],[[[7.423,48.454],[7.42,48.454],[7.42,48.456],[7.423,48.455],[7.423,48.454]]],[[[7.438,48.457],[7.434,48.457],[7.433,48.458],[7.434,48.458],[7.435,48.459],[7.436,48.46],[7.436,48.46],[7.441,48.462],[7.442,48.461],[7.445,48.461],[7.445,48.46],[7.443,48.459],[7.443,48.458],[7.442,48.457],[7.441,48.457],[7.44,48.458],[7.438,48.457]],[[7.438,48.46],[7.438,48.46],[7.437,48.46],[7.438,48.46]],[[7.438,48.46],[7.438,48.46],[7.438,48.46],[7.438,48.46]],[[7.438,48.46],[7.438,48.46],[7.438,48.46],[7.438,48.46]],[[7.444,48.461],[7.444,48.461],[7.443,48.461],[7.444,48.461]],[[7.444,48.461],[7.444,48.461],[7.444,48.461],[7.444,48.461]],[[7.444,48.461],[7.444,48.461],[7.444,48.461],[7.444,48.461]],[[7.444,48.46],[7.444,48.461],[7.444,48.461],[7.444,48.46]],[[7.444,48.46],[7.444,48.46],[7.444,48.46],[7.444,48.46]]],[[[7.422,48.46],[7.424,48.46],[7.425,48.46],[7.428,48.462],[7.43,48.461],[7.429,48.46],[7.427,48.46],[7.426,48.459],[7.427,48.459],[7.425,48.458],[7.424,48.458],[7.422,48.46]]],[[[7.44,48.47],[7.442,48.472],[7.443,48.47],[7.442,48.47],[7.442,48.47],[7.441,48.469],[7.439,48.469],[7.437,48.47],[7.436,48.469],[7.43,48.465],[7.429,48.465],[7.429,48.466],[7.43,48.466],[7.43,48.468],[7.432,48.468],[7.431,48.47],[7.433,48.47],[7.432,48.471],[7.433,48.473],[7.436,48.473],[7.435,48.472],[7.435,48.471],[7.435,48.471],[7.434,48.471],[7.435,48.471],[7.435,48.471],[7.435,48.469],[7.435,48.469],[7.435,48.47],[7.435,48.472],[7.436,48.473],[7.436,48.476],[7.439,48.475],[7.439,48.473],[7.439,48.473],[7.441,48.472],[7.44,48.471],[7.439,48.471],[7.44,48.471],[7.438,48.47],[7.44,48.47]],[[7.442,48.471],[7.442,48.471],[7.442,48.471],[7.442,48.471]],[[7.439,48.473],[7.439,48.473],[7.439,48.473],[7.439,48.473]],[[7.441,48.469],[7.441,48.47],[7.441,48.469],[7.441,48.469]],[[7.441,48.469],[7.441,48.469],[7.441,48.469],[7.441,48.469]]],[[[7.431,48.477],[7.43,48.479],[7.431,48.481],[7.433,48.481],[7.433,48.482],[7.437,48.482],[7.439,48.483],[7.438,48.481],[7.438,48.48],[7.435,48.48],[7.435,48.478],[7.431,48.477]]],[[[7.434,48.484],[7.434,48.486],[7.438,48.485],[7.438,48.486],[7.44,48.486],[7.438,48.484],[7.435,48.484],[7.435,48.482],[7.433,48.482],[7.433,48.483],[7.434,48.484]]],[[[7.439,48.495],[7.439,48.496],[7.439,48.495],[7.439,48.495]]],[[[7.431,48.507],[7.433,48.506],[7.432,48.505],[7.432,48.506],[7.431,48.507]]],[[[7.444,48.566],[7.442,48.567],[7.442,48.567],[7.444,48.568],[7.445,48.567],[7.449,48.569],[7.45,48.568],[7.452,48.569],[7.45,48.567],[7.447,48.566],[7.448,48.565],[7.45,48.566],[7.451,48.565],[7.449,48.564],[7.45,48.563],[7.448,48.562],[7.447,48.563],[7.448,48.564],[7.447,48.565],[7.441,48.564],[7.444,48.566]],[[7.448,48.562],[7.448,48.562],[7.448,48.562],[7.448,48.562]],[[7.444,48.567],[7.444,48.567],[7.444,48.567],[7.444,48.567]]],[[[7.438,48.564],[7.437,48.565],[7.439,48.567],[7.439,48.568],[7.441,48.57],[7.442,48.571],[7.444,48.572],[7.445,48.57],[7.442,48.569],[7.443,48.568],[7.441,48.567],[7.442,48.567],[7.438,48.564]]],[[[7.436,48.567],[7.432,48.566],[7.433,48.57],[7.441,48.573],[7.442,48.573],[7.441,48.572],[7.434,48.569],[7.436,48.567]]],[[[7.436,48.574],[7.433,48.573],[7.433,48.574],[7.432,48.575],[7.432,48.575],[7.434,48.575],[7.434,48.575],[7.431,48.575],[7.431,48.576],[7.429,48.576],[7.429,48.576],[7.429,48.575],[7.428,48.575],[7.425,48.575],[7.424,48.576],[7.423,48.576],[7.422,48.578],[7.42,48.577],[7.423,48.581],[7.43,48.583],[7.43,48.581],[7.429,48.58],[7.428,48.58],[7.429,48.58],[7.43,48.579],[7.432,48.579],[7.431,48.578],[7.437,48.58],[7.438,48.579],[7.438,48.578],[7.437,48.578],[7.435,48.577],[7.432,48.576],[7.438,48.578],[7.438,48.577],[7.438,48.577],[7.438,48.577],[7.439,48.576],[7.438,48.577],[7.438,48.578],[7.438,48.578],[7.438,48.578],[7.44,48.578],[7.44,48.575],[7.437,48.573],[7.436,48.575],[7.436,48.574]],[[7.431,48.576],[7.431,48.576],[7.431,48.576],[7.431,48.576]],[[7.432,48.576],[7.431,48.576],[7.432,48.576],[7.432,48.576]],[[7.432,48.576],[7.432,48.576],[7.432,48.576],[7.432,48.576]],[[7.435,48.575],[7.435,48.575],[7.435,48.575],[7.435,48.575]],[[7.439,48.576],[7.439,48.576],[7.439,48.576],[7.439,48.576],[7.439,48.576]],[[7.423,48.58],[7.423,48.579],[7.424,48.579],[7.423,48.58]],[[7.425,48.578],[7.425,48.578],[7.425,48.578],[7.425,48.578]],[[7.428,48.578],[7.429,48.579],[7.427,48.578],[7.427,48.578],[7.428,48.578]],[[7.43,48.578],[7.428,48.577],[7.428,48.577],[7.43,48.578]]],[[[7.43,48.575],[7.431,48.576],[7.431,48.575],[7.43,48.575]]],[[[7.446,48.577],[7.448,48.578],[7.448,48.576],[7.444,48.577],[7.444,48.578],[7.446,48.578],[7.446,48.577]]],[[[7.422,48.582],[7.416,48.582],[7.415,48.584],[7.415,48.585],[7.417,48.585],[7.416,48.586],[7.418,48.587],[7.419,48.587],[7.418,48.586],[7.419,48.587],[7.418,48.589],[7.419,48.59],[7.42,48.591],[7.421,48.59],[7.425,48.594],[7.426,48.593],[7.426,48.593],[7.428,48.592],[7.426,48.591],[7.425,48.592],[7.426,48.591],[7.425,48.59],[7.425,48.589],[7.425,48.59],[7.427,48.591],[7.432,48.592],[7.431,48.593],[7.433,48.593],[7.433,48.595],[7.431,48.594],[7.429,48.596],[7.431,48.597],[7.435,48.597],[7.435,48.596],[7.434,48.595],[7.434,48.592],[7.437,48.593],[7.437,48.589],[7.438,48.588],[7.439,48.586],[7.436,48.586],[7.436,48.585],[7.435,48.585],[7.433,48.586],[7.43,48.586],[7.432,48.584],[7.432,48.583],[7.43,48.583],[7.43,48.584],[7.429,48.585],[7.43,48.583],[7.424,48.581],[7.423,48.583],[7.424,48.582],[7.422,48.582]],[[7.432,48.583],[7.432,48.583],[7.432,48.583],[7.432,48.583]],[[7.417,48.585],[7.417,48.585],[7.417,48.585],[7.417,48.585]],[[7.417,48.585],[7.417,48.585],[7.417,48.585],[7.417,48.585]],[[7.418,48.585],[7.418,48.585],[7.418,48.585],[7.418,48.585]],[[7.419,48.586],[7.419,48.586],[7.419,48.586],[7.419,48.586]],[[7.419,48.586],[7.419,48.586],[7.419,48.586],[7.419,48.586]],[[7.419,48.586],[7.42,48.586],[7.42,48.586],[7.42,48.586],[7.419,48.586]],[[7.42,48.586],[7.42,48.586],[7.421,48.586],[7.42,48.586]],[[7.421,48.586],[7.421,48.586],[7.421,48.586],[7.421,48.586]],[[7.422,48.586],[7.422,48.586],[7.422,48.586],[7.422,48.586]],[[7.423,48.587],[7.422,48.586],[7.422,48.586],[7.423,48.587]],[[7.423,48.587],[7.423,48.587],[7.423,48.587],[7.423,48.587]],[[7.423,48.587],[7.423,48.587],[7.423,48.587],[7.423,48.587]],[[7.424,48.587],[7.424,48.587],[7.424,48.587],[7.424,48.587]],[[7.424,48.587],[7.424,48.587],[7.424,48.587],[7.424,48.587]],[[7.425,48.587],[7.424,48.587],[7.424,48.587],[7.425,48.587]],[[7.426,48.587],[7.426,48.587],[7.426,48.587],[7.426,48.587]],[[7.426,48.587],[7.426,48.587],[7.426,48.587],[7.426,48.587]],[[7.427,48.587],[7.427,48.587],[7.426,48.587],[7.427,48.587]],[[7.427,48.587],[7.427,48.587],[7.427,48.587],[7.427,48.587]],[[7.428,48.588],[7.428,48.588],[7.427,48.588],[7.428,48.588]],[[7.428,48.588],[7.428,48.588],[7.428,48.588],[7.428,48.588]],[[7.428,48.588],[7.428,48.588],[7.428,48.588],[7.428,48.588],[7.428,48.588]],[[7.429,48.588],[7.428,48.588],[7.428,48.588],[7.429,48.588]],[[7.429,48.588],[7.429,48.588],[7.429,48.588],[7.429,48.588],[7.429,48.588]],[[7.429,48.588],[7.429,48.588],[7.429,48.588],[7.429,48.588]],[[7.429,48.588],[7.429,48.588],[7.429,48.588],[7.429,48.588]],[[7.429,48.588],[7.429,48.588],[7.429,48.588],[7.429,48.588]],[[7.429,48.588],[7.429,48.588],[7.429,48.588],[7.429,48.588]],[[7.429,48.588],[7.429,48.588],[7.429,48.588],[7.429,48.588]],[[7.429,48.588],[7.429,48.588],[7.429,48.588],[7.429,48.588]],[[7.43,48.588],[7.43,48.588],[7.43,48.588],[7.43,48.588]],[[7.43,48.588],[7.43,48.588],[7.43,48.588],[7.43,48.588]],[[7.43,48.588],[7.43,48.588],[7.43,48.588],[7.43,48.588]],[[7.43,48.588],[7.43,48.588],[7.43,48.588],[7.43,48.588]],[[7.43,48.588],[7.43,48.588],[7.43,48.588],[7.43,48.588]],[[7.43,48.588],[7.43,48.588],[7.43,48.588],[7.43,48.588]],[[7.43,48.588],[7.43,48.588],[7.431,48.588],[7.43,48.588]],[[7.432,48.588],[7.431,48.588],[7.431,48.588],[7.432,48.588]],[[7.433,48.588],[7.433,48.588],[7.433,48.588],[7.433,48.588]],[[7.434,48.589],[7.434,48.589],[7.434,48.588],[7.434,48.589]],[[7.434,48.588],[7.434,48.588],[7.434,48.588],[7.434,48.588]],[[7.435,48.588],[7.435,48.588],[7.435,48.588],[7.435,48.588]],[[7.435,48.589],[7.435,48.589],[7.435,48.589],[7.435,48.589]],[[7.435,48.589],[7.435,48.589],[7.435,48.589],[7.435,48.589]],[[7.435,48.589],[7.435,48.589],[7.435,48.589],[7.435,48.589]],[[7.435,48.589],[7.435,48.589],[7.435,48.589],[7.435,48.589]],[[7.436,48.589],[7.436,48.589],[7.436,48.589],[7.436,48.589]],[[7.436,48.589],[7.436,48.589],[7.436,48.589],[7.436,48.589],[7.436,48.589],[7.436,48.589]],[[7.431,48.588],[7.431,48.588],[7.431,48.588],[7.431,48.588]],[[7.431,48.588],[7.431,48.588],[7.431,48.588],[7.431,48.588]],[[7.422,48.585],[7.421,48.585],[7.421,48.586],[7.421,48.585],[7.422,48.585]]],[[[7.444,48.584],[7.443,48.582],[7.44,48.583],[7.442,48.585],[7.441,48.585],[7.443,48.586],[7.444,48.586],[7.443,48.586],[7.444,48.587],[7.448,48.589],[7.448,48.588],[7.45,48.588],[7.454,48.582],[7.456,48.58],[7.453,48.578],[7.45,48.581],[7.445,48.582],[7.444,48.584]],[[7.442,48.585],[7.442,48.585],[7.442,48.585],[7.442,48.585]],[[7.451,48.587],[7.45,48.587],[7.45,48.587],[7.451,48.587]],[[7.446,48.585],[7.447,48.584],[7.447,48.584],[7.447,48.584],[7.446,48.585]],[[7.446,48.584],[7.446,48.584],[7.446,48.584],[7.446,48.584]],[[7.448,48.587],[7.448,48.587],[7.448,48.587],[7.448,48.587]],[[7.449,48.587],[7.449,48.587],[7.449,48.587],[7.449,48.587]],[[7.449,48.587],[7.449,48.587],[7.449,48.587],[7.449,48.587]],[[7.449,48.587],[7.449,48.587],[7.449,48.587],[7.449,48.587]],[[7.449,48.587],[7.449,48.587],[7.449,48.587],[7.449,48.587]],[[7.446,48.585],[7.444,48.586],[7.445,48.585],[7.446,48.585]],[[7.45,48.587],[7.45,48.587],[7.45,48.587],[7.45,48.587]],[[7.45,48.587],[7.45,48.587],[7.45,48.587],[7.45,48.587]],[[7.45,48.587],[7.45,48.587],[7.45,48.587],[7.45,48.587]]],[[[7.441,48.588],[7.44,48.586],[7.439,48.586],[7.437,48.589],[7.437,48.594],[7.437,48.597],[7.441,48.598],[7.443,48.594],[7.44,48.593],[7.44,48.592],[7.444,48.594],[7.444,48.593],[7.451,48.594],[7.452,48.594],[7.453,48.592],[7.454,48.591],[7.449,48.59],[7.449,48.591],[7.448,48.592],[7.45,48.593],[7.448,48.592],[7.448,48.591],[7.444,48.59],[7.448,48.591],[7.449,48.59],[7.443,48.588],[7.441,48.588]],[[7.437,48.589],[7.438,48.589],[7.437,48.589],[7.437,48.589]],[[7.45,48.594],[7.45,48.594],[7.45,48.594],[7.45,48.594]],[[7.45,48.593],[7.45,48.593],[7.45,48.593],[7.45,48.593]],[[7.45,48.594],[7.45,48.594],[7.45,48.594],[7.45,48.594]],[[7.45,48.593],[7.45,48.593],[7.45,48.593],[7.45,48.593]],[[7.45,48.593],[7.45,48.593],[7.451,48.593],[7.45,48.593],[7.45,48.593]],[[7.451,48.593],[7.451,48.593],[7.45,48.593],[7.451,48.593]],[[7.438,48.589],[7.438,48.589],[7.438,48.589],[7.438,48.589]],[[7.438,48.589],[7.438,48.589],[7.438,48.589],[7.438,48.589],[7.438,48.589]],[[7.439,48.589],[7.439,48.59],[7.439,48.589],[7.439,48.589]],[[7.44,48.59],[7.44,48.59],[7.44,48.59],[7.44,48.59]],[[7.441,48.59],[7.441,48.59],[7.44,48.59],[7.441,48.59]],[[7.441,48.59],[7.441,48.59],[7.441,48.59],[7.441,48.59]],[[7.441,48.59],[7.441,48.59],[7.441,48.59],[7.441,48.59]],[[7.442,48.59],[7.442,48.59],[7.442,48.59],[7.442,48.59]],[[7.442,48.59],[7.442,48.59],[7.442,48.59],[7.442,48.59]],[[7.442,48.59],[7.442,48.59],[7.442,48.59],[7.442,48.59]],[[7.443,48.59],[7.443,48.59],[7.442,48.59],[7.443,48.59]],[[7.443,48.59],[7.443,48.59],[7.443,48.59],[7.443,48.59]],[[7.443,48.59],[7.443,48.59],[7.443,48.59],[7.443,48.59]],[[7.444,48.59],[7.444,48.59],[7.444,48.59],[7.444,48.59]],[[7.446,48.59],[7.446,48.59],[7.446,48.59],[7.446,48.59]],[[7.444,48.592],[7.445,48.592],[7.444,48.592],[7.444,48.592]]],[[[7.43,48.594],[7.429,48.596],[7.431,48.594],[7.43,48.594]]],[[[7.433,48.605],[7.43,48.605],[7.43,48.606],[7.428,48.607],[7.427,48.61],[7.429,48.611],[7.433,48.61],[7.433,48.609],[7.436,48.609],[7.44,48.61],[7.441,48.609],[7.439,48.607],[7.439,48.606],[7.436,48.606],[7.435,48.606],[7.434,48.606],[7.433,48.606],[7.433,48.606],[7.433,48.605]],[[7.436,48.607],[7.438,48.608],[7.438,48.608],[7.436,48.607]]],[[[7.451,48.61],[7.444,48.61],[7.443,48.611],[7.443,48.612],[7.441,48.612],[7.442,48.615],[7.445,48.614],[7.447,48.614],[7.451,48.614],[7.453,48.614],[7.454,48.613],[7.454,48.612],[7.453,48.614],[7.459,48.616],[7.466,48.615],[7.466,48.614],[7.462,48.612],[7.462,48.613],[7.46,48.613],[7.46,48.614],[7.461,48.615],[7.461,48.615],[7.46,48.614],[7.461,48.611],[7.454,48.612],[7.455,48.609],[7.451,48.61],[7.451,48.611],[7.451,48.612],[7.452,48.612],[7.452,48.612],[7.451,48.612],[7.451,48.61]],[[7.443,48.611],[7.443,48.611],[7.443,48.611],[7.443,48.611]],[[7.451,48.614],[7.452,48.614],[7.451,48.614],[7.451,48.614]],[[7.452,48.612],[7.451,48.613],[7.451,48.613],[7.451,48.612],[7.452,48.612],[7.452,48.612]]],[[[7.434,48.278],[7.428,48.28],[7.424,48.28],[7.424,48.282],[7.424,48.282],[7.424,48.283],[7.425,48.282],[7.426,48.282],[7.425,48.283],[7.425,48.284],[7.427,48.282],[7.427,48.283],[7.427,48.284],[7.431,48.285],[7.434,48.278]]],[[[7.434,48.279],[7.432,48.285],[7.435,48.285],[7.436,48.285],[7.438,48.286],[7.432,48.285],[7.431,48.286],[7.432,48.287],[7.433,48.287],[7.431,48.288],[7.434,48.288],[7.436,48.29],[7.437,48.289],[7.437,48.289],[7.436,48.29],[7.44,48.291],[7.442,48.29],[7.448,48.291],[7.45,48.286],[7.442,48.284],[7.442,48.284],[7.443,48.283],[7.444,48.283],[7.45,48.283],[7.451,48.282],[7.446,48.28],[7.447,48.28],[7.443,48.28],[7.442,48.28],[7.44,48.28],[7.44,48.281],[7.44,48.282],[7.439,48.282],[7.44,48.28],[7.443,48.28],[7.443,48.279],[7.439,48.279],[7.439,48.28],[7.439,48.28],[7.436,48.28],[7.436,48.278],[7.435,48.279],[7.434,48.279]],[[7.433,48.282],[7.433,48.282],[7.433,48.282],[7.433,48.282]],[[7.441,48.283],[7.435,48.283],[7.435,48.283],[7.437,48.283],[7.441,48.283]],[[7.441,48.284],[7.44,48.285],[7.441,48.284],[7.441,48.284]],[[7.439,48.287],[7.438,48.288],[7.44,48.285],[7.439,48.287]],[[7.446,48.289],[7.446,48.289],[7.446,48.289],[7.446,48.289]],[[7.446,48.289],[7.446,48.289],[7.446,48.289],[7.446,48.289]],[[7.447,48.289],[7.447,48.289],[7.447,48.289],[7.447,48.289]]],[[[7.424,48.283],[7.424,48.283],[7.424,48.283],[7.424,48.283]]],[[[7.427,48.283],[7.427,48.284],[7.427,48.283],[7.427,48.283]]],[[[7.426,48.283],[7.426,48.284],[7.426,48.283],[7.426,48.283]]],[[[7.422,48.284],[7.422,48.285],[7.422,48.286],[7.423,48.285],[7.422,48.284]]],[[[7.428,48.285],[7.424,48.284],[7.424,48.286],[7.426,48.286],[7.425,48.286],[7.427,48.287],[7.428,48.285]]],[[[7.431,48.285],[7.429,48.285],[7.43,48.285],[7.431,48.286],[7.431,48.285]]],[[[7.428,48.287],[7.429,48.288],[7.43,48.285],[7.428,48.285],[7.428,48.287]]],[[[7.431,48.288],[7.432,48.287],[7.431,48.286],[7.431,48.288]]],[[[7.421,48.292],[7.421,48.294],[7.423,48.295],[7.424,48.292],[7.423,48.292],[7.423,48.292],[7.422,48.292],[7.421,48.292]]],[[[7.428,48.296],[7.428,48.296],[7.428,48.296],[7.428,48.296]]],[[[7.428,48.298],[7.429,48.298],[7.429,48.296],[7.428,48.298]]],[[[7.428,48.302],[7.429,48.299],[7.428,48.299],[7.426,48.301],[7.428,48.302]]],[[[7.425,48.308],[7.425,48.307],[7.424,48.307],[7.425,48.308]]],[[[7.423,48.307],[7.423,48.31],[7.422,48.311],[7.422,48.31],[7.42,48.31],[7.42,48.311],[7.419,48.31],[7.421,48.314],[7.422,48.315],[7.422,48.316],[7.425,48.317],[7.427,48.319],[7.426,48.32],[7.429,48.32],[7.429,48.32],[7.427,48.32],[7.426,48.321],[7.429,48.321],[7.429,48.322],[7.431,48.322],[7.431,48.322],[7.43,48.322],[7.43,48.323],[7.431,48.323],[7.431,48.324],[7.435,48.323],[7.435,48.322],[7.434,48.322],[7.433,48.321],[7.434,48.321],[7.434,48.319],[7.432,48.319],[7.431,48.318],[7.427,48.319],[7.431,48.318],[7.432,48.316],[7.428,48.317],[7.427,48.313],[7.424,48.314],[7.422,48.314],[7.429,48.313],[7.429,48.311],[7.426,48.311],[7.425,48.308],[7.424,48.308],[7.424,48.307],[7.423,48.307]],[[7.421,48.311],[7.421,48.311],[7.421,48.311],[7.421,48.311]],[[7.421,48.311],[7.421,48.31],[7.421,48.311],[7.421,48.311]],[[7.426,48.32],[7.427,48.319],[7.426,48.32],[7.426,48.32]],[[7.427,48.32],[7.427,48.32],[7.427,48.32],[7.427,48.32]],[[7.426,48.318],[7.427,48.318],[7.427,48.318],[7.426,48.318]],[[7.427,48.319],[7.427,48.319],[7.427,48.318],[7.427,48.319]],[[7.427,48.318],[7.427,48.318],[7.427,48.319],[7.427,48.318]],[[7.427,48.318],[7.427,48.318],[7.427,48.318],[7.427,48.318]],[[7.433,48.321],[7.432,48.321],[7.432,48.321],[7.433,48.321]],[[7.433,48.321],[7.433,48.321],[7.433,48.321],[7.433,48.321]],[[7.423,48.311],[7.423,48.311],[7.423,48.311],[7.423,48.311]],[[7.428,48.319],[7.427,48.319],[7.427,48.319],[7.428,48.319]]],[[[7.435,48.32],[7.436,48.32],[7.435,48.32],[7.435,48.32]]],[[[7.436,48.32],[7.436,48.321],[7.436,48.32],[7.436,48.32]]],[[[7.427,48.321],[7.428,48.321],[7.427,48.321],[7.427,48.321]]],[[[7.436,48.322],[7.437,48.321],[7.436,48.321],[7.436,48.322]]],[[[7.439,48.327],[7.438,48.326],[7.438,48.325],[7.439,48.327]]],[[[7.424,48.327],[7.426,48.329],[7.425,48.33],[7.426,48.331],[7.432,48.327],[7.431,48.326],[7.43,48.326],[7.431,48.325],[7.429,48.325],[7.43,48.324],[7.428,48.324],[7.426,48.326],[7.424,48.327]],[[7.429,48.324],[7.429,48.324],[7.429,48.324],[7.429,48.324]]],[[[7.431,48.337],[7.435,48.337],[7.435,48.338],[7.436,48.338],[7.437,48.338],[7.44,48.339],[7.44,48.337],[7.443,48.337],[7.441,48.332],[7.44,48.333],[7.441,48.333],[7.44,48.333],[7.441,48.333],[7.44,48.333],[7.437,48.334],[7.437,48.334],[7.433,48.333],[7.436,48.332],[7.436,48.331],[7.439,48.331],[7.438,48.329],[7.439,48.329],[7.437,48.325],[7.436,48.325],[7.431,48.326],[7.432,48.327],[7.426,48.332],[7.427,48.336],[7.427,48.337],[7.425,48.338],[7.424,48.34],[7.428,48.339],[7.429,48.339],[7.426,48.338],[7.43,48.338],[7.431,48.337]],[[7.427,48.339],[7.427,48.339],[7.427,48.339],[7.427,48.339]],[[7.427,48.339],[7.427,48.339],[7.427,48.339],[7.427,48.339]],[[7.428,48.339],[7.428,48.339],[7.428,48.339],[7.428,48.339]],[[7.435,48.337],[7.436,48.336],[7.434,48.336],[7.433,48.335],[7.436,48.336],[7.436,48.337],[7.435,48.337]],[[7.431,48.334],[7.431,48.334],[7.431,48.334],[7.431,48.334]],[[7.431,48.33],[7.434,48.329],[7.438,48.328],[7.438,48.328],[7.438,48.329],[7.431,48.33],[7.431,48.33]],[[7.437,48.327],[7.437,48.328],[7.437,48.327],[7.437,48.327]],[[7.434,48.328],[7.434,48.328],[7.434,48.329],[7.434,48.328]]],[[[7.43,48.353],[7.425,48.354],[7.425,48.356],[7.429,48.356],[7.43,48.353]]],[[[7.433,48.354],[7.428,48.357],[7.43,48.36],[7.434,48.359],[7.434,48.357],[7.437,48.352],[7.436,48.351],[7.434,48.352],[7.433,48.354]]],[[[7.441,48.356],[7.441,48.359],[7.442,48.359],[7.441,48.356]]],[[[7.434,48.362],[7.43,48.363],[7.431,48.364],[7.431,48.363],[7.434,48.363],[7.434,48.364],[7.432,48.365],[7.433,48.365],[7.434,48.365],[7.435,48.365],[7.436,48.365],[7.436,48.364],[7.434,48.364],[7.436,48.364],[7.435,48.363],[7.438,48.364],[7.438,48.362],[7.443,48.362],[7.443,48.362],[7.44,48.361],[7.44,48.36],[7.434,48.361],[7.434,48.362]],[[7.434,48.362],[7.434,48.362],[7.434,48.362],[7.434,48.362]]],[[[7.434,48.378],[7.435,48.379],[7.44,48.381],[7.438,48.376],[7.438,48.376],[7.434,48.378]]],[[[7.439,48.376],[7.44,48.381],[7.444,48.381],[7.446,48.382],[7.447,48.38],[7.447,48.38],[7.447,48.377],[7.447,48.376],[7.439,48.376]]],[[[7.441,48.384],[7.44,48.383],[7.439,48.383],[7.44,48.384],[7.441,48.384]]],[[[7.442,48.383],[7.443,48.384],[7.444,48.384],[7.444,48.383],[7.442,48.383]]],[[[7.442,48.384],[7.44,48.384],[7.44,48.384],[7.442,48.384]]],[[[7.443,48.385],[7.442,48.385],[7.443,48.385],[7.443,48.385]]],[[[7.427,48.387],[7.429,48.39],[7.429,48.39],[7.431,48.39],[7.433,48.389],[7.435,48.389],[7.435,48.389],[7.433,48.387],[7.427,48.387]]],[[[7.446,48.391],[7.445,48.393],[7.443,48.393],[7.442,48.392],[7.441,48.393],[7.44,48.393],[7.441,48.393],[7.442,48.394],[7.443,48.394],[7.443,48.394],[7.446,48.393],[7.446,48.393],[7.446,48.393],[7.447,48.393],[7.448,48.393],[7.448,48.392],[7.446,48.391]],[[7.441,48.393],[7.441,48.393],[7.441,48.393],[7.441,48.393]]],[[[7.428,48.394],[7.428,48.398],[7.429,48.398],[7.43,48.398],[7.43,48.398],[7.43,48.396],[7.43,48.396],[7.431,48.399],[7.437,48.398],[7.438,48.396],[7.438,48.396],[7.437,48.395],[7.436,48.394],[7.435,48.394],[7.436,48.394],[7.438,48.396],[7.439,48.395],[7.439,48.393],[7.435,48.393],[7.433,48.393],[7.435,48.392],[7.438,48.392],[7.44,48.391],[7.435,48.389],[7.432,48.39],[7.428,48.39],[7.428,48.392],[7.427,48.393],[7.428,48.394]],[[7.431,48.395],[7.432,48.395],[7.432,48.394],[7.433,48.394],[7.433,48.394],[7.43,48.391],[7.434,48.394],[7.433,48.394],[7.431,48.396],[7.431,48.395]],[[7.429,48.396],[7.429,48.396],[7.429,48.396],[7.429,48.396]]],[[[7.44,48.394],[7.441,48.395],[7.442,48.395],[7.445,48.394],[7.445,48.394],[7.442,48.394],[7.44,48.394]]],[[[7.436,48.398],[7.436,48.398],[7.436,48.398],[7.436,48.398]]],[[[7.444,48.396],[7.444,48.397],[7.443,48.397],[7.442,48.398],[7.441,48.397],[7.439,48.397],[7.439,48.398],[7.441,48.399],[7.439,48.398],[7.439,48.398],[7.438,48.398],[7.438,48.399],[7.437,48.397],[7.437,48.398],[7.436,48.4],[7.436,48.398],[7.436,48.398],[7.436,48.398],[7.43,48.399],[7.429,48.402],[7.436,48.403],[7.437,48.405],[7.438,48.405],[7.438,48.406],[7.441,48.406],[7.442,48.404],[7.443,48.405],[7.444,48.405],[7.445,48.406],[7.446,48.405],[7.447,48.405],[7.448,48.404],[7.447,48.402],[7.448,48.402],[7.447,48.4],[7.446,48.4],[7.446,48.4],[7.445,48.399],[7.445,48.398],[7.444,48.398],[7.442,48.399],[7.444,48.398],[7.447,48.4],[7.448,48.402],[7.453,48.403],[7.454,48.4],[7.452,48.401],[7.451,48.399],[7.448,48.397],[7.448,48.396],[7.448,48.396],[7.447,48.396],[7.447,48.396],[7.446,48.396],[7.445,48.396],[7.445,48.396],[7.444,48.396]],[[7.436,48.403],[7.436,48.403],[7.436,48.403],[7.436,48.403]],[[7.45,48.402],[7.45,48.402],[7.45,48.402],[7.45,48.402]],[[7.453,48.401],[7.453,48.401],[7.453,48.401],[7.453,48.401]],[[7.436,48.403],[7.436,48.403],[7.436,48.403],[7.436,48.403]],[[7.439,48.403],[7.439,48.403],[7.439,48.403],[7.439,48.403]],[[7.441,48.402],[7.441,48.402],[7.441,48.403],[7.441,48.402]],[[7.44,48.401],[7.441,48.401],[7.442,48.402],[7.447,48.402],[7.44,48.402],[7.44,48.401]],[[7.447,48.402],[7.447,48.402],[7.447,48.402],[7.447,48.402]],[[7.446,48.397],[7.445,48.397],[7.446,48.397],[7.446,48.397]],[[7.442,48.399],[7.443,48.399],[7.442,48.399],[7.442,48.399]],[[7.437,48.402],[7.437,48.402],[7.436,48.402],[7.437,48.402]]],[[[7.437,48.406],[7.436,48.406],[7.438,48.406],[7.437,48.406]]],[[[7.434,48.406],[7.434,48.41],[7.434,48.409],[7.435,48.409],[7.438,48.409],[7.439,48.408],[7.44,48.408],[7.439,48.407],[7.44,48.407],[7.439,48.407],[7.437,48.407],[7.435,48.407],[7.435,48.406],[7.435,48.407],[7.434,48.406]]],[[[7.438,48.409],[7.435,48.409],[7.434,48.409],[7.433,48.41],[7.436,48.412],[7.436,48.415],[7.438,48.415],[7.439,48.414],[7.438,48.413],[7.439,48.412],[7.438,48.412],[7.438,48.411],[7.44,48.411],[7.439,48.413],[7.445,48.414],[7.447,48.413],[7.448,48.414],[7.448,48.414],[7.451,48.413],[7.452,48.414],[7.452,48.412],[7.452,48.412],[7.45,48.411],[7.448,48.41],[7.448,48.41],[7.447,48.41],[7.447,48.409],[7.446,48.409],[7.445,48.41],[7.445,48.411],[7.445,48.41],[7.445,48.408],[7.44,48.408],[7.438,48.409]]],[[[7.439,48.412],[7.439,48.412],[7.439,48.412],[7.439,48.412]]],[[[7.443,48.422],[7.444,48.421],[7.444,48.421],[7.444,48.421],[7.444,48.421],[7.443,48.421],[7.443,48.422]]],[[[7.444,48.426],[7.447,48.428],[7.451,48.427],[7.45,48.425],[7.45,48.425],[7.449,48.426],[7.45,48.426],[7.448,48.426],[7.448,48.424],[7.447,48.425],[7.448,48.424],[7.446,48.42],[7.444,48.421],[7.444,48.421],[7.444,48.422],[7.443,48.423],[7.444,48.426]],[[7.447,48.426],[7.448,48.425],[7.447,48.426],[7.447,48.426]]],[[[7.443,48.426],[7.442,48.425],[7.441,48.425],[7.438,48.425],[7.438,48.426],[7.443,48.426]],[[7.442,48.426],[7.442,48.426],[7.442,48.426],[7.442,48.426]]],[[[7.443,48.447],[7.444,48.448],[7.444,48.447],[7.443,48.447],[7.443,48.447]]],[[[7.435,48.448],[7.442,48.451],[7.444,48.451],[7.444,48.451],[7.444,48.451],[7.443,48.45],[7.442,48.45],[7.44,48.449],[7.443,48.45],[7.444,48.45],[7.444,48.449],[7.436,48.447],[7.436,48.448],[7.435,48.446],[7.433,48.447],[7.435,48.448]]],[[[7.439,48.453],[7.438,48.455],[7.44,48.456],[7.441,48.453],[7.439,48.453]]],[[[7.444,48.455],[7.448,48.456],[7.449,48.455],[7.448,48.456],[7.451,48.456],[7.452,48.455],[7.454,48.454],[7.451,48.456],[7.456,48.457],[7.455,48.456],[7.456,48.456],[7.456,48.454],[7.457,48.453],[7.454,48.453],[7.452,48.454],[7.451,48.454],[7.449,48.454],[7.449,48.454],[7.449,48.454],[7.449,48.454],[7.451,48.454],[7.45,48.453],[7.453,48.452],[7.454,48.451],[7.453,48.451],[7.449,48.452],[7.449,48.452],[7.445,48.452],[7.443,48.452],[7.442,48.453],[7.442,48.453],[7.444,48.453],[7.449,48.453],[7.45,48.453],[7.442,48.453],[7.441,48.453],[7.443,48.454],[7.444,48.455]],[[7.446,48.454],[7.446,48.454],[7.446,48.454],[7.446,48.454]]],[[[7.456,48.457],[7.445,48.455],[7.441,48.454],[7.442,48.456],[7.446,48.456],[7.446,48.457],[7.448,48.457],[7.449,48.458],[7.45,48.458],[7.45,48.458],[7.451,48.459],[7.451,48.459],[7.452,48.459],[7.451,48.459],[7.45,48.46],[7.45,48.458],[7.449,48.458],[7.448,48.459],[7.449,48.461],[7.452,48.462],[7.455,48.457],[7.456,48.457]]],[[[7.441,48.474],[7.441,48.473],[7.44,48.473],[7.44,48.474],[7.441,48.474]]],[[[7.441,48.475],[7.441,48.475],[7.441,48.475],[7.441,48.475]]],[[[7.438,48.48],[7.439,48.482],[7.44,48.483],[7.44,48.48],[7.438,48.48]]],[[[7.45,48.481],[7.444,48.477],[7.442,48.478],[7.441,48.48],[7.441,48.483],[7.439,48.484],[7.44,48.486],[7.44,48.489],[7.444,48.491],[7.444,48.489],[7.446,48.49],[7.446,48.489],[7.447,48.488],[7.446,48.485],[7.449,48.483],[7.451,48.484],[7.452,48.483],[7.453,48.483],[7.453,48.482],[7.451,48.482],[7.45,48.481]],[[7.441,48.481],[7.441,48.481],[7.441,48.481],[7.441,48.481]],[[7.441,48.486],[7.442,48.487],[7.443,48.486],[7.442,48.487],[7.441,48.486]],[[7.443,48.486],[7.443,48.486],[7.443,48.486],[7.443,48.486]],[[7.444,48.485],[7.443,48.486],[7.443,48.486],[7.443,48.485],[7.443,48.485],[7.444,48.485]],[[7.445,48.485],[7.444,48.485],[7.445,48.485],[7.445,48.485]],[[7.445,48.485],[7.445,48.485],[7.445,48.485],[7.445,48.485]],[[7.446,48.485],[7.446,48.485],[7.446,48.485],[7.446,48.485]],[[7.443,48.482],[7.443,48.482],[7.443,48.482],[7.443,48.482]],[[7.443,48.482],[7.444,48.482],[7.445,48.482],[7.448,48.482],[7.447,48.481],[7.447,48.481],[7.449,48.483],[7.448,48.482],[7.445,48.482],[7.443,48.482]]],[[[7.446,48.489],[7.446,48.489],[7.446,48.489],[7.446,48.489]]],[[[7.447,48.495],[7.453,48.498],[7.454,48.496],[7.455,48.494],[7.452,48.493],[7.453,48.492],[7.45,48.493],[7.448,48.493],[7.447,48.495]]],[[[7.444,48.497],[7.437,48.496],[7.438,48.499],[7.443,48.5],[7.449,48.502],[7.451,48.502],[7.451,48.501],[7.443,48.498],[7.444,48.497]]],[[[7.44,48.501],[7.443,48.504],[7.444,48.503],[7.441,48.5],[7.44,48.501]]],[[[7.453,48.51],[7.453,48.508],[7.455,48.508],[7.455,48.508],[7.469,48.51],[7.47,48.508],[7.469,48.508],[7.468,48.508],[7.463,48.508],[7.456,48.507],[7.455,48.507],[7.464,48.508],[7.465,48.507],[7.465,48.507],[7.466,48.507],[7.467,48.506],[7.467,48.505],[7.469,48.505],[7.468,48.504],[7.467,48.504],[7.466,48.504],[7.468,48.504],[7.468,48.504],[7.466,48.503],[7.466,48.502],[7.462,48.501],[7.459,48.502],[7.462,48.501],[7.465,48.501],[7.466,48.5],[7.462,48.501],[7.453,48.503],[7.453,48.502],[7.449,48.504],[7.45,48.505],[7.449,48.504],[7.441,48.507],[7.437,48.505],[7.437,48.506],[7.437,48.505],[7.433,48.506],[7.437,48.507],[7.437,48.508],[7.438,48.509],[7.44,48.509],[7.441,48.508],[7.444,48.508],[7.444,48.508],[7.448,48.508],[7.448,48.51],[7.45,48.511],[7.452,48.512],[7.454,48.514],[7.457,48.515],[7.456,48.516],[7.458,48.517],[7.456,48.517],[7.456,48.517],[7.458,48.519],[7.463,48.521],[7.463,48.521],[7.467,48.521],[7.467,48.521],[7.468,48.521],[7.468,48.52],[7.466,48.52],[7.464,48.518],[7.464,48.518],[7.463,48.516],[7.467,48.52],[7.466,48.518],[7.467,48.518],[7.466,48.517],[7.467,48.517],[7.47,48.518],[7.47,48.518],[7.472,48.518],[7.472,48.517],[7.473,48.517],[7.474,48.517],[7.474,48.516],[7.474,48.516],[7.474,48.517],[7.476,48.514],[7.475,48.514],[7.476,48.512],[7.474,48.512],[7.474,48.511],[7.472,48.512],[7.472,48.512],[7.473,48.511],[7.473,48.51],[7.475,48.511],[7.477,48.508],[7.479,48.508],[7.48,48.506],[7.479,48.506],[7.478,48.506],[7.479,48.504],[7.479,48.505],[7.478,48.506],[7.48,48.506],[7.48,48.503],[7.476,48.501],[7.475,48.502],[7.472,48.502],[7.471,48.503],[7.468,48.503],[7.469,48.505],[7.47,48.507],[7.47,48.507],[7.469,48.51],[7.468,48.51],[7.465,48.512],[7.465,48.514],[7.465,48.513],[7.466,48.512],[7.467,48.51],[7.459,48.51],[7.46,48.51],[7.459,48.512],[7.456,48.51],[7.453,48.51],[7.453,48.51]],[[7.455,48.507],[7.455,48.507],[7.455,48.507],[7.455,48.507]],[[7.466,48.504],[7.466,48.504],[7.466,48.504],[7.466,48.504]],[[7.444,48.507],[7.444,48.507],[7.444,48.507],[7.444,48.507]],[[7.46,48.511],[7.46,48.511],[7.46,48.511],[7.46,48.511]],[[7.471,48.512],[7.471,48.512],[7.471,48.512],[7.471,48.512]],[[7.471,48.512],[7.471,48.512],[7.471,48.512],[7.471,48.512]],[[7.471,48.512],[7.471,48.512],[7.471,48.512],[7.471,48.512]],[[7.456,48.512],[7.456,48.512],[7.456,48.512],[7.456,48.512],[7.456,48.512],[7.456,48.512],[7.456,48.512]],[[7.456,48.512],[7.456,48.512],[7.456,48.512],[7.456,48.512]],[[7.456,48.512],[7.456,48.512],[7.456,48.511],[7.456,48.512]],[[7.455,48.511],[7.456,48.511],[7.456,48.511],[7.455,48.511]],[[7.454,48.511],[7.455,48.511],[7.455,48.511],[7.454,48.511]],[[7.454,48.511],[7.454,48.511],[7.454,48.511],[7.454,48.511]],[[7.452,48.508],[7.452,48.508],[7.452,48.507],[7.452,48.508]],[[7.451,48.507],[7.451,48.506],[7.451,48.507],[7.451,48.507]],[[7.451,48.506],[7.451,48.506],[7.451,48.506],[7.451,48.506]],[[7.451,48.506],[7.451,48.506],[7.451,48.506],[7.451,48.506]],[[7.451,48.506],[7.451,48.506],[7.451,48.506],[7.451,48.506]],[[7.451,48.505],[7.451,48.505],[7.451,48.505],[7.451,48.505]],[[7.45,48.505],[7.45,48.505],[7.45,48.505],[7.45,48.505]],[[7.458,48.514],[7.458,48.514],[7.458,48.514],[7.458,48.514]],[[7.457,48.513],[7.456,48.513],[7.457,48.513],[7.456,48.513],[7.457,48.513]],[[7.438,48.507],[7.438,48.507],[7.438,48.507],[7.438,48.507]],[[7.438,48.506],[7.437,48.507],[7.437,48.506],[7.438,48.506]],[[7.451,48.509],[7.45,48.509],[7.451,48.509],[7.451,48.509]],[[7.46,48.515],[7.458,48.514],[7.459,48.514],[7.46,48.515],[7.462,48.515],[7.464,48.515],[7.46,48.515]],[[7.474,48.514],[7.474,48.514],[7.475,48.514],[7.474,48.514]],[[7.465,48.515],[7.465,48.515],[7.465,48.515],[7.465,48.515]],[[7.471,48.512],[7.471,48.514],[7.469,48.514],[7.468,48.512],[7.471,48.512]],[[7.474,48.515],[7.474,48.515],[7.475,48.515],[7.474,48.515]],[[7.474,48.514],[7.474,48.514],[7.474,48.515],[7.474,48.514]]],[[[7.447,48.511],[7.451,48.514],[7.452,48.513],[7.454,48.515],[7.454,48.514],[7.454,48.514],[7.452,48.512],[7.448,48.51],[7.447,48.511]],[[7.448,48.511],[7.448,48.511],[7.448,48.511],[7.448,48.511],[7.448,48.511]],[[7.448,48.51],[7.448,48.51],[7.448,48.51],[7.448,48.51]],[[7.448,48.51],[7.448,48.51],[7.448,48.51],[7.448,48.51]]],[[[7.447,48.518],[7.444,48.519],[7.442,48.52],[7.446,48.524],[7.45,48.525],[7.449,48.527],[7.456,48.527],[7.461,48.529],[7.465,48.527],[7.463,48.527],[7.453,48.521],[7.45,48.523],[7.453,48.521],[7.45,48.519],[7.447,48.518]],[[7.446,48.519],[7.447,48.52],[7.45,48.522],[7.449,48.522],[7.448,48.523],[7.448,48.524],[7.449,48.522],[7.446,48.519],[7.445,48.519],[7.444,48.52],[7.446,48.519]],[[7.444,48.52],[7.444,48.52],[7.444,48.52],[7.444,48.52]]],[[[7.446,48.526],[7.452,48.527],[7.449,48.527],[7.45,48.525],[7.446,48.524],[7.446,48.526]]],[[[7.453,48.561],[7.456,48.565],[7.454,48.566],[7.455,48.567],[7.458,48.568],[7.458,48.567],[7.46,48.567],[7.459,48.569],[7.465,48.57],[7.465,48.567],[7.463,48.565],[7.462,48.566],[7.461,48.566],[7.462,48.565],[7.455,48.561],[7.453,48.561]],[[7.463,48.569],[7.463,48.569],[7.463,48.569],[7.463,48.569]]],[[[7.457,48.581],[7.457,48.58],[7.454,48.582],[7.457,48.583],[7.457,48.582],[7.457,48.581],[7.457,48.581],[7.457,48.583],[7.454,48.582],[7.451,48.587],[7.454,48.588],[7.454,48.587],[7.456,48.587],[7.464,48.588],[7.465,48.588],[7.467,48.588],[7.468,48.588],[7.465,48.588],[7.464,48.588],[7.464,48.589],[7.454,48.587],[7.454,48.588],[7.454,48.588],[7.451,48.587],[7.449,48.59],[7.463,48.592],[7.464,48.59],[7.463,48.592],[7.466,48.593],[7.466,48.591],[7.473,48.593],[7.476,48.591],[7.474,48.591],[7.474,48.59],[7.475,48.591],[7.476,48.59],[7.478,48.59],[7.477,48.588],[7.474,48.588],[7.475,48.588],[7.474,48.586],[7.474,48.585],[7.474,48.586],[7.476,48.586],[7.475,48.583],[7.47,48.583],[7.472,48.586],[7.472,48.585],[7.469,48.586],[7.461,48.581],[7.46,48.583],[7.46,48.581],[7.457,48.581]],[[7.457,48.581],[7.457,48.581],[7.457,48.581],[7.457,48.581]],[[7.469,48.587],[7.469,48.587],[7.469,48.587],[7.469,48.587]],[[7.469,48.587],[7.469,48.587],[7.469,48.587],[7.469,48.587]],[[7.46,48.583],[7.46,48.584],[7.459,48.584],[7.459,48.584],[7.46,48.583]],[[7.464,48.585],[7.465,48.585],[7.464,48.585],[7.464,48.585]],[[7.464,48.584],[7.463,48.584],[7.463,48.584],[7.463,48.584],[7.464,48.584]],[[7.462,48.583],[7.462,48.583],[7.463,48.583],[7.462,48.583]],[[7.459,48.587],[7.459,48.587],[7.459,48.586],[7.459,48.587]],[[7.474,48.585],[7.474,48.585],[7.474,48.585],[7.474,48.585]],[[7.47,48.589],[7.468,48.591],[7.468,48.591],[7.47,48.589]],[[7.471,48.589],[7.471,48.589],[7.471,48.589],[7.471,48.589]],[[7.473,48.59],[7.473,48.59],[7.474,48.59],[7.473,48.59]],[[7.475,48.59],[7.474,48.589],[7.474,48.589],[7.473,48.589],[7.475,48.59]],[[7.455,48.589],[7.454,48.59],[7.455,48.589],[7.455,48.589]]],[[[7.459,48.593],[7.453,48.592],[7.451,48.594],[7.455,48.596],[7.459,48.597],[7.46,48.596],[7.461,48.594],[7.46,48.594],[7.46,48.593],[7.459,48.593]]],[[[7.46,48.607],[7.457,48.608],[7.459,48.611],[7.463,48.612],[7.475,48.614],[7.475,48.611],[7.474,48.61],[7.475,48.611],[7.476,48.609],[7.468,48.607],[7.467,48.608],[7.464,48.608],[7.46,48.607]],[[7.461,48.611],[7.461,48.611],[7.461,48.611],[7.461,48.611]],[[7.462,48.61],[7.461,48.611],[7.461,48.611],[7.461,48.611],[7.462,48.61]],[[7.462,48.609],[7.461,48.61],[7.462,48.609],[7.463,48.609],[7.462,48.609]],[[7.463,48.609],[7.464,48.609],[7.464,48.609],[7.463,48.609]],[[7.465,48.609],[7.464,48.609],[7.465,48.609],[7.465,48.609]],[[7.461,48.609],[7.459,48.609],[7.459,48.609],[7.458,48.609],[7.458,48.609],[7.459,48.609],[7.461,48.609]],[[7.458,48.608],[7.458,48.608],[7.458,48.608],[7.458,48.608]],[[7.466,48.609],[7.466,48.609],[7.466,48.609],[7.466,48.609]],[[7.467,48.608],[7.467,48.608],[7.467,48.608],[7.467,48.608]],[[7.469,48.609],[7.469,48.609],[7.469,48.609],[7.469,48.609]],[[7.469,48.609],[7.469,48.609],[7.469,48.609],[7.469,48.609]],[[7.471,48.61],[7.471,48.61],[7.471,48.61],[7.471,48.61]],[[7.474,48.61],[7.473,48.61],[7.474,48.61],[7.474,48.61]],[[7.473,48.609],[7.474,48.609],[7.473,48.609],[7.473,48.609]],[[7.468,48.609],[7.468,48.609],[7.468,48.609],[7.468,48.609]],[[7.468,48.609],[7.468,48.609],[7.468,48.609],[7.468,48.609]],[[7.468,48.609],[7.468,48.609],[7.468,48.609],[7.468,48.609]]],[[[7.446,48.614],[7.444,48.615],[7.446,48.617],[7.447,48.617],[7.447,48.617],[7.449,48.616],[7.453,48.618],[7.452,48.615],[7.456,48.616],[7.457,48.616],[7.458,48.616],[7.452,48.614],[7.446,48.614]]],[[[7.457,48.616],[7.459,48.619],[7.462,48.621],[7.463,48.616],[7.462,48.616],[7.458,48.616],[7.457,48.616]]],[[[7.439,48.322],[7.437,48.324],[7.438,48.325],[7.441,48.325],[7.442,48.325],[7.441,48.325],[7.441,48.324],[7.439,48.324],[7.439,48.322]]],[[[7.446,48.326],[7.443,48.326],[7.443,48.325],[7.441,48.325],[7.443,48.326],[7.444,48.327],[7.446,48.327],[7.446,48.326]]],[[[7.439,48.327],[7.444,48.327],[7.442,48.326],[7.438,48.325],[7.439,48.327]]],[[[7.447,48.329],[7.444,48.327],[7.444,48.328],[7.44,48.328],[7.442,48.329],[7.445,48.329],[7.446,48.329],[7.447,48.329]]],[[[7.442,48.331],[7.441,48.331],[7.441,48.332],[7.442,48.332],[7.442,48.331]]],[[[7.456,48.33],[7.456,48.329],[7.454,48.33],[7.453,48.328],[7.45,48.328],[7.448,48.329],[7.449,48.329],[7.45,48.332],[7.442,48.333],[7.444,48.336],[7.451,48.335],[7.452,48.335],[7.451,48.333],[7.451,48.333],[7.454,48.333],[7.454,48.33],[7.456,48.33]]],[[[7.441,48.332],[7.443,48.338],[7.446,48.337],[7.441,48.332]]],[[[7.456,48.345],[7.456,48.343],[7.452,48.343],[7.449,48.344],[7.45,48.345],[7.451,48.346],[7.451,48.345],[7.452,48.345],[7.456,48.345]]],[[[7.447,48.347],[7.451,48.346],[7.449,48.344],[7.447,48.347],[7.447,48.347]]],[[[7.454,48.349],[7.455,48.348],[7.455,48.345],[7.451,48.346],[7.453,48.348],[7.454,48.349]]],[[[7.446,48.348],[7.451,48.35],[7.453,48.352],[7.453,48.351],[7.454,48.349],[7.453,48.349],[7.451,48.346],[7.446,48.348]]],[[[7.452,48.352],[7.452,48.351],[7.449,48.35],[7.448,48.351],[7.448,48.351],[7.448,48.352],[7.447,48.354],[7.452,48.352]]],[[[7.451,48.354],[7.454,48.354],[7.453,48.353],[7.451,48.353],[7.451,48.354]]],[[[7.456,48.355],[7.457,48.354],[7.456,48.354],[7.456,48.355]]],[[[7.442,48.353],[7.441,48.358],[7.444,48.361],[7.446,48.361],[7.446,48.361],[7.448,48.361],[7.448,48.357],[7.448,48.358],[7.452,48.359],[7.451,48.361],[7.456,48.361],[7.456,48.36],[7.457,48.361],[7.457,48.36],[7.46,48.36],[7.46,48.359],[7.461,48.359],[7.461,48.358],[7.461,48.357],[7.462,48.356],[7.462,48.356],[7.455,48.355],[7.455,48.356],[7.456,48.356],[7.455,48.356],[7.456,48.358],[7.456,48.359],[7.454,48.355],[7.451,48.355],[7.45,48.353],[7.447,48.354],[7.447,48.355],[7.447,48.357],[7.447,48.351],[7.448,48.351],[7.448,48.35],[7.449,48.349],[7.446,48.348],[7.442,48.353]],[[7.459,48.355],[7.459,48.355],[7.459,48.355],[7.459,48.355]],[[7.459,48.355],[7.459,48.355],[7.459,48.355],[7.459,48.355]]],[[[7.453,48.361],[7.454,48.361],[7.453,48.361],[7.453,48.361]]],[[[7.453,48.361],[7.452,48.362],[7.452,48.363],[7.453,48.362],[7.453,48.361]]],[[[7.453,48.375],[7.453,48.378],[7.454,48.378],[7.455,48.375],[7.454,48.375],[7.454,48.375],[7.453,48.375]]],[[[7.452,48.381],[7.453,48.375],[7.448,48.373],[7.447,48.376],[7.447,48.377],[7.447,48.378],[7.449,48.378],[7.449,48.378],[7.449,48.379],[7.447,48.378],[7.448,48.38],[7.447,48.38],[7.446,48.382],[7.448,48.383],[7.447,48.382],[7.449,48.38],[7.452,48.381]]],[[[7.453,48.378],[7.452,48.38],[7.454,48.378],[7.453,48.378]]],[[[7.451,48.382],[7.451,48.383],[7.453,48.382],[7.454,48.382],[7.456,48.382],[7.456,48.383],[7.458,48.382],[7.461,48.382],[7.459,48.38],[7.459,48.379],[7.456,48.379],[7.454,48.378],[7.451,48.382]]],[[[7.452,48.383],[7.45,48.383],[7.451,48.384],[7.456,48.382],[7.455,48.382],[7.452,48.383]]],[[[7.445,48.385],[7.444,48.384],[7.444,48.385],[7.445,48.385]]],[[[7.46,48.391],[7.454,48.392],[7.458,48.393],[7.459,48.393],[7.463,48.393],[7.462,48.392],[7.463,48.393],[7.468,48.393],[7.469,48.392],[7.47,48.392],[7.469,48.39],[7.469,48.389],[7.468,48.389],[7.467,48.389],[7.466,48.388],[7.465,48.389],[7.463,48.39],[7.462,48.389],[7.46,48.391]],[[7.468,48.389],[7.468,48.389],[7.468,48.389],[7.468,48.389]],[[7.463,48.39],[7.464,48.39],[7.463,48.39],[7.463,48.39]],[[7.463,48.39],[7.463,48.39],[7.464,48.39],[7.463,48.39]],[[7.462,48.392],[7.462,48.392],[7.462,48.392],[7.462,48.392]],[[7.463,48.391],[7.463,48.391],[7.463,48.391],[7.463,48.391]],[[7.463,48.391],[7.463,48.391],[7.463,48.391],[7.463,48.391]],[[7.463,48.391],[7.463,48.391],[7.463,48.391],[7.463,48.391]],[[7.463,48.391],[7.463,48.391],[7.463,48.391],[7.463,48.391]],[[7.463,48.391],[7.463,48.391],[7.463,48.391],[7.463,48.391]]],[[[7.446,48.393],[7.446,48.393],[7.445,48.394],[7.445,48.395],[7.447,48.394],[7.446,48.393]]],[[[7.448,48.394],[7.448,48.394],[7.445,48.396],[7.447,48.396],[7.449,48.396],[7.45,48.396],[7.448,48.392],[7.448,48.394]],[[7.449,48.394],[7.449,48.394],[7.449,48.394],[7.449,48.394]]],[[[7.463,48.393],[7.463,48.393],[7.457,48.394],[7.457,48.395],[7.456,48.395],[7.454,48.396],[7.455,48.397],[7.455,48.398],[7.457,48.396],[7.46,48.394],[7.463,48.393]]],[[[7.457,48.394],[7.449,48.392],[7.449,48.394],[7.454,48.399],[7.455,48.398],[7.454,48.396],[7.457,48.394]]],[[[7.456,48.397],[7.458,48.399],[7.46,48.398],[7.459,48.396],[7.46,48.396],[7.461,48.398],[7.462,48.399],[7.462,48.398],[7.462,48.394],[7.46,48.394],[7.456,48.397]]],[[[7.455,48.399],[7.456,48.4],[7.457,48.4],[7.457,48.398],[7.456,48.397],[7.455,48.399]]],[[[7.456,48.4],[7.456,48.4],[7.456,48.4],[7.456,48.4]]],[[[7.46,48.401],[7.457,48.401],[7.459,48.402],[7.461,48.402],[7.461,48.401],[7.463,48.401],[7.462,48.399],[7.459,48.398],[7.459,48.4],[7.46,48.401]]],[[[7.454,48.4],[7.454,48.403],[7.453,48.403],[7.455,48.403],[7.455,48.401],[7.454,48.4]]],[[[7.448,48.403],[7.448,48.403],[7.449,48.403],[7.448,48.403]]],[[[7.452,48.403],[7.451,48.403],[7.451,48.403],[7.452,48.403]]],[[[7.448,48.404],[7.449,48.404],[7.45,48.403],[7.448,48.404]]],[[[7.451,48.404],[7.451,48.404],[7.451,48.404],[7.451,48.404]]],[[[7.451,48.405],[7.452,48.404],[7.451,48.404],[7.451,48.405]]],[[[7.449,48.405],[7.449,48.405],[7.449,48.405],[7.449,48.405]]],[[[7.454,48.406],[7.455,48.406],[7.454,48.405],[7.454,48.406]]],[[[7.46,48.405],[7.458,48.406],[7.459,48.408],[7.462,48.409],[7.464,48.408],[7.464,48.407],[7.464,48.408],[7.467,48.409],[7.468,48.407],[7.467,48.407],[7.466,48.408],[7.466,48.406],[7.465,48.406],[7.464,48.406],[7.465,48.405],[7.462,48.405],[7.462,48.405],[7.461,48.406],[7.463,48.406],[7.461,48.406],[7.462,48.405],[7.463,48.404],[7.463,48.404],[7.463,48.404],[7.463,48.403],[7.461,48.403],[7.461,48.404],[7.46,48.404],[7.458,48.405],[7.46,48.405]],[[7.46,48.405],[7.46,48.405],[7.46,48.405],[7.46,48.405]],[[7.464,48.407],[7.464,48.407],[7.464,48.407],[7.464,48.407]],[[7.464,48.406],[7.464,48.406],[7.464,48.406],[7.464,48.406]],[[7.464,48.406],[7.464,48.406],[7.464,48.406],[7.464,48.406]]],[[[7.457,48.406],[7.457,48.406],[7.457,48.406],[7.457,48.406]]],[[[7.446,48.408],[7.447,48.409],[7.447,48.408],[7.446,48.408]]],[[[7.453,48.411],[7.454,48.41],[7.453,48.409],[7.451,48.41],[7.453,48.411]]],[[[7.453,48.411],[7.454,48.411],[7.454,48.41],[7.453,48.411]]],[[[7.452,48.411],[7.453,48.411],[7.453,48.411],[7.452,48.411]]],[[[7.453,48.412],[7.453,48.414],[7.453,48.414],[7.453,48.416],[7.453,48.416],[7.458,48.417],[7.457,48.414],[7.457,48.413],[7.456,48.414],[7.454,48.412],[7.453,48.412]],[[7.453,48.414],[7.453,48.414],[7.453,48.414],[7.453,48.414]],[[7.457,48.414],[7.456,48.414],[7.457,48.414],[7.457,48.414]],[[7.456,48.414],[7.456,48.414],[7.456,48.414],[7.456,48.414]],[[7.456,48.414],[7.456,48.414],[7.456,48.414],[7.456,48.414]],[[7.454,48.414],[7.454,48.414],[7.454,48.414],[7.454,48.414],[7.454,48.414]],[[7.454,48.414],[7.455,48.414],[7.455,48.414],[7.454,48.414]],[[7.455,48.414],[7.455,48.414],[7.456,48.414],[7.455,48.414]]],[[[7.45,48.414],[7.443,48.415],[7.443,48.416],[7.445,48.416],[7.447,48.415],[7.448,48.416],[7.447,48.417],[7.45,48.417],[7.451,48.419],[7.453,48.414],[7.45,48.414]],[[7.449,48.414],[7.449,48.414],[7.449,48.414],[7.449,48.414]],[[7.45,48.414],[7.45,48.414],[7.45,48.414],[7.45,48.414]]],[[[7.457,48.414],[7.458,48.415],[7.459,48.415],[7.459,48.414],[7.457,48.414]]],[[[7.461,48.414],[7.458,48.417],[7.459,48.417],[7.459,48.418],[7.461,48.417],[7.463,48.416],[7.462,48.416],[7.462,48.415],[7.461,48.415],[7.461,48.415],[7.461,48.415],[7.463,48.415],[7.466,48.413],[7.464,48.413],[7.463,48.414],[7.463,48.414],[7.461,48.414]],[[7.462,48.416],[7.462,48.416],[7.462,48.416],[7.462,48.416]]],[[[7.451,48.419],[7.45,48.418],[7.445,48.419],[7.444,48.419],[7.444,48.42],[7.447,48.42],[7.451,48.419]]],[[[7.458,48.419],[7.457,48.421],[7.457,48.423],[7.462,48.422],[7.462,48.42],[7.461,48.419],[7.461,48.419],[7.462,48.42],[7.463,48.422],[7.464,48.421],[7.465,48.418],[7.462,48.419],[7.462,48.417],[7.461,48.417],[7.46,48.418],[7.458,48.419]],[[7.46,48.417],[7.461,48.418],[7.461,48.418],[7.46,48.417]],[[7.458,48.42],[7.459,48.42],[7.459,48.42],[7.458,48.42]]],[[[7.447,48.421],[7.447,48.421],[7.447,48.421],[7.447,48.421]]],[[[7.45,48.422],[7.451,48.419],[7.447,48.42],[7.448,48.421],[7.45,48.422]]],[[[7.452,48.421],[7.452,48.42],[7.451,48.424],[7.453,48.424],[7.453,48.423],[7.453,48.422],[7.453,48.424],[7.453,48.424],[7.453,48.424],[7.454,48.424],[7.451,48.424],[7.451,48.427],[7.452,48.427],[7.455,48.428],[7.455,48.428],[7.455,48.428],[7.457,48.427],[7.456,48.426],[7.457,48.426],[7.457,48.427],[7.456,48.428],[7.461,48.43],[7.461,48.428],[7.461,48.427],[7.461,48.427],[7.461,48.427],[7.462,48.426],[7.462,48.424],[7.463,48.426],[7.462,48.426],[7.462,48.426],[7.461,48.427],[7.461,48.429],[7.462,48.429],[7.461,48.429],[7.461,48.43],[7.465,48.431],[7.465,48.432],[7.463,48.432],[7.462,48.434],[7.471,48.435],[7.462,48.434],[7.463,48.437],[7.467,48.438],[7.467,48.438],[7.468,48.439],[7.47,48.439],[7.47,48.438],[7.469,48.438],[7.474,48.437],[7.476,48.434],[7.468,48.434],[7.468,48.433],[7.465,48.432],[7.468,48.433],[7.468,48.432],[7.472,48.432],[7.471,48.431],[7.47,48.431],[7.469,48.43],[7.472,48.431],[7.472,48.432],[7.475,48.432],[7.475,48.43],[7.478,48.43],[7.477,48.428],[7.476,48.428],[7.476,48.426],[7.473,48.426],[7.473,48.426],[7.473,48.427],[7.472,48.427],[7.473,48.427],[7.473,48.425],[7.473,48.425],[7.473,48.426],[7.477,48.426],[7.474,48.423],[7.471,48.424],[7.468,48.424],[7.467,48.424],[7.464,48.424],[7.467,48.424],[7.467,48.42],[7.464,48.421],[7.464,48.424],[7.464,48.421],[7.46,48.423],[7.462,48.424],[7.462,48.424],[7.46,48.423],[7.457,48.423],[7.457,48.424],[7.456,48.425],[7.457,48.424],[7.457,48.424],[7.457,48.419],[7.459,48.417],[7.454,48.419],[7.452,48.418],[7.452,48.421]],[[7.469,48.431],[7.469,48.431],[7.469,48.431],[7.469,48.431]],[[7.458,48.424],[7.459,48.424],[7.458,48.424],[7.458,48.424]],[[7.471,48.435],[7.471,48.435],[7.471,48.435],[7.471,48.435]],[[7.471,48.435],[7.471,48.435],[7.471,48.435],[7.471,48.435]],[[7.474,48.436],[7.474,48.436],[7.474,48.436],[7.474,48.436]],[[7.464,48.426],[7.464,48.426],[7.463,48.426],[7.464,48.426]],[[7.466,48.426],[7.465,48.426],[7.464,48.426],[7.466,48.426]],[[7.466,48.426],[7.466,48.426],[7.466,48.426],[7.466,48.426]],[[7.467,48.426],[7.47,48.426],[7.466,48.426],[7.467,48.426]],[[7.472,48.426],[7.47,48.426],[7.472,48.426],[7.472,48.426]],[[7.472,48.426],[7.472,48.426],[7.472,48.426],[7.472,48.426],[7.472,48.426],[7.472,48.426],[7.472,48.426]],[[7.472,48.427],[7.472,48.427],[7.472,48.427],[7.472,48.427]],[[7.466,48.428],[7.468,48.43],[7.466,48.429],[7.465,48.43],[7.466,48.429],[7.466,48.429],[7.466,48.428]],[[7.474,48.428],[7.474,48.43],[7.474,48.43],[7.474,48.428]],[[7.472,48.43],[7.472,48.43],[7.472,48.43],[7.472,48.43]],[[7.472,48.428],[7.473,48.428],[7.473,48.428],[7.472,48.428]],[[7.47,48.43],[7.47,48.43],[7.47,48.43],[7.47,48.43]]],[[[7.448,48.425],[7.449,48.425],[7.449,48.425],[7.448,48.425]]],[[[7.45,48.425],[7.45,48.425],[7.45,48.425],[7.45,48.425]]],[[[7.452,48.428],[7.459,48.43],[7.459,48.43],[7.451,48.427],[7.452,48.428]]],[[[7.457,48.437],[7.45,48.437],[7.45,48.438],[7.451,48.441],[7.458,48.443],[7.462,48.443],[7.461,48.442],[7.454,48.441],[7.454,48.441],[7.454,48.441],[7.454,48.441],[7.454,48.44],[7.453,48.44],[7.453,48.44],[7.453,48.439],[7.456,48.44],[7.455,48.439],[7.455,48.438],[7.456,48.44],[7.459,48.44],[7.457,48.437]]],[[[7.454,48.44],[7.454,48.441],[7.459,48.442],[7.459,48.44],[7.454,48.44]]],[[[7.449,48.444],[7.447,48.445],[7.449,48.446],[7.45,48.446],[7.451,48.448],[7.455,48.449],[7.45,48.448],[7.45,48.447],[7.448,48.448],[7.444,48.447],[7.444,48.451],[7.443,48.452],[7.449,48.452],[7.449,48.45],[7.446,48.45],[7.446,48.45],[7.449,48.449],[7.453,48.45],[7.456,48.45],[7.455,48.448],[7.453,48.446],[7.449,48.444]]],[[[7.458,48.45],[7.457,48.448],[7.457,48.45],[7.458,48.45]]],[[[7.464,48.45],[7.463,48.45],[7.463,48.45],[7.464,48.45],[7.465,48.45],[7.464,48.45]]],[[[7.465,48.45],[7.466,48.45],[7.465,48.45],[7.465,48.45]]],[[[7.457,48.45],[7.455,48.451],[7.458,48.451],[7.457,48.45]]],[[[7.463,48.451],[7.461,48.451],[7.461,48.452],[7.462,48.452],[7.463,48.451]]],[[[7.463,48.45],[7.465,48.453],[7.468,48.453],[7.468,48.452],[7.466,48.451],[7.466,48.452],[7.466,48.452],[7.466,48.451],[7.466,48.45],[7.463,48.45]],[[7.466,48.452],[7.466,48.452],[7.466,48.452],[7.466,48.452]]],[[[7.455,48.451],[7.454,48.453],[7.457,48.453],[7.458,48.452],[7.455,48.451]]],[[[7.454,48.452],[7.453,48.453],[7.454,48.453],[7.454,48.452]]],[[[7.463,48.454],[7.463,48.454],[7.463,48.454],[7.463,48.454]]],[[[7.465,48.455],[7.465,48.455],[7.465,48.455],[7.465,48.455]]],[[[7.46,48.454],[7.461,48.454],[7.461,48.453],[7.459,48.453],[7.459,48.452],[7.457,48.453],[7.456,48.457],[7.456,48.457],[7.458,48.458],[7.459,48.459],[7.459,48.454],[7.46,48.454]]],[[[7.462,48.454],[7.463,48.453],[7.461,48.453],[7.461,48.454],[7.459,48.454],[7.459,48.459],[7.459,48.459],[7.462,48.459],[7.464,48.459],[7.464,48.457],[7.465,48.457],[7.464,48.457],[7.464,48.459],[7.465,48.459],[7.467,48.46],[7.469,48.455],[7.468,48.453],[7.467,48.453],[7.467,48.455],[7.466,48.455],[7.467,48.456],[7.466,48.455],[7.465,48.455],[7.465,48.455],[7.464,48.454],[7.464,48.455],[7.464,48.454],[7.462,48.454],[7.462,48.455],[7.462,48.455],[7.462,48.456],[7.462,48.456],[7.461,48.457],[7.46,48.456],[7.46,48.457],[7.46,48.457],[7.459,48.457],[7.461,48.456],[7.462,48.456],[7.462,48.456],[7.462,48.454],[7.462,48.454]]],[[[7.457,48.46],[7.46,48.459],[7.459,48.459],[7.456,48.457],[7.457,48.46]]],[[[7.467,48.46],[7.46,48.459],[7.46,48.46],[7.462,48.46],[7.463,48.462],[7.464,48.462],[7.466,48.461],[7.467,48.46]]],[[[7.455,48.463],[7.455,48.465],[7.456,48.465],[7.462,48.465],[7.462,48.463],[7.455,48.463]]],[[[7.462,48.465],[7.466,48.465],[7.466,48.464],[7.462,48.464],[7.462,48.465]]],[[[7.462,48.475],[7.464,48.473],[7.463,48.471],[7.466,48.47],[7.465,48.469],[7.46,48.471],[7.456,48.475],[7.456,48.477],[7.458,48.478],[7.457,48.478],[7.459,48.481],[7.461,48.481],[7.459,48.481],[7.459,48.482],[7.458,48.481],[7.459,48.484],[7.459,48.485],[7.461,48.485],[7.462,48.486],[7.464,48.487],[7.466,48.489],[7.466,48.489],[7.466,48.489],[7.469,48.49],[7.47,48.49],[7.47,48.489],[7.469,48.488],[7.471,48.488],[7.467,48.486],[7.466,48.487],[7.467,48.487],[7.465,48.487],[7.467,48.485],[7.464,48.481],[7.464,48.48],[7.472,48.478],[7.476,48.477],[7.477,48.477],[7.479,48.478],[7.48,48.478],[7.481,48.474],[7.477,48.475],[7.483,48.474],[7.484,48.473],[7.477,48.474],[7.469,48.477],[7.469,48.476],[7.462,48.475]],[[7.47,48.478],[7.47,48.478],[7.47,48.478],[7.47,48.479],[7.47,48.478]],[[7.469,48.478],[7.47,48.478],[7.47,48.478],[7.469,48.478]],[[7.457,48.477],[7.457,48.477],[7.457,48.477],[7.457,48.477]],[[7.457,48.477],[7.457,48.477],[7.457,48.477],[7.457,48.477]],[[7.457,48.477],[7.457,48.477],[7.457,48.477],[7.457,48.477]],[[7.457,48.477],[7.457,48.477],[7.457,48.477],[7.457,48.477]],[[7.457,48.477],[7.457,48.477],[7.457,48.477],[7.457,48.477]],[[7.457,48.476],[7.457,48.476],[7.457,48.476],[7.457,48.476]],[[7.457,48.476],[7.457,48.476],[7.457,48.476],[7.457,48.476]],[[7.457,48.476],[7.457,48.476],[7.457,48.476],[7.457,48.476]],[[7.457,48.476],[7.457,48.476],[7.457,48.476],[7.457,48.476]],[[7.457,48.476],[7.457,48.476],[7.457,48.476],[7.457,48.476]],[[7.458,48.476],[7.458,48.476],[7.458,48.476],[7.458,48.476],[7.458,48.476],[7.458,48.476],[7.458,48.476]],[[7.458,48.476],[7.458,48.476],[7.458,48.476],[7.458,48.476]],[[7.458,48.476],[7.458,48.476],[7.458,48.476],[7.458,48.476]],[[7.458,48.476],[7.458,48.476],[7.458,48.477],[7.458,48.476]],[[7.459,48.477],[7.459,48.477],[7.459,48.477],[7.459,48.477]],[[7.459,48.477],[7.46,48.477],[7.46,48.477],[7.459,48.477],[7.459,48.477]],[[7.46,48.477],[7.46,48.477],[7.46,48.477],[7.46,48.477]],[[7.461,48.477],[7.46,48.477],[7.461,48.477],[7.461,48.477]],[[7.461,48.477],[7.461,48.477],[7.461,48.477],[7.461,48.477]],[[7.462,48.477],[7.462,48.477],[7.462,48.477],[7.462,48.477]],[[7.462,48.477],[7.462,48.477],[7.462,48.477],[7.462,48.477]],[[7.462,48.476],[7.462,48.477],[7.462,48.476],[7.462,48.476]],[[7.462,48.476],[7.462,48.476],[7.462,48.475],[7.462,48.476]],[[7.466,48.478],[7.466,48.479],[7.465,48.479],[7.466,48.478]]],[[[7.466,48.481],[7.467,48.484],[7.468,48.485],[7.468,48.482],[7.467,48.48],[7.466,48.481]]],[[[7.459,48.484],[7.457,48.484],[7.459,48.485],[7.459,48.484]]],[[[7.459,48.485],[7.464,48.488],[7.464,48.49],[7.468,48.492],[7.471,48.492],[7.47,48.49],[7.469,48.49],[7.467,48.49],[7.466,48.489],[7.466,48.489],[7.463,48.486],[7.459,48.485]]],[[[7.457,48.495],[7.455,48.494],[7.454,48.497],[7.453,48.498],[7.452,48.498],[7.452,48.498],[7.453,48.498],[7.453,48.5],[7.461,48.5],[7.462,48.497],[7.455,48.496],[7.457,48.496],[7.457,48.495]]],[[[7.466,48.508],[7.465,48.508],[7.47,48.508],[7.469,48.505],[7.467,48.505],[7.466,48.508]]],[[[7.467,48.517],[7.467,48.518],[7.466,48.518],[7.467,48.52],[7.468,48.52],[7.469,48.518],[7.467,48.517]]],[[[7.453,48.52],[7.458,48.523],[7.459,48.522],[7.458,48.523],[7.46,48.524],[7.463,48.524],[7.466,48.523],[7.462,48.522],[7.454,48.519],[7.453,48.52]]],[[[7.466,48.522],[7.466,48.523],[7.466,48.523],[7.466,48.522],[7.466,48.522]]],[[[7.452,48.542],[7.45,48.543],[7.452,48.544],[7.451,48.546],[7.452,48.547],[7.453,48.547],[7.454,48.546],[7.454,48.546],[7.457,48.546],[7.459,48.546],[7.458,48.545],[7.459,48.546],[7.46,48.545],[7.46,48.544],[7.463,48.544],[7.464,48.545],[7.464,48.544],[7.465,48.545],[7.466,48.544],[7.467,48.543],[7.473,48.544],[7.474,48.545],[7.476,48.544],[7.477,48.546],[7.476,48.547],[7.478,48.549],[7.48,48.549],[7.478,48.55],[7.48,48.551],[7.48,48.554],[7.484,48.554],[7.487,48.555],[7.486,48.551],[7.487,48.549],[7.488,48.549],[7.486,48.551],[7.487,48.554],[7.487,48.555],[7.485,48.556],[7.488,48.557],[7.497,48.558],[7.494,48.551],[7.493,48.548],[7.492,48.549],[7.491,48.547],[7.491,48.549],[7.489,48.549],[7.488,48.547],[7.486,48.548],[7.488,48.549],[7.488,48.549],[7.486,48.548],[7.486,48.547],[7.484,48.547],[7.486,48.547],[7.489,48.545],[7.488,48.545],[7.486,48.543],[7.485,48.544],[7.485,48.544],[7.486,48.543],[7.483,48.541],[7.484,48.541],[7.479,48.539],[7.46,48.54],[7.458,48.541],[7.459,48.542],[7.458,48.543],[7.453,48.542],[7.453,48.544],[7.453,48.542],[7.452,48.542]],[[7.481,48.552],[7.482,48.552],[7.482,48.552],[7.481,48.552]],[[7.476,48.543],[7.477,48.544],[7.478,48.544],[7.478,48.544],[7.478,48.545],[7.478,48.544],[7.476,48.544],[7.476,48.543]],[[7.478,48.543],[7.478,48.543],[7.478,48.543],[7.478,48.543]],[[7.479,48.543],[7.477,48.542],[7.478,48.543],[7.479,48.543]],[[7.48,48.543],[7.48,48.543],[7.48,48.543],[7.48,48.543]],[[7.482,48.542],[7.482,48.542],[7.482,48.542],[7.482,48.542]],[[7.464,48.543],[7.464,48.543],[7.464,48.543],[7.463,48.543],[7.463,48.543],[7.463,48.543],[7.464,48.543],[7.464,48.543]],[[7.463,48.542],[7.463,48.542],[7.464,48.543],[7.463,48.542]],[[7.46,48.543],[7.459,48.544],[7.459,48.544],[7.46,48.543]],[[7.465,48.542],[7.465,48.543],[7.465,48.543],[7.465,48.542]],[[7.467,48.543],[7.466,48.542],[7.467,48.542],[7.467,48.543]],[[7.474,48.543],[7.473,48.543],[7.472,48.543],[7.474,48.543]],[[7.475,48.541],[7.476,48.541],[7.475,48.542],[7.475,48.541]],[[7.463,48.54],[7.463,48.54],[7.463,48.54],[7.463,48.54]],[[7.477,48.541],[7.477,48.541],[7.477,48.541],[7.477,48.541]],[[7.458,48.544],[7.457,48.544],[7.457,48.544],[7.458,48.544]],[[7.457,48.543],[7.457,48.543],[7.457,48.543],[7.457,48.543]],[[7.474,48.542],[7.474,48.542],[7.473,48.542],[7.474,48.542]],[[7.472,48.543],[7.472,48.543],[7.472,48.543],[7.472,48.543]],[[7.472,48.543],[7.472,48.543],[7.472,48.543],[7.472,48.543]],[[7.466,48.542],[7.466,48.542],[7.466,48.542],[7.466,48.542]],[[7.467,48.542],[7.467,48.542],[7.467,48.542],[7.467,48.542]],[[7.472,48.542],[7.471,48.542],[7.471,48.542],[7.472,48.542]],[[7.469,48.543],[7.469,48.542],[7.47,48.542],[7.469,48.543]],[[7.453,48.545],[7.453,48.545],[7.453,48.545],[7.453,48.545]],[[7.457,48.544],[7.457,48.544],[7.457,48.544],[7.457,48.544]],[[7.458,48.544],[7.458,48.544],[7.459,48.544],[7.458,48.544]],[[7.462,48.543],[7.462,48.543],[7.462,48.543],[7.462,48.543]],[[7.463,48.543],[7.463,48.544],[7.463,48.543],[7.462,48.543],[7.462,48.543],[7.462,48.543],[7.463,48.543]],[[7.46,48.544],[7.46,48.544],[7.46,48.544],[7.46,48.544]],[[7.464,48.543],[7.464,48.543],[7.464,48.543],[7.464,48.543]],[[7.463,48.543],[7.463,48.543],[7.463,48.543],[7.463,48.543]],[[7.461,48.543],[7.461,48.543],[7.461,48.543],[7.461,48.543]],[[7.453,48.544],[7.453,48.544],[7.453,48.544],[7.453,48.544]],[[7.456,48.544],[7.456,48.544],[7.456,48.544],[7.456,48.544]],[[7.454,48.544],[7.454,48.544],[7.454,48.544],[7.454,48.544]],[[7.453,48.545],[7.453,48.544],[7.453,48.545],[7.453,48.545]],[[7.481,48.546],[7.481,48.547],[7.483,48.547],[7.481,48.547],[7.481,48.546]],[[7.489,48.553],[7.489,48.554],[7.489,48.553],[7.489,48.553]],[[7.492,48.553],[7.492,48.553],[7.492,48.553],[7.492,48.553]],[[7.491,48.553],[7.491,48.553],[7.491,48.553],[7.491,48.553]]],[[[7.477,48.563],[7.471,48.558],[7.47,48.558],[7.47,48.557],[7.471,48.56],[7.475,48.563],[7.476,48.564],[7.477,48.563]]],[[[7.469,48.56],[7.476,48.565],[7.477,48.564],[7.471,48.56],[7.47,48.559],[7.469,48.558],[7.469,48.56]]],[[[7.464,48.564],[7.463,48.564],[7.464,48.565],[7.464,48.564]]],[[[7.466,48.563],[7.464,48.565],[7.465,48.565],[7.464,48.566],[7.463,48.566],[7.465,48.567],[7.465,48.571],[7.468,48.57],[7.469,48.568],[7.471,48.566],[7.47,48.565],[7.469,48.564],[7.468,48.563],[7.467,48.562],[7.465,48.561],[7.466,48.562],[7.465,48.562],[7.465,48.562],[7.466,48.563]]],[[[7.471,48.566],[7.468,48.57],[7.469,48.57],[7.469,48.57],[7.468,48.572],[7.471,48.572],[7.471,48.571],[7.472,48.57],[7.471,48.571],[7.479,48.572],[7.479,48.571],[7.478,48.57],[7.476,48.569],[7.475,48.568],[7.474,48.567],[7.473,48.567],[7.474,48.567],[7.478,48.57],[7.479,48.571],[7.479,48.57],[7.479,48.57],[7.479,48.571],[7.483,48.572],[7.484,48.572],[7.482,48.572],[7.483,48.57],[7.481,48.571],[7.482,48.57],[7.479,48.57],[7.48,48.569],[7.474,48.563],[7.467,48.56],[7.467,48.561],[7.47,48.562],[7.469,48.563],[7.473,48.567],[7.471,48.566]],[[7.469,48.57],[7.469,48.57],[7.469,48.57],[7.469,48.57]],[[7.472,48.57],[7.472,48.57],[7.472,48.57],[7.472,48.57]],[[7.473,48.567],[7.473,48.567],[7.473,48.567],[7.473,48.567],[7.473,48.567]],[[7.473,48.567],[7.473,48.567],[7.473,48.567],[7.473,48.567]],[[7.473,48.567],[7.473,48.567],[7.473,48.567],[7.473,48.567]],[[7.474,48.568],[7.474,48.568],[7.474,48.568],[7.474,48.568]],[[7.474,48.568],[7.474,48.568],[7.474,48.568],[7.474,48.568]],[[7.472,48.565],[7.472,48.565],[7.472,48.564],[7.472,48.565]]],[[[7.475,48.578],[7.469,48.577],[7.469,48.579],[7.468,48.58],[7.471,48.58],[7.471,48.579],[7.475,48.579],[7.475,48.578]]],[[[7.467,48.578],[7.465,48.581],[7.469,48.582],[7.469,48.58],[7.467,48.579],[7.469,48.578],[7.467,48.578]],[[7.467,48.579],[7.467,48.579],[7.467,48.579],[7.467,48.579]]],[[[7.463,48.618],[7.462,48.622],[7.464,48.623],[7.464,48.624],[7.466,48.625],[7.466,48.624],[7.468,48.625],[7.471,48.621],[7.471,48.619],[7.463,48.618]]],[[[7.459,48.342],[7.46,48.341],[7.456,48.342],[7.456,48.343],[7.457,48.342],[7.459,48.342]]],[[[7.46,48.346],[7.46,48.342],[7.456,48.343],[7.456,48.345],[7.458,48.345],[7.458,48.346],[7.46,48.346]]],[[[7.46,48.342],[7.46,48.346],[7.467,48.347],[7.47,48.347],[7.47,48.345],[7.467,48.345],[7.467,48.344],[7.465,48.344],[7.465,48.342],[7.463,48.342],[7.46,48.342]]],[[[7.468,48.347],[7.47,48.347],[7.468,48.347],[7.468,48.347]]],[[[7.46,48.354],[7.461,48.353],[7.461,48.352],[7.46,48.35],[7.462,48.35],[7.462,48.347],[7.465,48.347],[7.46,48.346],[7.46,48.347],[7.46,48.346],[7.458,48.346],[7.459,48.347],[7.456,48.347],[7.459,48.347],[7.458,48.345],[7.455,48.345],[7.455,48.348],[7.454,48.349],[7.453,48.352],[7.455,48.353],[7.455,48.354],[7.455,48.355],[7.456,48.354],[7.455,48.353],[7.457,48.354],[7.458,48.354],[7.458,48.354],[7.46,48.354]]],[[[7.462,48.35],[7.462,48.35],[7.461,48.35],[7.461,48.35],[7.462,48.35]]],[[[7.461,48.352],[7.464,48.356],[7.471,48.355],[7.472,48.353],[7.468,48.352],[7.466,48.351],[7.461,48.352]]],[[[7.459,48.355],[7.461,48.355],[7.462,48.355],[7.462,48.354],[7.458,48.354],[7.459,48.355]]],[[[7.476,48.355],[7.476,48.355],[7.476,48.355],[7.476,48.355]]],[[[7.472,48.356],[7.475,48.355],[7.476,48.354],[7.473,48.355],[7.472,48.356]]],[[[7.468,48.357],[7.47,48.356],[7.472,48.356],[7.472,48.355],[7.467,48.356],[7.468,48.357]]],[[[7.466,48.357],[7.467,48.356],[7.464,48.356],[7.465,48.357],[7.466,48.357]]],[[[7.477,48.355],[7.476,48.359],[7.478,48.36],[7.478,48.357],[7.478,48.356],[7.478,48.356],[7.479,48.356],[7.479,48.355],[7.477,48.355]]],[[[7.462,48.358],[7.461,48.358],[7.461,48.359],[7.462,48.358]]],[[[7.467,48.358],[7.467,48.362],[7.47,48.361],[7.471,48.359],[7.472,48.359],[7.473,48.356],[7.471,48.356],[7.47,48.357],[7.468,48.357],[7.468,48.358],[7.466,48.358],[7.467,48.358]],[[7.468,48.359],[7.468,48.358],[7.469,48.358],[7.468,48.359]]],[[[7.457,48.362],[7.459,48.361],[7.461,48.362],[7.46,48.36],[7.457,48.361],[7.457,48.362]]],[[[7.465,48.362],[7.464,48.361],[7.462,48.361],[7.462,48.362],[7.465,48.362]]],[[[7.462,48.364],[7.463,48.362],[7.462,48.362],[7.462,48.363],[7.462,48.364]]],[[[7.477,48.363],[7.477,48.362],[7.478,48.362],[7.476,48.362],[7.474,48.362],[7.474,48.363],[7.477,48.363]]],[[[7.461,48.363],[7.46,48.362],[7.459,48.364],[7.461,48.364],[7.461,48.363]]],[[[7.461,48.366],[7.467,48.367],[7.467,48.365],[7.462,48.364],[7.461,48.366]]],[[[7.468,48.371],[7.47,48.371],[7.47,48.373],[7.476,48.374],[7.478,48.373],[7.477,48.372],[7.483,48.37],[7.482,48.369],[7.485,48.369],[7.484,48.368],[7.486,48.368],[7.486,48.366],[7.478,48.367],[7.478,48.367],[7.481,48.368],[7.481,48.371],[7.476,48.37],[7.476,48.371],[7.472,48.372],[7.471,48.372],[7.476,48.371],[7.476,48.369],[7.474,48.369],[7.474,48.367],[7.467,48.366],[7.468,48.371]],[[7.486,48.367],[7.486,48.367],[7.486,48.367],[7.486,48.367]],[[7.485,48.367],[7.485,48.367],[7.486,48.367],[7.485,48.367]],[[7.485,48.367],[7.485,48.367],[7.484,48.367],[7.485,48.367]],[[7.484,48.367],[7.484,48.367],[7.484,48.367],[7.484,48.367]],[[7.484,48.367],[7.484,48.367],[7.484,48.367],[7.484,48.367]],[[7.483,48.368],[7.483,48.368],[7.483,48.368],[7.483,48.368]],[[7.483,48.368],[7.483,48.368],[7.483,48.368],[7.483,48.368]],[[7.482,48.368],[7.482,48.368],[7.482,48.368],[7.482,48.368]],[[7.482,48.368],[7.482,48.368],[7.482,48.368],[7.482,48.368]],[[7.481,48.368],[7.481,48.368],[7.481,48.368],[7.481,48.368]]],[[[7.459,48.374],[7.459,48.373],[7.458,48.369],[7.458,48.366],[7.456,48.368],[7.455,48.375],[7.457,48.375],[7.457,48.375],[7.459,48.375],[7.459,48.375],[7.463,48.376],[7.466,48.375],[7.469,48.376],[7.468,48.372],[7.46,48.371],[7.464,48.371],[7.464,48.371],[7.459,48.37],[7.459,48.373],[7.459,48.374]]],[[[7.455,48.375],[7.454,48.378],[7.456,48.379],[7.459,48.379],[7.458,48.378],[7.464,48.378],[7.465,48.377],[7.468,48.377],[7.469,48.377],[7.464,48.376],[7.46,48.377],[7.46,48.376],[7.455,48.375]],[[7.464,48.377],[7.464,48.377],[7.464,48.377],[7.464,48.377]]],[[[7.459,48.378],[7.461,48.381],[7.463,48.381],[7.465,48.38],[7.464,48.379],[7.466,48.379],[7.467,48.378],[7.468,48.378],[7.459,48.378]]],[[[7.461,48.389],[7.463,48.39],[7.465,48.388],[7.461,48.389]]],[[[7.471,48.392],[7.479,48.393],[7.479,48.392],[7.471,48.39],[7.471,48.392]]],[[[7.462,48.398],[7.466,48.398],[7.466,48.4],[7.469,48.399],[7.47,48.396],[7.466,48.396],[7.465,48.396],[7.47,48.396],[7.47,48.392],[7.468,48.393],[7.463,48.393],[7.462,48.398]]],[[[7.474,48.397],[7.48,48.399],[7.48,48.399],[7.478,48.396],[7.476,48.396],[7.474,48.397]]],[[[7.47,48.401],[7.472,48.4],[7.472,48.399],[7.47,48.399],[7.47,48.401]]],[[[7.465,48.401],[7.463,48.401],[7.464,48.402],[7.468,48.402],[7.469,48.399],[7.465,48.401]]],[[[7.471,48.407],[7.468,48.407],[7.468,48.409],[7.468,48.409],[7.468,48.409],[7.469,48.409],[7.471,48.41],[7.472,48.41],[7.471,48.407]]],[[[7.464,48.41],[7.465,48.41],[7.464,48.409],[7.464,48.41]]],[[[7.467,48.409],[7.468,48.41],[7.468,48.41],[7.468,48.409],[7.467,48.409]]],[[[7.472,48.41],[7.469,48.409],[7.468,48.409],[7.469,48.41],[7.471,48.411],[7.472,48.41]]],[[[7.479,48.408],[7.472,48.407],[7.473,48.409],[7.472,48.409],[7.472,48.41],[7.475,48.411],[7.475,48.411],[7.479,48.412],[7.479,48.411],[7.478,48.411],[7.48,48.411],[7.481,48.412],[7.481,48.409],[7.478,48.408],[7.479,48.408]]],[[[7.471,48.412],[7.467,48.412],[7.467,48.413],[7.472,48.413],[7.471,48.412]]],[[[7.467,48.414],[7.467,48.414],[7.468,48.414],[7.467,48.414]]],[[[7.474,48.413],[7.474,48.414],[7.476,48.415],[7.476,48.413],[7.474,48.413]]],[[[7.473,48.413],[7.469,48.414],[7.471,48.414],[7.473,48.416],[7.473,48.416],[7.474,48.415],[7.473,48.413]]],[[[7.473,48.416],[7.469,48.414],[7.467,48.415],[7.473,48.416]]],[[[7.462,48.417],[7.463,48.417],[7.465,48.416],[7.465,48.416],[7.462,48.417]]],[[[7.464,48.417],[7.465,48.417],[7.465,48.417],[7.464,48.417]]],[[[7.468,48.417],[7.47,48.418],[7.474,48.418],[7.473,48.416],[7.468,48.416],[7.468,48.417]]],[[[7.473,48.416],[7.474,48.418],[7.476,48.418],[7.475,48.416],[7.473,48.416]]],[[[7.465,48.418],[7.467,48.417],[7.465,48.417],[7.465,48.418]]],[[[7.467,48.42],[7.466,48.419],[7.464,48.421],[7.467,48.42]]],[[[7.477,48.421],[7.476,48.419],[7.474,48.419],[7.475,48.421],[7.477,48.421]]],[[[7.471,48.418],[7.473,48.42],[7.473,48.421],[7.473,48.42],[7.47,48.418],[7.469,48.417],[7.469,48.419],[7.467,48.418],[7.467,48.421],[7.467,48.424],[7.47,48.424],[7.469,48.422],[7.47,48.42],[7.468,48.42],[7.47,48.42],[7.47,48.424],[7.474,48.423],[7.474,48.421],[7.475,48.421],[7.474,48.419],[7.471,48.418]],[[7.468,48.42],[7.468,48.42],[7.468,48.42],[7.468,48.42]]],[[[7.475,48.422],[7.475,48.423],[7.476,48.424],[7.475,48.422]]],[[[7.476,48.424],[7.479,48.424],[7.479,48.423],[7.476,48.423],[7.476,48.424]]],[[[7.482,48.424],[7.476,48.425],[7.476,48.425],[7.48,48.425],[7.483,48.426],[7.483,48.425],[7.482,48.424]]],[[[7.476,48.426],[7.477,48.427],[7.477,48.426],[7.476,48.426]]],[[[7.475,48.433],[7.477,48.433],[7.478,48.43],[7.476,48.43],[7.475,48.433]]],[[[7.469,48.433],[7.47,48.433],[7.47,48.433],[7.469,48.433]]],[[[7.475,48.434],[7.476,48.434],[7.476,48.433],[7.472,48.432],[7.475,48.434]]],[[[7.477,48.433],[7.476,48.434],[7.476,48.434],[7.477,48.433]]],[[[7.476,48.435],[7.476,48.436],[7.477,48.436],[7.48,48.436],[7.479,48.435],[7.476,48.435]]],[[[7.478,48.436],[7.475,48.436],[7.475,48.437],[7.477,48.437],[7.478,48.436]]],[[[7.47,48.439],[7.463,48.438],[7.462,48.441],[7.465,48.443],[7.471,48.441],[7.469,48.44],[7.47,48.439]],[[7.466,48.44],[7.466,48.439],[7.466,48.44],[7.466,48.44]]],[[[7.465,48.447],[7.464,48.447],[7.465,48.45],[7.468,48.449],[7.468,48.448],[7.469,48.448],[7.467,48.446],[7.466,48.445],[7.465,48.446],[7.465,48.447],[7.465,48.447],[7.466,48.448],[7.466,48.448],[7.466,48.448],[7.465,48.447]]],[[[7.475,48.447],[7.475,48.448],[7.477,48.448],[7.476,48.446],[7.475,48.446],[7.475,48.447]]],[[[7.47,48.447],[7.47,48.448],[7.468,48.447],[7.469,48.448],[7.469,48.448],[7.469,48.448],[7.472,48.447],[7.472,48.447],[7.47,48.447]]],[[[7.475,48.448],[7.475,48.446],[7.472,48.446],[7.473,48.449],[7.475,48.448]]],[[[7.473,48.449],[7.472,48.447],[7.468,48.449],[7.469,48.449],[7.473,48.449]]],[[[7.468,48.451],[7.467,48.449],[7.466,48.45],[7.468,48.451]]],[[[7.47,48.451],[7.47,48.45],[7.469,48.45],[7.469,48.45],[7.469,48.449],[7.468,48.449],[7.468,48.451],[7.47,48.451]]],[[[7.466,48.451],[7.468,48.451],[7.468,48.451],[7.466,48.45],[7.466,48.451]]],[[[7.475,48.452],[7.475,48.453],[7.477,48.453],[7.475,48.448],[7.473,48.449],[7.474,48.45],[7.473,48.449],[7.475,48.452]]],[[[7.47,48.451],[7.475,48.453],[7.473,48.449],[7.469,48.449],[7.469,48.45],[7.47,48.45],[7.47,48.451],[7.47,48.451]]],[[[7.469,48.451],[7.47,48.452],[7.47,48.452],[7.469,48.451]]],[[[7.477,48.452],[7.478,48.453],[7.48,48.452],[7.479,48.451],[7.477,48.452]]],[[[7.47,48.455],[7.474,48.454],[7.472,48.452],[7.472,48.454],[7.472,48.453],[7.469,48.452],[7.47,48.455]]],[[[7.478,48.453],[7.478,48.455],[7.48,48.455],[7.48,48.452],[7.478,48.453]]],[[[7.466,48.454],[7.467,48.455],[7.467,48.454],[7.466,48.454]]],[[[7.48,48.455],[7.481,48.457],[7.482,48.457],[7.482,48.455],[7.48,48.455]]],[[[7.475,48.455],[7.475,48.457],[7.477,48.457],[7.477,48.456],[7.478,48.456],[7.478,48.455],[7.475,48.455]]],[[[7.474,48.46],[7.476,48.459],[7.475,48.457],[7.475,48.455],[7.473,48.455],[7.478,48.455],[7.478,48.454],[7.475,48.454],[7.47,48.456],[7.472,48.458],[7.474,48.46]]],[[[7.472,48.459],[7.47,48.456],[7.468,48.458],[7.468,48.461],[7.47,48.461],[7.47,48.46],[7.471,48.46],[7.472,48.459]]],[[[7.468,48.458],[7.467,48.461],[7.468,48.461],[7.468,48.458]]],[[[7.478,48.46],[7.479,48.46],[7.481,48.46],[7.48,48.459],[7.478,48.46]]],[[[7.478,48.466],[7.479,48.466],[7.48,48.466],[7.481,48.466],[7.481,48.465],[7.478,48.464],[7.476,48.465],[7.476,48.467],[7.478,48.466]]],[[[7.483,48.465],[7.482,48.465],[7.482,48.466],[7.483,48.465]]],[[[7.489,48.469],[7.488,48.466],[7.486,48.465],[7.485,48.465],[7.486,48.467],[7.488,48.469],[7.489,48.469]]],[[[7.486,48.47],[7.488,48.47],[7.483,48.466],[7.482,48.466],[7.483,48.468],[7.482,48.466],[7.478,48.466],[7.478,48.467],[7.48,48.467],[7.484,48.471],[7.484,48.469],[7.484,48.469],[7.484,48.469],[7.485,48.474],[7.484,48.474],[7.49,48.474],[7.489,48.473],[7.489,48.472],[7.488,48.47],[7.486,48.47]]],[[[7.482,48.472],[7.483,48.472],[7.484,48.471],[7.482,48.47],[7.482,48.472]]],[[[7.489,48.474],[7.481,48.474],[7.481,48.475],[7.484,48.475],[7.482,48.476],[7.486,48.477],[7.488,48.477],[7.487,48.476],[7.489,48.476],[7.489,48.475],[7.489,48.474]]],[[[7.482,48.476],[7.481,48.478],[7.485,48.479],[7.486,48.477],[7.484,48.478],[7.485,48.477],[7.482,48.476]]],[[[7.475,48.478],[7.479,48.479],[7.479,48.478],[7.476,48.477],[7.475,48.478]]],[[[7.489,48.482],[7.488,48.482],[7.488,48.482],[7.489,48.482]]],[[[7.487,48.483],[7.487,48.483],[7.487,48.483],[7.487,48.483]]],[[[7.487,48.482],[7.486,48.482],[7.487,48.482],[7.489,48.481],[7.489,48.48],[7.49,48.479],[7.49,48.478],[7.49,48.477],[7.49,48.478],[7.489,48.481],[7.492,48.482],[7.493,48.477],[7.491,48.475],[7.49,48.474],[7.489,48.474],[7.489,48.474],[7.489,48.474],[7.489,48.475],[7.489,48.476],[7.488,48.476],[7.488,48.477],[7.486,48.479],[7.487,48.48],[7.486,48.48],[7.485,48.48],[7.483,48.479],[7.476,48.48],[7.476,48.481],[7.479,48.481],[7.476,48.481],[7.474,48.485],[7.475,48.485],[7.474,48.487],[7.473,48.487],[7.473,48.488],[7.474,48.488],[7.475,48.489],[7.478,48.489],[7.484,48.487],[7.484,48.487],[7.477,48.488],[7.475,48.488],[7.475,48.487],[7.478,48.487],[7.48,48.486],[7.481,48.487],[7.482,48.487],[7.482,48.486],[7.481,48.485],[7.479,48.486],[7.478,48.486],[7.481,48.485],[7.482,48.486],[7.483,48.487],[7.484,48.487],[7.484,48.487],[7.485,48.486],[7.483,48.484],[7.482,48.485],[7.479,48.484],[7.476,48.484],[7.477,48.482],[7.48,48.482],[7.481,48.482],[7.481,48.482],[7.482,48.483],[7.483,48.483],[7.483,48.483],[7.487,48.484],[7.486,48.484],[7.487,48.482]],[[7.487,48.48],[7.488,48.48],[7.488,48.48],[7.487,48.48]],[[7.484,48.486],[7.484,48.486],[7.484,48.486],[7.484,48.486]]],[[[7.485,48.488],[7.484,48.488],[7.485,48.488],[7.485,48.488]]],[[[7.485,48.488],[7.486,48.489],[7.485,48.488],[7.485,48.488]]],[[[7.477,48.491],[7.479,48.492],[7.484,48.488],[7.478,48.489],[7.473,48.489],[7.474,48.491],[7.477,48.49],[7.477,48.491]]],[[[7.484,48.488],[7.481,48.49],[7.484,48.492],[7.486,48.489],[7.484,48.488]]],[[[7.474,48.494],[7.474,48.495],[7.478,48.495],[7.478,48.493],[7.481,48.493],[7.481,48.492],[7.483,48.493],[7.484,48.492],[7.481,48.49],[7.479,48.492],[7.477,48.491],[7.477,48.49],[7.474,48.491],[7.474,48.492],[7.473,48.49],[7.472,48.493],[7.474,48.494]]],[[[7.472,48.517],[7.472,48.518],[7.475,48.518],[7.474,48.517],[7.472,48.517]]],[[[7.495,48.559],[7.5,48.557],[7.499,48.557],[7.497,48.551],[7.494,48.551],[7.496,48.556],[7.496,48.556],[7.496,48.557],[7.496,48.557],[7.496,48.557],[7.497,48.557],[7.497,48.558],[7.497,48.558],[7.497,48.558],[7.492,48.558],[7.492,48.558],[7.491,48.557],[7.489,48.557],[7.487,48.557],[7.485,48.556],[7.483,48.557],[7.482,48.556],[7.483,48.557],[7.482,48.558],[7.485,48.561],[7.485,48.56],[7.486,48.562],[7.483,48.561],[7.485,48.563],[7.484,48.563],[7.484,48.565],[7.482,48.563],[7.478,48.563],[7.478,48.564],[7.481,48.568],[7.481,48.569],[7.486,48.57],[7.486,48.569],[7.486,48.568],[7.486,48.568],[7.486,48.569],[7.486,48.57],[7.487,48.57],[7.49,48.568],[7.488,48.566],[7.49,48.567],[7.491,48.567],[7.49,48.566],[7.49,48.566],[7.49,48.566],[7.491,48.566],[7.491,48.567],[7.493,48.565],[7.495,48.565],[7.497,48.563],[7.495,48.562],[7.493,48.562],[7.492,48.562],[7.492,48.562],[7.492,48.561],[7.491,48.56],[7.491,48.56],[7.488,48.56],[7.487,48.56],[7.491,48.559],[7.492,48.561],[7.492,48.562],[7.495,48.562],[7.496,48.562],[7.497,48.561],[7.495,48.56],[7.495,48.559]],[[7.486,48.562],[7.486,48.563],[7.486,48.562],[7.486,48.562]],[[7.485,48.563],[7.485,48.563],[7.485,48.563],[7.485,48.563],[7.485,48.563]],[[7.488,48.566],[7.488,48.566],[7.488,48.566],[7.488,48.566]],[[7.491,48.566],[7.491,48.566],[7.491,48.566],[7.491,48.566]],[[7.495,48.56],[7.495,48.56],[7.495,48.56],[7.495,48.56]],[[7.497,48.557],[7.497,48.557],[7.497,48.557],[7.497,48.557]],[[7.492,48.566],[7.492,48.566],[7.492,48.566],[7.492,48.566]],[[7.485,48.563],[7.485,48.563],[7.485,48.563],[7.485,48.563]],[[7.485,48.563],[7.485,48.563],[7.486,48.564],[7.485,48.563],[7.485,48.563]],[[7.486,48.564],[7.486,48.564],[7.486,48.564],[7.486,48.564]],[[7.487,48.564],[7.487,48.564],[7.486,48.564],[7.487,48.564],[7.487,48.564]],[[7.487,48.564],[7.487,48.564],[7.487,48.564],[7.487,48.564]],[[7.488,48.565],[7.487,48.564],[7.487,48.564],[7.488,48.565]],[[7.488,48.565],[7.488,48.565],[7.488,48.565],[7.488,48.565]],[[7.489,48.565],[7.489,48.565],[7.489,48.565],[7.489,48.565]],[[7.489,48.565],[7.489,48.565],[7.489,48.565],[7.489,48.565]],[[7.489,48.565],[7.49,48.565],[7.489,48.565],[7.489,48.565]],[[7.49,48.565],[7.491,48.565],[7.491,48.565],[7.49,48.565]],[[7.484,48.566],[7.482,48.568],[7.485,48.568],[7.485,48.568],[7.482,48.568],[7.484,48.566]],[[7.484,48.566],[7.484,48.566],[7.484,48.566],[7.484,48.566],[7.484,48.566]],[[7.485,48.564],[7.484,48.566],[7.484,48.566],[7.484,48.565],[7.485,48.564]]],[[[7.481,48.568],[7.479,48.566],[7.481,48.569],[7.481,48.568]]],[[[7.484,48.572],[7.484,48.571],[7.484,48.572],[7.484,48.572]]],[[[7.488,48.575],[7.486,48.577],[7.486,48.582],[7.487,48.582],[7.486,48.584],[7.486,48.584],[7.487,48.582],[7.486,48.582],[7.484,48.585],[7.487,48.591],[7.488,48.591],[7.489,48.591],[7.489,48.59],[7.49,48.59],[7.489,48.589],[7.488,48.588],[7.487,48.586],[7.487,48.584],[7.487,48.586],[7.489,48.586],[7.487,48.586],[7.49,48.59],[7.488,48.591],[7.49,48.592],[7.491,48.591],[7.493,48.592],[7.499,48.592],[7.5,48.593],[7.5,48.59],[7.5,48.593],[7.503,48.593],[7.504,48.59],[7.503,48.588],[7.505,48.588],[7.504,48.585],[7.505,48.586],[7.506,48.585],[7.504,48.585],[7.504,48.583],[7.504,48.583],[7.502,48.581],[7.501,48.581],[7.498,48.581],[7.498,48.581],[7.5,48.581],[7.5,48.583],[7.498,48.583],[7.496,48.583],[7.495,48.584],[7.497,48.584],[7.497,48.584],[7.495,48.584],[7.496,48.583],[7.496,48.583],[7.496,48.583],[7.498,48.583],[7.5,48.583],[7.5,48.581],[7.498,48.582],[7.498,48.581],[7.488,48.58],[7.489,48.579],[7.49,48.579],[7.49,48.577],[7.49,48.577],[7.491,48.576],[7.494,48.575],[7.493,48.576],[7.494,48.578],[7.498,48.578],[7.499,48.579],[7.5,48.58],[7.502,48.581],[7.504,48.583],[7.505,48.582],[7.506,48.582],[7.507,48.58],[7.507,48.579],[7.506,48.578],[7.506,48.578],[7.506,48.577],[7.506,48.578],[7.509,48.579],[7.51,48.575],[7.51,48.574],[7.511,48.573],[7.515,48.574],[7.515,48.572],[7.515,48.574],[7.518,48.574],[7.518,48.573],[7.518,48.574],[7.511,48.573],[7.509,48.579],[7.515,48.578],[7.515,48.575],[7.521,48.576],[7.521,48.574],[7.521,48.574],[7.521,48.576],[7.525,48.575],[7.526,48.573],[7.521,48.573],[7.521,48.574],[7.521,48.573],[7.521,48.573],[7.524,48.573],[7.526,48.573],[7.526,48.573],[7.526,48.571],[7.524,48.571],[7.526,48.571],[7.524,48.571],[7.524,48.57],[7.521,48.57],[7.521,48.569],[7.516,48.569],[7.514,48.571],[7.515,48.569],[7.508,48.569],[7.507,48.57],[7.506,48.571],[7.5,48.576],[7.5,48.577],[7.5,48.578],[7.499,48.579],[7.499,48.578],[7.5,48.577],[7.5,48.576],[7.501,48.576],[7.497,48.575],[7.501,48.576],[7.506,48.571],[7.504,48.571],[7.506,48.571],[7.506,48.571],[7.505,48.57],[7.506,48.57],[7.506,48.57],[7.505,48.569],[7.505,48.568],[7.503,48.568],[7.502,48.568],[7.503,48.568],[7.499,48.567],[7.496,48.568],[7.497,48.57],[7.496,48.568],[7.488,48.575]],[[7.504,48.583],[7.504,48.583],[7.504,48.583],[7.504,48.583]],[[7.49,48.576],[7.49,48.576],[7.49,48.577],[7.49,48.576]],[[7.499,48.579],[7.499,48.578],[7.499,48.579],[7.499,48.579]],[[7.497,48.571],[7.495,48.573],[7.496,48.574],[7.494,48.573],[7.497,48.571]],[[7.493,48.574],[7.493,48.574],[7.493,48.574],[7.493,48.574]],[[7.491,48.575],[7.491,48.575],[7.492,48.575],[7.491,48.575]],[[7.491,48.575],[7.49,48.576],[7.49,48.576],[7.491,48.575]],[[7.49,48.576],[7.49,48.576],[7.49,48.576],[7.49,48.576]],[[7.49,48.575],[7.49,48.575],[7.49,48.575],[7.49,48.575]],[[7.49,48.574],[7.49,48.574],[7.49,48.574],[7.49,48.574],[7.49,48.574],[7.49,48.574],[7.49,48.574]],[[7.489,48.574],[7.489,48.574],[7.49,48.574],[7.489,48.574]],[[7.501,48.588],[7.501,48.588],[7.499,48.587],[7.501,48.588],[7.501,48.588]],[[7.499,48.586],[7.499,48.586],[7.499,48.586],[7.499,48.586]],[[7.499,48.586],[7.499,48.586],[7.499,48.585],[7.499,48.586]],[[7.499,48.585],[7.499,48.585],[7.499,48.585],[7.499,48.585]],[[7.498,48.585],[7.498,48.585],[7.498,48.585],[7.498,48.585]],[[7.498,48.585],[7.498,48.585],[7.498,48.585],[7.498,48.585]],[[7.498,48.584],[7.498,48.584],[7.498,48.585],[7.498,48.584]],[[7.504,48.578],[7.506,48.578],[7.506,48.578],[7.505,48.578],[7.504,48.578]],[[7.504,48.578],[7.504,48.578],[7.504,48.578],[7.504,48.578]],[[7.503,48.578],[7.503,48.578],[7.503,48.577],[7.503,48.578]],[[7.502,48.577],[7.502,48.577],[7.502,48.577],[7.502,48.577]],[[7.502,48.577],[7.502,48.577],[7.502,48.577],[7.502,48.577]],[[7.5,48.577],[7.5,48.577],[7.5,48.577],[7.5,48.577]],[[7.497,48.575],[7.497,48.575],[7.497,48.575],[7.497,48.575]],[[7.497,48.575],[7.497,48.575],[7.497,48.575],[7.497,48.575]],[[7.487,48.581],[7.486,48.581],[7.487,48.581],[7.487,48.581]],[[7.487,48.581],[7.487,48.581],[7.487,48.581],[7.487,48.581]],[[7.487,48.582],[7.487,48.582],[7.487,48.582],[7.487,48.582]],[[7.488,48.582],[7.487,48.582],[7.487,48.582],[7.488,48.582]],[[7.488,48.582],[7.488,48.582],[7.488,48.581],[7.488,48.582]],[[7.489,48.581],[7.489,48.581],[7.489,48.581],[7.489,48.581]],[[7.49,48.581],[7.49,48.581],[7.49,48.581],[7.49,48.581]],[[7.49,48.581],[7.49,48.581],[7.49,48.581],[7.49,48.581]],[[7.491,48.581],[7.491,48.582],[7.492,48.582],[7.491,48.582],[7.491,48.581]],[[7.492,48.583],[7.492,48.583],[7.492,48.582],[7.492,48.583]],[[7.492,48.583],[7.492,48.583],[7.493,48.583],[7.492,48.583]],[[7.493,48.583],[7.493,48.583],[7.493,48.583],[7.493,48.583]],[[7.493,48.583],[7.493,48.583],[7.493,48.583],[7.493,48.583]],[[7.493,48.583],[7.493,48.583],[7.493,48.583],[7.493,48.583]],[[7.493,48.583],[7.493,48.583],[7.493,48.583],[7.493,48.583]],[[7.493,48.583],[7.493,48.583],[7.493,48.583],[7.493,48.583]],[[7.493,48.583],[7.493,48.583],[7.493,48.583],[7.493,48.583],[7.493,48.583]],[[7.494,48.583],[7.493,48.583],[7.493,48.583],[7.494,48.583]],[[7.494,48.574],[7.494,48.574],[7.494,48.574],[7.494,48.574]],[[7.495,48.574],[7.495,48.574],[7.495,48.574],[7.495,48.574]],[[7.495,48.575],[7.495,48.575],[7.495,48.575],[7.495,48.575]],[[7.496,48.575],[7.496,48.575],[7.496,48.575],[7.496,48.575]],[[7.496,48.575],[7.496,48.575],[7.496,48.575],[7.496,48.575]],[[7.496,48.575],[7.496,48.575],[7.496,48.575],[7.496,48.575]],[[7.497,48.575],[7.497,48.575],[7.497,48.575],[7.497,48.575]],[[7.492,48.589],[7.496,48.59],[7.496,48.59],[7.493,48.59],[7.492,48.589]],[[7.496,48.586],[7.498,48.586],[7.496,48.586],[7.495,48.588],[7.496,48.586],[7.496,48.586]],[[7.491,48.586],[7.49,48.587],[7.49,48.587],[7.491,48.586]],[[7.498,48.59],[7.498,48.588],[7.499,48.589],[7.498,48.59]],[[7.491,48.59],[7.491,48.59],[7.491,48.59],[7.491,48.59]],[[7.498,48.57],[7.502,48.568],[7.501,48.569],[7.503,48.569],[7.501,48.569],[7.498,48.57]],[[7.521,48.572],[7.521,48.572],[7.521,48.571],[7.521,48.572]],[[7.508,48.574],[7.51,48.574],[7.51,48.574],[7.508,48.574]]],[[[7.499,48.595],[7.502,48.595],[7.502,48.594],[7.5,48.594],[7.496,48.595],[7.494,48.595],[7.494,48.597],[7.496,48.597],[7.497,48.596],[7.498,48.595],[7.499,48.595],[7.499,48.595]]],[[[7.498,48.6],[7.498,48.597],[7.498,48.597],[7.499,48.596],[7.499,48.595],[7.495,48.597],[7.493,48.598],[7.495,48.6],[7.496,48.599],[7.496,48.599],[7.497,48.6],[7.496,48.599],[7.495,48.6],[7.496,48.601],[7.498,48.602],[7.499,48.6],[7.499,48.602],[7.499,48.602],[7.5,48.601],[7.5,48.601],[7.5,48.602],[7.504,48.6],[7.505,48.6],[7.512,48.6],[7.513,48.599],[7.507,48.599],[7.51,48.599],[7.513,48.599],[7.514,48.597],[7.511,48.596],[7.51,48.598],[7.503,48.597],[7.502,48.598],[7.502,48.599],[7.502,48.598],[7.498,48.598],[7.498,48.6]],[[7.496,48.599],[7.496,48.599],[7.496,48.599],[7.496,48.599]],[[7.499,48.6],[7.499,48.6],[7.499,48.6],[7.499,48.6]],[[7.498,48.6],[7.498,48.6],[7.498,48.6],[7.498,48.6]],[[7.505,48.598],[7.507,48.598],[7.506,48.598],[7.505,48.598]],[[7.504,48.6],[7.504,48.6],[7.503,48.6],[7.504,48.6]],[[7.502,48.601],[7.502,48.601],[7.502,48.601],[7.502,48.601]]],[[[7.497,48.627],[7.497,48.626],[7.497,48.627],[7.497,48.627]]],[[[7.482,48.622],[7.477,48.623],[7.476,48.622],[7.477,48.624],[7.476,48.625],[7.479,48.627],[7.479,48.627],[7.482,48.627],[7.483,48.627],[7.486,48.628],[7.487,48.628],[7.489,48.628],[7.49,48.628],[7.49,48.628],[7.488,48.629],[7.489,48.628],[7.486,48.628],[7.483,48.627],[7.479,48.627],[7.479,48.628],[7.482,48.628],[7.484,48.63],[7.489,48.631],[7.493,48.633],[7.494,48.632],[7.495,48.631],[7.501,48.635],[7.495,48.631],[7.494,48.632],[7.492,48.634],[7.492,48.636],[7.506,48.636],[7.504,48.635],[7.503,48.634],[7.499,48.632],[7.497,48.63],[7.496,48.629],[7.495,48.628],[7.496,48.627],[7.494,48.626],[7.494,48.626],[7.486,48.624],[7.486,48.624],[7.486,48.623],[7.483,48.623],[7.485,48.622],[7.482,48.622]],[[7.495,48.631],[7.495,48.631],[7.495,48.631],[7.495,48.631]],[[7.495,48.631],[7.495,48.631],[7.496,48.63],[7.495,48.631]]],[[[7.498,48.631],[7.5,48.629],[7.501,48.63],[7.504,48.632],[7.505,48.631],[7.504,48.632],[7.5,48.629],[7.498,48.631],[7.504,48.635],[7.506,48.635],[7.506,48.636],[7.508,48.635],[7.508,48.634],[7.508,48.634],[7.508,48.633],[7.506,48.634],[7.505,48.633],[7.507,48.632],[7.506,48.631],[7.505,48.63],[7.504,48.629],[7.501,48.628],[7.499,48.627],[7.499,48.628],[7.496,48.627],[7.496,48.629],[7.498,48.631]],[[7.506,48.631],[7.506,48.631],[7.506,48.631],[7.506,48.631]],[[7.507,48.635],[7.507,48.635],[7.507,48.635],[7.507,48.635]]],[[[7.502,48.637],[7.497,48.639],[7.497,48.64],[7.501,48.641],[7.503,48.639],[7.507,48.637],[7.504,48.638],[7.502,48.637]]],[[[7.477,48.364],[7.482,48.365],[7.485,48.365],[7.484,48.363],[7.483,48.363],[7.482,48.361],[7.48,48.361],[7.478,48.361],[7.478,48.362],[7.477,48.364]]],[[[7.476,48.396],[7.478,48.396],[7.481,48.398],[7.486,48.399],[7.489,48.398],[7.489,48.397],[7.49,48.397],[7.485,48.396],[7.486,48.394],[7.493,48.396],[7.492,48.394],[7.492,48.394],[7.48,48.392],[7.479,48.393],[7.477,48.393],[7.476,48.396]],[[7.484,48.397],[7.483,48.396],[7.483,48.395],[7.483,48.395],[7.483,48.396],[7.484,48.396],[7.484,48.397],[7.483,48.397],[7.484,48.397]]],[[[7.488,48.414],[7.49,48.414],[7.488,48.413],[7.488,48.414]]],[[[7.489,48.413],[7.493,48.415],[7.494,48.415],[7.495,48.415],[7.494,48.414],[7.489,48.413]]],[[[7.494,48.415],[7.49,48.414],[7.489,48.416],[7.493,48.417],[7.495,48.416],[7.494,48.415],[7.494,48.415]]],[[[7.488,48.446],[7.487,48.449],[7.487,48.448],[7.487,48.448],[7.488,48.448],[7.488,48.448],[7.488,48.448],[7.488,48.448],[7.488,48.448],[7.488,48.448],[7.487,48.449],[7.487,48.449],[7.487,48.45],[7.488,48.449],[7.489,48.448],[7.49,48.447],[7.489,48.446],[7.488,48.446]]],[[[7.489,48.45],[7.49,48.447],[7.488,48.45],[7.489,48.45]]],[[[7.489,48.457],[7.486,48.455],[7.487,48.457],[7.489,48.457]]],[[[7.488,48.465],[7.489,48.465],[7.487,48.464],[7.487,48.464],[7.488,48.465]]],[[[7.49,48.474],[7.492,48.477],[7.495,48.477],[7.495,48.473],[7.492,48.472],[7.492,48.473],[7.489,48.473],[7.49,48.474]]],[[[7.49,48.482],[7.489,48.482],[7.49,48.482],[7.49,48.482]]],[[[7.496,48.493],[7.49,48.493],[7.488,48.495],[7.495,48.496],[7.496,48.493]],[[7.489,48.494],[7.489,48.494],[7.489,48.494],[7.489,48.494]],[[7.493,48.494],[7.493,48.494],[7.493,48.494],[7.493,48.494]],[[7.493,48.494],[7.493,48.494],[7.493,48.494],[7.493,48.494]],[[7.493,48.494],[7.493,48.494],[7.493,48.494],[7.493,48.494]],[[7.493,48.494],[7.493,48.494],[7.493,48.494],[7.493,48.494]],[[7.494,48.494],[7.494,48.494],[7.494,48.494],[7.494,48.494]],[[7.494,48.494],[7.494,48.494],[7.494,48.494],[7.494,48.494]],[[7.495,48.494],[7.495,48.494],[7.495,48.494],[7.495,48.494]],[[7.495,48.494],[7.495,48.494],[7.495,48.494],[7.495,48.494]],[[7.495,48.494],[7.495,48.494],[7.495,48.494],[7.495,48.494]]],[[[7.51,48.568],[7.507,48.567],[7.507,48.569],[7.509,48.569],[7.511,48.569],[7.51,48.568]]],[[[7.531,48.571],[7.531,48.57],[7.531,48.57],[7.53,48.571],[7.531,48.571]]],[[[7.554,48.569],[7.546,48.57],[7.545,48.571],[7.54,48.57],[7.534,48.571],[7.531,48.57],[7.531,48.571],[7.53,48.571],[7.529,48.573],[7.531,48.576],[7.534,48.575],[7.534,48.577],[7.539,48.577],[7.539,48.574],[7.536,48.573],[7.541,48.574],[7.545,48.573],[7.546,48.573],[7.545,48.573],[7.545,48.572],[7.546,48.573],[7.545,48.573],[7.555,48.573],[7.554,48.569]],[[7.534,48.572],[7.537,48.573],[7.537,48.573],[7.534,48.572]]],[[[7.506,48.582],[7.509,48.582],[7.509,48.58],[7.507,48.58],[7.506,48.582]]],[[[7.515,48.583],[7.514,48.585],[7.518,48.585],[7.518,48.582],[7.515,48.583]]],[[[7.513,48.586],[7.511,48.586],[7.51,48.587],[7.513,48.587],[7.513,48.586]]],[[[7.51,48.587],[7.51,48.586],[7.508,48.586],[7.508,48.588],[7.51,48.587],[7.51,48.587]]],[[[7.51,48.587],[7.51,48.588],[7.513,48.588],[7.513,48.587],[7.51,48.587]]],[[[7.506,48.589],[7.506,48.588],[7.505,48.588],[7.503,48.588],[7.504,48.59],[7.506,48.59],[7.506,48.589]]],[[[7.516,48.59],[7.508,48.59],[7.506,48.588],[7.506,48.589],[7.506,48.591],[7.516,48.592],[7.516,48.59]]],[[[7.544,48.588],[7.545,48.59],[7.544,48.59],[7.544,48.591],[7.542,48.591],[7.542,48.591],[7.545,48.592],[7.547,48.588],[7.545,48.588],[7.544,48.588]]],[[[7.545,48.592],[7.55,48.593],[7.551,48.591],[7.552,48.589],[7.552,48.589],[7.551,48.591],[7.55,48.593],[7.553,48.594],[7.553,48.588],[7.547,48.588],[7.547,48.588],[7.548,48.589],[7.548,48.589],[7.545,48.592]]],[[[7.504,48.596],[7.503,48.596],[7.499,48.595],[7.499,48.596],[7.498,48.598],[7.501,48.598],[7.502,48.598],[7.502,48.598],[7.504,48.596]]],[[[7.542,48.596],[7.545,48.596],[7.547,48.597],[7.548,48.596],[7.545,48.595],[7.546,48.594],[7.544,48.594],[7.542,48.596]]],[[[7.541,48.596],[7.541,48.596],[7.541,48.596],[7.541,48.596],[7.541,48.596]]],[[[7.552,48.598],[7.551,48.598],[7.55,48.599],[7.552,48.598]]],[[[7.541,48.596],[7.549,48.599],[7.549,48.6],[7.552,48.601],[7.552,48.601],[7.554,48.601],[7.556,48.601],[7.557,48.601],[7.561,48.602],[7.562,48.6],[7.558,48.6],[7.558,48.599],[7.553,48.599],[7.552,48.598],[7.55,48.599],[7.546,48.597],[7.545,48.596],[7.542,48.596],[7.541,48.596]]],[[[7.548,48.6],[7.539,48.599],[7.539,48.601],[7.542,48.601],[7.546,48.601],[7.546,48.6],[7.546,48.601],[7.551,48.601],[7.548,48.6]],[[7.543,48.6],[7.543,48.6],[7.543,48.6],[7.543,48.6]]],[[[7.531,48.601],[7.531,48.602],[7.533,48.602],[7.534,48.602],[7.539,48.601],[7.539,48.599],[7.536,48.6],[7.536,48.601],[7.531,48.601]]],[[[7.544,48.602],[7.549,48.601],[7.549,48.602],[7.553,48.602],[7.551,48.601],[7.55,48.601],[7.544,48.601],[7.544,48.602]]],[[[7.533,48.602],[7.537,48.603],[7.537,48.602],[7.537,48.602],[7.537,48.603],[7.539,48.603],[7.539,48.601],[7.533,48.602]],[[7.537,48.602],[7.537,48.602],[7.537,48.602],[7.537,48.602]]],[[[7.552,48.601],[7.553,48.602],[7.557,48.602],[7.556,48.603],[7.556,48.602],[7.557,48.604],[7.557,48.603],[7.563,48.605],[7.564,48.604],[7.565,48.605],[7.567,48.603],[7.565,48.602],[7.564,48.603],[7.565,48.602],[7.562,48.602],[7.561,48.602],[7.554,48.601],[7.552,48.601]]],[[[7.559,48.604],[7.557,48.604],[7.557,48.604],[7.558,48.605],[7.559,48.604]]],[[[7.51,48.615],[7.506,48.617],[7.505,48.618],[7.51,48.617],[7.51,48.615]]],[[[7.506,48.618],[7.506,48.618],[7.506,48.618],[7.506,48.618]]],[[[7.511,48.618],[7.505,48.618],[7.507,48.619],[7.509,48.62],[7.511,48.618]]],[[[7.509,48.635],[7.508,48.635],[7.507,48.635],[7.508,48.636],[7.509,48.635]]],[[[7.507,48.637],[7.507,48.636],[7.506,48.636],[7.507,48.637]]],[[[7.508,48.637],[7.506,48.637],[7.506,48.637],[7.508,48.637]]],[[[7.512,48.638],[7.513,48.637],[7.511,48.637],[7.512,48.638]]],[[[7.513,48.637],[7.511,48.639],[7.512,48.64],[7.51,48.64],[7.507,48.639],[7.506,48.638],[7.511,48.64],[7.511,48.639],[7.511,48.638],[7.511,48.638],[7.511,48.638],[7.509,48.638],[7.509,48.638],[7.508,48.638],[7.508,48.638],[7.507,48.638],[7.508,48.638],[7.509,48.638],[7.509,48.637],[7.508,48.637],[7.501,48.641],[7.502,48.642],[7.503,48.641],[7.505,48.642],[7.507,48.641],[7.505,48.639],[7.508,48.642],[7.509,48.641],[7.51,48.642],[7.512,48.641],[7.513,48.642],[7.518,48.643],[7.521,48.641],[7.519,48.641],[7.518,48.641],[7.518,48.642],[7.519,48.641],[7.515,48.639],[7.516,48.639],[7.516,48.639],[7.513,48.637]],[[7.507,48.638],[7.507,48.638],[7.507,48.638],[7.507,48.638]],[[7.517,48.642],[7.517,48.642],[7.517,48.642],[7.517,48.642]]],[[[7.524,48.645],[7.523,48.646],[7.522,48.647],[7.527,48.647],[7.527,48.646],[7.524,48.645]]],[[[7.521,48.648],[7.522,48.646],[7.52,48.647],[7.52,48.648],[7.521,48.648]]],[[[7.531,48.653],[7.525,48.654],[7.525,48.656],[7.532,48.654],[7.531,48.653]]],[[[7.59,48.687],[7.59,48.691],[7.591,48.692],[7.59,48.693],[7.593,48.694],[7.593,48.693],[7.593,48.694],[7.595,48.694],[7.596,48.694],[7.595,48.694],[7.594,48.694],[7.596,48.694],[7.595,48.692],[7.596,48.692],[7.596,48.689],[7.596,48.687],[7.592,48.686],[7.591,48.685],[7.59,48.687]],[[7.593,48.692],[7.593,48.692],[7.593,48.692],[7.593,48.692]]],[[[7.601,48.691],[7.596,48.687],[7.596,48.692],[7.596,48.693],[7.597,48.693],[7.596,48.693],[7.596,48.694],[7.595,48.694],[7.601,48.691]]],[[[7.596,48.694],[7.597,48.694],[7.597,48.693],[7.596,48.694]]],[[[7.597,48.697],[7.597,48.698],[7.599,48.698],[7.599,48.697],[7.602,48.697],[7.602,48.696],[7.593,48.695],[7.593,48.696],[7.597,48.697]]],[[[7.602,48.698],[7.599,48.699],[7.606,48.7],[7.606,48.698],[7.602,48.698]]],[[[7.612,48.699],[7.608,48.699],[7.606,48.7],[7.61,48.701],[7.612,48.699]]],[[[7.907,48.985],[7.903,48.988],[7.904,48.988],[7.908,48.986],[7.907,48.985]]],[[[7.898,48.991],[7.9,48.99],[7.899,48.989],[7.898,48.989],[7.898,48.991]]],[[[7.881,49.001],[7.888,48.998],[7.887,48.997],[7.892,48.993],[7.891,48.992],[7.896,48.99],[7.896,48.989],[7.89,48.991],[7.89,48.993],[7.886,48.996],[7.879,48.998],[7.881,48.999],[7.879,49.0],[7.881,49.001]]],[[[7.878,48.999],[7.88,48.999],[7.879,48.998],[7.878,48.999]]],[[[7.9,48.998],[7.895,49.002],[7.898,49.003],[7.9,49.001],[7.899,49.0],[7.901,48.998],[7.9,48.998]]],[[[7.895,49.002],[7.896,49.003],[7.895,49.002],[7.895,49.002]]],[[[7.9,49.004],[7.896,49.003],[7.895,49.004],[7.893,49.004],[7.892,49.004],[7.895,49.006],[7.895,49.006],[7.896,49.005],[7.898,49.006],[7.9,49.004]]],[[[7.953,49.004],[7.952,49.003],[7.953,49.005],[7.953,49.004]]],[[[7.892,49.008],[7.894,49.007],[7.892,49.006],[7.893,49.007],[7.891,49.008],[7.892,49.008]]],[[[7.944,49.01],[7.949,49.005],[7.95,49.007],[7.95,49.006],[7.951,49.006],[7.952,49.006],[7.952,49.003],[7.951,49.002],[7.945,49.006],[7.944,49.005],[7.942,49.006],[7.942,49.007],[7.94,49.008],[7.942,49.01],[7.943,49.011],[7.943,49.01],[7.944,49.01]],[[7.945,49.006],[7.945,49.006],[7.945,49.006],[7.945,49.006]],[[7.946,49.007],[7.946,49.007],[7.946,49.007],[7.946,49.007]]],[[[7.886,49.008],[7.887,49.01],[7.89,49.008],[7.887,49.007],[7.886,49.008]]],[[[7.892,49.008],[7.889,49.01],[7.894,49.009],[7.892,49.008]]],[[[7.94,49.008],[7.936,49.01],[7.937,49.012],[7.94,49.013],[7.941,49.012],[7.94,49.011],[7.941,49.011],[7.942,49.012],[7.943,49.011],[7.94,49.008]]],[[[7.939,49.014],[7.937,49.012],[7.938,49.015],[7.939,49.014]]],[[[7.902,49.015],[7.899,49.015],[7.9,49.015],[7.898,49.015],[7.898,49.016],[7.902,49.015]]],[[[7.933,49.017],[7.938,49.015],[7.936,49.011],[7.933,49.012],[7.931,49.012],[7.931,49.013],[7.932,49.014],[7.933,49.017]]],[[[7.926,49.016],[7.927,49.017],[7.932,49.017],[7.932,49.014],[7.928,49.015],[7.927,49.014],[7.925,49.014],[7.926,49.016]]],[[[7.902,49.015],[7.898,49.017],[7.906,49.019],[7.902,49.016],[7.905,49.015],[7.903,49.015],[7.902,49.015]]],[[[7.925,49.018],[7.927,49.017],[7.926,49.015],[7.923,49.017],[7.925,49.018]]],[[[7.907,49.017],[7.907,49.018],[7.91,49.018],[7.908,49.018],[7.907,49.017]]],[[[7.907,49.019],[7.908,49.019],[7.908,49.018],[7.907,49.019]]],[[[7.925,49.019],[7.924,49.019],[7.924,49.019],[7.925,49.019]]],[[[7.924,49.02],[7.922,49.018],[7.921,49.018],[7.923,49.02],[7.924,49.02]]],[[[7.922,49.02],[7.923,49.02],[7.922,49.02],[7.921,49.018],[7.92,49.019],[7.922,49.02]]],[[[7.917,49.022],[7.919,49.022],[7.918,49.02],[7.915,49.021],[7.917,49.022]]],[[[7.903,49.022],[7.901,49.023],[7.902,49.023],[7.905,49.022],[7.905,49.022],[7.903,49.022]]],[[[7.92,49.024],[7.922,49.024],[7.919,49.022],[7.917,49.022],[7.92,49.024]]],[[[7.905,49.025],[7.905,49.027],[7.906,49.027],[7.91,49.027],[7.909,49.025],[7.91,49.025],[7.909,49.024],[7.906,49.025],[7.906,49.025],[7.905,49.025]]],[[[7.915,49.025],[7.915,49.026],[7.918,49.028],[7.919,49.027],[7.915,49.025]]],[[[7.914,49.026],[7.912,49.026],[7.91,49.025],[7.91,49.027],[7.911,49.028],[7.912,49.027],[7.914,49.029],[7.917,49.027],[7.914,49.026]]],[[[7.914,49.039],[7.915,49.04],[7.918,49.04],[7.919,49.039],[7.919,49.039],[7.916,49.038],[7.913,49.039],[7.913,49.04],[7.913,49.04],[7.914,49.039]]],[[[7.912,49.039],[7.913,49.04],[7.913,49.039],[7.912,49.039]]],[[[7.951,49.043],[7.946,49.042],[7.944,49.043],[7.945,49.043],[7.944,49.043],[7.944,49.043],[7.938,49.042],[7.938,49.043],[7.94,49.046],[7.943,49.046],[7.945,49.046],[7.945,49.045],[7.945,49.046],[7.946,49.046],[7.946,49.047],[7.948,49.047],[7.949,49.047],[7.95,49.047],[7.953,49.046],[7.951,49.043]]],[[[7.929,49.042],[7.93,49.045],[7.929,49.043],[7.927,49.043],[7.929,49.045],[7.931,49.047],[7.932,49.047],[7.932,49.046],[7.933,49.047],[7.936,49.05],[7.938,49.049],[7.933,49.044],[7.932,49.043],[7.931,49.043],[7.93,49.042],[7.929,49.042]],[[7.933,49.044],[7.933,49.044],[7.933,49.044],[7.933,49.044]]],[[[7.949,49.047],[7.946,49.047],[7.946,49.046],[7.94,49.046],[7.942,49.048],[7.941,49.049],[7.942,49.05],[7.942,49.051],[7.946,49.051],[7.946,49.05],[7.95,49.049],[7.949,49.047]]],[[[7.934,49.05],[7.936,49.052],[7.94,49.051],[7.939,49.049],[7.936,49.05],[7.932,49.046],[7.931,49.047],[7.934,49.05]]],[[[7.939,49.052],[7.946,49.054],[7.946,49.051],[7.939,49.052]]]]}},{"type":"Feature","properties":{"id_app":4,"app":"Côtes de Toul","denom":"Côtes de Toul","hierarchy":"AOC","dt":"Colmar","dept":"54"},"geometry":{"type":"MultiPolygon","coordinates":[[[[5.828,48.624],[5.829,48.625],[5.829,48.625],[5.829,48.625],[5.828,48.624]]],[[[5.831,48.625],[5.83,48.624],[5.829,48.625],[5.83,48.625],[5.831,48.625]]],[[[5.83,48.625],[5.829,48.625],[5.829,48.625],[5.83,48.625]]],[[[5.826,48.625],[5.826,48.625],[5.826,48.625],[5.826,48.625]]],[[[5.831,48.625],[5.83,48.625],[5.829,48.625],[5.831,48.625]]],[[[5.825,48.626],[5.826,48.625],[5.825,48.625],[5.825,48.626]]],[[[5.831,48.626],[5.83,48.626],[5.829,48.626],[5.83,48.626],[5.831,48.626]]],[[[5.83,48.626],[5.83,48.626],[5.83,48.626],[5.83,48.626]]],[[[5.83,48.626],[5.83,48.626],[5.83,48.626],[5.83,48.626]]],[[[5.828,48.627],[5.827,48.626],[5.825,48.626],[5.826,48.627],[5.827,48.628],[5.828,48.628],[5.827,48.627],[5.827,48.627],[5.827,48.627],[5.826,48.626],[5.826,48.626],[5.828,48.628],[5.828,48.627]],[[5.826,48.626],[5.826,48.626],[5.826,48.626],[5.826,48.626]]],[[[5.831,48.628],[5.829,48.627],[5.83,48.629],[5.831,48.628]]],[[[5.832,48.632],[5.831,48.63],[5.831,48.629],[5.831,48.629],[5.831,48.629],[5.831,48.629],[5.83,48.632],[5.832,48.632]]],[[[5.824,48.641],[5.822,48.641],[5.823,48.642],[5.824,48.641]]],[[[5.822,48.641],[5.822,48.642],[5.822,48.641],[5.822,48.641]]],[[[5.823,48.642],[5.822,48.642],[5.823,48.642],[5.823,48.642]]],[[[5.823,48.642],[5.821,48.642],[5.821,48.642],[5.822,48.643],[5.823,48.642],[5.823,48.642],[5.823,48.642]]],[[[5.821,48.642],[5.821,48.642],[5.821,48.643],[5.821,48.642]]],[[[5.822,48.644],[5.822,48.643],[5.821,48.642],[5.822,48.644]]],[[[5.829,48.643],[5.828,48.643],[5.827,48.643],[5.828,48.643],[5.828,48.644],[5.829,48.644],[5.829,48.643]]],[[[5.828,48.644],[5.827,48.643],[5.827,48.643],[5.828,48.644]]],[[[5.825,48.644],[5.824,48.644],[5.824,48.644],[5.825,48.644]]],[[[5.831,48.645],[5.829,48.643],[5.828,48.644],[5.829,48.644],[5.827,48.645],[5.827,48.645],[5.828,48.645],[5.828,48.644],[5.829,48.645],[5.829,48.645],[5.83,48.645],[5.83,48.645],[5.83,48.645],[5.831,48.645]]],[[[5.825,48.644],[5.823,48.645],[5.824,48.644],[5.823,48.643],[5.822,48.644],[5.823,48.645],[5.824,48.645],[5.825,48.645],[5.825,48.645],[5.823,48.645],[5.824,48.646],[5.824,48.645],[5.825,48.646],[5.825,48.645],[5.825,48.644]]],[[[5.827,48.646],[5.825,48.644],[5.824,48.644],[5.827,48.646]]],[[[5.827,48.645],[5.827,48.645],[5.827,48.645],[5.827,48.645]]],[[[5.831,48.646],[5.831,48.645],[5.83,48.645],[5.83,48.645],[5.831,48.646],[5.831,48.646],[5.831,48.646],[5.831,48.646],[5.831,48.646],[5.831,48.646]]],[[[5.824,48.645],[5.824,48.646],[5.825,48.646],[5.824,48.645]]],[[[5.827,48.646],[5.826,48.645],[5.825,48.646],[5.825,48.646],[5.826,48.646],[5.826,48.646],[5.824,48.646],[5.827,48.647],[5.827,48.646]]],[[[5.827,48.647],[5.827,48.647],[5.827,48.647],[5.827,48.647]]],[[[5.829,48.648],[5.827,48.646],[5.826,48.647],[5.827,48.647],[5.827,48.647],[5.828,48.648],[5.827,48.647],[5.828,48.649],[5.829,48.648]]],[[[5.834,48.652],[5.834,48.65],[5.832,48.649],[5.832,48.648],[5.831,48.648],[5.83,48.647],[5.827,48.645],[5.834,48.652]]],[[[5.835,48.652],[5.835,48.65],[5.833,48.648],[5.832,48.647],[5.832,48.646],[5.828,48.645],[5.831,48.646],[5.831,48.646],[5.831,48.646],[5.83,48.645],[5.829,48.645],[5.83,48.645],[5.828,48.645],[5.828,48.645],[5.827,48.645],[5.827,48.645],[5.83,48.647],[5.834,48.65],[5.834,48.652],[5.836,48.652],[5.835,48.652]]],[[[5.833,48.72],[5.831,48.718],[5.83,48.719],[5.832,48.719],[5.833,48.72]]],[[[5.831,48.719],[5.832,48.72],[5.832,48.719],[5.831,48.719]]],[[[5.833,48.72],[5.832,48.72],[5.832,48.72],[5.832,48.72],[5.833,48.72],[5.832,48.72],[5.833,48.72],[5.833,48.721],[5.833,48.72]]],[[[5.832,48.72],[5.831,48.719],[5.83,48.719],[5.832,48.721],[5.832,48.72]]],[[[5.835,48.721],[5.833,48.72],[5.833,48.721],[5.834,48.721],[5.834,48.721],[5.835,48.721]]],[[[5.834,48.722],[5.83,48.72],[5.832,48.721],[5.83,48.719],[5.829,48.719],[5.833,48.723],[5.833,48.722],[5.834,48.722],[5.834,48.722]]],[[[5.834,48.722],[5.833,48.721],[5.832,48.721],[5.834,48.722]]],[[[5.834,48.722],[5.833,48.721],[5.832,48.721],[5.834,48.722]]],[[[5.835,48.721],[5.834,48.722],[5.836,48.722],[5.835,48.721]]],[[[5.835,48.722],[5.835,48.722],[5.835,48.722],[5.835,48.722],[5.835,48.722]]],[[[5.833,48.723],[5.83,48.721],[5.83,48.721],[5.832,48.723],[5.833,48.723]]],[[[5.836,48.722],[5.836,48.722],[5.836,48.722],[5.836,48.722]]],[[[5.834,48.722],[5.834,48.722],[5.835,48.722],[5.834,48.722]]],[[[5.837,48.722],[5.834,48.722],[5.836,48.723],[5.837,48.722],[5.837,48.722]]],[[[5.832,48.723],[5.832,48.723],[5.832,48.723],[5.832,48.723]]],[[[5.836,48.725],[5.833,48.723],[5.832,48.723],[5.832,48.723],[5.835,48.725],[5.835,48.726],[5.836,48.726],[5.836,48.725]]],[[[5.833,48.601],[5.834,48.601],[5.833,48.6],[5.833,48.601]]],[[[5.833,48.601],[5.832,48.601],[5.833,48.601],[5.833,48.601]]],[[[5.832,48.602],[5.833,48.602],[5.833,48.602],[5.833,48.601],[5.832,48.602]]],[[[5.832,48.603],[5.833,48.603],[5.833,48.602],[5.833,48.602],[5.832,48.603]]],[[[5.833,48.602],[5.833,48.603],[5.834,48.603],[5.834,48.602],[5.833,48.602]]],[[[5.834,48.617],[5.833,48.618],[5.834,48.619],[5.835,48.617],[5.834,48.617]]],[[[5.834,48.619],[5.833,48.618],[5.833,48.619],[5.833,48.619],[5.833,48.619],[5.833,48.619],[5.833,48.619],[5.833,48.619],[5.833,48.618],[5.831,48.618],[5.831,48.62],[5.829,48.622],[5.831,48.622],[5.832,48.621],[5.832,48.621],[5.832,48.621],[5.832,48.621],[5.832,48.621],[5.832,48.621],[5.832,48.62],[5.832,48.62],[5.831,48.623],[5.832,48.622],[5.832,48.623],[5.832,48.623],[5.832,48.623],[5.833,48.623],[5.833,48.623],[5.834,48.623],[5.834,48.623],[5.831,48.623],[5.832,48.624],[5.835,48.625],[5.836,48.623],[5.837,48.623],[5.838,48.621],[5.838,48.621],[5.837,48.619],[5.835,48.619],[5.835,48.619],[5.835,48.619],[5.835,48.619],[5.836,48.62],[5.836,48.62],[5.835,48.62],[5.836,48.62],[5.836,48.62],[5.837,48.62],[5.836,48.62],[5.835,48.62],[5.835,48.62],[5.834,48.62],[5.834,48.619]],[[5.838,48.621],[5.838,48.621],[5.838,48.621],[5.838,48.621]],[[5.837,48.621],[5.837,48.621],[5.837,48.62],[5.837,48.621]],[[5.833,48.619],[5.833,48.619],[5.833,48.619],[5.833,48.619]],[[5.833,48.619],[5.833,48.619],[5.833,48.619],[5.833,48.619]],[[5.835,48.621],[5.836,48.621],[5.836,48.621],[5.835,48.621]],[[5.833,48.621],[5.833,48.622],[5.833,48.621],[5.833,48.621]],[[5.834,48.623],[5.835,48.624],[5.834,48.623],[5.834,48.623]],[[5.836,48.623],[5.835,48.622],[5.834,48.622],[5.835,48.622],[5.835,48.622],[5.836,48.622],[5.835,48.622],[5.835,48.622],[5.836,48.623]]],[[[5.833,48.619],[5.833,48.619],[5.833,48.619],[5.833,48.619]]],[[[5.835,48.625],[5.832,48.625],[5.834,48.626],[5.835,48.625]]],[[[5.831,48.625],[5.831,48.625],[5.831,48.625],[5.831,48.625]]],[[[5.832,48.625],[5.831,48.626],[5.832,48.626],[5.832,48.625]]],[[[5.836,48.628],[5.832,48.626],[5.831,48.626],[5.83,48.626],[5.831,48.626],[5.83,48.626],[5.835,48.629],[5.836,48.628],[5.833,48.628],[5.834,48.628],[5.834,48.627],[5.834,48.627],[5.834,48.627],[5.836,48.628]],[[5.832,48.626],[5.833,48.626],[5.833,48.626],[5.833,48.626],[5.832,48.626],[5.832,48.626],[5.832,48.626]]],[[[5.832,48.627],[5.831,48.627],[5.832,48.628],[5.832,48.627]]],[[[5.836,48.628],[5.834,48.628],[5.836,48.628],[5.836,48.628]]],[[[5.832,48.628],[5.832,48.628],[5.832,48.628],[5.832,48.628],[5.832,48.628]]],[[[5.833,48.628],[5.833,48.628],[5.833,48.628],[5.833,48.628]]],[[[5.833,48.628],[5.832,48.628],[5.832,48.629],[5.832,48.629],[5.833,48.629],[5.833,48.629],[5.833,48.628]]],[[[5.832,48.63],[5.832,48.628],[5.831,48.627],[5.83,48.627],[5.831,48.628],[5.831,48.628],[5.831,48.629],[5.831,48.629],[5.832,48.63],[5.832,48.63],[5.832,48.63]]],[[[5.835,48.629],[5.833,48.629],[5.833,48.629],[5.833,48.629],[5.834,48.629],[5.834,48.629],[5.835,48.629]]],[[[5.834,48.629],[5.833,48.63],[5.832,48.629],[5.832,48.631],[5.833,48.631],[5.833,48.631],[5.833,48.631],[5.833,48.63],[5.835,48.63],[5.834,48.629]]],[[[5.835,48.631],[5.833,48.63],[5.833,48.631],[5.835,48.631]]],[[[5.832,48.631],[5.832,48.631],[5.833,48.631],[5.833,48.631],[5.832,48.631]]],[[[5.834,48.633],[5.834,48.631],[5.833,48.631],[5.833,48.632],[5.832,48.631],[5.832,48.632],[5.834,48.633]]],[[[5.833,48.647],[5.832,48.646],[5.831,48.646],[5.832,48.647],[5.832,48.647],[5.833,48.647]]],[[[5.833,48.647],[5.833,48.647],[5.833,48.647],[5.833,48.647]]],[[[5.836,48.653],[5.836,48.65],[5.834,48.648],[5.832,48.647],[5.835,48.65],[5.835,48.652],[5.836,48.653]]],[[[5.84,48.719],[5.838,48.72],[5.84,48.719],[5.84,48.719]]],[[[5.838,48.72],[5.839,48.72],[5.839,48.72],[5.838,48.72]]],[[[5.84,48.72],[5.839,48.72],[5.84,48.72],[5.84,48.72]]],[[[5.837,48.721],[5.835,48.721],[5.835,48.721],[5.836,48.722],[5.837,48.721]]],[[[5.836,48.722],[5.836,48.722],[5.836,48.722],[5.836,48.722]]],[[[5.839,48.723],[5.838,48.722],[5.837,48.722],[5.839,48.723]]],[[[5.836,48.722],[5.837,48.722],[5.838,48.722],[5.837,48.722],[5.836,48.722]]],[[[5.838,48.722],[5.837,48.722],[5.838,48.722],[5.838,48.722]]],[[[5.837,48.723],[5.837,48.722],[5.837,48.722],[5.837,48.723]]],[[[5.839,48.723],[5.838,48.722],[5.838,48.723],[5.839,48.723]]],[[[5.839,48.723],[5.839,48.723],[5.839,48.723],[5.839,48.723]]],[[[5.836,48.723],[5.836,48.723],[5.836,48.723],[5.837,48.723],[5.836,48.723]]],[[[5.839,48.723],[5.837,48.723],[5.838,48.723],[5.838,48.723],[5.838,48.723],[5.838,48.723],[5.839,48.723]]],[[[5.84,48.723],[5.839,48.723],[5.839,48.723],[5.839,48.723],[5.84,48.723],[5.84,48.723],[5.84,48.723],[5.84,48.724],[5.84,48.723]]],[[[5.838,48.723],[5.836,48.723],[5.837,48.724],[5.838,48.723]]],[[[5.84,48.724],[5.838,48.723],[5.84,48.724],[5.84,48.724]]],[[[5.84,48.724],[5.839,48.725],[5.839,48.725],[5.84,48.725],[5.84,48.724]]],[[[5.84,48.726],[5.834,48.722],[5.832,48.723],[5.836,48.726],[5.837,48.727],[5.837,48.726],[5.838,48.726],[5.838,48.726],[5.839,48.726],[5.838,48.725],[5.839,48.726],[5.839,48.727],[5.839,48.727],[5.839,48.728],[5.84,48.726]]],[[[5.841,48.726],[5.84,48.726],[5.84,48.725],[5.84,48.725],[5.84,48.725],[5.84,48.725],[5.839,48.725],[5.839,48.725],[5.839,48.724],[5.838,48.723],[5.837,48.724],[5.839,48.725],[5.84,48.726],[5.84,48.727],[5.841,48.726],[5.841,48.726],[5.841,48.726]]],[[[5.839,48.726],[5.837,48.727],[5.837,48.727],[5.838,48.727],[5.839,48.727],[5.839,48.726]]],[[[5.837,48.727],[5.837,48.727],[5.836,48.726],[5.836,48.726],[5.835,48.726],[5.837,48.727]]],[[[5.836,48.56],[5.831,48.557],[5.83,48.558],[5.835,48.561],[5.836,48.56]]],[[[5.834,48.601],[5.834,48.601],[5.834,48.601],[5.834,48.601]]],[[[5.836,48.601],[5.834,48.601],[5.834,48.601],[5.836,48.602],[5.836,48.601]]],[[[5.835,48.601],[5.833,48.601],[5.835,48.602],[5.835,48.601]]],[[[5.833,48.601],[5.833,48.602],[5.834,48.602],[5.834,48.602],[5.833,48.601]]],[[[5.835,48.602],[5.835,48.602],[5.836,48.602],[5.836,48.603],[5.835,48.602]]],[[[5.834,48.602],[5.834,48.602],[5.834,48.602],[5.834,48.602]]],[[[5.836,48.603],[5.834,48.603],[5.836,48.603],[5.836,48.603]]],[[[5.836,48.603],[5.834,48.603],[5.835,48.604],[5.836,48.604],[5.836,48.603],[5.836,48.603]]],[[[5.839,48.612],[5.838,48.612],[5.838,48.612],[5.837,48.611],[5.834,48.614],[5.837,48.613],[5.839,48.612],[5.839,48.612],[5.838,48.612],[5.839,48.612]]],[[[5.839,48.613],[5.836,48.614],[5.837,48.614],[5.837,48.614],[5.837,48.614],[5.837,48.613],[5.838,48.613],[5.838,48.613],[5.839,48.613]]],[[[5.838,48.613],[5.837,48.614],[5.836,48.614],[5.836,48.614],[5.835,48.615],[5.837,48.614],[5.838,48.614],[5.838,48.613]]],[[[5.835,48.615],[5.836,48.615],[5.837,48.614],[5.837,48.614],[5.835,48.615]]],[[[5.837,48.616],[5.836,48.615],[5.836,48.615],[5.837,48.616]]],[[[5.837,48.615],[5.837,48.617],[5.836,48.617],[5.837,48.618],[5.837,48.618],[5.837,48.617],[5.837,48.617],[5.838,48.617],[5.838,48.616],[5.838,48.616],[5.838,48.616],[5.838,48.616],[5.837,48.615]]],[[[5.836,48.62],[5.835,48.619],[5.834,48.619],[5.835,48.62],[5.836,48.62]]],[[[5.844,48.695],[5.841,48.694],[5.837,48.693],[5.841,48.699],[5.844,48.698],[5.844,48.695]]],[[[5.846,48.718],[5.844,48.717],[5.844,48.717],[5.843,48.718],[5.843,48.718],[5.843,48.718],[5.845,48.717],[5.845,48.716],[5.84,48.718],[5.84,48.718],[5.841,48.718],[5.841,48.718],[5.841,48.718],[5.842,48.718],[5.842,48.718],[5.842,48.718],[5.843,48.718],[5.843,48.718],[5.843,48.719],[5.844,48.719],[5.846,48.718]]],[[[5.843,48.718],[5.842,48.718],[5.841,48.718],[5.842,48.719],[5.843,48.719],[5.843,48.718]]],[[[5.842,48.719],[5.84,48.718],[5.84,48.719],[5.842,48.719]]],[[[5.844,48.719],[5.842,48.719],[5.844,48.719],[5.844,48.719],[5.844,48.719]]],[[[5.842,48.719],[5.84,48.719],[5.84,48.72],[5.842,48.719]]],[[[5.844,48.719],[5.841,48.719],[5.842,48.72],[5.842,48.72],[5.842,48.72],[5.843,48.72],[5.843,48.72],[5.843,48.72],[5.844,48.719],[5.845,48.719],[5.845,48.719],[5.845,48.719],[5.844,48.719]]],[[[5.841,48.719],[5.84,48.72],[5.84,48.72],[5.841,48.72],[5.841,48.719]]],[[[5.843,48.72],[5.842,48.72],[5.841,48.72],[5.843,48.72]]],[[[5.842,48.721],[5.84,48.72],[5.84,48.721],[5.842,48.721]]],[[[5.841,48.723],[5.839,48.722],[5.839,48.723],[5.841,48.723]]],[[[5.842,48.723],[5.841,48.723],[5.842,48.723],[5.842,48.723]]],[[[5.841,48.724],[5.84,48.724],[5.841,48.724],[5.841,48.724],[5.841,48.724]]],[[[5.841,48.723],[5.842,48.724],[5.842,48.724],[5.842,48.724],[5.841,48.723]]],[[[5.842,48.724],[5.841,48.724],[5.842,48.724],[5.842,48.724],[5.842,48.724],[5.842,48.724]]],[[[5.841,48.724],[5.84,48.724],[5.84,48.724],[5.84,48.724],[5.841,48.724],[5.841,48.724]]],[[[5.842,48.724],[5.841,48.724],[5.841,48.724],[5.842,48.724]]],[[[5.841,48.724],[5.84,48.724],[5.841,48.725],[5.841,48.724]]],[[[5.843,48.724],[5.842,48.724],[5.841,48.725],[5.842,48.725],[5.843,48.724]]],[[[5.841,48.725],[5.839,48.725],[5.84,48.725],[5.841,48.725]]],[[[5.844,48.725],[5.842,48.726],[5.843,48.726],[5.844,48.725]]],[[[5.842,48.725],[5.84,48.725],[5.84,48.725],[5.841,48.726],[5.841,48.726],[5.842,48.725]]],[[[5.843,48.726],[5.843,48.726],[5.843,48.726],[5.844,48.727],[5.844,48.727],[5.843,48.726]]],[[[5.842,48.726],[5.841,48.727],[5.842,48.727],[5.842,48.727],[5.843,48.726],[5.842,48.726]]],[[[5.844,48.727],[5.843,48.726],[5.842,48.727],[5.843,48.727],[5.843,48.727],[5.844,48.727],[5.844,48.727]]],[[[5.843,48.727],[5.842,48.727],[5.842,48.727],[5.842,48.727],[5.843,48.728],[5.843,48.728],[5.843,48.727]]],[[[5.843,48.728],[5.841,48.727],[5.839,48.728],[5.84,48.728],[5.842,48.729],[5.843,48.728]]],[[[5.841,48.728],[5.84,48.728],[5.84,48.729],[5.841,48.729],[5.841,48.729],[5.841,48.728]]],[[[5.844,48.728],[5.843,48.728],[5.844,48.729],[5.844,48.729],[5.843,48.729],[5.843,48.729],[5.843,48.729],[5.844,48.73],[5.844,48.728]]],[[[5.842,48.729],[5.841,48.729],[5.842,48.729],[5.842,48.729]]],[[[5.844,48.729],[5.842,48.729],[5.843,48.73],[5.844,48.729]]],[[[5.847,48.568],[5.846,48.567],[5.842,48.565],[5.835,48.561],[5.83,48.558],[5.829,48.559],[5.836,48.562],[5.842,48.566],[5.841,48.566],[5.846,48.569],[5.846,48.57],[5.848,48.569],[5.847,48.568]]],[[[5.839,48.592],[5.838,48.592],[5.839,48.593],[5.84,48.593],[5.84,48.592],[5.839,48.592]]],[[[5.842,48.592],[5.84,48.592],[5.839,48.593],[5.841,48.593],[5.842,48.592]]],[[[5.838,48.593],[5.837,48.594],[5.838,48.595],[5.839,48.594],[5.838,48.593]]],[[[5.84,48.594],[5.839,48.594],[5.839,48.594],[5.838,48.595],[5.838,48.596],[5.838,48.596],[5.84,48.594]]],[[[5.837,48.595],[5.837,48.596],[5.838,48.596],[5.837,48.595]]],[[[5.838,48.595],[5.838,48.596],[5.838,48.596],[5.838,48.596],[5.838,48.595]]],[[[5.841,48.601],[5.838,48.6],[5.838,48.601],[5.838,48.601],[5.84,48.601],[5.838,48.601],[5.837,48.601],[5.84,48.602],[5.84,48.602],[5.841,48.601]]],[[[5.84,48.602],[5.837,48.601],[5.836,48.602],[5.839,48.603],[5.84,48.602],[5.84,48.602]]],[[[5.839,48.603],[5.836,48.602],[5.836,48.603],[5.838,48.603],[5.839,48.603]]],[[[5.84,48.604],[5.839,48.602],[5.838,48.603],[5.84,48.604]]],[[[5.84,48.605],[5.84,48.605],[5.836,48.603],[5.836,48.604],[5.84,48.605]]],[[[5.842,48.604],[5.84,48.603],[5.841,48.604],[5.841,48.605],[5.842,48.605],[5.842,48.605],[5.842,48.604],[5.842,48.604],[5.842,48.604],[5.842,48.604]]],[[[5.84,48.61],[5.84,48.61],[5.841,48.61],[5.841,48.61],[5.84,48.61]]],[[[5.842,48.61],[5.841,48.61],[5.84,48.61],[5.841,48.611],[5.842,48.61]]],[[[5.841,48.611],[5.838,48.61],[5.84,48.611],[5.841,48.611]]],[[[5.838,48.61],[5.837,48.611],[5.838,48.612],[5.839,48.612],[5.84,48.611],[5.838,48.61]]],[[[5.842,48.611],[5.84,48.611],[5.841,48.612],[5.842,48.611]]],[[[5.84,48.612],[5.84,48.611],[5.84,48.612],[5.84,48.612]]],[[[5.84,48.613],[5.839,48.613],[5.838,48.613],[5.839,48.613],[5.839,48.613],[5.84,48.613]]],[[[5.839,48.613],[5.839,48.613],[5.84,48.613],[5.839,48.613]]],[[[5.84,48.614],[5.839,48.614],[5.84,48.614],[5.84,48.614]]],[[[5.839,48.613],[5.837,48.614],[5.838,48.615],[5.839,48.613]]],[[[5.839,48.614],[5.838,48.615],[5.84,48.615],[5.84,48.614],[5.839,48.614]]],[[[5.838,48.616],[5.837,48.615],[5.837,48.615],[5.838,48.616]]],[[[5.839,48.615],[5.838,48.616],[5.839,48.616],[5.839,48.616],[5.839,48.615]]],[[[5.839,48.616],[5.838,48.616],[5.838,48.616],[5.839,48.616]]],[[[5.838,48.616],[5.839,48.616],[5.839,48.616],[5.838,48.616]]],[[[5.839,48.616],[5.837,48.617],[5.837,48.618],[5.837,48.618],[5.838,48.618],[5.839,48.616]]],[[[5.848,48.696],[5.846,48.695],[5.844,48.697],[5.848,48.696]]],[[[5.844,48.697],[5.844,48.698],[5.845,48.698],[5.848,48.697],[5.845,48.697],[5.844,48.697]]],[[[5.85,48.703],[5.848,48.697],[5.845,48.698],[5.844,48.698],[5.841,48.699],[5.843,48.703],[5.844,48.702],[5.844,48.701],[5.844,48.701],[5.844,48.7],[5.845,48.699],[5.845,48.7],[5.844,48.7],[5.844,48.701],[5.843,48.703],[5.844,48.704],[5.843,48.704],[5.844,48.708],[5.844,48.706],[5.846,48.706],[5.846,48.705],[5.846,48.704],[5.846,48.706],[5.849,48.705],[5.849,48.706],[5.853,48.706],[5.852,48.702],[5.85,48.703]],[[5.846,48.7],[5.846,48.7],[5.846,48.7],[5.846,48.7]]],[[[5.847,48.715],[5.845,48.716],[5.845,48.717],[5.846,48.717],[5.846,48.717],[5.846,48.717],[5.847,48.716],[5.847,48.716],[5.847,48.716],[5.846,48.717],[5.845,48.717],[5.846,48.717],[5.849,48.715],[5.85,48.712],[5.849,48.71],[5.849,48.709],[5.848,48.708],[5.848,48.708],[5.847,48.706],[5.845,48.708],[5.847,48.715]],[[5.846,48.71],[5.846,48.71],[5.846,48.71],[5.846,48.71]]],[[[5.845,48.717],[5.846,48.717],[5.846,48.718],[5.845,48.717]]],[[[5.85,48.716],[5.849,48.717],[5.849,48.717],[5.849,48.717],[5.849,48.716],[5.849,48.716],[5.848,48.717],[5.848,48.717],[5.848,48.717],[5.846,48.717],[5.846,48.718],[5.845,48.718],[5.845,48.719],[5.845,48.719],[5.847,48.719],[5.849,48.718],[5.849,48.717],[5.85,48.716],[5.854,48.717],[5.854,48.714],[5.851,48.713],[5.854,48.714],[5.854,48.712],[5.856,48.713],[5.856,48.71],[5.853,48.71],[5.856,48.71],[5.856,48.707],[5.852,48.707],[5.853,48.708],[5.852,48.709],[5.848,48.707],[5.849,48.709],[5.849,48.71],[5.85,48.712],[5.849,48.715],[5.849,48.715],[5.849,48.716],[5.849,48.716],[5.85,48.716]],[[5.848,48.717],[5.848,48.717],[5.848,48.717],[5.848,48.717]]],[[[5.845,48.718],[5.844,48.719],[5.845,48.719],[5.845,48.718]]],[[[5.846,48.719],[5.845,48.719],[5.846,48.719],[5.846,48.719],[5.846,48.719]]],[[[5.848,48.719],[5.846,48.719],[5.846,48.72],[5.847,48.72],[5.848,48.72],[5.848,48.719]]],[[[5.846,48.719],[5.845,48.72],[5.846,48.72],[5.846,48.719]]],[[[5.845,48.72],[5.843,48.72],[5.843,48.72],[5.843,48.72],[5.843,48.72],[5.845,48.72]]],[[[5.849,48.72],[5.845,48.72],[5.846,48.72],[5.847,48.721],[5.847,48.721],[5.847,48.721],[5.847,48.721],[5.847,48.721],[5.849,48.72]]],[[[5.846,48.721],[5.846,48.721],[5.845,48.72],[5.846,48.721]]],[[[5.846,48.721],[5.847,48.721],[5.847,48.721],[5.846,48.721]]],[[[5.844,48.721],[5.844,48.721],[5.844,48.721],[5.844,48.721]]],[[[5.845,48.722],[5.845,48.72],[5.843,48.72],[5.841,48.721],[5.842,48.721],[5.842,48.721],[5.843,48.721],[5.844,48.721],[5.844,48.721],[5.844,48.721],[5.845,48.721],[5.845,48.721],[5.845,48.722],[5.844,48.721],[5.844,48.721],[5.843,48.721],[5.842,48.721],[5.842,48.721],[5.842,48.722],[5.846,48.722],[5.846,48.722],[5.845,48.722]],[[5.845,48.722],[5.845,48.722],[5.845,48.722],[5.845,48.722]],[[5.843,48.721],[5.843,48.721],[5.843,48.721],[5.843,48.721]],[[5.843,48.721],[5.843,48.721],[5.843,48.721],[5.843,48.721]],[[5.844,48.721],[5.844,48.721],[5.844,48.721],[5.844,48.721]]],[[[5.847,48.721],[5.846,48.721],[5.846,48.722],[5.847,48.721]]],[[[5.847,48.721],[5.846,48.722],[5.846,48.722],[5.847,48.721]]],[[[5.844,48.563],[5.839,48.561],[5.836,48.56],[5.835,48.561],[5.842,48.565],[5.843,48.564],[5.841,48.563],[5.843,48.564],[5.844,48.563]]],[[[5.844,48.563],[5.843,48.562],[5.842,48.562],[5.844,48.563]]],[[[5.843,48.564],[5.842,48.564],[5.845,48.565],[5.843,48.564]]],[[[5.849,48.569],[5.848,48.566],[5.842,48.564],[5.842,48.565],[5.848,48.568],[5.849,48.569]]],[[[5.846,48.577],[5.846,48.577],[5.846,48.577],[5.846,48.577],[5.847,48.577],[5.847,48.578],[5.847,48.577],[5.847,48.577],[5.847,48.577],[5.846,48.577]]],[[[5.847,48.577],[5.845,48.578],[5.846,48.578],[5.847,48.577]]],[[[5.847,48.581],[5.846,48.58],[5.845,48.58],[5.844,48.582],[5.846,48.58],[5.846,48.58],[5.846,48.58],[5.846,48.58],[5.846,48.579],[5.847,48.579],[5.846,48.579],[5.847,48.579],[5.847,48.579],[5.845,48.578],[5.842,48.583],[5.843,48.582],[5.846,48.583],[5.847,48.582],[5.847,48.581],[5.846,48.581],[5.846,48.581],[5.847,48.581],[5.847,48.581]],[[5.846,48.579],[5.845,48.579],[5.845,48.579],[5.845,48.579],[5.846,48.579]]],[[[5.846,48.583],[5.843,48.583],[5.843,48.583],[5.843,48.583],[5.843,48.584],[5.843,48.584],[5.843,48.585],[5.843,48.585],[5.844,48.585],[5.844,48.585],[5.846,48.585],[5.846,48.583]]],[[[5.842,48.586],[5.843,48.583],[5.843,48.583],[5.843,48.583],[5.842,48.583],[5.842,48.586]]],[[[5.848,48.584],[5.846,48.585],[5.846,48.585],[5.846,48.586],[5.845,48.587],[5.845,48.587],[5.847,48.587],[5.848,48.584]]],[[[5.846,48.585],[5.843,48.585],[5.842,48.589],[5.842,48.589],[5.843,48.588],[5.843,48.587],[5.843,48.587],[5.845,48.586],[5.846,48.585]]],[[[5.846,48.585],[5.842,48.589],[5.844,48.589],[5.846,48.585]]],[[[5.845,48.587],[5.845,48.589],[5.847,48.589],[5.847,48.587],[5.845,48.587]]],[[[5.847,48.589],[5.845,48.589],[5.846,48.59],[5.847,48.589]]],[[[5.843,48.592],[5.841,48.593],[5.842,48.593],[5.843,48.592],[5.843,48.592]]],[[[5.844,48.592],[5.842,48.593],[5.845,48.594],[5.846,48.593],[5.844,48.592]]],[[[5.841,48.593],[5.843,48.594],[5.845,48.594],[5.842,48.593],[5.841,48.593]]],[[[5.843,48.601],[5.841,48.601],[5.84,48.602],[5.843,48.602],[5.843,48.601]]],[[[5.843,48.602],[5.84,48.602],[5.839,48.603],[5.843,48.604],[5.843,48.602]]],[[[5.842,48.605],[5.841,48.605],[5.842,48.605],[5.842,48.605]]],[[[5.844,48.606],[5.843,48.604],[5.844,48.607],[5.844,48.606]]],[[[5.841,48.605],[5.842,48.605],[5.842,48.605],[5.841,48.605]]],[[[5.844,48.607],[5.843,48.604],[5.842,48.604],[5.842,48.605],[5.844,48.606],[5.844,48.607],[5.844,48.607],[5.843,48.606],[5.843,48.606],[5.842,48.606],[5.843,48.606],[5.842,48.605],[5.842,48.606],[5.842,48.606],[5.842,48.607],[5.842,48.607],[5.843,48.608],[5.843,48.609],[5.843,48.609],[5.844,48.609],[5.844,48.609],[5.845,48.609],[5.844,48.607]],[[5.844,48.608],[5.844,48.608],[5.844,48.608],[5.844,48.608]]],[[[5.843,48.608],[5.842,48.606],[5.841,48.605],[5.841,48.604],[5.841,48.608],[5.843,48.608],[5.84,48.61],[5.842,48.61],[5.843,48.609],[5.843,48.608]]],[[[5.849,48.607],[5.846,48.607],[5.845,48.608],[5.846,48.608],[5.846,48.608],[5.846,48.608],[5.847,48.608],[5.847,48.608],[5.848,48.608],[5.849,48.607]],[[5.846,48.608],[5.846,48.608],[5.846,48.608],[5.846,48.608]]],[[[5.848,48.608],[5.846,48.608],[5.848,48.608],[5.848,48.608]]],[[[5.848,48.609],[5.846,48.609],[5.847,48.609],[5.848,48.609],[5.848,48.609]]],[[[5.845,48.609],[5.845,48.609],[5.845,48.61],[5.845,48.61],[5.846,48.609],[5.846,48.609],[5.846,48.608],[5.845,48.609]]],[[[5.844,48.61],[5.843,48.609],[5.843,48.609],[5.843,48.609],[5.842,48.61],[5.842,48.611],[5.844,48.61]]],[[[5.846,48.609],[5.845,48.61],[5.846,48.611],[5.848,48.609],[5.846,48.609]]],[[[5.844,48.61],[5.844,48.611],[5.844,48.611],[5.844,48.611],[5.845,48.61],[5.844,48.61]]],[[[5.845,48.61],[5.844,48.611],[5.845,48.611],[5.846,48.611],[5.845,48.61]]],[[[5.844,48.611],[5.844,48.612],[5.845,48.611],[5.844,48.611]]],[[[5.844,48.612],[5.844,48.612],[5.844,48.612],[5.844,48.612]]],[[[5.845,48.611],[5.844,48.612],[5.844,48.612],[5.844,48.612],[5.845,48.612],[5.845,48.611]]],[[[5.844,48.612],[5.843,48.613],[5.844,48.613],[5.844,48.612],[5.844,48.612]]],[[[5.85,48.716],[5.849,48.718],[5.85,48.718],[5.85,48.718],[5.851,48.718],[5.85,48.718],[5.851,48.719],[5.852,48.718],[5.852,48.718],[5.852,48.717],[5.85,48.716]]],[[[5.852,48.717],[5.852,48.718],[5.852,48.718],[5.852,48.719],[5.853,48.718],[5.852,48.717]]],[[[5.848,48.719],[5.848,48.72],[5.849,48.72],[5.849,48.718],[5.848,48.719]]],[[[5.849,48.719],[5.849,48.719],[5.849,48.72],[5.851,48.719],[5.849,48.719]]],[[[5.85,48.567],[5.844,48.563],[5.843,48.564],[5.848,48.566],[5.849,48.567],[5.85,48.567]]],[[[5.851,48.566],[5.847,48.563],[5.845,48.563],[5.849,48.566],[5.85,48.567],[5.851,48.568],[5.852,48.568],[5.851,48.566]]],[[[5.848,48.568],[5.848,48.568],[5.848,48.568],[5.848,48.568]]],[[[5.852,48.571],[5.85,48.567],[5.85,48.567],[5.849,48.567],[5.849,48.569],[5.849,48.569],[5.85,48.571],[5.85,48.57],[5.851,48.571],[5.852,48.571]]],[[[5.853,48.571],[5.852,48.568],[5.851,48.568],[5.852,48.571],[5.853,48.571]]],[[[5.854,48.57],[5.853,48.57],[5.853,48.57],[5.854,48.57],[5.854,48.571],[5.854,48.571],[5.854,48.571],[5.854,48.571],[5.854,48.572],[5.854,48.57]]],[[[5.854,48.571],[5.852,48.57],[5.854,48.571],[5.854,48.571]]],[[[5.85,48.571],[5.848,48.568],[5.849,48.569],[5.848,48.568],[5.846,48.575],[5.847,48.575],[5.848,48.575],[5.849,48.575],[5.849,48.574],[5.848,48.574],[5.847,48.574],[5.849,48.574],[5.849,48.574],[5.849,48.574],[5.849,48.574],[5.849,48.574],[5.85,48.571],[5.848,48.574],[5.85,48.571]],[[5.849,48.57],[5.849,48.57],[5.849,48.571],[5.849,48.57]],[[5.848,48.573],[5.848,48.574],[5.848,48.573],[5.848,48.573]],[[5.847,48.574],[5.847,48.574],[5.847,48.574],[5.847,48.574]],[[5.848,48.571],[5.848,48.571],[5.848,48.572],[5.848,48.572],[5.848,48.573],[5.848,48.573],[5.848,48.573],[5.848,48.573],[5.848,48.573],[5.848,48.573],[5.848,48.572],[5.848,48.571],[5.848,48.571],[5.848,48.571]]],[[[5.853,48.572],[5.853,48.572],[5.853,48.572],[5.853,48.572]]],[[[5.853,48.571],[5.852,48.573],[5.852,48.573],[5.852,48.573],[5.853,48.571]]],[[[5.852,48.571],[5.85,48.572],[5.85,48.571],[5.849,48.573],[5.85,48.572],[5.852,48.573],[5.852,48.571]]],[[[5.853,48.571],[5.852,48.573],[5.852,48.573],[5.852,48.573],[5.852,48.573],[5.853,48.572],[5.853,48.572],[5.853,48.571]]],[[[5.854,48.572],[5.853,48.573],[5.853,48.573],[5.854,48.572]]],[[[5.852,48.573],[5.851,48.573],[5.851,48.573],[5.851,48.573],[5.852,48.573]]],[[[5.851,48.573],[5.85,48.573],[5.851,48.573],[5.851,48.573]]],[[[5.852,48.573],[5.852,48.573],[5.852,48.573],[5.852,48.573],[5.852,48.573],[5.852,48.573]]],[[[5.85,48.573],[5.849,48.574],[5.85,48.574],[5.85,48.574],[5.85,48.573]]],[[[5.852,48.574],[5.851,48.573],[5.852,48.574],[5.852,48.574]]],[[[5.852,48.574],[5.85,48.573],[5.85,48.574],[5.851,48.574],[5.852,48.574]]],[[[5.85,48.574],[5.85,48.575],[5.852,48.575],[5.851,48.574],[5.85,48.574]]],[[[5.853,48.573],[5.852,48.574],[5.852,48.575],[5.851,48.575],[5.852,48.575],[5.853,48.573]]],[[[5.849,48.574],[5.849,48.575],[5.85,48.575],[5.85,48.574],[5.849,48.574]]],[[[5.852,48.575],[5.85,48.575],[5.851,48.575],[5.852,48.575]]],[[[5.85,48.575],[5.849,48.575],[5.849,48.576],[5.85,48.575],[5.85,48.575]]],[[[5.852,48.575],[5.852,48.576],[5.852,48.575],[5.852,48.575]]],[[[5.852,48.575],[5.851,48.576],[5.852,48.576],[5.852,48.575]]],[[[5.851,48.576],[5.852,48.576],[5.851,48.576],[5.851,48.576]]],[[[5.847,48.575],[5.846,48.577],[5.846,48.577],[5.846,48.577],[5.847,48.577],[5.848,48.576],[5.848,48.576],[5.848,48.576],[5.847,48.578],[5.848,48.578],[5.848,48.577],[5.848,48.576],[5.849,48.575],[5.847,48.575]]],[[[5.851,48.576],[5.85,48.575],[5.85,48.576],[5.849,48.577],[5.849,48.577],[5.849,48.577],[5.849,48.578],[5.85,48.577],[5.85,48.577],[5.851,48.576]]],[[[5.849,48.576],[5.848,48.578],[5.849,48.578],[5.85,48.576],[5.85,48.575],[5.85,48.575],[5.849,48.576]]],[[[5.851,48.578],[5.849,48.578],[5.849,48.579],[5.851,48.579],[5.851,48.578]]],[[[5.847,48.578],[5.846,48.578],[5.848,48.579],[5.847,48.578],[5.848,48.578],[5.848,48.578],[5.847,48.578]]],[[[5.849,48.579],[5.848,48.578],[5.848,48.579],[5.849,48.579]]],[[[5.849,48.579],[5.847,48.579],[5.849,48.58],[5.849,48.579]]],[[[5.849,48.579],[5.849,48.58],[5.849,48.58],[5.85,48.579],[5.849,48.579]]],[[[5.851,48.579],[5.849,48.58],[5.85,48.581],[5.851,48.58],[5.851,48.579]]],[[[5.848,48.58],[5.847,48.579],[5.847,48.579],[5.847,48.579],[5.846,48.579],[5.846,48.58],[5.845,48.58],[5.847,48.581],[5.848,48.58]]],[[[5.848,48.58],[5.848,48.58],[5.849,48.58],[5.848,48.58],[5.848,48.58]]],[[[5.853,48.581],[5.851,48.579],[5.851,48.58],[5.85,48.581],[5.853,48.581]]],[[[5.85,48.581],[5.849,48.58],[5.848,48.58],[5.848,48.58],[5.847,48.581],[5.848,48.581],[5.849,48.582],[5.85,48.581]]],[[[5.849,48.581],[5.851,48.582],[5.852,48.581],[5.85,48.581],[5.849,48.581]]],[[[5.847,48.581],[5.847,48.582],[5.846,48.583],[5.847,48.583],[5.849,48.582],[5.847,48.581]]],[[[5.85,48.584],[5.849,48.583],[5.848,48.583],[5.848,48.584],[5.848,48.584],[5.849,48.584],[5.849,48.584],[5.849,48.584],[5.849,48.584],[5.85,48.584]]],[[[5.848,48.583],[5.846,48.583],[5.846,48.584],[5.846,48.585],[5.848,48.584],[5.848,48.583]]],[[[5.848,48.584],[5.848,48.585],[5.849,48.586],[5.85,48.584],[5.849,48.584],[5.848,48.584]]],[[[5.849,48.586],[5.847,48.586],[5.848,48.586],[5.849,48.586]]],[[[5.847,48.586],[5.847,48.587],[5.848,48.586],[5.847,48.586]]]]}},{"type":"Feature","properties":{"id_app":2,"app":"Crémant d'Alsace","denom":"Crémant d'Alsace","hierarchy":"AOC","dt":"Colmar","dept":"67"},"geometry":{"type":"MultiPolygon","coordinates":[[[[7.107,47.792],[7.108,47.794],[7.108,47.795],[7.112,47.793],[7.111,47.791],[7.107,47.792]],[[7.11,47.793],[7.11,47.793],[7.11,47.793],[7.11,47.793]]],[[[7.106,47.793],[7.105,47.793],[7.106,47.795],[7.103,47.795],[7.104,47.797],[7.105,47.797],[7.106,47.797],[7.108,47.795],[7.108,47.793],[7.107,47.793],[7.106,47.793]]],[[[7.11,47.795],[7.107,47.796],[7.108,47.797],[7.11,47.795]]],[[[7.105,47.797],[7.106,47.797],[7.104,47.797],[7.105,47.797]]],[[[7.092,47.798],[7.094,47.798],[7.095,47.797],[7.092,47.797],[7.091,47.798],[7.092,47.798]]],[[[7.139,47.808],[7.131,47.808],[7.135,47.809],[7.141,47.809],[7.139,47.808]]],[[[7.131,47.809],[7.13,47.808],[7.127,47.808],[7.123,47.81],[7.124,47.812],[7.128,47.809],[7.129,47.81],[7.131,47.809]],[[7.127,47.809],[7.126,47.809],[7.127,47.809],[7.127,47.809]]],[[[7.112,47.81],[7.107,47.812],[7.105,47.813],[7.108,47.814],[7.108,47.813],[7.109,47.813],[7.11,47.813],[7.111,47.812],[7.111,47.812],[7.113,47.813],[7.113,47.812],[7.118,47.812],[7.119,47.811],[7.119,47.81],[7.112,47.81]],[[7.111,47.812],[7.112,47.812],[7.112,47.812],[7.111,47.812]],[[7.107,47.812],[7.107,47.812],[7.107,47.812],[7.107,47.812]]],[[[7.144,47.811],[7.146,47.811],[7.146,47.811],[7.146,47.811],[7.145,47.81],[7.144,47.811]]],[[[7.146,47.811],[7.148,47.812],[7.149,47.812],[7.146,47.811]]],[[[7.149,47.812],[7.15,47.812],[7.149,47.812],[7.149,47.812]]],[[[7.154,47.812],[7.153,47.813],[7.15,47.812],[7.143,47.811],[7.142,47.81],[7.139,47.811],[7.14,47.812],[7.138,47.812],[7.138,47.813],[7.141,47.813],[7.141,47.814],[7.145,47.814],[7.145,47.815],[7.149,47.815],[7.15,47.815],[7.154,47.816],[7.158,47.814],[7.159,47.812],[7.154,47.812]],[[7.155,47.813],[7.153,47.813],[7.152,47.813],[7.154,47.813],[7.155,47.813]]],[[[7.166,47.815],[7.164,47.816],[7.166,47.816],[7.166,47.815]]],[[[7.166,47.816],[7.168,47.816],[7.166,47.815],[7.166,47.816]]],[[[7.164,47.816],[7.163,47.817],[7.164,47.817],[7.165,47.819],[7.167,47.817],[7.168,47.816],[7.164,47.816]]],[[[7.166,47.818],[7.169,47.819],[7.17,47.818],[7.172,47.819],[7.172,47.818],[7.168,47.817],[7.166,47.818]]],[[[7.15,47.819],[7.143,47.818],[7.143,47.819],[7.146,47.821],[7.15,47.821],[7.15,47.819]]],[[[7.172,47.818],[7.172,47.819],[7.172,47.819],[7.172,47.819],[7.172,47.819],[7.173,47.82],[7.174,47.819],[7.172,47.818]]],[[[7.17,47.819],[7.172,47.819],[7.172,47.819],[7.172,47.819],[7.171,47.819],[7.171,47.819],[7.17,47.818],[7.17,47.819]]],[[[7.163,47.817],[7.156,47.822],[7.157,47.822],[7.157,47.823],[7.164,47.817],[7.163,47.817]]],[[[7.173,47.819],[7.172,47.819],[7.172,47.82],[7.173,47.819]]],[[[7.153,47.822],[7.156,47.823],[7.154,47.823],[7.155,47.824],[7.157,47.823],[7.155,47.822],[7.153,47.822]]],[[[7.151,47.823],[7.151,47.824],[7.154,47.824],[7.154,47.823],[7.151,47.823]]],[[[7.175,47.823],[7.173,47.824],[7.175,47.823],[7.175,47.823]]],[[[7.166,47.826],[7.166,47.825],[7.168,47.825],[7.168,47.824],[7.168,47.824],[7.169,47.824],[7.17,47.824],[7.168,47.824],[7.172,47.824],[7.172,47.823],[7.165,47.824],[7.163,47.825],[7.165,47.827],[7.168,47.826],[7.167,47.825],[7.166,47.826]],[[7.166,47.824],[7.166,47.824],[7.166,47.824],[7.166,47.824]]],[[[7.18,47.824],[7.181,47.825],[7.18,47.824],[7.18,47.824]]],[[[7.18,47.826],[7.179,47.823],[7.177,47.824],[7.176,47.825],[7.171,47.826],[7.17,47.828],[7.172,47.831],[7.172,47.829],[7.173,47.829],[7.175,47.829],[7.172,47.827],[7.177,47.827],[7.176,47.826],[7.177,47.826],[7.178,47.825],[7.178,47.825],[7.178,47.825],[7.177,47.826],[7.177,47.826],[7.177,47.827],[7.177,47.828],[7.178,47.828],[7.181,47.828],[7.18,47.826],[7.178,47.826],[7.18,47.826]],[[7.172,47.829],[7.172,47.829],[7.172,47.829],[7.172,47.829]],[[7.173,47.828],[7.172,47.828],[7.171,47.828],[7.171,47.828],[7.172,47.827],[7.173,47.828]],[[7.173,47.827],[7.173,47.827],[7.173,47.826],[7.173,47.827]]],[[[7.181,47.827],[7.18,47.826],[7.181,47.827],[7.181,47.828],[7.181,47.828],[7.182,47.826],[7.181,47.827]]],[[[7.177,47.827],[7.173,47.827],[7.175,47.829],[7.176,47.828],[7.177,47.828],[7.177,47.827]]],[[[7.181,47.828],[7.177,47.828],[7.177,47.829],[7.181,47.829],[7.181,47.828]]],[[[7.177,47.829],[7.172,47.829],[7.173,47.83],[7.173,47.83],[7.173,47.829],[7.177,47.83],[7.177,47.829]]],[[[7.171,47.832],[7.171,47.834],[7.173,47.834],[7.174,47.835],[7.175,47.834],[7.173,47.833],[7.173,47.833],[7.176,47.834],[7.179,47.833],[7.177,47.832],[7.175,47.833],[7.173,47.832],[7.171,47.832]]],[[[7.172,47.834],[7.173,47.834],[7.173,47.834],[7.173,47.834],[7.172,47.834]]],[[[7.175,47.839],[7.176,47.84],[7.178,47.839],[7.176,47.838],[7.175,47.839]]],[[[7.203,47.851],[7.201,47.851],[7.201,47.852],[7.204,47.851],[7.203,47.851]]],[[[7.208,47.853],[7.209,47.853],[7.209,47.852],[7.207,47.852],[7.206,47.851],[7.202,47.852],[7.202,47.853],[7.204,47.853],[7.205,47.856],[7.209,47.856],[7.211,47.857],[7.213,47.857],[7.213,47.856],[7.208,47.853]]],[[[7.224,47.856],[7.218,47.857],[7.218,47.858],[7.22,47.857],[7.224,47.857],[7.224,47.856]]],[[[7.223,47.858],[7.22,47.858],[7.22,47.858],[7.223,47.858]]],[[[7.212,47.87],[7.21,47.866],[7.206,47.867],[7.206,47.866],[7.207,47.866],[7.207,47.864],[7.202,47.864],[7.204,47.864],[7.204,47.866],[7.203,47.866],[7.199,47.866],[7.199,47.867],[7.201,47.867],[7.197,47.867],[7.194,47.866],[7.19,47.867],[7.189,47.868],[7.193,47.869],[7.193,47.87],[7.195,47.871],[7.2,47.872],[7.2,47.871],[7.201,47.871],[7.202,47.873],[7.203,47.873],[7.203,47.872],[7.204,47.873],[7.206,47.873],[7.206,47.871],[7.207,47.869],[7.208,47.868],[7.205,47.867],[7.205,47.868],[7.203,47.868],[7.202,47.868],[7.205,47.868],[7.205,47.867],[7.208,47.868],[7.207,47.868],[7.208,47.868],[7.207,47.869],[7.21,47.871],[7.211,47.872],[7.212,47.871],[7.212,47.872],[7.215,47.872],[7.212,47.87]],[[7.198,47.871],[7.199,47.871],[7.198,47.871],[7.198,47.871],[7.198,47.871],[7.198,47.871]],[[7.2,47.869],[7.201,47.87],[7.201,47.868],[7.202,47.868],[7.202,47.868],[7.201,47.87],[7.2,47.869]],[[7.199,47.87],[7.199,47.87],[7.199,47.871],[7.199,47.87]]],[[[7.219,47.87],[7.221,47.868],[7.217,47.868],[7.218,47.868],[7.214,47.869],[7.214,47.868],[7.212,47.868],[7.216,47.872],[7.225,47.871],[7.229,47.871],[7.229,47.869],[7.222,47.868],[7.222,47.869],[7.219,47.87]]],[[[7.212,47.873],[7.211,47.874],[7.214,47.874],[7.214,47.873],[7.215,47.875],[7.216,47.875],[7.215,47.872],[7.211,47.872],[7.207,47.869],[7.206,47.873],[7.212,47.873]]],[[[7.232,47.87],[7.229,47.87],[7.23,47.871],[7.216,47.872],[7.216,47.874],[7.217,47.874],[7.218,47.874],[7.23,47.873],[7.233,47.871],[7.232,47.87]]],[[[7.192,47.873],[7.197,47.876],[7.209,47.879],[7.209,47.878],[7.206,47.877],[7.206,47.878],[7.205,47.878],[7.206,47.877],[7.203,47.875],[7.201,47.875],[7.202,47.875],[7.201,47.875],[7.201,47.874],[7.192,47.873]]],[[[7.199,47.879],[7.2,47.878],[7.199,47.878],[7.199,47.879]]],[[[7.201,47.879],[7.203,47.879],[7.203,47.878],[7.2,47.878],[7.201,47.879]]],[[[7.208,47.884],[7.201,47.885],[7.201,47.885],[7.205,47.886],[7.209,47.884],[7.208,47.884]]],[[[7.225,47.885],[7.224,47.885],[7.224,47.885],[7.225,47.885]]],[[[7.199,47.885],[7.2,47.887],[7.203,47.888],[7.206,47.887],[7.207,47.886],[7.209,47.886],[7.209,47.885],[7.205,47.886],[7.199,47.885]]],[[[7.224,47.886],[7.225,47.885],[7.225,47.885],[7.224,47.886]]],[[[7.212,47.883],[7.209,47.884],[7.209,47.885],[7.209,47.886],[7.21,47.887],[7.206,47.887],[7.207,47.889],[7.213,47.89],[7.214,47.889],[7.212,47.887],[7.216,47.887],[7.216,47.888],[7.218,47.887],[7.222,47.888],[7.222,47.888],[7.224,47.887],[7.225,47.887],[7.224,47.886],[7.225,47.885],[7.223,47.885],[7.224,47.885],[7.224,47.884],[7.22,47.884],[7.217,47.884],[7.222,47.884],[7.216,47.883],[7.212,47.883]],[[7.21,47.885],[7.213,47.885],[7.213,47.884],[7.216,47.885],[7.217,47.885],[7.213,47.884],[7.211,47.885],[7.21,47.885]],[[7.217,47.884],[7.217,47.884],[7.217,47.884],[7.217,47.884]],[[7.217,47.886],[7.216,47.886],[7.217,47.886],[7.217,47.886]],[[7.216,47.887],[7.216,47.887],[7.217,47.887],[7.216,47.887]]],[[[7.217,47.889],[7.214,47.889],[7.216,47.89],[7.216,47.889],[7.217,47.889],[7.217,47.889]]],[[[7.214,47.889],[7.214,47.889],[7.213,47.89],[7.214,47.889]]],[[[7.223,47.891],[7.224,47.891],[7.223,47.891],[7.223,47.891]]],[[[7.217,47.89],[7.216,47.892],[7.217,47.894],[7.22,47.894],[7.22,47.893],[7.221,47.893],[7.221,47.893],[7.22,47.892],[7.22,47.892],[7.222,47.892],[7.223,47.89],[7.217,47.89]],[[7.219,47.893],[7.219,47.893],[7.219,47.893],[7.219,47.893]]],[[[7.23,47.906],[7.222,47.905],[7.223,47.906],[7.222,47.905],[7.219,47.906],[7.22,47.908],[7.218,47.907],[7.22,47.908],[7.219,47.909],[7.217,47.909],[7.216,47.909],[7.216,47.909],[7.214,47.91],[7.21,47.915],[7.209,47.915],[7.209,47.916],[7.208,47.915],[7.207,47.916],[7.209,47.916],[7.208,47.918],[7.21,47.918],[7.212,47.918],[7.21,47.918],[7.205,47.917],[7.204,47.92],[7.208,47.924],[7.209,47.92],[7.212,47.92],[7.213,47.915],[7.216,47.912],[7.219,47.91],[7.222,47.91],[7.221,47.909],[7.223,47.906],[7.224,47.907],[7.226,47.91],[7.225,47.91],[7.229,47.909],[7.229,47.907],[7.23,47.906]],[[7.207,47.92],[7.206,47.92],[7.208,47.92],[7.207,47.92]],[[7.208,47.92],[7.208,47.92],[7.207,47.92],[7.208,47.92]]],[[[7.208,47.917],[7.207,47.917],[7.208,47.917],[7.208,47.917]]],[[[7.204,47.919],[7.2,47.922],[7.2,47.922],[7.201,47.922],[7.203,47.921],[7.203,47.92],[7.204,47.92],[7.204,47.919]]],[[[7.206,47.922],[7.203,47.92],[7.201,47.922],[7.197,47.924],[7.197,47.925],[7.194,47.928],[7.196,47.929],[7.201,47.925],[7.199,47.926],[7.199,47.925],[7.199,47.926],[7.201,47.925],[7.204,47.924],[7.204,47.923],[7.205,47.923],[7.206,47.922]],[[7.199,47.924],[7.199,47.924],[7.199,47.924],[7.199,47.924]]],[[[7.194,47.927],[7.192,47.928],[7.193,47.928],[7.194,47.928],[7.194,47.927]]],[[[7.193,47.931],[7.191,47.932],[7.191,47.933],[7.193,47.934],[7.194,47.932],[7.193,47.931]]],[[[7.232,47.933],[7.232,47.932],[7.23,47.933],[7.232,47.933]]],[[[7.228,47.935],[7.228,47.935],[7.226,47.936],[7.228,47.936],[7.228,47.935]]],[[[7.229,47.936],[7.23,47.936],[7.229,47.935],[7.229,47.936]]],[[[7.226,47.94],[7.227,47.943],[7.23,47.944],[7.231,47.945],[7.232,47.948],[7.235,47.948],[7.236,47.949],[7.235,47.951],[7.236,47.952],[7.235,47.952],[7.235,47.955],[7.235,47.955],[7.234,47.957],[7.237,47.958],[7.237,47.958],[7.239,47.959],[7.241,47.958],[7.241,47.957],[7.241,47.958],[7.24,47.957],[7.24,47.957],[7.243,47.956],[7.247,47.951],[7.247,47.949],[7.246,47.949],[7.247,47.949],[7.246,47.948],[7.241,47.944],[7.242,47.944],[7.241,47.944],[7.245,47.947],[7.247,47.948],[7.247,47.949],[7.248,47.949],[7.25,47.949],[7.247,47.95],[7.251,47.952],[7.256,47.954],[7.258,47.952],[7.256,47.952],[7.254,47.951],[7.253,47.951],[7.251,47.948],[7.251,47.947],[7.25,47.946],[7.251,47.947],[7.252,47.946],[7.254,47.949],[7.258,47.949],[7.261,47.947],[7.262,47.948],[7.261,47.949],[7.262,47.948],[7.265,47.949],[7.266,47.949],[7.266,47.947],[7.268,47.947],[7.269,47.946],[7.271,47.946],[7.271,47.945],[7.272,47.945],[7.273,47.946],[7.272,47.948],[7.275,47.946],[7.277,47.945],[7.276,47.944],[7.273,47.943],[7.272,47.942],[7.271,47.942],[7.275,47.94],[7.272,47.938],[7.269,47.94],[7.262,47.942],[7.259,47.939],[7.262,47.94],[7.259,47.938],[7.257,47.939],[7.258,47.939],[7.259,47.939],[7.257,47.939],[7.259,47.937],[7.26,47.938],[7.262,47.937],[7.26,47.936],[7.261,47.936],[7.261,47.936],[7.262,47.936],[7.263,47.935],[7.261,47.936],[7.264,47.937],[7.269,47.94],[7.274,47.937],[7.268,47.935],[7.267,47.934],[7.267,47.934],[7.271,47.936],[7.273,47.936],[7.276,47.937],[7.276,47.938],[7.274,47.937],[7.272,47.938],[7.275,47.94],[7.272,47.942],[7.273,47.942],[7.275,47.943],[7.277,47.945],[7.281,47.943],[7.28,47.942],[7.281,47.943],[7.275,47.946],[7.273,47.948],[7.273,47.949],[7.275,47.948],[7.277,47.948],[7.277,47.947],[7.278,47.947],[7.279,47.947],[7.279,47.947],[7.279,47.947],[7.279,47.946],[7.28,47.946],[7.28,47.945],[7.283,47.944],[7.282,47.943],[7.283,47.942],[7.277,47.936],[7.276,47.936],[7.273,47.934],[7.272,47.935],[7.269,47.934],[7.266,47.932],[7.264,47.933],[7.261,47.93],[7.256,47.931],[7.254,47.935],[7.253,47.935],[7.254,47.936],[7.254,47.937],[7.253,47.936],[7.252,47.937],[7.252,47.938],[7.253,47.936],[7.25,47.938],[7.25,47.939],[7.25,47.937],[7.248,47.937],[7.247,47.939],[7.248,47.942],[7.247,47.942],[7.245,47.934],[7.242,47.936],[7.24,47.936],[7.24,47.936],[7.239,47.937],[7.239,47.94],[7.242,47.943],[7.242,47.944],[7.239,47.94],[7.238,47.94],[7.236,47.941],[7.235,47.941],[7.234,47.941],[7.234,47.941],[7.235,47.943],[7.237,47.945],[7.237,47.945],[7.238,47.946],[7.238,47.946],[7.235,47.943],[7.234,47.941],[7.233,47.942],[7.232,47.942],[7.234,47.941],[7.233,47.939],[7.234,47.941],[7.236,47.941],[7.234,47.939],[7.229,47.937],[7.228,47.938],[7.226,47.94]],[[7.254,47.937],[7.254,47.937],[7.254,47.937],[7.254,47.937]],[[7.25,47.939],[7.25,47.939],[7.25,47.939],[7.25,47.939]],[[7.248,47.938],[7.248,47.938],[7.248,47.938],[7.248,47.938]],[[7.24,47.937],[7.24,47.937],[7.24,47.937],[7.24,47.937]],[[7.238,47.94],[7.238,47.94],[7.238,47.94],[7.238,47.94]],[[7.236,47.941],[7.236,47.941],[7.236,47.941],[7.236,47.941]],[[7.233,47.939],[7.233,47.939],[7.233,47.939],[7.233,47.939]],[[7.266,47.945],[7.266,47.945],[7.266,47.946],[7.266,47.945]],[[7.265,47.945],[7.265,47.944],[7.265,47.944],[7.265,47.945]],[[7.235,47.947],[7.235,47.947],[7.235,47.947],[7.235,47.947]],[[7.236,47.947],[7.236,47.947],[7.235,47.947],[7.236,47.947]],[[7.236,47.947],[7.237,47.948],[7.238,47.948],[7.239,47.948],[7.239,47.948],[7.24,47.949],[7.24,47.95],[7.24,47.95],[7.24,47.951],[7.24,47.951],[7.239,47.953],[7.239,47.954],[7.239,47.955],[7.239,47.955],[7.239,47.956],[7.239,47.956],[7.239,47.957],[7.239,47.957],[7.239,47.956],[7.239,47.955],[7.239,47.953],[7.24,47.95],[7.239,47.948],[7.237,47.948],[7.236,47.947]],[[7.236,47.947],[7.236,47.947],[7.236,47.947],[7.236,47.947]],[[7.25,47.941],[7.251,47.94],[7.25,47.941],[7.25,47.941]],[[7.251,47.939],[7.251,47.94],[7.251,47.939],[7.251,47.939]],[[7.251,47.939],[7.251,47.939],[7.251,47.939],[7.251,47.939]],[[7.252,47.938],[7.252,47.938],[7.252,47.938],[7.252,47.938]],[[7.252,47.938],[7.252,47.938],[7.252,47.938],[7.252,47.938]],[[7.243,47.944],[7.243,47.944],[7.242,47.944],[7.243,47.944]],[[7.245,47.943],[7.245,47.943],[7.245,47.943],[7.245,47.943]],[[7.245,47.943],[7.245,47.943],[7.245,47.943],[7.245,47.943]],[[7.245,47.943],[7.245,47.943],[7.245,47.943],[7.245,47.943]],[[7.256,47.938],[7.255,47.938],[7.255,47.938],[7.256,47.938]],[[7.254,47.935],[7.254,47.935],[7.254,47.935],[7.254,47.935]],[[7.278,47.94],[7.281,47.942],[7.278,47.941],[7.278,47.94],[7.278,47.94],[7.276,47.938],[7.276,47.938],[7.278,47.94]],[[7.238,47.946],[7.238,47.946],[7.238,47.946],[7.238,47.946]],[[7.24,47.945],[7.24,47.945],[7.24,47.945],[7.24,47.945]],[[7.242,47.944],[7.242,47.944],[7.242,47.944],[7.242,47.944]],[[7.242,47.944],[7.242,47.944],[7.242,47.944],[7.242,47.944]],[[7.25,47.945],[7.25,47.945],[7.25,47.945],[7.25,47.945]],[[7.258,47.945],[7.257,47.945],[7.256,47.944],[7.257,47.944],[7.258,47.944],[7.259,47.944],[7.26,47.943],[7.26,47.943],[7.258,47.944],[7.258,47.945]],[[7.235,47.956],[7.236,47.956],[7.236,47.957],[7.235,47.956]],[[7.237,47.956],[7.237,47.956],[7.237,47.956],[7.237,47.956]],[[7.241,47.95],[7.241,47.95],[7.241,47.95],[7.241,47.95]],[[7.242,47.954],[7.243,47.954],[7.242,47.955],[7.242,47.954]],[[7.271,47.943],[7.271,47.943],[7.271,47.943],[7.272,47.944],[7.272,47.944],[7.268,47.945],[7.272,47.944],[7.271,47.943]]],[[[7.19,47.969],[7.186,47.971],[7.187,47.972],[7.191,47.97],[7.19,47.969]]],[[[7.231,47.969],[7.228,47.969],[7.227,47.971],[7.229,47.972],[7.228,47.973],[7.23,47.973],[7.23,47.974],[7.232,47.97],[7.231,47.969]],[[7.229,47.971],[7.229,47.971],[7.229,47.971],[7.229,47.971]]],[[[7.216,47.983],[7.218,47.983],[7.217,47.981],[7.215,47.982],[7.216,47.983]]],[[[7.198,47.985],[7.201,47.989],[7.204,47.987],[7.2,47.985],[7.198,47.985]]],[[[7.205,47.986],[7.202,47.988],[7.203,47.988],[7.205,47.986]]],[[[7.208,47.986],[7.201,47.991],[7.202,47.991],[7.204,47.99],[7.204,47.99],[7.205,47.99],[7.206,47.991],[7.208,47.991],[7.208,47.991],[7.209,47.99],[7.21,47.989],[7.21,47.985],[7.209,47.987],[7.208,47.986]]],[[[7.205,47.99],[7.202,47.991],[7.202,47.991],[7.204,47.994],[7.21,47.992],[7.213,47.989],[7.212,47.988],[7.211,47.988],[7.21,47.988],[7.21,47.989],[7.208,47.991],[7.206,47.991],[7.205,47.99]]],[[[7.223,47.991],[7.225,47.993],[7.226,47.993],[7.224,47.991],[7.225,47.991],[7.223,47.99],[7.223,47.991]]],[[[7.185,48.048],[7.187,48.049],[7.188,48.049],[7.189,48.048],[7.185,48.048]]],[[[7.182,48.048],[7.181,48.05],[7.185,48.049],[7.185,48.049],[7.182,48.048]]],[[[7.193,48.05],[7.189,48.049],[7.188,48.049],[7.185,48.048],[7.186,48.05],[7.187,48.049],[7.187,48.05],[7.191,48.051],[7.193,48.051],[7.192,48.052],[7.193,48.05]]],[[[7.193,48.051],[7.192,48.054],[7.197,48.054],[7.201,48.053],[7.199,48.053],[7.202,48.053],[7.197,48.051],[7.193,48.049],[7.193,48.051]]],[[[7.21,48.051],[7.206,48.051],[7.207,48.051],[7.207,48.052],[7.209,48.051],[7.21,48.053],[7.21,48.051]]],[[[7.208,48.052],[7.208,48.052],[7.209,48.052],[7.208,48.052]]],[[[7.203,48.055],[7.202,48.055],[7.203,48.055],[7.203,48.055]]],[[[7.21,48.056],[7.211,48.056],[7.214,48.058],[7.218,48.056],[7.217,48.055],[7.213,48.054],[7.211,48.052],[7.209,48.053],[7.21,48.054],[7.208,48.055],[7.21,48.056]]],[[[7.202,48.056],[7.194,48.06],[7.195,48.061],[7.194,48.062],[7.195,48.062],[7.196,48.061],[7.2,48.061],[7.201,48.059],[7.204,48.06],[7.205,48.058],[7.209,48.059],[7.214,48.058],[7.206,48.054],[7.205,48.054],[7.205,48.055],[7.204,48.054],[7.204,48.054],[7.204,48.054],[7.204,48.055],[7.205,48.055],[7.203,48.055],[7.202,48.056]],[[7.2,48.059],[7.201,48.059],[7.201,48.059],[7.201,48.058],[7.2,48.059]],[[7.208,48.058],[7.208,48.058],[7.208,48.058],[7.208,48.058],[7.208,48.058],[7.207,48.057],[7.208,48.058]],[[7.208,48.057],[7.209,48.057],[7.209,48.057],[7.209,48.057],[7.21,48.056],[7.21,48.057],[7.21,48.056],[7.209,48.057],[7.209,48.058],[7.208,48.057]]],[[[7.225,48.06],[7.221,48.059],[7.221,48.06],[7.222,48.06],[7.224,48.06],[7.225,48.06]]],[[[7.221,48.06],[7.221,48.06],[7.221,48.06],[7.221,48.06]]],[[[7.221,48.06],[7.222,48.061],[7.222,48.06],[7.221,48.06]]],[[[7.219,48.061],[7.215,48.061],[7.216,48.063],[7.219,48.063],[7.219,48.061]]],[[[7.228,48.061],[7.227,48.062],[7.228,48.062],[7.229,48.062],[7.228,48.061]]],[[[7.213,48.06],[7.209,48.062],[7.209,48.063],[7.211,48.063],[7.211,48.063],[7.214,48.064],[7.217,48.063],[7.215,48.062],[7.214,48.063],[7.213,48.063],[7.213,48.063],[7.214,48.063],[7.214,48.062],[7.215,48.062],[7.215,48.061],[7.216,48.061],[7.215,48.061],[7.213,48.06]],[[7.213,48.063],[7.212,48.063],[7.213,48.062],[7.213,48.063]]],[[[7.227,48.063],[7.229,48.064],[7.23,48.063],[7.228,48.062],[7.227,48.063]]],[[[7.213,48.065],[7.216,48.065],[7.215,48.064],[7.213,48.065]]],[[[7.229,48.064],[7.229,48.064],[7.231,48.066],[7.232,48.065],[7.231,48.063],[7.229,48.064]]],[[[7.222,48.066],[7.222,48.068],[7.222,48.067],[7.223,48.066],[7.219,48.067],[7.221,48.069],[7.219,48.067],[7.217,48.068],[7.217,48.07],[7.222,48.07],[7.225,48.067],[7.225,48.067],[7.225,48.066],[7.225,48.066],[7.226,48.066],[7.227,48.067],[7.227,48.067],[7.227,48.067],[7.227,48.067],[7.227,48.068],[7.227,48.068],[7.227,48.068],[7.232,48.068],[7.23,48.065],[7.227,48.063],[7.227,48.064],[7.226,48.063],[7.223,48.065],[7.222,48.066]],[[7.223,48.066],[7.223,48.066],[7.223,48.066],[7.223,48.066]],[[7.224,48.065],[7.225,48.065],[7.226,48.065],[7.226,48.065],[7.226,48.065],[7.224,48.065]],[[7.227,48.065],[7.228,48.065],[7.228,48.065],[7.227,48.065]],[[7.23,48.066],[7.23,48.066],[7.23,48.066],[7.23,48.066]],[[7.228,48.064],[7.228,48.064],[7.228,48.064],[7.228,48.064]],[[7.223,48.068],[7.222,48.068],[7.223,48.068],[7.223,48.068]],[[7.228,48.067],[7.228,48.067],[7.228,48.067],[7.228,48.067]]],[[[7.226,48.066],[7.225,48.067],[7.225,48.068],[7.224,48.069],[7.224,48.069],[7.227,48.068],[7.226,48.066]]],[[[7.231,48.067],[7.232,48.068],[7.232,48.068],[7.232,48.068],[7.231,48.067]]],[[[7.235,48.07],[7.235,48.07],[7.235,48.07],[7.235,48.07]]],[[[7.234,48.07],[7.232,48.07],[7.232,48.071],[7.232,48.071],[7.232,48.07],[7.227,48.071],[7.227,48.072],[7.227,48.072],[7.229,48.071],[7.229,48.071],[7.229,48.071],[7.227,48.072],[7.226,48.071],[7.226,48.073],[7.229,48.073],[7.228,48.073],[7.229,48.072],[7.229,48.072],[7.232,48.071],[7.233,48.073],[7.234,48.071],[7.234,48.072],[7.235,48.072],[7.237,48.072],[7.236,48.072],[7.237,48.071],[7.237,48.071],[7.237,48.071],[7.234,48.07]],[[7.232,48.071],[7.232,48.071],[7.232,48.071],[7.232,48.071]],[[7.235,48.072],[7.235,48.072],[7.235,48.072],[7.235,48.072]],[[7.237,48.071],[7.237,48.071],[7.237,48.071],[7.237,48.071]],[[7.235,48.072],[7.234,48.071],[7.235,48.071],[7.235,48.071],[7.235,48.071],[7.235,48.071],[7.235,48.071],[7.235,48.072],[7.235,48.072]],[[7.235,48.071],[7.235,48.071],[7.235,48.071],[7.235,48.071]],[[7.235,48.071],[7.235,48.071],[7.235,48.071],[7.235,48.071]]],[[[7.232,48.072],[7.228,48.073],[7.23,48.073],[7.233,48.072],[7.232,48.072]]],[[[7.236,48.073],[7.238,48.073],[7.237,48.073],[7.236,48.073]]],[[[7.242,48.073],[7.242,48.074],[7.242,48.074],[7.242,48.073]]],[[[7.241,48.074],[7.241,48.073],[7.241,48.073],[7.241,48.074]]],[[[7.232,48.076],[7.233,48.076],[7.232,48.076],[7.232,48.076]]],[[[7.233,48.077],[7.238,48.076],[7.242,48.078],[7.242,48.079],[7.243,48.079],[7.245,48.079],[7.246,48.079],[7.244,48.076],[7.239,48.074],[7.239,48.074],[7.241,48.076],[7.241,48.076],[7.241,48.077],[7.242,48.077],[7.242,48.078],[7.241,48.077],[7.241,48.076],[7.238,48.074],[7.232,48.076],[7.233,48.077]],[[7.237,48.076],[7.237,48.076],[7.238,48.076],[7.237,48.076]],[[7.238,48.075],[7.238,48.075],[7.238,48.075],[7.238,48.075]]],[[[7.246,48.141],[7.248,48.141],[7.25,48.141],[7.247,48.14],[7.246,48.141]]],[[[7.247,48.155],[7.25,48.155],[7.25,48.155],[7.251,48.154],[7.25,48.154],[7.249,48.153],[7.245,48.154],[7.245,48.156],[7.247,48.155]]],[[[7.244,48.155],[7.237,48.154],[7.234,48.155],[7.235,48.156],[7.236,48.157],[7.237,48.156],[7.236,48.157],[7.241,48.157],[7.244,48.155]]],[[[7.23,47.906],[7.23,47.907],[7.232,47.908],[7.234,47.91],[7.235,47.91],[7.237,47.911],[7.237,47.91],[7.237,47.911],[7.234,47.91],[7.234,47.913],[7.235,47.913],[7.235,47.913],[7.236,47.913],[7.237,47.915],[7.238,47.915],[7.24,47.915],[7.241,47.913],[7.242,47.913],[7.238,47.909],[7.238,47.91],[7.238,47.909],[7.238,47.909],[7.24,47.911],[7.237,47.906],[7.23,47.905],[7.23,47.906]]],[[[7.226,47.91],[7.228,47.912],[7.228,47.914],[7.229,47.915],[7.232,47.918],[7.234,47.918],[7.234,47.921],[7.243,47.92],[7.24,47.919],[7.236,47.92],[7.236,47.919],[7.236,47.92],[7.24,47.919],[7.242,47.919],[7.244,47.916],[7.241,47.916],[7.24,47.914],[7.24,47.915],[7.239,47.915],[7.238,47.915],[7.236,47.916],[7.236,47.916],[7.235,47.916],[7.235,47.916],[7.235,47.916],[7.236,47.916],[7.237,47.915],[7.236,47.913],[7.234,47.913],[7.234,47.91],[7.232,47.908],[7.23,47.907],[7.23,47.909],[7.229,47.909],[7.226,47.91]],[[7.232,47.917],[7.232,47.917],[7.233,47.917],[7.232,47.917]],[[7.233,47.917],[7.233,47.917],[7.233,47.917],[7.233,47.917]],[[7.232,47.913],[7.232,47.913],[7.231,47.912],[7.231,47.912],[7.232,47.912],[7.231,47.912],[7.232,47.913],[7.231,47.914],[7.23,47.914],[7.232,47.913]],[[7.235,47.919],[7.235,47.919],[7.235,47.919],[7.235,47.919]]],[[[7.24,47.914],[7.242,47.916],[7.243,47.916],[7.242,47.913],[7.24,47.914]]],[[[7.243,47.92],[7.235,47.921],[7.236,47.922],[7.236,47.922],[7.238,47.921],[7.241,47.921],[7.243,47.922],[7.243,47.92]]],[[[7.246,47.92],[7.244,47.921],[7.245,47.922],[7.248,47.921],[7.246,47.92]]],[[[7.244,47.922],[7.243,47.923],[7.242,47.923],[7.244,47.923],[7.244,47.922]]],[[[7.244,47.923],[7.245,47.923],[7.245,47.922],[7.244,47.922],[7.244,47.923]]],[[[7.242,47.923],[7.24,47.927],[7.241,47.927],[7.242,47.926],[7.244,47.924],[7.243,47.924],[7.244,47.923],[7.242,47.923]]],[[[7.234,47.921],[7.229,47.928],[7.23,47.929],[7.228,47.928],[7.226,47.929],[7.228,47.932],[7.229,47.931],[7.23,47.931],[7.231,47.931],[7.231,47.931],[7.231,47.929],[7.233,47.929],[7.233,47.927],[7.238,47.928],[7.243,47.922],[7.238,47.921],[7.236,47.922],[7.235,47.921],[7.234,47.921]],[[7.23,47.931],[7.23,47.931],[7.231,47.931],[7.23,47.931]],[[7.233,47.925],[7.233,47.925],[7.233,47.925],[7.233,47.925]],[[7.236,47.926],[7.236,47.926],[7.236,47.926],[7.236,47.926]]],[[[7.243,47.928],[7.242,47.93],[7.244,47.929],[7.243,47.928]]],[[[7.249,47.925],[7.243,47.928],[7.247,47.929],[7.248,47.93],[7.247,47.93],[7.246,47.932],[7.245,47.932],[7.246,47.934],[7.252,47.934],[7.253,47.932],[7.254,47.934],[7.256,47.931],[7.259,47.93],[7.257,47.93],[7.255,47.928],[7.251,47.929],[7.247,47.929],[7.246,47.929],[7.249,47.929],[7.25,47.928],[7.25,47.929],[7.25,47.928],[7.25,47.929],[7.255,47.928],[7.251,47.926],[7.251,47.926],[7.251,47.926],[7.249,47.925]],[[7.252,47.934],[7.251,47.934],[7.252,47.934],[7.252,47.934]],[[7.251,47.926],[7.251,47.926],[7.251,47.926],[7.251,47.926]]],[[[7.233,47.933],[7.236,47.933],[7.235,47.932],[7.236,47.932],[7.233,47.932],[7.233,47.933]]],[[[7.24,47.931],[7.241,47.935],[7.245,47.934],[7.242,47.932],[7.242,47.93],[7.24,47.931]],[[7.241,47.933],[7.241,47.933],[7.241,47.933],[7.241,47.933]]],[[[7.251,47.935],[7.248,47.934],[7.246,47.934],[7.249,47.937],[7.251,47.936],[7.25,47.935],[7.251,47.935]]],[[[7.237,47.939],[7.239,47.94],[7.239,47.937],[7.238,47.938],[7.237,47.939]]],[[[7.265,47.938],[7.264,47.937],[7.263,47.938],[7.264,47.939],[7.265,47.938]]],[[[7.235,47.94],[7.237,47.94],[7.235,47.939],[7.233,47.938],[7.235,47.94]]],[[[7.255,47.95],[7.253,47.95],[7.259,47.952],[7.259,47.952],[7.255,47.95]],[[7.258,47.952],[7.258,47.952],[7.258,47.952],[7.258,47.952]]],[[[7.269,47.954],[7.269,47.954],[7.269,47.953],[7.269,47.954],[7.269,47.954]]],[[[7.262,47.956],[7.261,47.958],[7.262,47.958],[7.262,47.957],[7.262,47.956],[7.262,47.956]]],[[[7.269,47.957],[7.269,47.957],[7.269,47.957],[7.269,47.957]]],[[[7.251,47.958],[7.25,47.957],[7.245,47.958],[7.246,47.959],[7.25,47.959],[7.25,47.958],[7.25,47.958],[7.251,47.958]]],[[[7.241,47.958],[7.24,47.959],[7.241,47.959],[7.242,47.959],[7.241,47.958]]],[[[7.241,47.961],[7.246,47.959],[7.245,47.958],[7.243,47.96],[7.243,47.959],[7.242,47.96],[7.241,47.961]]],[[[7.261,47.958],[7.265,47.963],[7.264,47.964],[7.265,47.965],[7.272,47.968],[7.276,47.968],[7.275,47.967],[7.277,47.967],[7.276,47.966],[7.278,47.964],[7.278,47.964],[7.278,47.964],[7.278,47.964],[7.278,47.964],[7.279,47.964],[7.28,47.963],[7.281,47.962],[7.284,47.962],[7.284,47.962],[7.285,47.962],[7.286,47.962],[7.286,47.962],[7.286,47.96],[7.286,47.96],[7.286,47.96],[7.285,47.958],[7.285,47.958],[7.283,47.958],[7.282,47.958],[7.281,47.958],[7.277,47.959],[7.277,47.959],[7.275,47.959],[7.276,47.96],[7.276,47.961],[7.275,47.959],[7.276,47.959],[7.275,47.958],[7.275,47.957],[7.275,47.956],[7.276,47.959],[7.281,47.958],[7.281,47.957],[7.283,47.958],[7.285,47.957],[7.286,47.958],[7.287,47.957],[7.287,47.957],[7.287,47.957],[7.286,47.958],[7.285,47.958],[7.286,47.959],[7.286,47.959],[7.286,47.96],[7.286,47.961],[7.286,47.961],[7.286,47.961],[7.286,47.962],[7.286,47.962],[7.285,47.963],[7.289,47.963],[7.29,47.962],[7.293,47.962],[7.292,47.961],[7.292,47.961],[7.292,47.961],[7.292,47.961],[7.292,47.96],[7.292,47.959],[7.29,47.959],[7.291,47.958],[7.29,47.958],[7.29,47.957],[7.289,47.957],[7.29,47.956],[7.288,47.956],[7.287,47.955],[7.287,47.954],[7.284,47.951],[7.281,47.952],[7.282,47.954],[7.283,47.955],[7.282,47.956],[7.282,47.954],[7.281,47.952],[7.281,47.952],[7.28,47.951],[7.278,47.951],[7.275,47.953],[7.275,47.953],[7.274,47.953],[7.275,47.954],[7.274,47.954],[7.274,47.953],[7.274,47.952],[7.274,47.952],[7.274,47.952],[7.274,47.952],[7.274,47.951],[7.273,47.951],[7.273,47.951],[7.273,47.951],[7.272,47.951],[7.273,47.951],[7.274,47.951],[7.275,47.952],[7.274,47.953],[7.275,47.953],[7.276,47.952],[7.278,47.951],[7.28,47.951],[7.281,47.952],[7.284,47.951],[7.281,47.949],[7.281,47.947],[7.284,47.951],[7.286,47.952],[7.286,47.951],[7.283,47.948],[7.285,47.947],[7.283,47.944],[7.28,47.946],[7.28,47.947],[7.279,47.947],[7.276,47.949],[7.272,47.949],[7.268,47.951],[7.267,47.953],[7.267,47.953],[7.266,47.953],[7.264,47.954],[7.266,47.953],[7.267,47.953],[7.265,47.955],[7.263,47.955],[7.264,47.954],[7.262,47.955],[7.263,47.956],[7.262,47.958],[7.261,47.958]],[[7.292,47.961],[7.292,47.961],[7.292,47.961],[7.292,47.961]],[[7.278,47.963],[7.278,47.963],[7.278,47.963],[7.278,47.963]],[[7.278,47.963],[7.278,47.962],[7.278,47.962],[7.277,47.962],[7.278,47.962],[7.278,47.963]],[[7.276,47.961],[7.276,47.961],[7.276,47.961],[7.276,47.961]],[[7.276,47.961],[7.276,47.961],[7.276,47.961],[7.276,47.961]],[[7.275,47.955],[7.275,47.955],[7.275,47.955],[7.275,47.955],[7.275,47.955]],[[7.275,47.955],[7.275,47.954],[7.275,47.954],[7.275,47.955],[7.275,47.955]],[[7.265,47.961],[7.265,47.962],[7.265,47.961],[7.265,47.961]],[[7.267,47.961],[7.267,47.962],[7.267,47.961],[7.267,47.961]],[[7.267,47.961],[7.267,47.961],[7.267,47.961],[7.267,47.961]],[[7.27,47.959],[7.269,47.96],[7.271,47.961],[7.273,47.961],[7.271,47.962],[7.271,47.963],[7.273,47.963],[7.275,47.963],[7.271,47.963],[7.272,47.967],[7.27,47.966],[7.27,47.966],[7.269,47.965],[7.267,47.959],[7.264,47.958],[7.264,47.956],[7.265,47.956],[7.267,47.958],[7.269,47.96],[7.27,47.959]],[[7.267,47.953],[7.267,47.953],[7.267,47.953],[7.267,47.953]],[[7.268,47.954],[7.268,47.956],[7.268,47.956],[7.266,47.955],[7.268,47.954]],[[7.267,47.953],[7.269,47.953],[7.27,47.955],[7.269,47.955],[7.27,47.956],[7.269,47.957],[7.269,47.957],[7.27,47.957],[7.271,47.958],[7.271,47.959],[7.269,47.957],[7.269,47.957],[7.268,47.957],[7.27,47.955],[7.267,47.953]],[[7.282,47.956],[7.282,47.956],[7.282,47.956],[7.282,47.956]]],[[[7.239,47.962],[7.238,47.963],[7.238,47.963],[7.24,47.962],[7.239,47.962]]],[[[7.235,47.966],[7.232,47.968],[7.234,47.969],[7.233,47.973],[7.234,47.973],[7.234,47.975],[7.234,47.974],[7.232,47.976],[7.237,47.977],[7.24,47.975],[7.243,47.975],[7.243,47.974],[7.245,47.974],[7.245,47.973],[7.243,47.973],[7.242,47.972],[7.241,47.97],[7.243,47.972],[7.245,47.972],[7.248,47.973],[7.25,47.972],[7.248,47.971],[7.247,47.971],[7.244,47.969],[7.243,47.968],[7.243,47.968],[7.242,47.967],[7.241,47.968],[7.24,47.967],[7.24,47.967],[7.239,47.968],[7.238,47.967],[7.24,47.967],[7.24,47.967],[7.241,47.968],[7.242,47.967],[7.243,47.968],[7.244,47.968],[7.245,47.968],[7.244,47.969],[7.25,47.972],[7.25,47.971],[7.251,47.97],[7.251,47.97],[7.253,47.969],[7.254,47.969],[7.252,47.966],[7.251,47.962],[7.252,47.962],[7.253,47.962],[7.254,47.964],[7.255,47.962],[7.256,47.961],[7.256,47.962],[7.256,47.962],[7.255,47.962],[7.254,47.965],[7.259,47.963],[7.258,47.965],[7.261,47.964],[7.263,47.964],[7.258,47.965],[7.257,47.965],[7.255,47.966],[7.256,47.967],[7.256,47.969],[7.258,47.97],[7.264,47.969],[7.263,47.968],[7.263,47.968],[7.263,47.967],[7.263,47.967],[7.262,47.967],[7.262,47.967],[7.262,47.966],[7.262,47.966],[7.264,47.969],[7.261,47.969],[7.26,47.97],[7.264,47.971],[7.266,47.97],[7.267,47.971],[7.268,47.97],[7.268,47.97],[7.268,47.969],[7.269,47.971],[7.27,47.971],[7.271,47.972],[7.272,47.972],[7.272,47.972],[7.272,47.974],[7.271,47.975],[7.272,47.976],[7.272,47.976],[7.273,47.977],[7.274,47.977],[7.275,47.977],[7.277,47.977],[7.275,47.977],[7.275,47.978],[7.274,47.977],[7.273,47.977],[7.272,47.976],[7.272,47.976],[7.271,47.976],[7.27,47.978],[7.271,47.98],[7.272,47.98],[7.273,47.98],[7.271,47.981],[7.272,47.983],[7.274,47.983],[7.276,47.983],[7.274,47.983],[7.275,47.984],[7.275,47.986],[7.277,47.986],[7.277,47.988],[7.277,47.988],[7.278,47.988],[7.278,47.987],[7.278,47.987],[7.279,47.987],[7.279,47.986],[7.282,47.987],[7.283,47.984],[7.283,47.983],[7.283,47.981],[7.287,47.981],[7.288,47.981],[7.289,47.981],[7.289,47.979],[7.288,47.979],[7.288,47.977],[7.29,47.977],[7.288,47.977],[7.288,47.979],[7.289,47.979],[7.289,47.98],[7.291,47.981],[7.291,47.98],[7.294,47.98],[7.294,47.977],[7.294,47.977],[7.293,47.976],[7.293,47.974],[7.294,47.969],[7.29,47.97],[7.288,47.97],[7.287,47.97],[7.286,47.97],[7.287,47.971],[7.287,47.973],[7.287,47.973],[7.286,47.97],[7.283,47.972],[7.281,47.972],[7.28,47.973],[7.279,47.973],[7.28,47.977],[7.281,47.977],[7.28,47.977],[7.28,47.977],[7.279,47.976],[7.279,47.973],[7.278,47.974],[7.277,47.973],[7.276,47.972],[7.273,47.972],[7.273,47.971],[7.271,47.972],[7.273,47.971],[7.273,47.971],[7.271,47.969],[7.27,47.968],[7.265,47.965],[7.265,47.966],[7.264,47.966],[7.265,47.965],[7.26,47.96],[7.259,47.96],[7.259,47.961],[7.258,47.961],[7.258,47.961],[7.259,47.961],[7.259,47.96],[7.259,47.96],[7.26,47.96],[7.259,47.959],[7.258,47.959],[7.258,47.959],[7.258,47.96],[7.257,47.958],[7.254,47.958],[7.258,47.958],[7.256,47.957],[7.25,47.958],[7.25,47.96],[7.25,47.959],[7.246,47.959],[7.24,47.962],[7.24,47.962],[7.241,47.963],[7.241,47.964],[7.242,47.964],[7.242,47.964],[7.24,47.964],[7.24,47.962],[7.237,47.965],[7.236,47.965],[7.235,47.966]],[[7.25,47.97],[7.251,47.97],[7.25,47.971],[7.25,47.97]],[[7.276,47.979],[7.275,47.978],[7.275,47.978],[7.276,47.979]],[[7.286,47.977],[7.286,47.977],[7.286,47.977],[7.286,47.977]],[[7.286,47.977],[7.286,47.977],[7.286,47.977],[7.286,47.977]],[[7.286,47.977],[7.286,47.977],[7.286,47.977],[7.286,47.977]],[[7.286,47.977],[7.286,47.977],[7.286,47.977],[7.286,47.977]],[[7.286,47.977],[7.285,47.977],[7.284,47.977],[7.282,47.977],[7.286,47.977]],[[7.281,47.977],[7.282,47.977],[7.281,47.977],[7.281,47.977]],[[7.277,47.977],[7.277,47.977],[7.277,47.977],[7.277,47.977]],[[7.278,47.977],[7.278,47.977],[7.278,47.977],[7.278,47.977]],[[7.279,47.977],[7.279,47.977],[7.28,47.977],[7.279,47.977]],[[7.251,47.961],[7.251,47.962],[7.251,47.962],[7.251,47.961]],[[7.251,47.961],[7.251,47.961],[7.251,47.961],[7.251,47.961]],[[7.251,47.961],[7.251,47.961],[7.251,47.961],[7.251,47.961]],[[7.25,47.96],[7.25,47.96],[7.25,47.96],[7.25,47.96]],[[7.25,47.96],[7.25,47.96],[7.25,47.96],[7.25,47.96]],[[7.25,47.96],[7.25,47.96],[7.25,47.96],[7.25,47.96]],[[7.235,47.968],[7.235,47.968],[7.234,47.968],[7.233,47.968],[7.235,47.968],[7.235,47.968],[7.235,47.968]],[[7.236,47.974],[7.236,47.974],[7.236,47.973],[7.235,47.971],[7.236,47.972],[7.238,47.971],[7.239,47.971],[7.24,47.972],[7.238,47.971],[7.236,47.972],[7.236,47.973],[7.236,47.974],[7.238,47.975],[7.236,47.974]],[[7.237,47.968],[7.237,47.968],[7.236,47.967],[7.237,47.968]],[[7.242,47.965],[7.243,47.964],[7.245,47.965],[7.245,47.964],[7.245,47.965],[7.243,47.964],[7.243,47.965],[7.243,47.965],[7.242,47.965],[7.243,47.966],[7.243,47.966],[7.242,47.965]],[[7.248,47.968],[7.248,47.968],[7.248,47.968],[7.248,47.968],[7.248,47.968]],[[7.257,47.968],[7.257,47.969],[7.257,47.968],[7.257,47.968]],[[7.257,47.965],[7.257,47.965],[7.257,47.965],[7.257,47.965]],[[7.28,47.978],[7.278,47.978],[7.279,47.978],[7.28,47.978]],[[7.278,47.978],[7.278,47.978],[7.278,47.978],[7.278,47.978]],[[7.273,47.979],[7.274,47.98],[7.274,47.98],[7.273,47.979]],[[7.279,47.98],[7.28,47.979],[7.279,47.98],[7.279,47.98],[7.278,47.981],[7.278,47.982],[7.277,47.982],[7.278,47.982],[7.279,47.98]],[[7.282,47.982],[7.28,47.982],[7.28,47.982],[7.282,47.982],[7.282,47.982]],[[7.29,47.977],[7.29,47.977],[7.291,47.977],[7.29,47.977]],[[7.291,47.977],[7.292,47.977],[7.291,47.977],[7.291,47.977]],[[7.291,47.979],[7.293,47.979],[7.291,47.979],[7.291,47.979]]],[[[7.272,48.001],[7.272,48.002],[7.273,48.002],[7.272,48.002],[7.272,48.001]]],[[[7.273,48.002],[7.275,48.002],[7.276,48.001],[7.275,48.001],[7.275,48.001],[7.275,48.001],[7.273,48.001],[7.272,48.001],[7.273,48.002],[7.272,48.002],[7.272,48.002],[7.272,48.003],[7.274,48.003],[7.273,48.002]]],[[[7.274,48.004],[7.274,48.003],[7.274,48.004],[7.274,48.004]]],[[[7.274,48.017],[7.275,48.016],[7.274,48.016],[7.273,48.016],[7.274,48.017]]],[[[7.279,48.068],[7.28,48.068],[7.279,48.066],[7.279,48.067],[7.279,48.068]]],[[[7.243,48.073],[7.243,48.074],[7.243,48.074],[7.243,48.073]]],[[[7.278,48.069],[7.28,48.069],[7.277,48.07],[7.274,48.073],[7.271,48.074],[7.271,48.074],[7.271,48.075],[7.272,48.075],[7.272,48.075],[7.272,48.076],[7.272,48.076],[7.271,48.074],[7.271,48.075],[7.268,48.077],[7.273,48.077],[7.272,48.076],[7.272,48.076],[7.272,48.076],[7.272,48.076],[7.273,48.077],[7.277,48.075],[7.282,48.075],[7.282,48.073],[7.279,48.073],[7.279,48.073],[7.281,48.073],[7.284,48.073],[7.283,48.072],[7.283,48.073],[7.285,48.072],[7.282,48.071],[7.285,48.072],[7.285,48.071],[7.286,48.07],[7.285,48.07],[7.284,48.069],[7.283,48.069],[7.283,48.068],[7.283,48.069],[7.283,48.07],[7.283,48.07],[7.283,48.07],[7.282,48.071],[7.282,48.071],[7.281,48.071],[7.28,48.068],[7.278,48.068],[7.278,48.069]],[[7.276,48.073],[7.275,48.073],[7.276,48.073],[7.276,48.073]],[[7.277,48.071],[7.276,48.074],[7.275,48.075],[7.275,48.075],[7.275,48.074],[7.275,48.074],[7.275,48.074],[7.274,48.074],[7.273,48.074],[7.275,48.074],[7.275,48.074],[7.275,48.074],[7.276,48.074],[7.277,48.071]],[[7.279,48.071],[7.279,48.071],[7.279,48.072],[7.279,48.071]]],[[[7.244,48.076],[7.245,48.075],[7.242,48.075],[7.244,48.076],[7.244,48.076]]],[[[7.282,48.075],[7.277,48.076],[7.271,48.077],[7.278,48.077],[7.28,48.077],[7.282,48.076],[7.282,48.075]]],[[[7.258,48.076],[7.261,48.078],[7.262,48.078],[7.258,48.076]]],[[[7.27,48.077],[7.269,48.077],[7.27,48.077],[7.27,48.077]]],[[[7.274,48.078],[7.275,48.078],[7.275,48.078],[7.274,48.078]]],[[[7.267,48.078],[7.267,48.078],[7.267,48.078],[7.265,48.078],[7.265,48.079],[7.262,48.078],[7.257,48.076],[7.254,48.075],[7.253,48.075],[7.257,48.078],[7.258,48.079],[7.264,48.081],[7.262,48.08],[7.263,48.078],[7.264,48.079],[7.263,48.08],[7.265,48.081],[7.265,48.08],[7.265,48.081],[7.268,48.082],[7.268,48.082],[7.269,48.081],[7.266,48.079],[7.269,48.081],[7.269,48.08],[7.269,48.079],[7.269,48.079],[7.269,48.08],[7.27,48.081],[7.271,48.079],[7.274,48.078],[7.269,48.078],[7.267,48.078]],[[7.268,48.078],[7.268,48.078],[7.269,48.078],[7.268,48.078]],[[7.268,48.078],[7.268,48.078],[7.267,48.078],[7.268,48.078]]],[[[7.266,48.078],[7.267,48.078],[7.266,48.078],[7.266,48.078]]],[[[7.246,48.079],[7.243,48.079],[7.243,48.08],[7.247,48.081],[7.247,48.082],[7.258,48.084],[7.255,48.082],[7.251,48.081],[7.246,48.078],[7.246,48.079]]],[[[7.269,48.081],[7.271,48.082],[7.272,48.081],[7.269,48.08],[7.269,48.081]]],[[[7.269,48.081],[7.268,48.083],[7.27,48.084],[7.271,48.083],[7.271,48.082],[7.269,48.081]]],[[[7.272,48.082],[7.274,48.084],[7.275,48.082],[7.274,48.082],[7.272,48.081],[7.272,48.082]]],[[[7.272,48.083],[7.271,48.083],[7.271,48.083],[7.272,48.083]]],[[[7.278,48.082],[7.276,48.082],[7.275,48.083],[7.277,48.083],[7.278,48.082]]],[[[7.272,48.083],[7.273,48.084],[7.274,48.084],[7.272,48.083]]],[[[7.279,48.082],[7.278,48.084],[7.279,48.084],[7.279,48.084],[7.28,48.083],[7.281,48.084],[7.281,48.082],[7.28,48.083],[7.28,48.082],[7.279,48.082]]],[[[7.27,48.084],[7.271,48.083],[7.271,48.083],[7.27,48.084]]],[[[7.279,48.085],[7.28,48.085],[7.281,48.085],[7.28,48.085],[7.281,48.084],[7.279,48.085]]],[[[7.251,48.086],[7.248,48.086],[7.247,48.087],[7.251,48.089],[7.252,48.088],[7.253,48.088],[7.253,48.088],[7.252,48.088],[7.252,48.087],[7.253,48.088],[7.255,48.088],[7.251,48.089],[7.253,48.09],[7.254,48.09],[7.256,48.088],[7.256,48.087],[7.257,48.087],[7.257,48.086],[7.257,48.085],[7.252,48.086],[7.252,48.086],[7.252,48.086],[7.252,48.086],[7.252,48.087],[7.251,48.086]]],[[[7.28,48.088],[7.28,48.089],[7.28,48.088],[7.28,48.088]]],[[[7.28,48.089],[7.28,48.089],[7.279,48.089],[7.28,48.089]]],[[[7.257,48.084],[7.257,48.087],[7.257,48.087],[7.259,48.086],[7.263,48.087],[7.259,48.086],[7.259,48.087],[7.259,48.086],[7.258,48.086],[7.255,48.089],[7.257,48.09],[7.259,48.089],[7.259,48.089],[7.258,48.089],[7.262,48.091],[7.263,48.091],[7.263,48.09],[7.263,48.09],[7.263,48.09],[7.263,48.089],[7.262,48.089],[7.262,48.089],[7.262,48.089],[7.263,48.089],[7.263,48.089],[7.263,48.09],[7.264,48.089],[7.264,48.093],[7.265,48.093],[7.265,48.094],[7.268,48.096],[7.268,48.095],[7.268,48.095],[7.268,48.094],[7.268,48.094],[7.267,48.093],[7.267,48.092],[7.267,48.092],[7.267,48.091],[7.265,48.089],[7.266,48.089],[7.265,48.088],[7.266,48.087],[7.264,48.087],[7.264,48.087],[7.264,48.087],[7.263,48.088],[7.263,48.089],[7.262,48.089],[7.261,48.089],[7.261,48.089],[7.259,48.088],[7.261,48.089],[7.263,48.088],[7.264,48.086],[7.258,48.085],[7.258,48.084],[7.257,48.084]]],[[[7.278,48.091],[7.278,48.09],[7.277,48.091],[7.278,48.091]]],[[[7.266,48.086],[7.266,48.089],[7.266,48.089],[7.268,48.089],[7.266,48.089],[7.267,48.091],[7.267,48.092],[7.27,48.093],[7.267,48.092],[7.268,48.094],[7.269,48.095],[7.27,48.096],[7.27,48.095],[7.271,48.095],[7.271,48.094],[7.27,48.094],[7.27,48.094],[7.271,48.094],[7.271,48.094],[7.271,48.094],[7.271,48.095],[7.273,48.096],[7.274,48.095],[7.275,48.095],[7.274,48.095],[7.275,48.095],[7.273,48.096],[7.271,48.095],[7.272,48.096],[7.272,48.096],[7.272,48.097],[7.273,48.097],[7.273,48.097],[7.272,48.097],[7.271,48.095],[7.271,48.097],[7.269,48.097],[7.269,48.098],[7.266,48.097],[7.264,48.097],[7.266,48.099],[7.267,48.101],[7.272,48.1],[7.272,48.099],[7.273,48.099],[7.273,48.098],[7.273,48.098],[7.273,48.098],[7.274,48.098],[7.273,48.099],[7.274,48.099],[7.276,48.099],[7.275,48.098],[7.275,48.098],[7.276,48.099],[7.277,48.098],[7.277,48.1],[7.279,48.099],[7.28,48.098],[7.278,48.098],[7.278,48.097],[7.278,48.096],[7.278,48.095],[7.275,48.095],[7.276,48.095],[7.276,48.095],[7.275,48.094],[7.275,48.094],[7.275,48.094],[7.275,48.093],[7.276,48.093],[7.276,48.093],[7.277,48.092],[7.275,48.091],[7.276,48.091],[7.276,48.09],[7.276,48.09],[7.276,48.089],[7.275,48.089],[7.275,48.089],[7.277,48.089],[7.271,48.086],[7.266,48.086]],[[7.272,48.088],[7.273,48.089],[7.273,48.09],[7.274,48.09],[7.274,48.091],[7.274,48.09],[7.275,48.09],[7.275,48.091],[7.275,48.091],[7.275,48.091],[7.275,48.091],[7.275,48.092],[7.274,48.092],[7.274,48.092],[7.274,48.093],[7.273,48.093],[7.274,48.092],[7.274,48.092],[7.275,48.092],[7.275,48.091],[7.275,48.091],[7.275,48.09],[7.274,48.091],[7.272,48.091],[7.27,48.091],[7.269,48.091],[7.269,48.091],[7.269,48.091],[7.269,48.091],[7.269,48.091],[7.269,48.091],[7.269,48.091],[7.269,48.091],[7.274,48.091],[7.271,48.088],[7.271,48.089],[7.27,48.088],[7.269,48.089],[7.269,48.089],[7.269,48.088],[7.27,48.088],[7.271,48.088],[7.272,48.088]],[[7.273,48.093],[7.271,48.093],[7.27,48.093],[7.271,48.093],[7.273,48.093]],[[7.273,48.093],[7.273,48.093],[7.274,48.094],[7.274,48.094],[7.273,48.093]],[[7.274,48.088],[7.274,48.088],[7.274,48.088],[7.274,48.088]],[[7.277,48.098],[7.277,48.098],[7.277,48.098],[7.277,48.098]]],[[[7.279,48.092],[7.279,48.092],[7.279,48.092],[7.279,48.092]]],[[[7.276,48.094],[7.279,48.092],[7.279,48.092],[7.277,48.092],[7.276,48.093],[7.275,48.094],[7.276,48.094]]],[[[7.276,48.094],[7.276,48.094],[7.278,48.095],[7.278,48.095],[7.278,48.095],[7.278,48.094],[7.278,48.094],[7.278,48.094],[7.278,48.094],[7.278,48.094],[7.278,48.094],[7.278,48.093],[7.279,48.093],[7.276,48.094]]],[[[7.276,48.095],[7.277,48.095],[7.275,48.094],[7.276,48.095],[7.276,48.095]]],[[[7.27,48.096],[7.268,48.095],[7.268,48.096],[7.27,48.096],[7.27,48.095],[7.27,48.096]]],[[[7.275,48.1],[7.276,48.1],[7.276,48.1],[7.275,48.1]]],[[[7.261,48.101],[7.267,48.104],[7.279,48.103],[7.281,48.104],[7.28,48.105],[7.28,48.107],[7.283,48.107],[7.283,48.106],[7.283,48.107],[7.285,48.108],[7.285,48.107],[7.285,48.107],[7.287,48.104],[7.286,48.108],[7.295,48.107],[7.293,48.107],[7.292,48.109],[7.292,48.107],[7.286,48.108],[7.286,48.11],[7.285,48.11],[7.286,48.11],[7.286,48.11],[7.285,48.11],[7.284,48.11],[7.282,48.11],[7.282,48.111],[7.282,48.112],[7.283,48.112],[7.283,48.112],[7.283,48.112],[7.282,48.112],[7.283,48.113],[7.283,48.114],[7.285,48.114],[7.285,48.115],[7.286,48.115],[7.287,48.115],[7.288,48.115],[7.285,48.115],[7.285,48.114],[7.284,48.114],[7.282,48.114],[7.282,48.114],[7.28,48.114],[7.28,48.116],[7.283,48.117],[7.283,48.118],[7.283,48.118],[7.285,48.119],[7.285,48.119],[7.283,48.118],[7.282,48.119],[7.283,48.117],[7.276,48.115],[7.275,48.116],[7.279,48.118],[7.276,48.12],[7.275,48.119],[7.274,48.119],[7.274,48.12],[7.271,48.12],[7.274,48.122],[7.278,48.123],[7.277,48.122],[7.277,48.122],[7.278,48.121],[7.279,48.121],[7.278,48.121],[7.278,48.121],[7.279,48.119],[7.279,48.119],[7.279,48.119],[7.278,48.121],[7.279,48.121],[7.277,48.122],[7.278,48.123],[7.278,48.123],[7.278,48.123],[7.279,48.123],[7.279,48.124],[7.281,48.124],[7.282,48.123],[7.282,48.122],[7.283,48.123],[7.285,48.123],[7.288,48.118],[7.287,48.119],[7.288,48.118],[7.29,48.116],[7.289,48.115],[7.29,48.115],[7.293,48.112],[7.292,48.112],[7.291,48.109],[7.293,48.11],[7.293,48.112],[7.294,48.111],[7.297,48.109],[7.298,48.106],[7.299,48.105],[7.296,48.105],[7.295,48.105],[7.293,48.105],[7.293,48.105],[7.292,48.105],[7.291,48.106],[7.289,48.104],[7.29,48.104],[7.291,48.103],[7.289,48.101],[7.292,48.1],[7.293,48.1],[7.294,48.103],[7.293,48.103],[7.292,48.105],[7.295,48.105],[7.296,48.105],[7.298,48.105],[7.297,48.102],[7.297,48.101],[7.296,48.1],[7.293,48.099],[7.289,48.1],[7.288,48.101],[7.287,48.099],[7.288,48.095],[7.287,48.095],[7.286,48.095],[7.285,48.096],[7.285,48.096],[7.285,48.096],[7.286,48.095],[7.288,48.095],[7.286,48.094],[7.286,48.093],[7.286,48.092],[7.285,48.092],[7.285,48.092],[7.284,48.092],[7.284,48.092],[7.284,48.092],[7.284,48.091],[7.283,48.092],[7.281,48.09],[7.279,48.089],[7.278,48.091],[7.276,48.092],[7.279,48.092],[7.279,48.092],[7.279,48.091],[7.279,48.092],[7.278,48.095],[7.279,48.095],[7.282,48.096],[7.282,48.095],[7.284,48.095],[7.282,48.095],[7.282,48.095],[7.282,48.096],[7.282,48.096],[7.278,48.095],[7.278,48.096],[7.278,48.097],[7.278,48.097],[7.282,48.098],[7.283,48.1],[7.286,48.099],[7.283,48.1],[7.285,48.1],[7.285,48.101],[7.281,48.098],[7.279,48.1],[7.277,48.1],[7.276,48.1],[7.277,48.101],[7.276,48.101],[7.277,48.1],[7.272,48.101],[7.272,48.1],[7.269,48.101],[7.269,48.102],[7.269,48.102],[7.261,48.101]],[[7.292,48.1],[7.292,48.1],[7.292,48.1],[7.292,48.1]],[[7.284,48.095],[7.284,48.095],[7.284,48.095],[7.284,48.095]],[[7.279,48.103],[7.279,48.103],[7.279,48.103],[7.279,48.103]],[[7.279,48.103],[7.281,48.103],[7.282,48.104],[7.282,48.104],[7.279,48.103]],[[7.282,48.103],[7.282,48.103],[7.282,48.103],[7.282,48.103]],[[7.283,48.103],[7.282,48.103],[7.282,48.103],[7.283,48.103],[7.283,48.103]],[[7.283,48.103],[7.283,48.103],[7.283,48.103],[7.283,48.103]],[[7.284,48.101],[7.284,48.101],[7.284,48.101],[7.284,48.101]],[[7.278,48.102],[7.277,48.102],[7.277,48.101],[7.278,48.102],[7.278,48.102]],[[7.278,48.103],[7.278,48.102],[7.278,48.103],[7.278,48.103]],[[7.29,48.11],[7.29,48.112],[7.29,48.113],[7.29,48.11],[7.288,48.11],[7.286,48.11],[7.29,48.11],[7.29,48.11]],[[7.287,48.111],[7.286,48.11],[7.287,48.111],[7.287,48.111]],[[7.289,48.115],[7.289,48.115],[7.289,48.115],[7.289,48.115]],[[7.284,48.095],[7.284,48.095],[7.284,48.095],[7.284,48.095]],[[7.28,48.093],[7.283,48.094],[7.283,48.094],[7.28,48.093]],[[7.28,48.106],[7.283,48.106],[7.283,48.106],[7.281,48.106],[7.28,48.106],[7.28,48.106]],[[7.287,48.105],[7.287,48.105],[7.287,48.105],[7.287,48.105]],[[7.288,48.104],[7.288,48.104],[7.288,48.104],[7.288,48.104]],[[7.286,48.103],[7.286,48.103],[7.286,48.103],[7.286,48.103]],[[7.295,48.106],[7.295,48.106],[7.295,48.106],[7.295,48.106]],[[7.285,48.108],[7.285,48.107],[7.285,48.107],[7.285,48.108]],[[7.288,48.109],[7.288,48.109],[7.288,48.109],[7.288,48.109]]],[[[7.282,48.109],[7.282,48.109],[7.28,48.108],[7.282,48.109]]],[[[7.267,48.108],[7.271,48.108],[7.272,48.108],[7.272,48.108],[7.271,48.109],[7.274,48.111],[7.274,48.112],[7.283,48.112],[7.282,48.111],[7.282,48.11],[7.282,48.109],[7.28,48.108],[7.273,48.107],[7.267,48.107],[7.267,48.108]],[[7.275,48.108],[7.275,48.108],[7.275,48.108],[7.275,48.108]]],[[[7.277,48.112],[7.279,48.113],[7.28,48.112],[7.277,48.112]]],[[[7.281,48.112],[7.28,48.113],[7.282,48.112],[7.281,48.112]]],[[[7.269,48.12],[7.273,48.122],[7.273,48.123],[7.272,48.123],[7.273,48.123],[7.273,48.123],[7.27,48.123],[7.266,48.122],[7.266,48.123],[7.268,48.123],[7.266,48.123],[7.267,48.125],[7.271,48.124],[7.277,48.125],[7.279,48.124],[7.279,48.123],[7.278,48.123],[7.278,48.123],[7.274,48.122],[7.271,48.12],[7.269,48.12]],[[7.274,48.123],[7.274,48.122],[7.274,48.123],[7.274,48.123]]],[[[7.266,48.125],[7.267,48.125],[7.267,48.125],[7.266,48.125]]],[[[7.259,48.125],[7.259,48.127],[7.263,48.126],[7.264,48.126],[7.265,48.126],[7.266,48.126],[7.266,48.126],[7.267,48.125],[7.259,48.125]]],[[[7.269,48.125],[7.27,48.125],[7.267,48.125],[7.267,48.126],[7.27,48.126],[7.272,48.126],[7.273,48.126],[7.276,48.126],[7.277,48.126],[7.278,48.125],[7.269,48.125]],[[7.271,48.125],[7.271,48.125],[7.271,48.125],[7.271,48.125]]],[[[7.282,48.128],[7.282,48.129],[7.282,48.128],[7.282,48.128]]],[[[7.28,48.129],[7.281,48.129],[7.281,48.13],[7.282,48.129],[7.28,48.129],[7.28,48.128],[7.279,48.128],[7.28,48.129]]],[[[7.277,48.126],[7.272,48.126],[7.27,48.126],[7.266,48.126],[7.263,48.126],[7.261,48.127],[7.261,48.128],[7.265,48.129],[7.266,48.127],[7.266,48.128],[7.268,48.128],[7.27,48.13],[7.271,48.128],[7.271,48.129],[7.273,48.129],[7.275,48.13],[7.276,48.129],[7.276,48.131],[7.275,48.132],[7.276,48.132],[7.277,48.133],[7.274,48.134],[7.277,48.135],[7.278,48.133],[7.277,48.133],[7.279,48.132],[7.281,48.129],[7.277,48.129],[7.277,48.129],[7.28,48.129],[7.279,48.128],[7.28,48.127],[7.278,48.126],[7.277,48.126]],[[7.272,48.126],[7.271,48.127],[7.271,48.126],[7.272,48.126]],[[7.27,48.128],[7.27,48.127],[7.271,48.127],[7.27,48.128]]],[[[7.288,48.128],[7.283,48.128],[7.284,48.129],[7.282,48.129],[7.278,48.133],[7.282,48.133],[7.285,48.132],[7.288,48.132],[7.287,48.132],[7.283,48.132],[7.282,48.132],[7.282,48.132],[7.282,48.131],[7.286,48.131],[7.286,48.13],[7.287,48.13],[7.286,48.131],[7.289,48.13],[7.288,48.128],[7.288,48.128]]],[[[7.283,48.132],[7.283,48.132],[7.283,48.131],[7.283,48.132]]],[[[7.262,48.135],[7.261,48.135],[7.259,48.135],[7.26,48.136],[7.262,48.135]]],[[[7.269,48.138],[7.275,48.137],[7.274,48.136],[7.274,48.136],[7.274,48.135],[7.274,48.135],[7.275,48.136],[7.275,48.137],[7.281,48.137],[7.28,48.133],[7.281,48.136],[7.283,48.135],[7.286,48.134],[7.29,48.135],[7.29,48.132],[7.286,48.133],[7.285,48.132],[7.283,48.133],[7.279,48.133],[7.278,48.135],[7.274,48.134],[7.267,48.136],[7.266,48.137],[7.267,48.138],[7.269,48.138],[7.269,48.137],[7.269,48.137],[7.269,48.138]],[[7.272,48.136],[7.274,48.136],[7.274,48.136],[7.273,48.136],[7.272,48.136]]],[[[7.264,48.135],[7.264,48.136],[7.264,48.136],[7.265,48.135],[7.264,48.135]]],[[[7.259,48.137],[7.256,48.135],[7.254,48.134],[7.253,48.134],[7.254,48.135],[7.256,48.136],[7.255,48.137],[7.256,48.137],[7.257,48.138],[7.259,48.137]]],[[[7.284,48.136],[7.284,48.135],[7.283,48.135],[7.283,48.136],[7.284,48.136]]],[[[7.261,48.136],[7.262,48.137],[7.264,48.136],[7.263,48.135],[7.261,48.136]]],[[[7.251,48.142],[7.249,48.141],[7.249,48.142],[7.248,48.142],[7.25,48.143],[7.251,48.142]]],[[[7.271,48.145],[7.277,48.145],[7.277,48.143],[7.276,48.143],[7.276,48.141],[7.276,48.14],[7.28,48.137],[7.279,48.138],[7.277,48.137],[7.267,48.138],[7.266,48.139],[7.271,48.14],[7.265,48.139],[7.263,48.14],[7.263,48.142],[7.263,48.142],[7.264,48.142],[7.264,48.142],[7.271,48.145]]],[[[7.276,48.142],[7.281,48.145],[7.283,48.145],[7.284,48.144],[7.284,48.143],[7.284,48.142],[7.284,48.142],[7.284,48.141],[7.284,48.141],[7.284,48.14],[7.282,48.141],[7.281,48.139],[7.281,48.137],[7.276,48.14],[7.276,48.142]]],[[[7.252,48.142],[7.25,48.143],[7.251,48.143],[7.25,48.144],[7.252,48.144],[7.254,48.143],[7.252,48.142]]],[[[7.262,48.139],[7.261,48.145],[7.26,48.146],[7.26,48.148],[7.259,48.148],[7.261,48.149],[7.261,48.148],[7.262,48.147],[7.262,48.146],[7.263,48.145],[7.263,48.144],[7.263,48.144],[7.262,48.142],[7.264,48.142],[7.263,48.142],[7.262,48.14],[7.263,48.139],[7.262,48.139]]],[[[7.258,48.145],[7.259,48.145],[7.258,48.145],[7.258,48.145]]],[[[7.258,48.146],[7.258,48.146],[7.257,48.146],[7.258,48.146]]],[[[7.256,48.147],[7.262,48.151],[7.263,48.15],[7.261,48.15],[7.259,48.148],[7.26,48.146],[7.261,48.144],[7.26,48.143],[7.26,48.145],[7.258,48.146],[7.257,48.146],[7.258,48.146],[7.256,48.147]]],[[[7.26,48.149],[7.261,48.15],[7.263,48.149],[7.263,48.148],[7.264,48.148],[7.263,48.147],[7.264,48.146],[7.263,48.146],[7.261,48.149],[7.26,48.149]]],[[[7.261,48.151],[7.257,48.148],[7.256,48.152],[7.26,48.152],[7.261,48.151]]],[[[7.256,48.153],[7.257,48.149],[7.256,48.148],[7.255,48.149],[7.256,48.153]]],[[[7.279,48.147],[7.283,48.15],[7.283,48.149],[7.283,48.15],[7.285,48.15],[7.285,48.155],[7.284,48.156],[7.287,48.159],[7.29,48.158],[7.296,48.157],[7.295,48.155],[7.295,48.155],[7.296,48.157],[7.299,48.156],[7.3,48.159],[7.3,48.159],[7.301,48.16],[7.303,48.16],[7.303,48.158],[7.304,48.157],[7.303,48.16],[7.305,48.16],[7.309,48.16],[7.311,48.16],[7.311,48.159],[7.311,48.157],[7.311,48.156],[7.309,48.156],[7.308,48.156],[7.308,48.156],[7.308,48.156],[7.307,48.154],[7.308,48.153],[7.308,48.153],[7.305,48.149],[7.3,48.15],[7.3,48.15],[7.3,48.152],[7.3,48.15],[7.297,48.15],[7.293,48.15],[7.298,48.15],[7.305,48.148],[7.303,48.145],[7.307,48.142],[7.309,48.141],[7.308,48.141],[7.307,48.14],[7.309,48.14],[7.31,48.141],[7.31,48.141],[7.312,48.14],[7.31,48.139],[7.311,48.139],[7.312,48.14],[7.314,48.138],[7.314,48.138],[7.314,48.138],[7.315,48.138],[7.316,48.138],[7.312,48.14],[7.308,48.141],[7.309,48.143],[7.314,48.141],[7.315,48.141],[7.316,48.142],[7.316,48.143],[7.318,48.144],[7.316,48.144],[7.318,48.149],[7.321,48.148],[7.321,48.145],[7.323,48.144],[7.324,48.144],[7.324,48.142],[7.325,48.141],[7.325,48.142],[7.327,48.142],[7.326,48.14],[7.325,48.14],[7.324,48.139],[7.319,48.134],[7.315,48.134],[7.315,48.135],[7.315,48.136],[7.315,48.134],[7.314,48.134],[7.314,48.133],[7.31,48.133],[7.314,48.133],[7.314,48.134],[7.319,48.134],[7.316,48.131],[7.309,48.132],[7.309,48.131],[7.307,48.131],[7.303,48.132],[7.305,48.135],[7.304,48.135],[7.306,48.135],[7.304,48.136],[7.304,48.136],[7.306,48.136],[7.307,48.136],[7.307,48.135],[7.308,48.137],[7.308,48.136],[7.307,48.136],[7.306,48.136],[7.305,48.136],[7.304,48.136],[7.304,48.136],[7.301,48.137],[7.301,48.139],[7.303,48.139],[7.303,48.141],[7.303,48.142],[7.303,48.142],[7.303,48.141],[7.303,48.139],[7.301,48.139],[7.301,48.138],[7.3,48.138],[7.3,48.138],[7.301,48.137],[7.3,48.137],[7.299,48.138],[7.292,48.139],[7.296,48.138],[7.296,48.136],[7.299,48.136],[7.299,48.135],[7.297,48.135],[7.297,48.134],[7.296,48.134],[7.296,48.135],[7.295,48.134],[7.291,48.135],[7.291,48.135],[7.291,48.136],[7.289,48.135],[7.29,48.136],[7.289,48.138],[7.284,48.138],[7.281,48.137],[7.283,48.141],[7.284,48.14],[7.285,48.141],[7.286,48.141],[7.293,48.14],[7.288,48.141],[7.284,48.141],[7.284,48.142],[7.284,48.143],[7.285,48.147],[7.289,48.153],[7.29,48.153],[7.289,48.152],[7.292,48.153],[7.293,48.152],[7.292,48.153],[7.297,48.153],[7.301,48.153],[7.301,48.154],[7.291,48.154],[7.29,48.153],[7.29,48.154],[7.288,48.154],[7.289,48.154],[7.285,48.149],[7.284,48.144],[7.279,48.147]],[[7.308,48.156],[7.308,48.156],[7.308,48.156],[7.308,48.156]],[[7.306,48.154],[7.307,48.154],[7.307,48.154],[7.306,48.154]],[[7.293,48.15],[7.288,48.149],[7.287,48.147],[7.287,48.146],[7.289,48.145],[7.287,48.147],[7.29,48.147],[7.293,48.148],[7.3,48.147],[7.294,48.148],[7.293,48.15]],[[7.321,48.145],[7.321,48.145],[7.321,48.145],[7.321,48.145]],[[7.326,48.142],[7.326,48.142],[7.326,48.142],[7.326,48.142]],[[7.293,48.14],[7.293,48.14],[7.293,48.14],[7.293,48.14]],[[7.293,48.152],[7.293,48.152],[7.293,48.152],[7.293,48.152]],[[7.307,48.154],[7.306,48.154],[7.305,48.154],[7.305,48.154],[7.304,48.154],[7.302,48.154],[7.299,48.154],[7.299,48.154],[7.304,48.154],[7.306,48.154],[7.307,48.154]],[[7.305,48.154],[7.305,48.154],[7.305,48.154],[7.305,48.154]],[[7.304,48.154],[7.305,48.154],[7.305,48.154],[7.304,48.154]],[[7.285,48.155],[7.285,48.155],[7.285,48.155],[7.285,48.155]],[[7.285,48.155],[7.285,48.155],[7.285,48.155],[7.285,48.155]],[[7.286,48.155],[7.287,48.154],[7.287,48.154],[7.286,48.155]],[[7.288,48.154],[7.287,48.154],[7.287,48.154],[7.287,48.154],[7.288,48.154]],[[7.286,48.155],[7.286,48.155],[7.286,48.155],[7.286,48.155]],[[7.29,48.156],[7.29,48.156],[7.289,48.156],[7.29,48.156]],[[7.302,48.155],[7.303,48.155],[7.303,48.155],[7.302,48.155]],[[7.318,48.137],[7.318,48.137],[7.318,48.137],[7.318,48.137]],[[7.318,48.137],[7.318,48.137],[7.318,48.137],[7.318,48.137]],[[7.318,48.137],[7.318,48.137],[7.318,48.137],[7.318,48.137]],[[7.32,48.137],[7.32,48.138],[7.321,48.138],[7.32,48.138],[7.32,48.137],[7.32,48.137],[7.32,48.137]],[[7.283,48.138],[7.284,48.138],[7.283,48.138],[7.283,48.138]],[[7.29,48.137],[7.29,48.137],[7.291,48.137],[7.291,48.137],[7.29,48.137]],[[7.292,48.137],[7.292,48.137],[7.292,48.137],[7.292,48.137]],[[7.292,48.138],[7.292,48.138],[7.292,48.138],[7.292,48.138]],[[7.293,48.141],[7.294,48.141],[7.293,48.14],[7.293,48.141]],[[7.293,48.141],[7.294,48.142],[7.294,48.142],[7.293,48.141]],[[7.294,48.144],[7.296,48.143],[7.295,48.143],[7.294,48.144]],[[7.294,48.144],[7.294,48.145],[7.294,48.144],[7.293,48.144],[7.292,48.145],[7.291,48.144],[7.294,48.144]],[[7.294,48.145],[7.294,48.145],[7.294,48.145],[7.294,48.145]],[[7.295,48.146],[7.295,48.146],[7.295,48.146],[7.295,48.146]],[[7.296,48.136],[7.296,48.136],[7.296,48.136],[7.296,48.136]],[[7.296,48.136],[7.296,48.136],[7.296,48.136],[7.296,48.136]],[[7.296,48.135],[7.297,48.135],[7.297,48.135],[7.296,48.135]],[[7.304,48.133],[7.305,48.133],[7.304,48.133],[7.304,48.133]],[[7.305,48.133],[7.305,48.134],[7.305,48.134],[7.305,48.133]],[[7.305,48.134],[7.305,48.134],[7.305,48.134],[7.305,48.134]],[[7.305,48.133],[7.306,48.133],[7.306,48.133],[7.305,48.133]],[[7.306,48.133],[7.306,48.133],[7.306,48.133],[7.306,48.133]],[[7.306,48.134],[7.306,48.134],[7.306,48.134],[7.306,48.134]],[[7.31,48.134],[7.307,48.134],[7.31,48.134],[7.31,48.134]],[[7.317,48.14],[7.317,48.142],[7.319,48.142],[7.317,48.142],[7.317,48.143],[7.317,48.143],[7.317,48.14]],[[7.32,48.142],[7.32,48.143],[7.32,48.142],[7.32,48.142]],[[7.326,48.141],[7.326,48.14],[7.326,48.141],[7.326,48.141]]],[[[7.249,48.153],[7.25,48.154],[7.251,48.154],[7.251,48.154],[7.251,48.155],[7.253,48.153],[7.254,48.153],[7.253,48.153],[7.255,48.152],[7.255,48.149],[7.25,48.152],[7.25,48.153],[7.249,48.153]],[[7.252,48.152],[7.252,48.152],[7.252,48.152],[7.252,48.152]]],[[[7.275,47.948],[7.273,47.949],[7.273,47.949],[7.276,47.949],[7.275,47.948]]],[[[7.278,47.964],[7.28,47.964],[7.281,47.965],[7.28,47.968],[7.282,47.966],[7.283,47.966],[7.285,47.966],[7.286,47.966],[7.285,47.964],[7.286,47.962],[7.283,47.962],[7.281,47.962],[7.278,47.964]],[[7.283,47.962],[7.283,47.962],[7.283,47.962],[7.283,47.962]]],[[[7.286,47.97],[7.286,47.966],[7.282,47.967],[7.281,47.968],[7.281,47.97],[7.28,47.97],[7.281,47.972],[7.283,47.972],[7.286,47.97],[7.286,47.97]]],[[[7.273,47.97],[7.273,47.972],[7.275,47.972],[7.272,47.969],[7.272,47.968],[7.27,47.968],[7.273,47.97]]],[[[7.278,47.973],[7.28,47.973],[7.279,47.972],[7.277,47.973],[7.277,47.973],[7.277,47.973],[7.278,47.973]]],[[[7.283,47.985],[7.282,47.987],[7.282,47.987],[7.283,47.987],[7.284,47.987],[7.284,47.987],[7.286,47.987],[7.284,47.986],[7.285,47.985],[7.284,47.985],[7.284,47.984],[7.283,47.985]]],[[[7.279,47.987],[7.275,47.99],[7.275,47.99],[7.275,47.99],[7.275,47.99],[7.276,47.99],[7.276,47.99],[7.277,47.991],[7.278,47.99],[7.278,47.99],[7.276,47.991],[7.275,47.991],[7.274,47.995],[7.272,47.996],[7.275,47.997],[7.273,47.998],[7.272,48.001],[7.275,48.001],[7.275,48.001],[7.275,48.001],[7.275,48.001],[7.276,48.001],[7.276,48.0],[7.28,47.995],[7.281,47.995],[7.28,47.995],[7.279,47.996],[7.276,48.001],[7.278,48.004],[7.278,48.004],[7.278,48.003],[7.278,48.003],[7.278,48.001],[7.277,48.001],[7.278,48.001],[7.278,48.001],[7.278,48.002],[7.278,48.002],[7.278,48.002],[7.279,48.002],[7.283,48.001],[7.284,47.999],[7.284,47.998],[7.285,47.996],[7.285,47.995],[7.286,47.995],[7.286,47.994],[7.286,47.992],[7.286,47.991],[7.287,47.992],[7.288,47.991],[7.289,47.991],[7.29,47.991],[7.29,47.989],[7.288,47.987],[7.284,47.987],[7.282,47.987],[7.281,47.988],[7.282,47.987],[7.279,47.987],[7.279,47.987]],[[7.282,47.995],[7.282,47.995],[7.282,47.995],[7.282,47.995]],[[7.284,47.996],[7.284,47.996],[7.284,47.996],[7.284,47.996]],[[7.276,47.995],[7.276,47.995],[7.276,47.994],[7.276,47.995]],[[7.278,47.994],[7.277,47.995],[7.277,47.995],[7.277,47.994],[7.278,47.994]],[[7.279,47.99],[7.279,47.991],[7.28,47.991],[7.281,47.991],[7.281,47.99],[7.281,47.99],[7.281,47.99],[7.281,47.991],[7.279,47.991],[7.279,47.99]],[[7.282,47.991],[7.282,47.991],[7.282,47.991],[7.282,47.991]],[[7.285,47.991],[7.285,47.991],[7.285,47.991],[7.285,47.991]],[[7.277,47.993],[7.277,47.993],[7.278,47.993],[7.277,47.993]]],[[[7.285,47.996],[7.284,47.999],[7.288,48.001],[7.289,48.0],[7.289,47.999],[7.289,48.0],[7.292,48.0],[7.29,47.991],[7.288,47.992],[7.287,47.992],[7.286,47.992],[7.286,47.995],[7.285,47.996]],[[7.288,47.998],[7.288,47.998],[7.288,47.998],[7.288,47.998]],[[7.29,47.999],[7.29,47.999],[7.291,47.999],[7.29,47.999]]],[[[7.278,48.004],[7.279,48.004],[7.278,48.004],[7.278,48.004]]],[[[7.279,48.004],[7.277,48.006],[7.278,48.007],[7.283,48.006],[7.283,48.006],[7.284,48.007],[7.285,48.006],[7.284,48.007],[7.284,48.008],[7.285,48.009],[7.284,48.01],[7.284,48.011],[7.285,48.011],[7.285,48.012],[7.287,48.014],[7.293,48.015],[7.292,48.014],[7.292,48.012],[7.291,48.012],[7.292,48.012],[7.296,48.011],[7.298,48.011],[7.298,48.01],[7.295,48.01],[7.295,48.009],[7.294,48.009],[7.293,48.009],[7.295,48.009],[7.295,48.006],[7.29,48.007],[7.29,48.007],[7.29,48.008],[7.29,48.008],[7.29,48.007],[7.286,48.005],[7.287,48.005],[7.287,48.003],[7.288,48.002],[7.285,48.002],[7.283,48.003],[7.283,48.001],[7.279,48.002],[7.278,48.003],[7.279,48.004],[7.279,48.004]],[[7.286,48.007],[7.286,48.007],[7.284,48.007],[7.286,48.007]],[[7.282,48.004],[7.281,48.004],[7.281,48.004],[7.282,48.003],[7.282,48.004]],[[7.278,48.003],[7.278,48.002],[7.278,48.003],[7.278,48.003]],[[7.28,48.005],[7.28,48.004],[7.281,48.005],[7.28,48.005]],[[7.291,48.009],[7.291,48.01],[7.291,48.01],[7.293,48.01],[7.293,48.01],[7.291,48.01],[7.291,48.009],[7.289,48.009],[7.288,48.009],[7.291,48.009]]],[[[7.271,48.004],[7.273,48.006],[7.271,48.006],[7.271,48.007],[7.272,48.006],[7.273,48.011],[7.275,48.011],[7.275,48.012],[7.277,48.012],[7.277,48.013],[7.279,48.013],[7.277,48.015],[7.28,48.014],[7.281,48.014],[7.28,48.014],[7.28,48.013],[7.28,48.011],[7.279,48.01],[7.278,48.01],[7.278,48.01],[7.279,48.01],[7.278,48.009],[7.278,48.008],[7.277,48.007],[7.277,48.006],[7.273,48.004],[7.273,48.003],[7.271,48.004]],[[7.274,48.005],[7.274,48.005],[7.274,48.005],[7.274,48.005]],[[7.275,48.009],[7.275,48.01],[7.275,48.009],[7.275,48.009]],[[7.276,48.01],[7.276,48.01],[7.276,48.01],[7.276,48.01]],[[7.276,48.01],[7.276,48.01],[7.276,48.01],[7.276,48.01]]],[[[7.283,48.006],[7.278,48.007],[7.277,48.007],[7.278,48.008],[7.278,48.009],[7.28,48.011],[7.28,48.014],[7.281,48.013],[7.283,48.013],[7.283,48.012],[7.284,48.01],[7.283,48.006]]],[[[7.284,48.011],[7.283,48.013],[7.28,48.014],[7.277,48.015],[7.28,48.015],[7.28,48.015],[7.281,48.014],[7.281,48.015],[7.283,48.015],[7.284,48.014],[7.285,48.014],[7.287,48.014],[7.286,48.012],[7.284,48.011]]],[[[7.276,48.015],[7.275,48.016],[7.276,48.015],[7.276,48.015]]],[[[7.284,48.019],[7.284,48.018],[7.284,48.019],[7.284,48.019]]],[[[7.277,48.019],[7.279,48.018],[7.281,48.019],[7.28,48.018],[7.281,48.019],[7.283,48.018],[7.284,48.018],[7.282,48.019],[7.282,48.019],[7.283,48.019],[7.284,48.018],[7.287,48.016],[7.287,48.016],[7.287,48.015],[7.287,48.014],[7.284,48.014],[7.281,48.016],[7.281,48.014],[7.28,48.015],[7.279,48.015],[7.277,48.015],[7.275,48.016],[7.275,48.017],[7.277,48.017],[7.278,48.017],[7.275,48.017],[7.275,48.016],[7.274,48.017],[7.276,48.022],[7.275,48.023],[7.276,48.024],[7.281,48.024],[7.284,48.024],[7.285,48.023],[7.284,48.023],[7.284,48.022],[7.282,48.022],[7.283,48.023],[7.282,48.023],[7.282,48.022],[7.281,48.023],[7.278,48.023],[7.282,48.022],[7.281,48.021],[7.281,48.021],[7.279,48.021],[7.281,48.02],[7.281,48.019],[7.279,48.02],[7.279,48.019],[7.278,48.019],[7.278,48.02],[7.277,48.02],[7.277,48.019]],[[7.278,48.02],[7.278,48.02],[7.278,48.02],[7.278,48.02]],[[7.278,48.021],[7.278,48.02],[7.278,48.02],[7.278,48.021]],[[7.279,48.018],[7.279,48.017],[7.28,48.018],[7.279,48.018]],[[7.281,48.018],[7.282,48.017],[7.282,48.018],[7.281,48.018]],[[7.28,48.016],[7.28,48.018],[7.28,48.017],[7.28,48.016]],[[7.278,48.021],[7.278,48.021],[7.278,48.021],[7.278,48.021],[7.278,48.021]],[[7.278,48.02],[7.279,48.021],[7.279,48.021],[7.278,48.02]]],[[[7.282,48.021],[7.282,48.021],[7.281,48.021],[7.282,48.021]]],[[[7.284,48.024],[7.277,48.024],[7.276,48.026],[7.279,48.026],[7.281,48.026],[7.287,48.026],[7.282,48.027],[7.282,48.028],[7.281,48.03],[7.283,48.031],[7.283,48.031],[7.283,48.029],[7.283,48.029],[7.283,48.031],[7.283,48.031],[7.284,48.032],[7.285,48.032],[7.286,48.032],[7.287,48.032],[7.286,48.029],[7.285,48.029],[7.285,48.029],[7.287,48.029],[7.287,48.028],[7.287,48.028],[7.287,48.029],[7.289,48.03],[7.29,48.03],[7.29,48.029],[7.289,48.029],[7.288,48.028],[7.288,48.027],[7.288,48.027],[7.288,48.024],[7.29,48.024],[7.289,48.022],[7.284,48.024]],[[7.283,48.027],[7.283,48.028],[7.283,48.027],[7.283,48.027]]],[[[7.282,48.026],[7.281,48.026],[7.281,48.026],[7.282,48.026]]],[[[7.276,48.027],[7.28,48.029],[7.277,48.028],[7.279,48.032],[7.281,48.031],[7.281,48.03],[7.282,48.028],[7.281,48.028],[7.28,48.028],[7.282,48.028],[7.282,48.027],[7.281,48.026],[7.279,48.027],[7.278,48.026],[7.276,48.027]],[[7.28,48.03],[7.28,48.03],[7.28,48.03],[7.28,48.03]]],[[[7.287,48.029],[7.287,48.032],[7.292,48.031],[7.29,48.03],[7.287,48.029],[7.287,48.029]]],[[[7.287,48.032],[7.284,48.034],[7.285,48.032],[7.283,48.031],[7.281,48.031],[7.279,48.032],[7.277,48.033],[7.277,48.035],[7.279,48.035],[7.28,48.034],[7.278,48.034],[7.279,48.033],[7.279,48.032],[7.281,48.033],[7.281,48.035],[7.283,48.036],[7.282,48.036],[7.285,48.037],[7.284,48.035],[7.285,48.034],[7.285,48.034],[7.286,48.034],[7.288,48.034],[7.289,48.034],[7.29,48.034],[7.289,48.033],[7.289,48.033],[7.289,48.033],[7.289,48.032],[7.289,48.031],[7.287,48.032]]],[[[7.29,48.034],[7.285,48.034],[7.285,48.035],[7.289,48.035],[7.295,48.035],[7.293,48.033],[7.289,48.033],[7.29,48.034]]],[[[7.279,48.037],[7.28,48.037],[7.28,48.036],[7.279,48.036],[7.279,48.037]]],[[[7.285,48.035],[7.286,48.037],[7.288,48.037],[7.289,48.037],[7.289,48.036],[7.29,48.036],[7.287,48.036],[7.285,48.035]]],[[[7.283,48.037],[7.278,48.037],[7.278,48.039],[7.28,48.039],[7.279,48.041],[7.283,48.04],[7.284,48.04],[7.285,48.041],[7.283,48.037]],[[7.282,48.038],[7.281,48.037],[7.282,48.037],[7.282,48.038]]],[[[7.287,48.039],[7.287,48.04],[7.288,48.04],[7.288,48.041],[7.288,48.041],[7.289,48.041],[7.291,48.041],[7.292,48.04],[7.293,48.04],[7.292,48.039],[7.29,48.039],[7.288,48.039],[7.287,48.039]]],[[[7.285,48.041],[7.279,48.041],[7.279,48.042],[7.281,48.042],[7.281,48.044],[7.285,48.044],[7.283,48.044],[7.283,48.044],[7.288,48.044],[7.288,48.045],[7.292,48.045],[7.294,48.045],[7.296,48.045],[7.292,48.045],[7.287,48.045],[7.283,48.047],[7.281,48.046],[7.28,48.047],[7.281,48.048],[7.281,48.049],[7.282,48.049],[7.283,48.05],[7.285,48.05],[7.286,48.05],[7.287,48.05],[7.288,48.051],[7.288,48.048],[7.289,48.048],[7.291,48.048],[7.288,48.046],[7.288,48.046],[7.292,48.048],[7.294,48.047],[7.297,48.047],[7.297,48.046],[7.297,48.047],[7.298,48.046],[7.298,48.046],[7.299,48.046],[7.299,48.045],[7.299,48.044],[7.298,48.044],[7.297,48.043],[7.296,48.044],[7.296,48.044],[7.297,48.043],[7.296,48.043],[7.295,48.042],[7.297,48.043],[7.295,48.041],[7.292,48.041],[7.292,48.042],[7.288,48.041],[7.288,48.042],[7.288,48.042],[7.288,48.041],[7.287,48.041],[7.285,48.041],[7.285,48.042],[7.285,48.042],[7.285,48.041]],[[7.285,48.044],[7.285,48.043],[7.285,48.042],[7.285,48.044]],[[7.283,48.047],[7.284,48.047],[7.284,48.047],[7.283,48.047]],[[7.288,48.046],[7.288,48.046],[7.288,48.046],[7.288,48.046]],[[7.288,48.046],[7.288,48.046],[7.288,48.046],[7.288,48.046]],[[7.287,48.047],[7.287,48.047],[7.286,48.047],[7.287,48.047]],[[7.285,48.047],[7.285,48.047],[7.286,48.047],[7.285,48.047]],[[7.285,48.047],[7.285,48.047],[7.285,48.047],[7.285,48.047]],[[7.285,48.047],[7.284,48.047],[7.284,48.047],[7.285,48.047]],[[7.284,48.047],[7.284,48.047],[7.284,48.047],[7.284,48.047]],[[7.284,48.047],[7.284,48.047],[7.284,48.047],[7.284,48.047]],[[7.292,48.043],[7.293,48.043],[7.293,48.043],[7.292,48.043]],[[7.294,48.045],[7.287,48.044],[7.288,48.043],[7.287,48.043],[7.291,48.044],[7.294,48.045]],[[7.293,48.046],[7.293,48.046],[7.293,48.046],[7.293,48.046]]],[[[7.281,48.052],[7.28,48.053],[7.28,48.054],[7.282,48.054],[7.283,48.054],[7.282,48.054],[7.283,48.054],[7.282,48.052],[7.281,48.052]]],[[[7.285,48.05],[7.284,48.053],[7.285,48.053],[7.289,48.054],[7.289,48.053],[7.29,48.054],[7.291,48.054],[7.292,48.055],[7.293,48.056],[7.291,48.055],[7.286,48.054],[7.282,48.055],[7.284,48.056],[7.286,48.057],[7.286,48.058],[7.286,48.057],[7.286,48.059],[7.287,48.059],[7.285,48.059],[7.284,48.06],[7.285,48.06],[7.283,48.06],[7.285,48.059],[7.282,48.059],[7.281,48.06],[7.282,48.06],[7.282,48.062],[7.284,48.06],[7.283,48.062],[7.284,48.062],[7.283,48.063],[7.285,48.063],[7.285,48.062],[7.285,48.063],[7.284,48.064],[7.285,48.065],[7.283,48.066],[7.282,48.065],[7.282,48.065],[7.282,48.066],[7.282,48.066],[7.282,48.067],[7.282,48.067],[7.286,48.07],[7.287,48.069],[7.29,48.069],[7.288,48.069],[7.29,48.068],[7.294,48.068],[7.297,48.067],[7.294,48.064],[7.294,48.064],[7.294,48.063],[7.293,48.063],[7.292,48.064],[7.291,48.064],[7.291,48.064],[7.291,48.064],[7.291,48.064],[7.293,48.066],[7.293,48.067],[7.293,48.067],[7.294,48.067],[7.294,48.067],[7.294,48.067],[7.294,48.067],[7.292,48.067],[7.291,48.066],[7.291,48.067],[7.287,48.068],[7.291,48.066],[7.289,48.066],[7.288,48.066],[7.289,48.066],[7.287,48.065],[7.287,48.065],[7.287,48.064],[7.287,48.064],[7.286,48.063],[7.286,48.063],[7.286,48.063],[7.286,48.063],[7.286,48.063],[7.287,48.064],[7.288,48.063],[7.29,48.063],[7.29,48.062],[7.291,48.064],[7.291,48.064],[7.292,48.063],[7.294,48.063],[7.29,48.06],[7.294,48.063],[7.296,48.062],[7.295,48.061],[7.295,48.061],[7.295,48.06],[7.29,48.06],[7.295,48.06],[7.295,48.059],[7.293,48.059],[7.293,48.058],[7.293,48.058],[7.291,48.059],[7.289,48.058],[7.288,48.059],[7.288,48.059],[7.289,48.058],[7.291,48.059],[7.293,48.058],[7.293,48.058],[7.292,48.057],[7.294,48.058],[7.294,48.059],[7.295,48.059],[7.295,48.054],[7.295,48.054],[7.294,48.053],[7.292,48.052],[7.29,48.052],[7.29,48.052],[7.29,48.052],[7.287,48.05],[7.286,48.05],[7.285,48.05]],[[7.287,48.058],[7.287,48.058],[7.287,48.058],[7.287,48.058]],[[7.287,48.058],[7.288,48.058],[7.287,48.058],[7.287,48.058]],[[7.288,48.058],[7.288,48.058],[7.288,48.058],[7.288,48.058]],[[7.288,48.058],[7.288,48.058],[7.288,48.058],[7.288,48.058]],[[7.289,48.058],[7.289,48.058],[7.289,48.058],[7.289,48.058]],[[7.289,48.058],[7.289,48.058],[7.289,48.058],[7.289,48.058]],[[7.289,48.058],[7.289,48.058],[7.289,48.058],[7.289,48.058]],[[7.289,48.058],[7.289,48.058],[7.289,48.058],[7.289,48.058]],[[7.289,48.058],[7.289,48.058],[7.289,48.058],[7.289,48.058]],[[7.289,48.058],[7.289,48.058],[7.289,48.058],[7.289,48.058]],[[7.286,48.066],[7.285,48.066],[7.284,48.066],[7.285,48.066],[7.286,48.066]],[[7.285,48.068],[7.285,48.069],[7.285,48.069],[7.285,48.068],[7.285,48.068],[7.285,48.068]],[[7.287,48.068],[7.286,48.068],[7.286,48.068],[7.287,48.068]],[[7.289,48.062],[7.288,48.061],[7.287,48.061],[7.286,48.06],[7.288,48.061],[7.289,48.062]],[[7.287,48.066],[7.287,48.066],[7.287,48.066],[7.288,48.066],[7.287,48.066]],[[7.287,48.068],[7.287,48.068],[7.287,48.068],[7.287,48.068]],[[7.291,48.059],[7.291,48.059],[7.291,48.059],[7.291,48.059],[7.291,48.059]],[[7.291,48.059],[7.291,48.059],[7.291,48.059],[7.291,48.059]],[[7.295,48.066],[7.295,48.066],[7.295,48.066],[7.295,48.066]]],[[[7.283,48.063],[7.283,48.065],[7.284,48.065],[7.284,48.064],[7.284,48.063],[7.283,48.063]]],[[[7.281,48.065],[7.282,48.065],[7.281,48.065],[7.281,48.065]]],[[[7.287,48.064],[7.289,48.066],[7.293,48.067],[7.29,48.063],[7.287,48.064]]],[[[7.28,48.065],[7.28,48.068],[7.281,48.071],[7.282,48.071],[7.283,48.068],[7.281,48.067],[7.282,48.066],[7.282,48.065],[7.28,48.065]]],[[[7.292,48.069],[7.293,48.068],[7.292,48.068],[7.292,48.069]]],[[[7.293,48.069],[7.291,48.069],[7.292,48.071],[7.292,48.07],[7.294,48.071],[7.294,48.07],[7.293,48.069]]],[[[7.289,48.07],[7.29,48.071],[7.289,48.07],[7.289,48.07]]],[[[7.287,48.071],[7.287,48.072],[7.289,48.072],[7.288,48.069],[7.287,48.071]]],[[[7.29,48.07],[7.291,48.071],[7.29,48.07],[7.29,48.07]]],[[[7.293,48.071],[7.293,48.071],[7.293,48.071],[7.293,48.071]]],[[[7.284,48.076],[7.283,48.075],[7.284,48.076],[7.284,48.076]]],[[[7.283,48.076],[7.282,48.075],[7.283,48.076],[7.283,48.076]]],[[[7.277,48.081],[7.276,48.082],[7.277,48.082],[7.278,48.081],[7.278,48.082],[7.279,48.082],[7.28,48.082],[7.28,48.082],[7.281,48.081],[7.283,48.081],[7.283,48.08],[7.283,48.08],[7.282,48.08],[7.281,48.08],[7.28,48.08],[7.278,48.079],[7.281,48.08],[7.283,48.079],[7.283,48.079],[7.285,48.078],[7.283,48.079],[7.284,48.082],[7.286,48.082],[7.287,48.081],[7.285,48.081],[7.284,48.081],[7.285,48.08],[7.287,48.081],[7.287,48.081],[7.289,48.081],[7.291,48.081],[7.292,48.081],[7.294,48.081],[7.297,48.081],[7.299,48.081],[7.3,48.082],[7.292,48.081],[7.289,48.081],[7.287,48.081],[7.287,48.084],[7.288,48.083],[7.288,48.083],[7.289,48.083],[7.289,48.083],[7.291,48.084],[7.296,48.084],[7.296,48.082],[7.296,48.084],[7.301,48.085],[7.301,48.084],[7.302,48.084],[7.301,48.085],[7.302,48.085],[7.304,48.084],[7.304,48.083],[7.305,48.084],[7.305,48.083],[7.306,48.083],[7.304,48.082],[7.303,48.082],[7.302,48.08],[7.306,48.08],[7.302,48.081],[7.306,48.082],[7.305,48.082],[7.306,48.083],[7.312,48.083],[7.311,48.075],[7.306,48.075],[7.311,48.074],[7.31,48.069],[7.31,48.07],[7.306,48.07],[7.305,48.069],[7.304,48.07],[7.303,48.07],[7.302,48.072],[7.301,48.072],[7.301,48.073],[7.3,48.073],[7.3,48.072],[7.298,48.072],[7.298,48.072],[7.298,48.074],[7.299,48.074],[7.3,48.074],[7.302,48.073],[7.303,48.073],[7.3,48.074],[7.298,48.074],[7.298,48.075],[7.298,48.076],[7.298,48.074],[7.293,48.076],[7.282,48.076],[7.279,48.078],[7.274,48.078],[7.272,48.079],[7.273,48.079],[7.274,48.079],[7.274,48.08],[7.273,48.08],[7.272,48.079],[7.271,48.081],[7.276,48.082],[7.276,48.08],[7.277,48.08],[7.279,48.081],[7.279,48.081],[7.279,48.081],[7.277,48.081]],[[7.306,48.082],[7.306,48.081],[7.306,48.081],[7.306,48.082],[7.306,48.083],[7.306,48.082]],[[7.306,48.078],[7.306,48.078],[7.306,48.078],[7.306,48.078]],[[7.306,48.077],[7.306,48.077],[7.306,48.077],[7.306,48.077]],[[7.306,48.074],[7.306,48.074],[7.306,48.075],[7.306,48.074]],[[7.306,48.074],[7.306,48.074],[7.306,48.074],[7.306,48.074]],[[7.306,48.074],[7.306,48.073],[7.306,48.073],[7.306,48.074]],[[7.275,48.08],[7.274,48.08],[7.274,48.08],[7.275,48.08]],[[7.275,48.08],[7.276,48.08],[7.276,48.08],[7.276,48.08],[7.275,48.08]],[[7.301,48.082],[7.301,48.082],[7.301,48.082],[7.301,48.082]],[[7.302,48.082],[7.302,48.082],[7.302,48.082],[7.302,48.082]]],[[[7.285,48.082],[7.286,48.083],[7.286,48.082],[7.285,48.082]]],[[[7.283,48.084],[7.282,48.084],[7.282,48.085],[7.284,48.085],[7.283,48.085],[7.284,48.085],[7.285,48.084],[7.285,48.085],[7.286,48.085],[7.287,48.084],[7.285,48.084],[7.285,48.083],[7.284,48.083],[7.283,48.084]]],[[[7.285,48.089],[7.284,48.089],[7.284,48.089],[7.285,48.089]]],[[[7.283,48.089],[7.283,48.089],[7.284,48.089],[7.283,48.089]]],[[[7.281,48.088],[7.282,48.09],[7.283,48.089],[7.281,48.088]]],[[[7.283,48.091],[7.283,48.09],[7.283,48.09],[7.283,48.091]]],[[[7.286,48.09],[7.286,48.09],[7.285,48.09],[7.285,48.09],[7.286,48.09]]],[[[7.284,48.091],[7.284,48.09],[7.284,48.09],[7.284,48.09],[7.284,48.091]]],[[[7.286,48.091],[7.285,48.09],[7.285,48.091],[7.286,48.091]]],[[[7.282,48.091],[7.282,48.091],[7.283,48.091],[7.282,48.091]]],[[[7.283,48.091],[7.283,48.091],[7.283,48.091],[7.283,48.091]]],[[[7.284,48.091],[7.284,48.091],[7.284,48.091],[7.284,48.091]]],[[[7.284,48.091],[7.286,48.092],[7.286,48.091],[7.284,48.091]]],[[[7.296,48.092],[7.287,48.09],[7.287,48.091],[7.286,48.091],[7.286,48.092],[7.286,48.092],[7.287,48.092],[7.286,48.092],[7.288,48.095],[7.289,48.095],[7.291,48.096],[7.293,48.096],[7.296,48.096],[7.299,48.098],[7.3,48.097],[7.3,48.096],[7.302,48.096],[7.301,48.095],[7.3,48.095],[7.299,48.093],[7.296,48.092]],[[7.291,48.093],[7.289,48.094],[7.289,48.094],[7.29,48.093],[7.291,48.093]],[[7.293,48.092],[7.293,48.092],[7.293,48.092],[7.293,48.092]],[[7.288,48.091],[7.288,48.092],[7.288,48.091],[7.288,48.091]],[[7.299,48.097],[7.299,48.097],[7.299,48.097],[7.299,48.097]]],[[[7.288,48.095],[7.288,48.101],[7.293,48.099],[7.295,48.099],[7.295,48.098],[7.297,48.098],[7.296,48.096],[7.29,48.096],[7.289,48.095],[7.288,48.095]]],[[[7.285,48.109],[7.286,48.108],[7.285,48.108],[7.285,48.109]]],[[[7.282,48.109],[7.284,48.11],[7.286,48.11],[7.285,48.109],[7.282,48.109]]],[[[7.294,48.111],[7.296,48.111],[7.297,48.109],[7.294,48.111]]],[[[7.289,48.118],[7.29,48.117],[7.29,48.117],[7.289,48.118]]],[[[7.296,48.123],[7.295,48.121],[7.295,48.12],[7.293,48.12],[7.292,48.121],[7.291,48.122],[7.291,48.123],[7.289,48.124],[7.29,48.123],[7.291,48.122],[7.294,48.119],[7.296,48.113],[7.296,48.114],[7.298,48.114],[7.299,48.114],[7.299,48.114],[7.296,48.114],[7.294,48.119],[7.293,48.12],[7.303,48.119],[7.302,48.116],[7.296,48.117],[7.302,48.116],[7.302,48.116],[7.302,48.116],[7.301,48.115],[7.299,48.114],[7.299,48.114],[7.302,48.116],[7.302,48.115],[7.302,48.112],[7.302,48.112],[7.301,48.112],[7.294,48.111],[7.29,48.116],[7.29,48.119],[7.29,48.118],[7.286,48.121],[7.287,48.122],[7.285,48.123],[7.286,48.123],[7.286,48.123],[7.288,48.123],[7.287,48.124],[7.285,48.124],[7.288,48.126],[7.288,48.127],[7.291,48.128],[7.301,48.129],[7.301,48.127],[7.302,48.123],[7.293,48.125],[7.292,48.126],[7.289,48.126],[7.296,48.124],[7.296,48.123]],[[7.299,48.111],[7.298,48.111],[7.298,48.111],[7.299,48.111]],[[7.292,48.118],[7.292,48.118],[7.292,48.118],[7.292,48.118]],[[7.288,48.126],[7.288,48.126],[7.288,48.126],[7.288,48.126]],[[7.289,48.125],[7.288,48.126],[7.288,48.125],[7.289,48.125]]],[[[7.286,48.123],[7.285,48.123],[7.286,48.123],[7.286,48.123]]],[[[7.284,48.128],[7.287,48.127],[7.287,48.127],[7.287,48.127],[7.287,48.127],[7.286,48.127],[7.286,48.127],[7.287,48.126],[7.287,48.126],[7.285,48.126],[7.285,48.127],[7.283,48.128],[7.283,48.128],[7.284,48.128],[7.284,48.128]],[[7.285,48.127],[7.285,48.127],[7.285,48.127],[7.285,48.127]]],[[[7.287,48.128],[7.287,48.128],[7.287,48.128],[7.287,48.128]]],[[[7.29,48.132],[7.29,48.135],[7.292,48.135],[7.294,48.134],[7.293,48.133],[7.301,48.132],[7.302,48.131],[7.301,48.132],[7.301,48.13],[7.295,48.13],[7.291,48.131],[7.294,48.131],[7.292,48.131],[7.293,48.131],[7.29,48.132]],[[7.293,48.133],[7.297,48.131],[7.298,48.131],[7.293,48.133],[7.293,48.132],[7.293,48.133]]],[[[7.287,48.134],[7.286,48.135],[7.287,48.134],[7.287,48.134]]],[[[7.286,48.134],[7.285,48.135],[7.286,48.135],[7.286,48.134]]],[[[7.297,48.136],[7.297,48.137],[7.298,48.137],[7.297,48.136]]],[[[7.288,48.16],[7.291,48.164],[7.293,48.164],[7.294,48.162],[7.295,48.163],[7.296,48.163],[7.292,48.158],[7.29,48.158],[7.288,48.16]],[[7.289,48.159],[7.289,48.159],[7.289,48.159],[7.289,48.159]]],[[[7.299,48.165],[7.299,48.165],[7.299,48.165],[7.299,48.165]]],[[[7.295,48.165],[7.295,48.166],[7.295,48.165],[7.295,48.165]]],[[[7.297,48.165],[7.297,48.165],[7.299,48.165],[7.299,48.165],[7.297,48.165]]],[[[7.3,48.165],[7.301,48.165],[7.301,48.165],[7.3,48.165]]],[[[7.296,48.166],[7.295,48.166],[7.296,48.166],[7.296,48.166]]],[[[7.29,48.164],[7.289,48.165],[7.29,48.167],[7.292,48.167],[7.29,48.168],[7.291,48.169],[7.292,48.168],[7.294,48.168],[7.294,48.167],[7.293,48.167],[7.292,48.167],[7.294,48.166],[7.294,48.165],[7.293,48.165],[7.294,48.165],[7.294,48.164],[7.295,48.164],[7.295,48.165],[7.295,48.165],[7.295,48.164],[7.295,48.163],[7.29,48.164]]],[[[7.295,48.166],[7.295,48.167],[7.295,48.167],[7.295,48.167],[7.295,48.166]]],[[[7.293,48.17],[7.295,48.167],[7.291,48.169],[7.293,48.17]]],[[[7.295,48.172],[7.293,48.171],[7.294,48.173],[7.295,48.172]]],[[[7.298,48.177],[7.302,48.178],[7.303,48.179],[7.305,48.179],[7.307,48.179],[7.308,48.179],[7.31,48.177],[7.313,48.178],[7.315,48.178],[7.314,48.177],[7.315,48.175],[7.313,48.175],[7.313,48.175],[7.31,48.175],[7.309,48.175],[7.306,48.174],[7.305,48.176],[7.304,48.176],[7.304,48.176],[7.305,48.178],[7.306,48.178],[7.307,48.179],[7.304,48.178],[7.304,48.176],[7.303,48.176],[7.302,48.175],[7.3,48.176],[7.298,48.175],[7.298,48.177]],[[7.299,48.176],[7.299,48.176],[7.299,48.176],[7.299,48.176]]],[[[7.299,48.18],[7.3,48.181],[7.301,48.18],[7.299,48.18]]],[[[7.305,48.347],[7.305,48.347],[7.305,48.347],[7.305,48.347]]],[[[7.305,48.347],[7.305,48.348],[7.306,48.348],[7.305,48.347]]],[[[7.305,48.352],[7.308,48.354],[7.312,48.355],[7.31,48.353],[7.311,48.352],[7.309,48.349],[7.306,48.351],[7.304,48.351],[7.305,48.352]],[[7.306,48.352],[7.306,48.352],[7.306,48.352],[7.306,48.352]],[[7.306,48.351],[7.306,48.351],[7.306,48.352],[7.306,48.351]]],[[[7.311,48.355],[7.308,48.356],[7.312,48.356],[7.311,48.355]]],[[[7.317,48.357],[7.313,48.356],[7.309,48.358],[7.308,48.36],[7.309,48.362],[7.312,48.362],[7.314,48.36],[7.318,48.359],[7.317,48.359],[7.315,48.359],[7.317,48.358],[7.317,48.357],[7.316,48.358],[7.316,48.358],[7.314,48.358],[7.312,48.359],[7.314,48.358],[7.317,48.357],[7.314,48.358],[7.317,48.357]],[[7.308,48.36],[7.308,48.36],[7.308,48.36],[7.308,48.36]],[[7.313,48.357],[7.313,48.357],[7.313,48.357],[7.313,48.357]]],[[[7.289,47.955],[7.288,47.955],[7.287,47.955],[7.288,47.955],[7.289,47.955]]],[[[7.285,47.964],[7.286,47.97],[7.287,47.97],[7.29,47.97],[7.294,47.969],[7.294,47.966],[7.294,47.966],[7.294,47.969],[7.294,47.969],[7.3,47.969],[7.299,47.966],[7.3,47.966],[7.299,47.965],[7.298,47.964],[7.299,47.964],[7.298,47.962],[7.295,47.962],[7.295,47.963],[7.295,47.963],[7.293,47.964],[7.293,47.962],[7.291,47.962],[7.293,47.964],[7.293,47.964],[7.293,47.964],[7.293,47.964],[7.291,47.962],[7.289,47.963],[7.285,47.964]]],[[[7.293,47.976],[7.295,47.976],[7.295,47.969],[7.294,47.969],[7.293,47.976]]],[[[7.295,47.976],[7.294,47.976],[7.294,47.977],[7.295,47.976]]],[[[7.295,47.979],[7.295,47.978],[7.294,47.979],[7.295,47.979]]],[[[7.295,47.979],[7.294,47.979],[7.294,47.98],[7.295,47.979]]],[[[7.292,47.981],[7.293,47.981],[7.293,47.981],[7.292,47.981]]],[[[7.289,47.981],[7.283,47.982],[7.283,47.984],[7.289,47.981],[7.289,47.982],[7.289,47.982],[7.29,47.982],[7.29,47.981],[7.289,47.981],[7.289,47.981]]],[[[7.289,47.983],[7.29,47.984],[7.29,47.983],[7.289,47.983]]],[[[7.288,47.984],[7.289,47.984],[7.288,47.984],[7.288,47.984]]],[[[7.29,47.985],[7.289,47.985],[7.289,47.986],[7.29,47.986],[7.29,47.985]]],[[[7.289,47.986],[7.288,47.985],[7.288,47.986],[7.289,47.986]]],[[[7.294,47.989],[7.295,47.99],[7.296,47.99],[7.294,47.989]]],[[[7.288,48.001],[7.288,48.002],[7.291,48.002],[7.29,48.0],[7.288,48.001]]],[[[7.288,48.002],[7.289,48.003],[7.289,48.002],[7.288,48.002],[7.288,48.002]]],[[[7.288,48.003],[7.287,48.005],[7.289,48.006],[7.289,48.003],[7.288,48.003]]],[[[7.287,48.014],[7.287,48.016],[7.286,48.017],[7.284,48.018],[7.285,48.018],[7.283,48.019],[7.284,48.021],[7.286,48.021],[7.284,48.022],[7.285,48.023],[7.289,48.022],[7.291,48.02],[7.294,48.018],[7.292,48.018],[7.292,48.016],[7.29,48.016],[7.292,48.016],[7.292,48.018],[7.294,48.018],[7.299,48.017],[7.293,48.015],[7.293,48.015],[7.287,48.014],[7.287,48.014]]],[[[7.298,48.018],[7.297,48.019],[7.297,48.019],[7.298,48.019],[7.298,48.018]]],[[[7.294,48.019],[7.295,48.019],[7.295,48.018],[7.294,48.019]]],[[[7.294,48.021],[7.292,48.022],[7.292,48.022],[7.293,48.021],[7.296,48.02],[7.296,48.019],[7.295,48.02],[7.293,48.019],[7.291,48.02],[7.289,48.022],[7.29,48.024],[7.297,48.023],[7.297,48.022],[7.297,48.021],[7.296,48.02],[7.294,48.021],[7.294,48.021],[7.295,48.021],[7.295,48.023],[7.294,48.021]],[[7.292,48.024],[7.292,48.024],[7.292,48.024],[7.292,48.024]]],[[[7.296,48.023],[7.29,48.024],[7.29,48.026],[7.29,48.026],[7.29,48.026],[7.292,48.026],[7.296,48.026],[7.296,48.026],[7.298,48.026],[7.298,48.023],[7.296,48.023]],[[7.295,48.025],[7.295,48.025],[7.295,48.025],[7.295,48.025]]],[[[7.288,48.024],[7.288,48.026],[7.288,48.026],[7.289,48.026],[7.288,48.026],[7.288,48.027],[7.288,48.028],[7.29,48.029],[7.29,48.029],[7.29,48.03],[7.29,48.03],[7.291,48.031],[7.293,48.032],[7.292,48.031],[7.289,48.031],[7.289,48.033],[7.289,48.033],[7.29,48.033],[7.29,48.033],[7.293,48.033],[7.294,48.034],[7.294,48.033],[7.295,48.031],[7.293,48.03],[7.295,48.03],[7.294,48.03],[7.294,48.029],[7.295,48.029],[7.294,48.029],[7.295,48.031],[7.295,48.035],[7.297,48.036],[7.297,48.037],[7.298,48.036],[7.298,48.036],[7.298,48.035],[7.298,48.035],[7.298,48.032],[7.298,48.032],[7.298,48.031],[7.296,48.031],[7.298,48.031],[7.3,48.032],[7.3,48.031],[7.3,48.031],[7.299,48.03],[7.299,48.03],[7.299,48.03],[7.298,48.03],[7.298,48.03],[7.298,48.03],[7.297,48.029],[7.297,48.029],[7.298,48.03],[7.298,48.03],[7.299,48.03],[7.299,48.03],[7.3,48.031],[7.301,48.031],[7.3,48.031],[7.3,48.032],[7.301,48.032],[7.3,48.032],[7.3,48.033],[7.301,48.034],[7.301,48.034],[7.298,48.034],[7.298,48.035],[7.298,48.035],[7.298,48.036],[7.298,48.037],[7.301,48.036],[7.303,48.037],[7.303,48.032],[7.304,48.032],[7.304,48.035],[7.307,48.035],[7.307,48.034],[7.307,48.032],[7.307,48.032],[7.307,48.032],[7.308,48.032],[7.309,48.032],[7.312,48.032],[7.311,48.031],[7.308,48.031],[7.308,48.03],[7.307,48.03],[7.307,48.03],[7.306,48.03],[7.306,48.031],[7.306,48.032],[7.306,48.031],[7.306,48.03],[7.306,48.029],[7.304,48.029],[7.303,48.029],[7.303,48.03],[7.303,48.031],[7.303,48.029],[7.301,48.029],[7.301,48.03],[7.301,48.028],[7.299,48.027],[7.297,48.027],[7.296,48.028],[7.296,48.027],[7.295,48.029],[7.294,48.028],[7.294,48.028],[7.294,48.028],[7.293,48.028],[7.292,48.028],[7.291,48.027],[7.29,48.027],[7.29,48.027],[7.289,48.027],[7.289,48.027],[7.294,48.028],[7.295,48.029],[7.296,48.027],[7.297,48.027],[7.299,48.027],[7.296,48.026],[7.292,48.026],[7.29,48.027],[7.29,48.024],[7.288,48.024]],[[7.289,48.027],[7.289,48.027],[7.289,48.027],[7.289,48.027]],[[7.297,48.029],[7.297,48.029],[7.297,48.029],[7.297,48.029]],[[7.295,48.029],[7.295,48.029],[7.296,48.029],[7.295,48.029]],[[7.289,48.026],[7.289,48.026],[7.289,48.026],[7.289,48.026]],[[7.294,48.028],[7.294,48.028],[7.294,48.028],[7.294,48.028]],[[7.302,48.031],[7.301,48.031],[7.301,48.031],[7.302,48.031]],[[7.302,48.032],[7.302,48.032],[7.302,48.032],[7.302,48.032]],[[7.303,48.032],[7.303,48.032],[7.303,48.032],[7.303,48.032],[7.303,48.032]],[[7.303,48.032],[7.303,48.032],[7.303,48.032],[7.303,48.032]],[[7.304,48.032],[7.303,48.032],[7.304,48.032],[7.304,48.032]],[[7.305,48.032],[7.305,48.032],[7.305,48.032],[7.305,48.032]],[[7.305,48.032],[7.305,48.032],[7.305,48.032],[7.305,48.032]],[[7.305,48.032],[7.305,48.032],[7.305,48.032],[7.305,48.032]],[[7.306,48.032],[7.306,48.032],[7.306,48.032],[7.306,48.032]],[[7.306,48.032],[7.306,48.032],[7.307,48.032],[7.306,48.032]],[[7.299,48.03],[7.299,48.03],[7.299,48.03],[7.299,48.03]]],[[[7.298,48.031],[7.298,48.034],[7.301,48.034],[7.3,48.032],[7.3,48.032],[7.298,48.031]]],[[[7.287,48.035],[7.29,48.036],[7.289,48.037],[7.29,48.037],[7.291,48.038],[7.292,48.038],[7.294,48.038],[7.294,48.038],[7.294,48.035],[7.287,48.035]]],[[[7.294,48.035],[7.294,48.038],[7.295,48.038],[7.297,48.038],[7.298,48.039],[7.299,48.039],[7.296,48.036],[7.294,48.035]]],[[[7.288,48.037],[7.283,48.038],[7.285,48.041],[7.288,48.041],[7.288,48.04],[7.287,48.04],[7.287,48.039],[7.286,48.039],[7.286,48.038],[7.286,48.038],[7.285,48.038],[7.285,48.038],[7.285,48.038],[7.285,48.038],[7.286,48.038],[7.286,48.038],[7.287,48.039],[7.287,48.039],[7.291,48.039],[7.293,48.039],[7.293,48.04],[7.295,48.04],[7.295,48.04],[7.297,48.041],[7.299,48.041],[7.299,48.039],[7.298,48.039],[7.296,48.038],[7.296,48.04],[7.296,48.038],[7.295,48.038],[7.292,48.038],[7.288,48.037]]],[[[7.292,48.04],[7.292,48.041],[7.295,48.041],[7.298,48.043],[7.298,48.042],[7.297,48.042],[7.297,48.041],[7.297,48.041],[7.297,48.041],[7.295,48.04],[7.292,48.04]]],[[[7.301,48.044],[7.301,48.044],[7.3,48.044],[7.301,48.044]]],[[[7.3,48.044],[7.299,48.044],[7.3,48.044],[7.3,48.044]]],[[[7.297,48.047],[7.292,48.048],[7.288,48.048],[7.288,48.051],[7.293,48.053],[7.294,48.053],[7.295,48.053],[7.295,48.052],[7.295,48.05],[7.295,48.049],[7.295,48.048],[7.294,48.048],[7.294,48.048],[7.294,48.048],[7.294,48.048],[7.299,48.049],[7.299,48.048],[7.299,48.047],[7.298,48.046],[7.297,48.047]],[[7.293,48.048],[7.293,48.048],[7.293,48.048],[7.293,48.048]],[[7.293,48.048],[7.293,48.048],[7.293,48.048],[7.293,48.048]]],[[[7.299,48.046],[7.299,48.049],[7.295,48.049],[7.295,48.053],[7.298,48.054],[7.298,48.053],[7.3,48.052],[7.3,48.053],[7.305,48.054],[7.304,48.057],[7.306,48.057],[7.306,48.055],[7.31,48.054],[7.311,48.051],[7.308,48.051],[7.311,48.051],[7.311,48.049],[7.309,48.05],[7.307,48.048],[7.308,48.049],[7.307,48.049],[7.307,48.05],[7.307,48.051],[7.307,48.051],[7.307,48.048],[7.304,48.048],[7.304,48.05],[7.304,48.051],[7.304,48.052],[7.305,48.053],[7.305,48.053],[7.304,48.053],[7.302,48.053],[7.305,48.053],[7.303,48.05],[7.304,48.05],[7.303,48.047],[7.304,48.047],[7.304,48.045],[7.305,48.045],[7.305,48.044],[7.301,48.044],[7.302,48.046],[7.301,48.045],[7.301,48.044],[7.299,48.045],[7.299,48.046],[7.3,48.046],[7.302,48.046],[7.302,48.05],[7.301,48.051],[7.302,48.051],[7.301,48.051],[7.301,48.05],[7.3,48.05],[7.3,48.05],[7.3,48.05],[7.299,48.05],[7.299,48.05],[7.299,48.05],[7.301,48.05],[7.301,48.046],[7.299,48.046]],[[7.303,48.05],[7.303,48.05],[7.303,48.05],[7.303,48.05]],[[7.303,48.045],[7.304,48.044],[7.304,48.045],[7.303,48.045]],[[7.305,48.051],[7.305,48.051],[7.305,48.051],[7.305,48.051]],[[7.306,48.051],[7.305,48.051],[7.305,48.051],[7.306,48.051],[7.306,48.051]],[[7.306,48.051],[7.306,48.051],[7.306,48.051],[7.306,48.051]],[[7.306,48.051],[7.306,48.051],[7.306,48.051],[7.306,48.051]],[[7.307,48.051],[7.307,48.051],[7.307,48.051],[7.307,48.051]]],[[[7.299,48.054],[7.3,48.053],[7.299,48.054],[7.299,48.054]]],[[[7.296,48.057],[7.297,48.054],[7.295,48.054],[7.296,48.055],[7.295,48.056],[7.296,48.057]]],[[[7.301,48.056],[7.301,48.055],[7.3,48.054],[7.299,48.056],[7.301,48.056]]],[[[7.301,48.056],[7.302,48.056],[7.301,48.056],[7.301,48.056]]],[[[7.299,48.057],[7.3,48.057],[7.301,48.057],[7.299,48.057]]],[[[7.3,48.058],[7.3,48.057],[7.3,48.058],[7.3,48.058]]],[[[7.295,48.059],[7.296,48.059],[7.298,48.058],[7.296,48.058],[7.296,48.058],[7.295,48.058],[7.295,48.059]]],[[[7.297,48.059],[7.296,48.06],[7.298,48.06],[7.298,48.06],[7.298,48.059],[7.297,48.059],[7.297,48.059]]],[[[7.295,48.059],[7.296,48.062],[7.297,48.062],[7.298,48.061],[7.296,48.061],[7.297,48.059],[7.296,48.059],[7.295,48.059]]],[[[7.299,48.06],[7.298,48.062],[7.302,48.063],[7.302,48.061],[7.299,48.06]]],[[[7.298,48.064],[7.3,48.065],[7.302,48.063],[7.3,48.065],[7.298,48.064],[7.298,48.065],[7.297,48.066],[7.298,48.069],[7.301,48.068],[7.303,48.064],[7.302,48.067],[7.309,48.068],[7.307,48.063],[7.306,48.063],[7.306,48.062],[7.304,48.062],[7.303,48.062],[7.304,48.062],[7.3,48.059],[7.299,48.059],[7.298,48.06],[7.302,48.061],[7.302,48.063],[7.302,48.063],[7.298,48.062],[7.298,48.064]],[[7.302,48.063],[7.302,48.063],[7.302,48.063],[7.302,48.063]],[[7.302,48.063],[7.302,48.063],[7.302,48.063],[7.302,48.063]],[[7.303,48.064],[7.303,48.064],[7.303,48.064],[7.303,48.064]],[[7.304,48.064],[7.304,48.064],[7.304,48.064],[7.304,48.064]],[[7.305,48.064],[7.305,48.064],[7.305,48.064],[7.305,48.064]],[[7.305,48.064],[7.306,48.063],[7.306,48.063],[7.305,48.064]],[[7.306,48.063],[7.306,48.063],[7.306,48.063],[7.306,48.063]],[[7.302,48.063],[7.302,48.063],[7.302,48.063],[7.302,48.063]]],[[[7.297,48.062],[7.294,48.064],[7.297,48.066],[7.297,48.062]]],[[[7.294,48.069],[7.294,48.069],[7.294,48.069],[7.294,48.069]]],[[[7.295,48.068],[7.296,48.07],[7.297,48.07],[7.295,48.068],[7.295,48.068]]],[[[7.295,48.07],[7.295,48.069],[7.294,48.069],[7.295,48.07]]],[[[7.297,48.073],[7.297,48.073],[7.297,48.074],[7.297,48.074],[7.298,48.074],[7.298,48.074],[7.297,48.073]],[[7.297,48.074],[7.297,48.074],[7.297,48.074],[7.297,48.074]]],[[[7.287,48.084],[7.287,48.085],[7.289,48.084],[7.291,48.084],[7.288,48.085],[7.288,48.085],[7.293,48.087],[7.297,48.087],[7.297,48.086],[7.302,48.086],[7.302,48.085],[7.301,48.085],[7.301,48.085],[7.3,48.085],[7.299,48.084],[7.291,48.084],[7.291,48.084],[7.291,48.084],[7.289,48.083],[7.287,48.084]],[[7.29,48.085],[7.29,48.086],[7.29,48.086],[7.29,48.086],[7.29,48.085]]],[[[7.302,48.086],[7.303,48.086],[7.303,48.084],[7.302,48.085],[7.302,48.086]]],[[[7.297,48.089],[7.309,48.088],[7.309,48.087],[7.306,48.087],[7.305,48.087],[7.304,48.088],[7.303,48.088],[7.303,48.087],[7.302,48.088],[7.296,48.088],[7.297,48.089]],[[7.304,48.088],[7.304,48.088],[7.304,48.088],[7.304,48.088]],[[7.304,48.088],[7.304,48.088],[7.304,48.088],[7.304,48.088],[7.304,48.088]],[[7.304,48.088],[7.304,48.088],[7.304,48.088],[7.304,48.088]]],[[[7.299,48.09],[7.302,48.089],[7.297,48.089],[7.297,48.09],[7.297,48.09],[7.299,48.091],[7.302,48.091],[7.306,48.093],[7.307,48.092],[7.305,48.092],[7.307,48.092],[7.307,48.09],[7.309,48.09],[7.309,48.092],[7.308,48.092],[7.308,48.093],[7.308,48.093],[7.307,48.093],[7.31,48.092],[7.311,48.092],[7.31,48.09],[7.314,48.09],[7.314,48.091],[7.315,48.09],[7.316,48.09],[7.315,48.089],[7.315,48.089],[7.314,48.089],[7.313,48.089],[7.312,48.089],[7.31,48.089],[7.309,48.089],[7.308,48.089],[7.307,48.089],[7.304,48.089],[7.304,48.089],[7.301,48.089],[7.301,48.089],[7.302,48.089],[7.302,48.089],[7.301,48.09],[7.299,48.09]],[[7.299,48.09],[7.299,48.09],[7.299,48.09],[7.299,48.09]],[[7.305,48.091],[7.305,48.091],[7.305,48.091],[7.305,48.091],[7.305,48.091]]],[[[7.297,48.098],[7.299,48.098],[7.3,48.098],[7.3,48.098],[7.297,48.098]]],[[[7.295,48.098],[7.295,48.098],[7.295,48.098],[7.295,48.098]]],[[[7.302,48.1],[7.302,48.1],[7.302,48.1],[7.302,48.1]]],[[[7.303,48.1],[7.303,48.1],[7.303,48.1],[7.303,48.1]]],[[[7.304,48.101],[7.303,48.101],[7.304,48.101],[7.304,48.101]]],[[[7.301,48.098],[7.299,48.098],[7.298,48.1],[7.299,48.098],[7.296,48.098],[7.295,48.099],[7.296,48.1],[7.297,48.101],[7.298,48.105],[7.3,48.105],[7.299,48.106],[7.303,48.103],[7.302,48.101],[7.301,48.098]]],[[[7.299,48.107],[7.299,48.107],[7.298,48.107],[7.299,48.107]]],[[[7.304,48.106],[7.299,48.107],[7.296,48.111],[7.301,48.112],[7.302,48.11],[7.304,48.106]]],[[[7.303,48.119],[7.295,48.12],[7.296,48.124],[7.302,48.123],[7.303,48.119]]],[[[7.301,48.129],[7.3,48.129],[7.3,48.13],[7.301,48.13],[7.301,48.129]]],[[[7.3,48.133],[7.3,48.133],[7.3,48.133],[7.3,48.133]]],[[[7.302,48.135],[7.302,48.135],[7.302,48.135],[7.302,48.135]]],[[[7.301,48.135],[7.301,48.135],[7.301,48.135],[7.301,48.135]]],[[[7.302,48.136],[7.301,48.137],[7.302,48.136],[7.302,48.136]]],[[[7.3,48.137],[7.3,48.137],[7.3,48.137],[7.3,48.137]]],[[[7.301,48.137],[7.301,48.137],[7.301,48.137],[7.301,48.137]]],[[[7.306,48.144],[7.304,48.144],[7.303,48.144],[7.304,48.147],[7.307,48.147],[7.313,48.147],[7.308,48.145],[7.306,48.144]]],[[[7.309,48.147],[7.304,48.147],[7.308,48.153],[7.312,48.151],[7.311,48.151],[7.309,48.147]]],[[[7.298,48.156],[7.293,48.158],[7.295,48.161],[7.296,48.163],[7.298,48.162],[7.301,48.161],[7.298,48.162],[7.297,48.164],[7.298,48.164],[7.299,48.165],[7.299,48.165],[7.301,48.165],[7.301,48.166],[7.304,48.165],[7.306,48.164],[7.311,48.16],[7.31,48.16],[7.304,48.16],[7.301,48.16],[7.301,48.161],[7.301,48.162],[7.301,48.163],[7.306,48.163],[7.302,48.163],[7.301,48.163],[7.301,48.162],[7.3,48.16],[7.3,48.159],[7.298,48.156]],[[7.305,48.16],[7.305,48.16],[7.305,48.16],[7.305,48.16]],[[7.305,48.16],[7.305,48.16],[7.305,48.16],[7.305,48.16]],[[7.304,48.164],[7.304,48.163],[7.304,48.163],[7.304,48.164]]],[[[7.306,48.165],[7.306,48.165],[7.306,48.165],[7.306,48.165]]],[[[7.305,48.165],[7.305,48.165],[7.304,48.166],[7.305,48.165]]],[[[7.306,48.165],[7.306,48.165],[7.307,48.165],[7.307,48.166],[7.307,48.166],[7.307,48.166],[7.307,48.166],[7.307,48.166],[7.309,48.167],[7.314,48.168],[7.319,48.171],[7.318,48.17],[7.32,48.169],[7.318,48.169],[7.318,48.168],[7.318,48.168],[7.317,48.167],[7.317,48.167],[7.318,48.167],[7.318,48.166],[7.318,48.166],[7.319,48.167],[7.32,48.168],[7.319,48.167],[7.32,48.168],[7.322,48.168],[7.322,48.169],[7.325,48.169],[7.328,48.168],[7.328,48.167],[7.328,48.167],[7.327,48.166],[7.328,48.166],[7.328,48.168],[7.327,48.169],[7.33,48.173],[7.333,48.176],[7.333,48.177],[7.333,48.177],[7.333,48.178],[7.334,48.179],[7.335,48.179],[7.336,48.18],[7.339,48.18],[7.34,48.181],[7.341,48.181],[7.341,48.178],[7.339,48.179],[7.339,48.179],[7.339,48.177],[7.338,48.176],[7.338,48.175],[7.337,48.174],[7.338,48.176],[7.339,48.179],[7.341,48.178],[7.341,48.179],[7.343,48.177],[7.344,48.172],[7.333,48.171],[7.334,48.172],[7.334,48.172],[7.334,48.173],[7.334,48.173],[7.334,48.173],[7.334,48.173],[7.334,48.172],[7.333,48.17],[7.333,48.17],[7.332,48.169],[7.331,48.165],[7.329,48.162],[7.328,48.16],[7.328,48.16],[7.325,48.16],[7.325,48.161],[7.325,48.162],[7.325,48.163],[7.325,48.163],[7.325,48.163],[7.325,48.162],[7.325,48.161],[7.323,48.159],[7.324,48.158],[7.32,48.158],[7.319,48.164],[7.316,48.166],[7.315,48.166],[7.315,48.167],[7.31,48.167],[7.31,48.165],[7.308,48.165],[7.313,48.165],[7.312,48.164],[7.312,48.164],[7.307,48.164],[7.306,48.165],[7.305,48.165],[7.306,48.165]],[[7.306,48.165],[7.307,48.165],[7.306,48.165],[7.306,48.165]],[[7.307,48.166],[7.307,48.166],[7.307,48.166],[7.307,48.166]],[[7.307,48.166],[7.307,48.166],[7.307,48.166],[7.307,48.166]],[[7.331,48.174],[7.331,48.174],[7.331,48.174],[7.331,48.174]],[[7.334,48.173],[7.334,48.173],[7.334,48.173],[7.334,48.173]],[[7.319,48.164],[7.319,48.164],[7.319,48.164],[7.319,48.164]],[[7.307,48.165],[7.307,48.165],[7.307,48.165],[7.307,48.165]],[[7.326,48.166],[7.326,48.166],[7.326,48.166],[7.326,48.166]],[[7.326,48.166],[7.326,48.166],[7.326,48.166],[7.326,48.166]],[[7.325,48.165],[7.325,48.166],[7.325,48.165],[7.325,48.165],[7.325,48.165],[7.325,48.165]],[[7.323,48.165],[7.323,48.165],[7.323,48.165],[7.323,48.165]],[[7.323,48.165],[7.322,48.165],[7.323,48.165],[7.323,48.165]],[[7.322,48.165],[7.322,48.165],[7.322,48.165],[7.322,48.165]],[[7.321,48.164],[7.321,48.165],[7.321,48.164],[7.321,48.164]],[[7.32,48.164],[7.32,48.164],[7.32,48.164],[7.32,48.164]],[[7.32,48.164],[7.321,48.165],[7.32,48.166],[7.32,48.166],[7.32,48.166],[7.32,48.165],[7.32,48.164]],[[7.328,48.166],[7.328,48.166],[7.328,48.166],[7.328,48.166]],[[7.329,48.166],[7.329,48.166],[7.329,48.166],[7.329,48.166]],[[7.33,48.165],[7.33,48.165],[7.33,48.165],[7.33,48.165]],[[7.331,48.165],[7.331,48.165],[7.331,48.165],[7.331,48.165]],[[7.335,48.173],[7.335,48.173],[7.335,48.173],[7.335,48.173]],[[7.336,48.173],[7.336,48.173],[7.336,48.173],[7.336,48.173]],[[7.336,48.173],[7.336,48.173],[7.336,48.173],[7.336,48.173]],[[7.338,48.173],[7.338,48.173],[7.338,48.173],[7.338,48.173]],[[7.338,48.173],[7.338,48.173],[7.338,48.174],[7.337,48.174],[7.338,48.174],[7.338,48.174],[7.338,48.173],[7.338,48.173]],[[7.339,48.173],[7.339,48.173],[7.339,48.173],[7.339,48.173]],[[7.339,48.173],[7.339,48.173],[7.339,48.173],[7.339,48.173]],[[7.34,48.173],[7.34,48.173],[7.34,48.173],[7.34,48.173]],[[7.34,48.173],[7.34,48.173],[7.34,48.173],[7.34,48.173]],[[7.34,48.173],[7.34,48.173],[7.34,48.173],[7.34,48.173]],[[7.34,48.173],[7.34,48.173],[7.34,48.173],[7.34,48.173]],[[7.341,48.174],[7.341,48.174],[7.341,48.174],[7.341,48.174]],[[7.341,48.174],[7.341,48.174],[7.341,48.174],[7.341,48.174]],[[7.341,48.174],[7.341,48.174],[7.341,48.174],[7.341,48.174]]],[[[7.294,48.17],[7.293,48.17],[7.295,48.171],[7.296,48.173],[7.298,48.172],[7.299,48.173],[7.302,48.172],[7.304,48.172],[7.307,48.172],[7.309,48.173],[7.307,48.173],[7.307,48.172],[7.304,48.172],[7.304,48.172],[7.309,48.175],[7.313,48.175],[7.309,48.174],[7.309,48.173],[7.312,48.173],[7.311,48.17],[7.308,48.171],[7.301,48.171],[7.301,48.17],[7.308,48.171],[7.31,48.17],[7.311,48.17],[7.312,48.173],[7.317,48.172],[7.316,48.171],[7.316,48.171],[7.317,48.171],[7.316,48.17],[7.316,48.17],[7.314,48.168],[7.309,48.168],[7.307,48.166],[7.304,48.166],[7.304,48.167],[7.303,48.166],[7.301,48.167],[7.301,48.167],[7.295,48.168],[7.294,48.17]],[[7.295,48.171],[7.295,48.171],[7.295,48.171],[7.295,48.171]],[[7.306,48.166],[7.305,48.166],[7.305,48.166],[7.306,48.166]],[[7.302,48.167],[7.302,48.167],[7.302,48.167],[7.302,48.167]],[[7.302,48.167],[7.302,48.167],[7.302,48.167],[7.302,48.167]],[[7.3,48.167],[7.3,48.167],[7.3,48.167],[7.3,48.167]],[[7.295,48.17],[7.295,48.17],[7.295,48.17],[7.295,48.17]],[[7.309,48.175],[7.309,48.175],[7.309,48.175],[7.309,48.175]],[[7.309,48.174],[7.309,48.174],[7.309,48.174],[7.309,48.174]],[[7.309,48.174],[7.309,48.174],[7.309,48.174],[7.309,48.174]],[[7.31,48.169],[7.31,48.169],[7.31,48.169],[7.31,48.169]],[[7.302,48.172],[7.302,48.172],[7.302,48.172],[7.302,48.172]],[[7.302,48.171],[7.302,48.171],[7.302,48.171],[7.301,48.171],[7.302,48.171]],[[7.302,48.171],[7.301,48.171],[7.302,48.171],[7.302,48.171]],[[7.302,48.171],[7.302,48.171],[7.302,48.171],[7.302,48.171]]],[[[7.303,48.174],[7.303,48.175],[7.305,48.176],[7.305,48.174],[7.303,48.174]]],[[[7.311,48.181],[7.308,48.18],[7.309,48.181],[7.311,48.181],[7.311,48.182],[7.311,48.181]]],[[[7.312,48.182],[7.312,48.181],[7.312,48.181],[7.311,48.182],[7.312,48.182]]],[[[7.307,48.18],[7.303,48.179],[7.301,48.18],[7.302,48.182],[7.303,48.182],[7.305,48.185],[7.309,48.186],[7.31,48.185],[7.309,48.183],[7.308,48.182],[7.306,48.181],[7.308,48.181],[7.307,48.18]]],[[[7.306,48.188],[7.309,48.189],[7.309,48.189],[7.31,48.19],[7.311,48.19],[7.311,48.19],[7.311,48.19],[7.31,48.185],[7.309,48.186],[7.306,48.186],[7.306,48.188]]],[[[7.309,48.19],[7.309,48.191],[7.308,48.191],[7.306,48.192],[7.307,48.193],[7.309,48.192],[7.313,48.194],[7.315,48.193],[7.315,48.192],[7.316,48.192],[7.315,48.191],[7.315,48.19],[7.315,48.19],[7.314,48.19],[7.313,48.19],[7.311,48.19],[7.309,48.19],[7.309,48.19]],[[7.312,48.192],[7.312,48.192],[7.312,48.193],[7.312,48.192]]],[[[7.303,48.199],[7.304,48.199],[7.304,48.198],[7.303,48.199]]],[[[7.313,48.197],[7.304,48.199],[7.303,48.2],[7.306,48.2],[7.307,48.201],[7.308,48.2],[7.31,48.201],[7.31,48.2],[7.311,48.201],[7.315,48.199],[7.313,48.197]]],[[[7.329,48.35],[7.321,48.348],[7.32,48.349],[7.32,48.349],[7.321,48.349],[7.323,48.349],[7.324,48.349],[7.32,48.35],[7.318,48.351],[7.317,48.35],[7.313,48.35],[7.313,48.351],[7.314,48.352],[7.316,48.351],[7.317,48.352],[7.314,48.353],[7.318,48.353],[7.32,48.351],[7.323,48.352],[7.329,48.35]]],[[[7.325,48.355],[7.324,48.354],[7.323,48.355],[7.325,48.355],[7.325,48.355]]],[[[7.323,48.356],[7.321,48.357],[7.321,48.358],[7.322,48.358],[7.322,48.359],[7.321,48.359],[7.319,48.36],[7.32,48.36],[7.32,48.361],[7.321,48.361],[7.323,48.361],[7.324,48.359],[7.325,48.359],[7.324,48.358],[7.326,48.358],[7.329,48.358],[7.323,48.356]],[[7.324,48.358],[7.325,48.359],[7.324,48.359],[7.324,48.359],[7.324,48.358]]],[[[7.299,47.966],[7.3,47.967],[7.3,47.966],[7.299,47.966]]],[[[7.302,47.968],[7.301,47.967],[7.3,47.967],[7.301,47.969],[7.302,47.968]]],[[[7.3,47.978],[7.295,47.979],[7.295,47.98],[7.297,47.979],[7.298,47.979],[7.299,47.979],[7.295,47.98],[7.293,47.987],[7.293,47.985],[7.292,47.986],[7.291,47.987],[7.291,47.988],[7.293,47.988],[7.294,47.989],[7.296,47.99],[7.3,47.989],[7.3,47.986],[7.3,47.986],[7.299,47.986],[7.301,47.985],[7.302,47.981],[7.3,47.978]],[[7.293,47.987],[7.294,47.987],[7.293,47.987],[7.293,47.987]],[[7.296,47.987],[7.296,47.987],[7.296,47.987],[7.296,47.987]],[[7.296,47.987],[7.298,47.987],[7.299,47.986],[7.299,47.986],[7.296,47.987]]],[[[7.307,48.009],[7.306,48.01],[7.304,48.01],[7.307,48.012],[7.308,48.012],[7.307,48.012],[7.311,48.015],[7.312,48.014],[7.314,48.015],[7.314,48.014],[7.314,48.014],[7.314,48.015],[7.315,48.015],[7.314,48.015],[7.312,48.014],[7.311,48.015],[7.31,48.014],[7.312,48.016],[7.314,48.016],[7.315,48.013],[7.316,48.013],[7.315,48.012],[7.314,48.012],[7.315,48.011],[7.311,48.01],[7.311,48.011],[7.311,48.01],[7.307,48.009]],[[7.309,48.011],[7.308,48.011],[7.309,48.011],[7.309,48.011]],[[7.309,48.011],[7.309,48.011],[7.309,48.011],[7.309,48.011]],[[7.309,48.011],[7.309,48.011],[7.309,48.011],[7.309,48.011]],[[7.309,48.011],[7.309,48.011],[7.309,48.011],[7.309,48.011]],[[7.309,48.011],[7.309,48.011],[7.309,48.011],[7.309,48.011]],[[7.31,48.011],[7.31,48.011],[7.31,48.011],[7.31,48.011]],[[7.314,48.013],[7.314,48.012],[7.314,48.012],[7.314,48.013]],[[7.314,48.012],[7.314,48.012],[7.314,48.012],[7.314,48.012]],[[7.31,48.011],[7.311,48.012],[7.312,48.012],[7.313,48.012],[7.313,48.013],[7.311,48.012],[7.31,48.012],[7.31,48.011]]],[[[7.307,48.013],[7.308,48.013],[7.307,48.013],[7.307,48.013]]],[[[7.305,48.012],[7.302,48.013],[7.302,48.014],[7.302,48.013],[7.296,48.011],[7.292,48.012],[7.292,48.014],[7.293,48.015],[7.297,48.016],[7.299,48.017],[7.299,48.018],[7.299,48.018],[7.298,48.019],[7.298,48.019],[7.299,48.019],[7.296,48.019],[7.297,48.021],[7.297,48.021],[7.299,48.021],[7.299,48.021],[7.302,48.021],[7.3,48.019],[7.301,48.019],[7.302,48.019],[7.3,48.019],[7.302,48.021],[7.303,48.021],[7.304,48.021],[7.304,48.022],[7.305,48.022],[7.305,48.022],[7.302,48.022],[7.302,48.024],[7.303,48.025],[7.303,48.025],[7.304,48.025],[7.304,48.025],[7.303,48.025],[7.302,48.025],[7.302,48.026],[7.305,48.027],[7.307,48.027],[7.311,48.027],[7.312,48.023],[7.309,48.024],[7.306,48.024],[7.308,48.024],[7.308,48.021],[7.308,48.021],[7.308,48.02],[7.306,48.021],[7.306,48.021],[7.305,48.021],[7.303,48.017],[7.301,48.018],[7.301,48.018],[7.306,48.017],[7.305,48.015],[7.304,48.016],[7.304,48.016],[7.305,48.015],[7.306,48.017],[7.308,48.017],[7.307,48.015],[7.306,48.014],[7.307,48.014],[7.306,48.013],[7.303,48.015],[7.304,48.015],[7.304,48.015],[7.303,48.015],[7.303,48.015],[7.303,48.015],[7.301,48.016],[7.301,48.017],[7.301,48.017],[7.301,48.016],[7.3,48.016],[7.3,48.016],[7.304,48.014],[7.303,48.013],[7.304,48.014],[7.306,48.013],[7.305,48.012]],[[7.301,48.018],[7.301,48.018],[7.301,48.018],[7.301,48.018]],[[7.3,48.013],[7.3,48.013],[7.3,48.013],[7.3,48.013]],[[7.305,48.022],[7.305,48.022],[7.305,48.022],[7.305,48.022]],[[7.305,48.022],[7.305,48.022],[7.305,48.022],[7.305,48.022]],[[7.305,48.023],[7.305,48.023],[7.305,48.023],[7.305,48.023]],[[7.305,48.023],[7.305,48.023],[7.305,48.023],[7.305,48.023]],[[7.305,48.023],[7.305,48.023],[7.305,48.023],[7.305,48.023]],[[7.305,48.023],[7.305,48.023],[7.305,48.023],[7.305,48.023]],[[7.305,48.023],[7.305,48.023],[7.305,48.023],[7.305,48.023]],[[7.306,48.023],[7.306,48.023],[7.306,48.023],[7.306,48.023]],[[7.306,48.023],[7.306,48.023],[7.306,48.023],[7.306,48.023]],[[7.306,48.023],[7.306,48.023],[7.306,48.024],[7.306,48.023]],[[7.306,48.024],[7.306,48.024],[7.306,48.024],[7.306,48.024]],[[7.306,48.024],[7.306,48.024],[7.306,48.024],[7.306,48.024]],[[7.306,48.024],[7.306,48.024],[7.306,48.024],[7.306,48.024]],[[7.306,48.024],[7.306,48.024],[7.306,48.024],[7.306,48.024]],[[7.306,48.024],[7.304,48.024],[7.306,48.025],[7.306,48.024]],[[7.306,48.025],[7.306,48.025],[7.306,48.025],[7.306,48.025]],[[7.306,48.025],[7.306,48.025],[7.306,48.025],[7.306,48.025]],[[7.306,48.025],[7.306,48.025],[7.306,48.025],[7.306,48.025]],[[7.308,48.025],[7.309,48.025],[7.309,48.025],[7.308,48.025]],[[7.307,48.026],[7.306,48.026],[7.307,48.026],[7.307,48.026]]],[[[7.308,48.017],[7.308,48.017],[7.308,48.017],[7.308,48.017]]],[[[7.304,48.018],[7.305,48.021],[7.306,48.021],[7.308,48.02],[7.307,48.02],[7.309,48.02],[7.308,48.02],[7.308,48.021],[7.308,48.022],[7.308,48.024],[7.312,48.023],[7.311,48.02],[7.31,48.02],[7.311,48.019],[7.309,48.017],[7.307,48.017],[7.307,48.018],[7.307,48.017],[7.307,48.018],[7.306,48.017],[7.306,48.018],[7.306,48.017],[7.304,48.018]],[[7.306,48.019],[7.307,48.019],[7.307,48.019],[7.306,48.019]],[[7.31,48.02],[7.309,48.02],[7.309,48.02],[7.31,48.02]],[[7.309,48.02],[7.309,48.02],[7.309,48.02],[7.309,48.02]],[[7.309,48.02],[7.309,48.02],[7.309,48.02],[7.309,48.02]]],[[[7.302,48.021],[7.304,48.022],[7.304,48.022],[7.302,48.021]]],[[[7.302,48.022],[7.297,48.021],[7.298,48.023],[7.302,48.022]]],[[[7.301,48.022],[7.298,48.023],[7.298,48.024],[7.299,48.024],[7.3,48.024],[7.298,48.024],[7.298,48.026],[7.301,48.027],[7.301,48.022]]],[[[7.301,48.029],[7.306,48.029],[7.306,48.03],[7.308,48.03],[7.308,48.031],[7.311,48.031],[7.311,48.03],[7.311,48.027],[7.31,48.027],[7.306,48.027],[7.306,48.027],[7.305,48.027],[7.302,48.026],[7.301,48.029]],[[7.306,48.028],[7.306,48.027],[7.306,48.027],[7.306,48.028],[7.306,48.028]]],[[[7.311,48.036],[7.307,48.035],[7.307,48.036],[7.307,48.036],[7.311,48.037],[7.311,48.036]]],[[[7.303,48.037],[7.297,48.037],[7.299,48.039],[7.3,48.039],[7.302,48.038],[7.304,48.038],[7.303,48.037]]],[[[7.311,48.039],[7.311,48.037],[7.307,48.036],[7.307,48.037],[7.307,48.035],[7.303,48.035],[7.304,48.039],[7.305,48.039],[7.305,48.039],[7.306,48.04],[7.306,48.041],[7.307,48.04],[7.306,48.037],[7.307,48.039],[7.307,48.04],[7.307,48.041],[7.308,48.041],[7.311,48.04],[7.311,48.039]]],[[[7.303,48.039],[7.3,48.039],[7.304,48.04],[7.304,48.041],[7.305,48.041],[7.306,48.041],[7.305,48.039],[7.304,48.039],[7.303,48.039]]],[[[7.3,48.039],[7.299,48.041],[7.305,48.041],[7.304,48.04],[7.3,48.039]]],[[[7.307,48.041],[7.307,48.041],[7.307,48.041],[7.307,48.041]]],[[[7.307,48.041],[7.305,48.041],[7.307,48.041],[7.307,48.041]]],[[[7.311,48.04],[7.307,48.041],[7.307,48.041],[7.309,48.042],[7.309,48.042],[7.31,48.042],[7.311,48.04]]],[[[7.308,48.043],[7.308,48.044],[7.31,48.044],[7.31,48.043],[7.308,48.043]]],[[[7.302,48.044],[7.302,48.043],[7.301,48.044],[7.302,48.044]]],[[[7.307,48.044],[7.308,48.044],[7.307,48.044],[7.307,48.044]]],[[[7.306,48.044],[7.306,48.044],[7.306,48.044],[7.306,48.044]]],[[[7.306,48.044],[7.309,48.045],[7.309,48.044],[7.306,48.044]]],[[[7.307,48.045],[7.307,48.045],[7.307,48.045],[7.307,48.045]]],[[[7.304,48.045],[7.305,48.045],[7.305,48.045],[7.304,48.045]]],[[[7.309,48.045],[7.307,48.045],[7.307,48.046],[7.309,48.046],[7.309,48.045]]],[[[7.305,48.045],[7.306,48.046],[7.304,48.046],[7.305,48.047],[7.304,48.048],[7.307,48.048],[7.306,48.047],[7.307,48.047],[7.306,48.046],[7.307,48.046],[7.306,48.045],[7.306,48.045],[7.305,48.045]]],[[[7.308,48.046],[7.308,48.048],[7.309,48.048],[7.308,48.046]]],[[[7.306,48.055],[7.306,48.055],[7.306,48.055],[7.306,48.055]]],[[[7.306,48.055],[7.306,48.062],[7.307,48.062],[7.308,48.063],[7.313,48.062],[7.31,48.054],[7.306,48.055]]],[[[7.301,48.057],[7.3,48.058],[7.301,48.059],[7.302,48.059],[7.302,48.06],[7.303,48.059],[7.304,48.06],[7.304,48.058],[7.304,48.06],[7.305,48.06],[7.304,48.061],[7.306,48.061],[7.306,48.057],[7.301,48.057]]],[[[7.306,48.061],[7.305,48.061],[7.306,48.061],[7.306,48.061]]],[[[7.311,48.062],[7.311,48.063],[7.311,48.063],[7.311,48.062]]],[[[7.309,48.064],[7.309,48.064],[7.309,48.063],[7.308,48.063],[7.309,48.064]]],[[[7.309,48.065],[7.309,48.064],[7.309,48.065],[7.309,48.065]]],[[[7.309,48.066],[7.308,48.065],[7.309,48.067],[7.309,48.066]]],[[[7.309,48.067],[7.309,48.068],[7.309,48.068],[7.309,48.067]]],[[[7.306,48.068],[7.307,48.067],[7.306,48.067],[7.306,48.068]]],[[[7.309,48.084],[7.312,48.083],[7.307,48.083],[7.309,48.084]]],[[[7.308,48.084],[7.31,48.085],[7.31,48.084],[7.308,48.084]]],[[[7.306,48.084],[7.303,48.084],[7.303,48.086],[7.304,48.085],[7.306,48.085],[7.306,48.084]]],[[[7.309,48.088],[7.311,48.088],[7.311,48.087],[7.31,48.087],[7.309,48.088]]],[[[7.31,48.088],[7.315,48.089],[7.314,48.088],[7.31,48.088]]],[[[7.304,48.089],[7.307,48.089],[7.307,48.089],[7.309,48.089],[7.309,48.088],[7.304,48.089]]],[[[7.312,48.092],[7.311,48.094],[7.313,48.094],[7.313,48.092],[7.312,48.093],[7.312,48.092]]],[[[7.309,48.093],[7.309,48.093],[7.309,48.093],[7.309,48.093]]],[[[7.304,48.101],[7.305,48.102],[7.304,48.103],[7.303,48.102],[7.304,48.104],[7.299,48.107],[7.304,48.106],[7.301,48.112],[7.302,48.112],[7.303,48.119],[7.304,48.119],[7.303,48.119],[7.302,48.125],[7.301,48.127],[7.301,48.128],[7.301,48.128],[7.301,48.128],[7.301,48.128],[7.301,48.128],[7.301,48.129],[7.31,48.129],[7.31,48.127],[7.313,48.127],[7.31,48.121],[7.306,48.118],[7.31,48.121],[7.312,48.125],[7.317,48.124],[7.316,48.12],[7.313,48.12],[7.311,48.118],[7.31,48.118],[7.31,48.119],[7.309,48.119],[7.309,48.118],[7.311,48.117],[7.31,48.115],[7.309,48.115],[7.309,48.115],[7.31,48.115],[7.309,48.111],[7.308,48.109],[7.306,48.107],[7.306,48.105],[7.307,48.104],[7.307,48.104],[7.306,48.105],[7.306,48.107],[7.312,48.108],[7.315,48.107],[7.309,48.101],[7.306,48.102],[7.307,48.103],[7.304,48.101]],[[7.302,48.128],[7.302,48.128],[7.301,48.128],[7.302,48.128]],[[7.306,48.107],[7.305,48.108],[7.305,48.108],[7.305,48.107],[7.306,48.107]],[[7.306,48.111],[7.305,48.113],[7.305,48.111],[7.306,48.111]]],[[[7.307,48.107],[7.308,48.109],[7.309,48.109],[7.309,48.111],[7.311,48.111],[7.309,48.108],[7.307,48.107]]],[[[7.314,48.141],[7.309,48.143],[7.308,48.142],[7.304,48.144],[7.308,48.145],[7.313,48.147],[7.315,48.147],[7.309,48.147],[7.311,48.151],[7.312,48.151],[7.312,48.15],[7.313,48.151],[7.315,48.151],[7.315,48.15],[7.314,48.151],[7.314,48.151],[7.314,48.15],[7.318,48.149],[7.317,48.148],[7.317,48.148],[7.316,48.145],[7.316,48.142],[7.314,48.141]],[[7.315,48.147],[7.315,48.147],[7.315,48.147],[7.315,48.147]],[[7.316,48.147],[7.316,48.147],[7.316,48.147],[7.316,48.147]],[[7.311,48.15],[7.311,48.151],[7.311,48.151],[7.311,48.15]],[[7.315,48.149],[7.315,48.149],[7.315,48.149],[7.315,48.149]]],[[[7.316,48.15],[7.319,48.15],[7.318,48.15],[7.316,48.15]]],[[[7.315,48.151],[7.315,48.151],[7.315,48.15],[7.315,48.15],[7.315,48.151]]],[[[7.316,48.151],[7.315,48.151],[7.316,48.151],[7.316,48.151]]],[[[7.317,48.151],[7.317,48.151],[7.317,48.151],[7.317,48.151]]],[[[7.313,48.151],[7.312,48.152],[7.317,48.152],[7.317,48.151],[7.316,48.151],[7.315,48.151],[7.313,48.151]]],[[[7.316,48.152],[7.311,48.153],[7.307,48.154],[7.308,48.156],[7.311,48.156],[7.318,48.157],[7.318,48.156],[7.318,48.155],[7.319,48.153],[7.319,48.152],[7.317,48.152],[7.316,48.153],[7.316,48.152]]],[[[7.318,48.157],[7.319,48.156],[7.319,48.155],[7.318,48.156],[7.318,48.157]]],[[[7.31,48.161],[7.307,48.164],[7.312,48.164],[7.313,48.165],[7.314,48.164],[7.317,48.162],[7.317,48.161],[7.316,48.161],[7.316,48.16],[7.317,48.162],[7.318,48.161],[7.318,48.157],[7.311,48.156],[7.311,48.159],[7.311,48.161],[7.312,48.16],[7.312,48.161],[7.311,48.16],[7.31,48.161]],[[7.312,48.163],[7.312,48.164],[7.312,48.164],[7.312,48.163]],[[7.316,48.16],[7.316,48.16],[7.316,48.16],[7.316,48.16]],[[7.317,48.162],[7.317,48.162],[7.317,48.162],[7.317,48.162]],[[7.31,48.162],[7.31,48.161],[7.31,48.161],[7.31,48.162]]],[[[7.318,48.168],[7.318,48.167],[7.319,48.167],[7.319,48.167],[7.317,48.167],[7.318,48.168]]],[[[7.32,48.169],[7.319,48.168],[7.318,48.169],[7.319,48.169],[7.32,48.169]]],[[[7.317,48.171],[7.317,48.172],[7.319,48.171],[7.318,48.171],[7.318,48.17],[7.316,48.17],[7.317,48.171]]],[[[7.318,48.17],[7.318,48.171],[7.318,48.171],[7.318,48.17]]],[[[7.312,48.173],[7.313,48.174],[7.313,48.173],[7.314,48.174],[7.313,48.175],[7.319,48.174],[7.319,48.175],[7.315,48.175],[7.315,48.178],[7.314,48.179],[7.316,48.179],[7.314,48.179],[7.319,48.179],[7.316,48.179],[7.318,48.18],[7.314,48.179],[7.315,48.18],[7.314,48.18],[7.322,48.182],[7.319,48.18],[7.324,48.179],[7.323,48.174],[7.324,48.174],[7.324,48.173],[7.322,48.172],[7.322,48.173],[7.322,48.172],[7.319,48.171],[7.312,48.173]],[[7.32,48.175],[7.32,48.175],[7.319,48.175],[7.32,48.175]],[[7.319,48.175],[7.319,48.175],[7.319,48.175],[7.319,48.175]],[[7.32,48.175],[7.32,48.175],[7.32,48.175],[7.32,48.175]],[[7.321,48.175],[7.321,48.175],[7.321,48.175],[7.321,48.175]],[[7.32,48.172],[7.319,48.172],[7.32,48.172],[7.32,48.172]],[[7.322,48.173],[7.322,48.173],[7.322,48.173],[7.322,48.173]]],[[[7.311,48.179],[7.311,48.179],[7.314,48.179],[7.314,48.178],[7.313,48.178],[7.31,48.177],[7.309,48.178],[7.311,48.179]]],[[[7.313,48.18],[7.312,48.179],[7.312,48.18],[7.313,48.18]]],[[[7.314,48.18],[7.313,48.181],[7.314,48.181],[7.314,48.18]]],[[[7.312,48.18],[7.312,48.18],[7.312,48.18],[7.312,48.18]]],[[[7.315,48.182],[7.315,48.181],[7.315,48.181],[7.313,48.181],[7.313,48.182],[7.315,48.182],[7.315,48.182]]],[[[7.316,48.181],[7.316,48.182],[7.317,48.182],[7.317,48.181],[7.316,48.181]],[[7.317,48.181],[7.317,48.181],[7.317,48.181],[7.317,48.181]]],[[[7.32,48.182],[7.316,48.182],[7.318,48.184],[7.321,48.183],[7.32,48.183],[7.32,48.182]]],[[[7.313,48.187],[7.318,48.184],[7.315,48.182],[7.313,48.182],[7.313,48.182],[7.312,48.182],[7.309,48.182],[7.309,48.183],[7.31,48.185],[7.31,48.187],[7.313,48.187]]],[[[7.311,48.187],[7.31,48.187],[7.311,48.19],[7.313,48.19],[7.315,48.19],[7.317,48.19],[7.318,48.19],[7.318,48.19],[7.321,48.19],[7.322,48.19],[7.323,48.19],[7.322,48.187],[7.319,48.188],[7.321,48.187],[7.325,48.186],[7.324,48.184],[7.325,48.186],[7.327,48.186],[7.33,48.185],[7.332,48.186],[7.333,48.184],[7.334,48.184],[7.334,48.184],[7.334,48.183],[7.334,48.183],[7.334,48.182],[7.334,48.182],[7.334,48.181],[7.333,48.181],[7.329,48.182],[7.328,48.182],[7.328,48.181],[7.321,48.182],[7.322,48.183],[7.321,48.183],[7.316,48.186],[7.314,48.187],[7.311,48.187]],[[7.324,48.184],[7.324,48.184],[7.324,48.184],[7.324,48.184]],[[7.326,48.183],[7.326,48.183],[7.326,48.183],[7.326,48.183]],[[7.326,48.183],[7.326,48.183],[7.326,48.183],[7.326,48.183]],[[7.326,48.182],[7.326,48.182],[7.326,48.182],[7.326,48.182]],[[7.326,48.182],[7.326,48.182],[7.326,48.182],[7.326,48.182]],[[7.326,48.182],[7.326,48.182],[7.326,48.182],[7.326,48.182]],[[7.326,48.182],[7.326,48.182],[7.326,48.182],[7.326,48.182]],[[7.326,48.182],[7.326,48.182],[7.326,48.182],[7.326,48.182]],[[7.326,48.182],[7.326,48.182],[7.326,48.182],[7.326,48.182]]],[[[7.315,48.19],[7.315,48.191],[7.316,48.192],[7.316,48.192],[7.316,48.192],[7.316,48.192],[7.315,48.193],[7.316,48.193],[7.317,48.193],[7.317,48.191],[7.318,48.191],[7.32,48.192],[7.324,48.192],[7.325,48.191],[7.324,48.188],[7.325,48.188],[7.325,48.186],[7.322,48.187],[7.323,48.189],[7.323,48.19],[7.318,48.19],[7.315,48.19]],[[7.323,48.19],[7.323,48.19],[7.323,48.19],[7.323,48.19]]],[[[7.318,48.192],[7.318,48.192],[7.318,48.192],[7.318,48.192]]],[[[7.322,48.192],[7.323,48.192],[7.323,48.192],[7.322,48.192]]],[[[7.316,48.193],[7.319,48.193],[7.322,48.192],[7.316,48.193]]],[[[7.315,48.195],[7.316,48.194],[7.314,48.194],[7.315,48.195]]],[[[7.318,48.198],[7.316,48.199],[7.315,48.201],[7.32,48.204],[7.323,48.201],[7.323,48.199],[7.323,48.199],[7.323,48.198],[7.323,48.197],[7.323,48.197],[7.322,48.197],[7.321,48.197],[7.319,48.197],[7.319,48.196],[7.319,48.196],[7.318,48.198]]],[[[7.323,48.202],[7.323,48.201],[7.322,48.202],[7.323,48.202]]],[[[7.328,48.352],[7.325,48.354],[7.327,48.354],[7.327,48.356],[7.328,48.356],[7.329,48.354],[7.331,48.354],[7.331,48.353],[7.329,48.353],[7.328,48.352]]],[[[7.308,48.014],[7.309,48.017],[7.311,48.016],[7.308,48.014],[7.308,48.014]]],[[[7.312,48.016],[7.315,48.019],[7.316,48.019],[7.315,48.016],[7.312,48.016]]],[[[7.309,48.017],[7.311,48.019],[7.311,48.021],[7.312,48.02],[7.315,48.02],[7.311,48.016],[7.309,48.017]]],[[[7.314,48.02],[7.314,48.02],[7.315,48.021],[7.315,48.02],[7.314,48.02]]],[[[7.316,48.021],[7.317,48.021],[7.316,48.019],[7.315,48.02],[7.316,48.021]]],[[[7.319,48.02],[7.319,48.019],[7.316,48.019],[7.317,48.022],[7.316,48.022],[7.315,48.024],[7.316,48.025],[7.318,48.023],[7.318,48.022],[7.318,48.023],[7.318,48.024],[7.321,48.023],[7.321,48.02],[7.319,48.019],[7.319,48.02]]],[[[7.314,48.022],[7.315,48.023],[7.315,48.022],[7.314,48.022],[7.314,48.022]]],[[[7.313,48.02],[7.311,48.021],[7.312,48.023],[7.311,48.025],[7.312,48.027],[7.315,48.024],[7.313,48.021],[7.314,48.022],[7.315,48.022],[7.313,48.02]],[[7.312,48.024],[7.312,48.024],[7.312,48.024],[7.312,48.024]],[[7.312,48.024],[7.313,48.024],[7.313,48.024],[7.312,48.024]]],[[[7.315,48.024],[7.314,48.026],[7.314,48.026],[7.316,48.025],[7.315,48.024]]],[[[7.311,48.026],[7.312,48.027],[7.311,48.026],[7.311,48.026]]],[[[7.314,48.03],[7.312,48.031],[7.311,48.027],[7.312,48.032],[7.315,48.032],[7.314,48.03]]],[[[7.312,48.032],[7.31,48.032],[7.309,48.033],[7.307,48.032],[7.307,48.034],[7.307,48.035],[7.312,48.036],[7.311,48.038],[7.311,48.038],[7.311,48.039],[7.311,48.041],[7.311,48.04],[7.312,48.041],[7.313,48.04],[7.314,48.041],[7.313,48.038],[7.313,48.038],[7.313,48.038],[7.316,48.038],[7.315,48.032],[7.312,48.032]]],[[[7.311,48.038],[7.311,48.037],[7.311,48.037],[7.311,48.038]]],[[[7.312,48.042],[7.312,48.042],[7.312,48.043],[7.314,48.043],[7.313,48.041],[7.312,48.042]]],[[[7.311,48.042],[7.312,48.044],[7.311,48.042],[7.311,48.042]]],[[[7.316,48.062],[7.314,48.061],[7.314,48.064],[7.317,48.065],[7.316,48.062]]],[[[7.31,48.064],[7.309,48.067],[7.311,48.068],[7.312,48.068],[7.312,48.066],[7.314,48.066],[7.314,48.067],[7.315,48.067],[7.319,48.067],[7.319,48.065],[7.311,48.063],[7.311,48.065],[7.313,48.065],[7.315,48.065],[7.31,48.064]]],[[[7.315,48.068],[7.31,48.069],[7.312,48.075],[7.312,48.078],[7.318,48.078],[7.315,48.068]]],[[[7.315,48.088],[7.316,48.088],[7.315,48.088],[7.315,48.088]]],[[[7.317,48.09],[7.318,48.089],[7.316,48.089],[7.316,48.089],[7.317,48.09]]],[[[7.34,48.087],[7.34,48.091],[7.342,48.092],[7.343,48.087],[7.34,48.087]]],[[[7.325,48.09],[7.325,48.09],[7.325,48.09],[7.325,48.09]]],[[[7.328,48.09],[7.327,48.09],[7.327,48.091],[7.327,48.09],[7.326,48.091],[7.325,48.091],[7.325,48.092],[7.327,48.092],[7.327,48.091],[7.327,48.092],[7.33,48.092],[7.33,48.09],[7.33,48.09],[7.328,48.09]]],[[[7.315,48.091],[7.315,48.093],[7.315,48.091],[7.315,48.091]]],[[[7.328,48.092],[7.327,48.092],[7.327,48.092],[7.328,48.092]]],[[[7.344,48.092],[7.343,48.091],[7.342,48.092],[7.344,48.092]]],[[[7.331,48.092],[7.336,48.091],[7.331,48.092],[7.331,48.092]]],[[[7.314,48.093],[7.315,48.092],[7.314,48.092],[7.314,48.093]]],[[[7.314,48.093],[7.315,48.093],[7.315,48.093],[7.314,48.093]]],[[[7.318,48.09],[7.315,48.093],[7.319,48.093],[7.317,48.093],[7.318,48.095],[7.317,48.096],[7.32,48.097],[7.321,48.097],[7.322,48.097],[7.322,48.096],[7.325,48.096],[7.326,48.097],[7.328,48.096],[7.326,48.097],[7.325,48.096],[7.322,48.097],[7.321,48.097],[7.323,48.098],[7.324,48.099],[7.325,48.099],[7.325,48.099],[7.323,48.1],[7.325,48.099],[7.321,48.097],[7.321,48.097],[7.318,48.096],[7.317,48.098],[7.317,48.098],[7.316,48.098],[7.317,48.097],[7.317,48.093],[7.314,48.094],[7.313,48.094],[7.312,48.094],[7.31,48.094],[7.31,48.094],[7.309,48.093],[7.307,48.094],[7.309,48.095],[7.311,48.097],[7.317,48.1],[7.319,48.1],[7.32,48.101],[7.329,48.104],[7.328,48.103],[7.328,48.103],[7.329,48.102],[7.329,48.101],[7.329,48.101],[7.329,48.1],[7.33,48.103],[7.33,48.102],[7.328,48.103],[7.332,48.109],[7.335,48.111],[7.337,48.113],[7.337,48.113],[7.338,48.113],[7.338,48.113],[7.339,48.113],[7.339,48.114],[7.341,48.115],[7.342,48.115],[7.342,48.115],[7.343,48.116],[7.342,48.115],[7.341,48.115],[7.34,48.115],[7.339,48.114],[7.338,48.114],[7.34,48.114],[7.339,48.117],[7.341,48.117],[7.341,48.12],[7.34,48.12],[7.344,48.12],[7.344,48.12],[7.348,48.121],[7.349,48.12],[7.35,48.119],[7.35,48.119],[7.35,48.117],[7.355,48.117],[7.354,48.114],[7.351,48.115],[7.351,48.116],[7.35,48.116],[7.354,48.114],[7.353,48.102],[7.353,48.102],[7.353,48.102],[7.354,48.114],[7.355,48.114],[7.354,48.108],[7.356,48.097],[7.354,48.096],[7.354,48.095],[7.352,48.095],[7.35,48.093],[7.349,48.093],[7.348,48.094],[7.346,48.097],[7.342,48.097],[7.342,48.098],[7.341,48.099],[7.342,48.097],[7.341,48.096],[7.341,48.095],[7.341,48.094],[7.342,48.093],[7.342,48.092],[7.331,48.092],[7.332,48.095],[7.331,48.092],[7.327,48.092],[7.327,48.093],[7.327,48.093],[7.327,48.094],[7.327,48.094],[7.327,48.094],[7.328,48.095],[7.328,48.095],[7.328,48.095],[7.328,48.095],[7.328,48.096],[7.328,48.096],[7.328,48.095],[7.327,48.094],[7.327,48.092],[7.32,48.092],[7.324,48.092],[7.323,48.09],[7.323,48.091],[7.322,48.09],[7.321,48.091],[7.319,48.091],[7.318,48.09]],[[7.313,48.094],[7.313,48.094],[7.313,48.094],[7.313,48.094]],[[7.355,48.104],[7.355,48.104],[7.355,48.104],[7.355,48.104]],[[7.319,48.092],[7.319,48.092],[7.319,48.092],[7.319,48.092]],[[7.325,48.093],[7.326,48.093],[7.325,48.093],[7.325,48.093]],[[7.329,48.1],[7.329,48.098],[7.329,48.098],[7.329,48.098],[7.329,48.098],[7.329,48.099],[7.329,48.1]],[[7.329,48.097],[7.329,48.097],[7.329,48.097],[7.329,48.097]],[[7.329,48.097],[7.329,48.097],[7.329,48.097],[7.329,48.097]],[[7.328,48.096],[7.329,48.097],[7.328,48.096],[7.328,48.096]],[[7.311,48.096],[7.311,48.096],[7.311,48.096],[7.311,48.096]],[[7.326,48.101],[7.326,48.101],[7.325,48.101],[7.326,48.101]],[[7.339,48.114],[7.34,48.114],[7.339,48.114],[7.339,48.114]],[[7.34,48.096],[7.34,48.096],[7.34,48.096],[7.34,48.096]],[[7.341,48.096],[7.34,48.096],[7.341,48.096],[7.341,48.096]],[[7.348,48.12],[7.348,48.12],[7.348,48.12],[7.348,48.12]],[[7.352,48.097],[7.352,48.098],[7.352,48.097],[7.352,48.097]],[[7.354,48.11],[7.354,48.11],[7.354,48.11],[7.354,48.11]]],[[[7.341,48.095],[7.342,48.097],[7.346,48.097],[7.349,48.092],[7.342,48.092],[7.341,48.095]]],[[[7.334,48.111],[7.335,48.112],[7.336,48.112],[7.334,48.11],[7.334,48.111]]],[[[7.344,48.12],[7.341,48.12],[7.341,48.122],[7.344,48.122],[7.344,48.12]]],[[[7.344,48.122],[7.344,48.122],[7.344,48.122],[7.344,48.122]]],[[[7.33,48.123],[7.329,48.122],[7.326,48.123],[7.326,48.124],[7.328,48.124],[7.33,48.123]]],[[[7.314,48.129],[7.322,48.127],[7.322,48.126],[7.313,48.126],[7.314,48.129]]],[[[7.316,48.13],[7.319,48.133],[7.329,48.132],[7.329,48.132],[7.33,48.133],[7.33,48.132],[7.331,48.131],[7.332,48.13],[7.335,48.13],[7.333,48.127],[7.327,48.127],[7.326,48.128],[7.316,48.13]]],[[[7.342,48.13],[7.332,48.131],[7.33,48.133],[7.331,48.133],[7.33,48.135],[7.331,48.133],[7.329,48.133],[7.32,48.133],[7.319,48.134],[7.323,48.137],[7.324,48.137],[7.324,48.137],[7.323,48.137],[7.325,48.139],[7.325,48.14],[7.327,48.14],[7.33,48.139],[7.331,48.142],[7.332,48.142],[7.333,48.143],[7.336,48.143],[7.336,48.142],[7.339,48.141],[7.348,48.14],[7.344,48.139],[7.34,48.14],[7.343,48.138],[7.344,48.139],[7.347,48.139],[7.345,48.134],[7.345,48.132],[7.346,48.134],[7.349,48.134],[7.348,48.13],[7.345,48.13],[7.345,48.132],[7.344,48.129],[7.343,48.129],[7.342,48.13]],[[7.33,48.139],[7.33,48.139],[7.33,48.139],[7.33,48.139]],[[7.343,48.129],[7.343,48.129],[7.343,48.129],[7.343,48.129]],[[7.327,48.137],[7.327,48.137],[7.327,48.137],[7.327,48.137]],[[7.328,48.137],[7.328,48.137],[7.328,48.137],[7.328,48.137]],[[7.328,48.137],[7.328,48.137],[7.328,48.137],[7.328,48.137]],[[7.329,48.137],[7.33,48.136],[7.329,48.137],[7.33,48.138],[7.329,48.138],[7.329,48.137]],[[7.33,48.136],[7.33,48.136],[7.33,48.136],[7.33,48.136]],[[7.331,48.136],[7.331,48.136],[7.331,48.136],[7.331,48.136]],[[7.334,48.135],[7.334,48.135],[7.334,48.135],[7.334,48.135]],[[7.337,48.135],[7.337,48.135],[7.337,48.135],[7.337,48.135]],[[7.337,48.135],[7.337,48.135],[7.337,48.135],[7.337,48.135]],[[7.337,48.135],[7.337,48.135],[7.337,48.135],[7.337,48.135]],[[7.337,48.135],[7.337,48.135],[7.337,48.135],[7.337,48.135]],[[7.337,48.135],[7.337,48.135],[7.337,48.135],[7.337,48.135]],[[7.337,48.132],[7.337,48.132],[7.337,48.132],[7.337,48.132]],[[7.337,48.132],[7.338,48.132],[7.339,48.132],[7.337,48.132]],[[7.339,48.132],[7.339,48.132],[7.339,48.132],[7.339,48.132]],[[7.326,48.14],[7.326,48.14],[7.327,48.139],[7.326,48.14]],[[7.331,48.139],[7.332,48.139],[7.331,48.139],[7.331,48.139]],[[7.332,48.139],[7.332,48.139],[7.332,48.139],[7.332,48.139]],[[7.333,48.142],[7.333,48.141],[7.333,48.142],[7.333,48.142]]],[[[7.323,48.145],[7.324,48.144],[7.323,48.144],[7.323,48.145]]],[[[7.326,48.145],[7.327,48.144],[7.326,48.144],[7.325,48.145],[7.326,48.145]]],[[[7.327,48.143],[7.328,48.143],[7.33,48.145],[7.333,48.147],[7.335,48.148],[7.336,48.148],[7.338,48.147],[7.338,48.147],[7.34,48.148],[7.341,48.148],[7.345,48.148],[7.345,48.145],[7.341,48.146],[7.339,48.141],[7.336,48.143],[7.332,48.143],[7.332,48.144],[7.331,48.144],[7.329,48.142],[7.327,48.143],[7.327,48.143]],[[7.338,48.146],[7.338,48.144],[7.338,48.146],[7.338,48.146]]],[[[7.325,48.147],[7.326,48.148],[7.323,48.148],[7.323,48.149],[7.326,48.15],[7.328,48.149],[7.329,48.148],[7.33,48.148],[7.33,48.148],[7.329,48.148],[7.329,48.148],[7.328,48.149],[7.328,48.149],[7.325,48.15],[7.324,48.151],[7.324,48.151],[7.324,48.151],[7.325,48.151],[7.325,48.152],[7.324,48.152],[7.325,48.153],[7.325,48.153],[7.326,48.155],[7.326,48.157],[7.327,48.157],[7.329,48.155],[7.329,48.156],[7.331,48.156],[7.332,48.155],[7.331,48.156],[7.333,48.157],[7.331,48.158],[7.336,48.159],[7.34,48.158],[7.339,48.157],[7.339,48.156],[7.337,48.156],[7.339,48.156],[7.338,48.154],[7.337,48.155],[7.337,48.155],[7.338,48.154],[7.335,48.149],[7.334,48.148],[7.331,48.148],[7.331,48.148],[7.334,48.148],[7.332,48.147],[7.328,48.143],[7.327,48.144],[7.327,48.144],[7.328,48.144],[7.328,48.144],[7.327,48.144],[7.327,48.146],[7.325,48.147]],[[7.33,48.148],[7.33,48.148],[7.33,48.148],[7.33,48.148]],[[7.331,48.148],[7.331,48.148],[7.331,48.148],[7.331,48.148]],[[7.333,48.151],[7.333,48.151],[7.333,48.151],[7.333,48.151]],[[7.327,48.148],[7.327,48.147],[7.327,48.148],[7.327,48.148]],[[7.332,48.147],[7.332,48.147],[7.332,48.147],[7.332,48.147]],[[7.335,48.156],[7.333,48.157],[7.333,48.156],[7.335,48.156]],[[7.333,48.157],[7.333,48.157],[7.333,48.157],[7.333,48.157]],[[7.334,48.155],[7.334,48.155],[7.334,48.155],[7.334,48.155],[7.334,48.155]]],[[[7.321,48.15],[7.323,48.15],[7.324,48.15],[7.322,48.149],[7.321,48.15]]],[[[7.32,48.153],[7.32,48.152],[7.32,48.152],[7.32,48.153]]],[[[7.338,48.148],[7.335,48.148],[7.336,48.149],[7.34,48.158],[7.34,48.156],[7.343,48.154],[7.342,48.152],[7.34,48.152],[7.34,48.148],[7.338,48.148]],[[7.339,48.153],[7.338,48.153],[7.339,48.153],[7.339,48.153]]],[[[7.324,48.151],[7.321,48.154],[7.32,48.156],[7.321,48.155],[7.323,48.154],[7.321,48.155],[7.321,48.158],[7.323,48.158],[7.324,48.158],[7.324,48.157],[7.326,48.157],[7.325,48.153],[7.323,48.153],[7.325,48.153],[7.324,48.152],[7.324,48.151]]],[[[7.33,48.158],[7.328,48.159],[7.331,48.16],[7.331,48.159],[7.331,48.158],[7.33,48.158]]],[[[7.324,48.159],[7.325,48.16],[7.326,48.16],[7.324,48.158],[7.324,48.159]]],[[[7.331,48.159],[7.331,48.16],[7.332,48.16],[7.335,48.16],[7.335,48.159],[7.331,48.159]]],[[[7.339,48.159],[7.335,48.16],[7.335,48.161],[7.333,48.16],[7.333,48.161],[7.332,48.16],[7.329,48.16],[7.328,48.161],[7.331,48.165],[7.331,48.165],[7.331,48.165],[7.331,48.165],[7.332,48.167],[7.332,48.169],[7.333,48.17],[7.333,48.171],[7.34,48.171],[7.34,48.17],[7.339,48.168],[7.34,48.171],[7.344,48.172],[7.344,48.169],[7.341,48.169],[7.341,48.167],[7.34,48.167],[7.335,48.162],[7.339,48.166],[7.341,48.165],[7.339,48.159]],[[7.331,48.165],[7.331,48.165],[7.331,48.165],[7.331,48.165]],[[7.332,48.165],[7.332,48.165],[7.332,48.165],[7.332,48.165]],[[7.333,48.165],[7.333,48.165],[7.333,48.165],[7.333,48.165]],[[7.333,48.165],[7.333,48.165],[7.333,48.165],[7.333,48.165]],[[7.334,48.165],[7.334,48.165],[7.334,48.165],[7.334,48.165]],[[7.335,48.165],[7.335,48.165],[7.335,48.165],[7.335,48.165]],[[7.336,48.165],[7.336,48.165],[7.336,48.165],[7.336,48.165]],[[7.337,48.165],[7.337,48.165],[7.337,48.165],[7.337,48.165]],[[7.337,48.165],[7.337,48.165],[7.337,48.165],[7.337,48.165]]],[[[7.322,48.169],[7.321,48.171],[7.323,48.172],[7.322,48.172],[7.324,48.174],[7.324,48.175],[7.325,48.176],[7.325,48.177],[7.324,48.175],[7.324,48.174],[7.323,48.175],[7.324,48.179],[7.326,48.179],[7.326,48.18],[7.334,48.179],[7.333,48.177],[7.333,48.176],[7.33,48.173],[7.328,48.17],[7.327,48.168],[7.325,48.169],[7.325,48.169],[7.322,48.169]],[[7.326,48.174],[7.326,48.174],[7.326,48.174],[7.326,48.174]],[[7.328,48.174],[7.328,48.174],[7.328,48.174],[7.328,48.174]],[[7.326,48.178],[7.325,48.177],[7.326,48.177],[7.326,48.178]]],[[[7.324,48.179],[7.324,48.18],[7.326,48.18],[7.326,48.179],[7.324,48.179]]],[[[7.333,48.179],[7.335,48.18],[7.335,48.179],[7.333,48.179]]],[[[7.343,48.183],[7.342,48.181],[7.345,48.18],[7.343,48.177],[7.345,48.176],[7.344,48.175],[7.343,48.175],[7.343,48.177],[7.341,48.18],[7.339,48.183],[7.343,48.183]]],[[[7.335,48.181],[7.334,48.18],[7.333,48.181],[7.334,48.181],[7.335,48.181]]],[[[7.333,48.186],[7.333,48.188],[7.333,48.189],[7.336,48.187],[7.334,48.189],[7.342,48.187],[7.339,48.184],[7.339,48.185],[7.339,48.185],[7.34,48.187],[7.34,48.187],[7.34,48.187],[7.338,48.185],[7.338,48.183],[7.34,48.181],[7.339,48.18],[7.337,48.18],[7.335,48.18],[7.336,48.181],[7.334,48.182],[7.334,48.183],[7.334,48.184],[7.332,48.186],[7.333,48.186]],[[7.337,48.188],[7.337,48.188],[7.337,48.188],[7.337,48.188]],[[7.337,48.181],[7.336,48.181],[7.337,48.181],[7.337,48.181]]],[[[7.325,48.187],[7.325,48.19],[7.326,48.19],[7.325,48.191],[7.326,48.192],[7.328,48.191],[7.332,48.189],[7.333,48.186],[7.33,48.185],[7.325,48.187]]],[[[7.333,48.19],[7.333,48.189],[7.333,48.19],[7.333,48.19]]],[[[7.344,48.19],[7.342,48.19],[7.343,48.191],[7.345,48.191],[7.344,48.19]]],[[[7.332,48.193],[7.333,48.193],[7.333,48.193],[7.332,48.193]]],[[[7.329,48.195],[7.33,48.194],[7.329,48.194],[7.329,48.195]]],[[[7.348,48.195],[7.347,48.193],[7.347,48.195],[7.348,48.195]]],[[[7.344,48.195],[7.347,48.195],[7.347,48.193],[7.344,48.194],[7.344,48.195]]],[[[7.337,48.197],[7.338,48.196],[7.337,48.196],[7.337,48.197]]],[[[7.336,48.198],[7.34,48.2],[7.334,48.198],[7.332,48.198],[7.334,48.198],[7.332,48.198],[7.332,48.197],[7.334,48.195],[7.333,48.195],[7.332,48.194],[7.331,48.194],[7.331,48.195],[7.33,48.194],[7.332,48.196],[7.33,48.198],[7.33,48.199],[7.333,48.201],[7.333,48.202],[7.333,48.202],[7.333,48.203],[7.335,48.204],[7.335,48.205],[7.336,48.206],[7.336,48.206],[7.336,48.206],[7.335,48.205],[7.333,48.202],[7.332,48.203],[7.329,48.205],[7.329,48.205],[7.33,48.204],[7.332,48.203],[7.333,48.202],[7.333,48.202],[7.33,48.199],[7.33,48.199],[7.33,48.198],[7.329,48.2],[7.329,48.2],[7.328,48.201],[7.328,48.201],[7.329,48.2],[7.329,48.199],[7.33,48.196],[7.33,48.195],[7.326,48.195],[7.326,48.195],[7.326,48.196],[7.326,48.195],[7.325,48.194],[7.319,48.196],[7.322,48.197],[7.325,48.196],[7.323,48.197],[7.323,48.198],[7.323,48.2],[7.328,48.207],[7.33,48.207],[7.33,48.207],[7.331,48.208],[7.332,48.207],[7.333,48.208],[7.334,48.208],[7.337,48.208],[7.337,48.208],[7.336,48.207],[7.336,48.206],[7.337,48.208],[7.338,48.211],[7.338,48.21],[7.339,48.21],[7.342,48.209],[7.342,48.208],[7.341,48.208],[7.341,48.208],[7.34,48.207],[7.341,48.206],[7.341,48.206],[7.341,48.205],[7.34,48.205],[7.34,48.205],[7.34,48.204],[7.34,48.204],[7.34,48.204],[7.34,48.203],[7.337,48.204],[7.337,48.202],[7.338,48.204],[7.34,48.203],[7.341,48.207],[7.34,48.207],[7.341,48.208],[7.342,48.208],[7.342,48.208],[7.343,48.209],[7.343,48.21],[7.344,48.209],[7.349,48.205],[7.349,48.205],[7.351,48.205],[7.347,48.204],[7.342,48.206],[7.346,48.204],[7.348,48.204],[7.342,48.2],[7.341,48.2],[7.34,48.2],[7.341,48.199],[7.346,48.198],[7.346,48.197],[7.347,48.197],[7.346,48.196],[7.347,48.196],[7.347,48.195],[7.338,48.196],[7.336,48.198]],[[7.336,48.206],[7.336,48.206],[7.336,48.206],[7.336,48.206]],[[7.338,48.201],[7.338,48.201],[7.338,48.201],[7.338,48.201]],[[7.334,48.207],[7.334,48.207],[7.334,48.207],[7.334,48.207]],[[7.335,48.206],[7.335,48.206],[7.336,48.206],[7.335,48.206]]],[[[7.349,48.196],[7.348,48.199],[7.35,48.201],[7.35,48.201],[7.353,48.201],[7.352,48.199],[7.353,48.199],[7.356,48.201],[7.356,48.2],[7.355,48.198],[7.354,48.198],[7.353,48.196],[7.349,48.196]]],[[[7.343,48.201],[7.347,48.202],[7.35,48.204],[7.35,48.201],[7.349,48.2],[7.348,48.199],[7.347,48.197],[7.346,48.198],[7.341,48.199],[7.343,48.201]]],[[[7.338,48.211],[7.338,48.213],[7.34,48.213],[7.338,48.214],[7.339,48.215],[7.343,48.213],[7.344,48.213],[7.345,48.214],[7.346,48.213],[7.345,48.212],[7.342,48.213],[7.344,48.211],[7.343,48.21],[7.342,48.209],[7.34,48.21],[7.338,48.211],[7.338,48.211]]],[[[7.338,48.214],[7.34,48.217],[7.342,48.216],[7.346,48.218],[7.346,48.219],[7.348,48.22],[7.348,48.219],[7.35,48.219],[7.351,48.219],[7.346,48.215],[7.346,48.215],[7.346,48.215],[7.346,48.215],[7.351,48.219],[7.352,48.218],[7.352,48.218],[7.352,48.217],[7.353,48.216],[7.352,48.216],[7.352,48.216],[7.353,48.216],[7.352,48.217],[7.353,48.218],[7.35,48.219],[7.348,48.22],[7.349,48.221],[7.353,48.22],[7.353,48.221],[7.356,48.222],[7.357,48.224],[7.352,48.222],[7.351,48.223],[7.358,48.224],[7.36,48.225],[7.36,48.225],[7.362,48.225],[7.362,48.225],[7.362,48.226],[7.359,48.225],[7.359,48.225],[7.358,48.225],[7.356,48.225],[7.354,48.226],[7.351,48.226],[7.354,48.226],[7.355,48.227],[7.354,48.227],[7.35,48.226],[7.35,48.226],[7.35,48.227],[7.35,48.227],[7.349,48.226],[7.35,48.226],[7.35,48.225],[7.345,48.225],[7.349,48.226],[7.346,48.226],[7.344,48.228],[7.342,48.228],[7.342,48.229],[7.35,48.23],[7.349,48.232],[7.35,48.233],[7.353,48.232],[7.353,48.233],[7.359,48.23],[7.359,48.228],[7.36,48.226],[7.363,48.226],[7.363,48.226],[7.364,48.226],[7.364,48.226],[7.365,48.226],[7.365,48.226],[7.366,48.225],[7.368,48.225],[7.369,48.225],[7.37,48.225],[7.371,48.224],[7.372,48.224],[7.373,48.224],[7.374,48.223],[7.376,48.222],[7.378,48.222],[7.378,48.222],[7.379,48.222],[7.379,48.222],[7.381,48.221],[7.381,48.22],[7.378,48.22],[7.375,48.221],[7.371,48.223],[7.378,48.219],[7.375,48.219],[7.369,48.217],[7.367,48.217],[7.369,48.218],[7.369,48.219],[7.367,48.217],[7.365,48.217],[7.366,48.218],[7.366,48.22],[7.368,48.219],[7.369,48.219],[7.366,48.22],[7.366,48.221],[7.367,48.222],[7.367,48.223],[7.367,48.224],[7.365,48.225],[7.367,48.224],[7.366,48.219],[7.362,48.22],[7.362,48.219],[7.361,48.218],[7.362,48.219],[7.361,48.22],[7.362,48.22],[7.362,48.221],[7.36,48.223],[7.359,48.224],[7.36,48.224],[7.361,48.224],[7.361,48.224],[7.36,48.224],[7.359,48.224],[7.359,48.223],[7.358,48.223],[7.358,48.222],[7.357,48.221],[7.358,48.223],[7.36,48.223],[7.362,48.221],[7.361,48.218],[7.36,48.219],[7.359,48.219],[7.36,48.218],[7.359,48.217],[7.356,48.217],[7.354,48.22],[7.354,48.221],[7.354,48.221],[7.353,48.221],[7.354,48.221],[7.354,48.22],[7.355,48.218],[7.357,48.217],[7.356,48.216],[7.359,48.217],[7.359,48.217],[7.359,48.217],[7.36,48.217],[7.362,48.216],[7.362,48.216],[7.361,48.216],[7.361,48.216],[7.359,48.216],[7.36,48.216],[7.363,48.216],[7.365,48.216],[7.365,48.215],[7.365,48.212],[7.361,48.213],[7.36,48.211],[7.36,48.208],[7.352,48.207],[7.353,48.206],[7.356,48.206],[7.356,48.205],[7.355,48.205],[7.355,48.205],[7.356,48.205],[7.359,48.204],[7.354,48.205],[7.351,48.205],[7.351,48.205],[7.349,48.206],[7.351,48.208],[7.349,48.206],[7.344,48.209],[7.343,48.21],[7.344,48.211],[7.344,48.21],[7.345,48.209],[7.347,48.208],[7.345,48.21],[7.346,48.213],[7.347,48.212],[7.346,48.213],[7.347,48.213],[7.345,48.214],[7.343,48.213],[7.339,48.215],[7.338,48.214]],[[7.352,48.216],[7.352,48.216],[7.352,48.216],[7.352,48.216]],[[7.362,48.225],[7.362,48.225],[7.362,48.225],[7.362,48.225]],[[7.354,48.221],[7.354,48.221],[7.354,48.221],[7.354,48.221]],[[7.353,48.215],[7.353,48.215],[7.353,48.215],[7.353,48.215],[7.353,48.215]],[[7.353,48.215],[7.354,48.214],[7.356,48.215],[7.354,48.215],[7.353,48.215]],[[7.354,48.214],[7.355,48.213],[7.352,48.213],[7.351,48.211],[7.354,48.212],[7.356,48.211],[7.359,48.212],[7.359,48.213],[7.357,48.214],[7.356,48.212],[7.354,48.213],[7.355,48.214],[7.354,48.214]],[[7.36,48.213],[7.36,48.213],[7.359,48.213],[7.36,48.213]],[[7.351,48.207],[7.351,48.207],[7.352,48.207],[7.351,48.207]],[[7.352,48.209],[7.349,48.211],[7.352,48.209],[7.356,48.208],[7.358,48.208],[7.359,48.208],[7.36,48.209],[7.36,48.209],[7.358,48.208],[7.352,48.209]],[[7.354,48.208],[7.354,48.208],[7.354,48.207],[7.354,48.208]],[[7.356,48.214],[7.356,48.214],[7.356,48.214],[7.356,48.214]],[[7.357,48.221],[7.357,48.221],[7.357,48.221],[7.357,48.221]],[[7.356,48.221],[7.356,48.221],[7.356,48.221],[7.356,48.221]],[[7.356,48.221],[7.356,48.221],[7.356,48.221],[7.356,48.221]],[[7.356,48.221],[7.356,48.221],[7.356,48.221],[7.356,48.221]],[[7.356,48.221],[7.356,48.221],[7.356,48.221],[7.356,48.221]],[[7.355,48.221],[7.355,48.221],[7.355,48.221],[7.355,48.221]],[[7.355,48.221],[7.355,48.221],[7.355,48.221],[7.355,48.221]],[[7.355,48.221],[7.355,48.221],[7.355,48.221],[7.355,48.221]],[[7.355,48.221],[7.355,48.221],[7.355,48.221],[7.355,48.221]],[[7.354,48.221],[7.354,48.221],[7.355,48.221],[7.354,48.221]],[[7.356,48.224],[7.356,48.224],[7.356,48.224],[7.356,48.224]],[[7.362,48.226],[7.362,48.226],[7.362,48.226],[7.362,48.226]],[[7.362,48.226],[7.362,48.226],[7.362,48.226],[7.362,48.226]],[[7.352,48.229],[7.351,48.23],[7.352,48.229],[7.351,48.228],[7.351,48.228],[7.352,48.229]],[[7.351,48.23],[7.351,48.23],[7.351,48.23],[7.351,48.23]],[[7.354,48.23],[7.354,48.23],[7.354,48.23],[7.354,48.23]],[[7.354,48.23],[7.354,48.23],[7.354,48.23],[7.354,48.23]],[[7.354,48.23],[7.355,48.23],[7.355,48.23],[7.354,48.23]],[[7.357,48.23],[7.357,48.23],[7.357,48.23],[7.357,48.23]],[[7.357,48.23],[7.358,48.229],[7.359,48.229],[7.357,48.23],[7.357,48.23]],[[7.359,48.229],[7.359,48.229],[7.359,48.229],[7.359,48.229]],[[7.359,48.229],[7.359,48.229],[7.359,48.229],[7.359,48.229]],[[7.359,48.229],[7.359,48.229],[7.359,48.229],[7.359,48.229]],[[7.352,48.23],[7.351,48.23],[7.352,48.23],[7.352,48.23]],[[7.37,48.223],[7.37,48.223],[7.37,48.223],[7.37,48.223]],[[7.366,48.224],[7.366,48.223],[7.366,48.223],[7.366,48.224]],[[7.362,48.215],[7.363,48.215],[7.362,48.215],[7.362,48.215]]],[[[7.353,48.213],[7.353,48.213],[7.353,48.213],[7.353,48.213]]],[[[7.354,48.213],[7.354,48.213],[7.354,48.213],[7.354,48.213]]],[[[7.335,48.216],[7.337,48.217],[7.336,48.216],[7.335,48.216]]],[[[7.35,48.222],[7.35,48.221],[7.351,48.222],[7.35,48.222]]],[[[7.35,48.221],[7.347,48.222],[7.349,48.222],[7.35,48.222],[7.35,48.221]]],[[[7.351,48.224],[7.35,48.223],[7.35,48.223],[7.35,48.223],[7.351,48.224]]],[[[7.34,48.224],[7.343,48.225],[7.35,48.225],[7.351,48.224],[7.344,48.223],[7.343,48.224],[7.341,48.223],[7.34,48.224]]],[[[7.352,48.224],[7.352,48.224],[7.351,48.224],[7.352,48.224]]],[[[7.351,48.225],[7.352,48.225],[7.351,48.224],[7.351,48.225]]],[[[7.346,48.233],[7.348,48.234],[7.353,48.234],[7.358,48.233],[7.359,48.232],[7.358,48.231],[7.354,48.233],[7.351,48.233],[7.346,48.232],[7.346,48.233]]],[[[7.358,48.234],[7.35,48.237],[7.351,48.239],[7.353,48.239],[7.354,48.236],[7.355,48.237],[7.357,48.237],[7.359,48.237],[7.361,48.234],[7.358,48.234]],[[7.357,48.235],[7.357,48.235],[7.357,48.235],[7.357,48.235]]],[[[7.361,48.234],[7.359,48.237],[7.358,48.237],[7.356,48.237],[7.354,48.238],[7.354,48.24],[7.36,48.239],[7.361,48.238],[7.362,48.237],[7.361,48.236],[7.362,48.235],[7.361,48.234]],[[7.36,48.238],[7.36,48.238],[7.36,48.238],[7.36,48.238]]],[[[7.36,48.101],[7.359,48.101],[7.362,48.101],[7.36,48.101],[7.36,48.101]]],[[[7.361,48.118],[7.359,48.117],[7.359,48.117],[7.357,48.117],[7.357,48.118],[7.356,48.118],[7.356,48.121],[7.364,48.121],[7.364,48.12],[7.361,48.12],[7.361,48.118]]],[[[7.362,48.121],[7.361,48.122],[7.356,48.121],[7.356,48.122],[7.364,48.124],[7.364,48.121],[7.362,48.121]]],[[[7.353,48.201],[7.35,48.201],[7.351,48.205],[7.354,48.205],[7.354,48.204],[7.358,48.204],[7.36,48.203],[7.36,48.2],[7.362,48.204],[7.364,48.204],[7.367,48.202],[7.367,48.203],[7.37,48.202],[7.368,48.199],[7.367,48.197],[7.356,48.198],[7.355,48.196],[7.353,48.196],[7.357,48.2],[7.356,48.201],[7.353,48.2],[7.353,48.201]]],[[[7.37,48.202],[7.374,48.201],[7.373,48.199],[7.369,48.2],[7.37,48.202]]],[[[7.375,48.201],[7.371,48.202],[7.372,48.205],[7.376,48.204],[7.375,48.201]]],[[[7.365,48.204],[7.367,48.205],[7.366,48.203],[7.365,48.204]]],[[[7.367,48.203],[7.368,48.205],[7.372,48.205],[7.371,48.204],[7.369,48.204],[7.368,48.202],[7.367,48.203]]],[[[7.367,48.205],[7.368,48.206],[7.368,48.205],[7.367,48.205]]],[[[7.368,48.206],[7.372,48.207],[7.372,48.206],[7.37,48.206],[7.37,48.205],[7.368,48.205],[7.368,48.206]]],[[[7.361,48.208],[7.362,48.208],[7.363,48.208],[7.363,48.208],[7.363,48.208],[7.364,48.208],[7.365,48.208],[7.366,48.208],[7.367,48.208],[7.367,48.208],[7.368,48.208],[7.368,48.207],[7.366,48.206],[7.361,48.208]]],[[[7.369,48.207],[7.372,48.208],[7.375,48.208],[7.374,48.207],[7.369,48.207]]],[[[7.371,48.209],[7.377,48.209],[7.377,48.209],[7.375,48.208],[7.372,48.208],[7.371,48.208],[7.371,48.209]]],[[[7.36,48.208],[7.361,48.213],[7.367,48.212],[7.365,48.212],[7.365,48.215],[7.367,48.215],[7.365,48.215],[7.366,48.217],[7.369,48.216],[7.372,48.217],[7.373,48.216],[7.372,48.213],[7.37,48.214],[7.372,48.213],[7.37,48.213],[7.37,48.213],[7.372,48.213],[7.37,48.212],[7.371,48.212],[7.37,48.207],[7.368,48.207],[7.368,48.208],[7.365,48.208],[7.361,48.208],[7.36,48.208]],[[7.367,48.212],[7.367,48.212],[7.367,48.212],[7.367,48.212]],[[7.367,48.212],[7.367,48.212],[7.367,48.212],[7.367,48.212]],[[7.367,48.213],[7.367,48.213],[7.367,48.213],[7.367,48.213]],[[7.368,48.213],[7.368,48.213],[7.368,48.213],[7.368,48.213]],[[7.368,48.213],[7.368,48.213],[7.368,48.213],[7.368,48.213]],[[7.368,48.213],[7.368,48.213],[7.368,48.213],[7.368,48.213]],[[7.369,48.213],[7.369,48.213],[7.369,48.213],[7.369,48.213]],[[7.369,48.213],[7.369,48.214],[7.369,48.214],[7.369,48.213]],[[7.369,48.214],[7.369,48.214],[7.369,48.214],[7.369,48.214]],[[7.369,48.213],[7.369,48.213],[7.37,48.213],[7.369,48.213]],[[7.37,48.213],[7.37,48.213],[7.37,48.213],[7.37,48.213]],[[7.367,48.215],[7.368,48.215],[7.368,48.216],[7.367,48.215]]],[[[7.378,48.213],[7.378,48.216],[7.378,48.214],[7.378,48.213],[7.372,48.215],[7.373,48.216],[7.372,48.217],[7.376,48.219],[7.383,48.219],[7.382,48.215],[7.379,48.215],[7.381,48.215],[7.38,48.213],[7.378,48.213]]],[[[7.363,48.217],[7.365,48.217],[7.366,48.217],[7.363,48.216],[7.363,48.217]]],[[[7.363,48.219],[7.366,48.219],[7.365,48.217],[7.363,48.217],[7.363,48.219]]],[[[7.37,48.225],[7.37,48.228],[7.372,48.229],[7.375,48.227],[7.377,48.229],[7.381,48.227],[7.381,48.227],[7.381,48.227],[7.387,48.226],[7.384,48.222],[7.379,48.222],[7.379,48.222],[7.379,48.222],[7.378,48.222],[7.376,48.223],[7.373,48.224],[7.374,48.224],[7.374,48.225],[7.373,48.224],[7.37,48.225]],[[7.379,48.226],[7.379,48.227],[7.379,48.227],[7.379,48.226]],[[7.377,48.223],[7.378,48.224],[7.378,48.224],[7.377,48.223]]],[[[7.369,48.225],[7.365,48.226],[7.363,48.226],[7.363,48.226],[7.365,48.228],[7.365,48.229],[7.366,48.23],[7.367,48.232],[7.37,48.231],[7.371,48.232],[7.373,48.231],[7.37,48.228],[7.369,48.225]]],[[[7.387,48.226],[7.378,48.229],[7.378,48.231],[7.382,48.232],[7.381,48.23],[7.385,48.229],[7.39,48.229],[7.387,48.226]]],[[[7.362,48.226],[7.36,48.229],[7.361,48.231],[7.359,48.231],[7.36,48.232],[7.36,48.232],[7.361,48.232],[7.36,48.233],[7.36,48.234],[7.363,48.232],[7.366,48.231],[7.366,48.231],[7.365,48.231],[7.365,48.231],[7.365,48.23],[7.365,48.228],[7.362,48.226]]],[[[7.36,48.232],[7.36,48.232],[7.36,48.232],[7.36,48.232]]],[[[7.373,48.231],[7.372,48.232],[7.372,48.232],[7.374,48.232],[7.373,48.231]]],[[[7.381,48.23],[7.382,48.231],[7.382,48.232],[7.38,48.232],[7.381,48.233],[7.382,48.234],[7.384,48.234],[7.385,48.234],[7.386,48.234],[7.388,48.234],[7.392,48.233],[7.388,48.232],[7.392,48.233],[7.39,48.229],[7.381,48.23]]],[[[7.383,48.234],[7.382,48.234],[7.382,48.234],[7.383,48.234]]],[[[7.386,48.234],[7.384,48.234],[7.384,48.235],[7.386,48.235],[7.386,48.234]]],[[[7.392,48.234],[7.391,48.234],[7.391,48.235],[7.392,48.234]]],[[[7.379,48.231],[7.374,48.232],[7.368,48.235],[7.372,48.237],[7.372,48.237],[7.374,48.238],[7.375,48.238],[7.376,48.239],[7.378,48.24],[7.378,48.241],[7.38,48.24],[7.382,48.241],[7.382,48.24],[7.383,48.241],[7.385,48.241],[7.387,48.241],[7.388,48.238],[7.389,48.239],[7.39,48.239],[7.394,48.238],[7.392,48.234],[7.392,48.234],[7.39,48.236],[7.384,48.238],[7.384,48.237],[7.382,48.238],[7.384,48.237],[7.381,48.233],[7.376,48.234],[7.377,48.234],[7.375,48.234],[7.374,48.234],[7.374,48.235],[7.373,48.236],[7.374,48.235],[7.374,48.234],[7.375,48.234],[7.381,48.233],[7.379,48.231]],[[7.381,48.241],[7.382,48.241],[7.382,48.241],[7.381,48.241]],[[7.377,48.239],[7.377,48.239],[7.376,48.239],[7.377,48.239]],[[7.377,48.238],[7.378,48.239],[7.378,48.239],[7.377,48.238]],[[7.378,48.238],[7.378,48.238],[7.378,48.238],[7.378,48.238]],[[7.379,48.238],[7.382,48.238],[7.379,48.239],[7.379,48.238]],[[7.382,48.238],[7.382,48.238],[7.382,48.238],[7.382,48.238]],[[7.382,48.238],[7.382,48.238],[7.382,48.238],[7.382,48.238]]],[[[7.364,48.232],[7.36,48.234],[7.361,48.234],[7.362,48.235],[7.362,48.238],[7.361,48.239],[7.362,48.239],[7.364,48.24],[7.365,48.239],[7.369,48.241],[7.378,48.24],[7.367,48.235],[7.366,48.237],[7.365,48.237],[7.364,48.238],[7.365,48.238],[7.365,48.238],[7.364,48.239],[7.364,48.238],[7.364,48.237],[7.366,48.237],[7.367,48.235],[7.366,48.234],[7.365,48.235],[7.366,48.234],[7.366,48.233],[7.364,48.232]],[[7.375,48.24],[7.375,48.24],[7.375,48.24],[7.375,48.24]],[[7.375,48.24],[7.375,48.24],[7.375,48.24],[7.375,48.24]]],[[[7.391,48.235],[7.387,48.236],[7.388,48.237],[7.391,48.235]]],[[[7.387,48.237],[7.384,48.237],[7.384,48.238],[7.387,48.237]]],[[[7.396,48.238],[7.394,48.233],[7.392,48.233],[7.395,48.24],[7.396,48.243],[7.395,48.24],[7.392,48.241],[7.395,48.24],[7.394,48.238],[7.388,48.24],[7.386,48.241],[7.387,48.242],[7.394,48.244],[7.394,48.244],[7.396,48.243],[7.396,48.245],[7.4,48.245],[7.397,48.243],[7.396,48.238]],[[7.392,48.243],[7.392,48.243],[7.392,48.243],[7.392,48.243]]],[[[7.388,48.239],[7.388,48.239],[7.388,48.24],[7.389,48.239],[7.388,48.239]]],[[[7.38,48.241],[7.381,48.24],[7.38,48.241],[7.38,48.241]]],[[[7.385,48.241],[7.385,48.241],[7.385,48.241],[7.385,48.241]]],[[[7.387,48.242],[7.385,48.241],[7.385,48.242],[7.387,48.242]]],[[[7.377,48.242],[7.376,48.242],[7.375,48.242],[7.376,48.243],[7.377,48.242]]],[[[7.384,48.242],[7.381,48.242],[7.381,48.243],[7.383,48.243],[7.384,48.242]]],[[[7.375,48.242],[7.371,48.243],[7.374,48.244],[7.376,48.243],[7.375,48.242],[7.375,48.242]]],[[[7.384,48.243],[7.381,48.243],[7.382,48.244],[7.381,48.243],[7.378,48.243],[7.377,48.245],[7.378,48.247],[7.382,48.247],[7.38,48.248],[7.38,48.248],[7.382,48.25],[7.383,48.25],[7.385,48.25],[7.384,48.251],[7.386,48.252],[7.391,48.251],[7.391,48.251],[7.393,48.25],[7.392,48.248],[7.391,48.248],[7.392,48.248],[7.392,48.248],[7.393,48.25],[7.394,48.25],[7.392,48.251],[7.393,48.251],[7.393,48.252],[7.393,48.252],[7.394,48.251],[7.394,48.252],[7.394,48.252],[7.397,48.251],[7.396,48.249],[7.398,48.248],[7.397,48.246],[7.389,48.244],[7.385,48.244],[7.384,48.243]],[[7.382,48.244],[7.382,48.243],[7.382,48.244],[7.382,48.244]],[[7.383,48.243],[7.384,48.244],[7.385,48.244],[7.383,48.243],[7.383,48.243],[7.383,48.243],[7.383,48.243],[7.382,48.243],[7.383,48.243]],[[7.385,48.247],[7.384,48.247],[7.385,48.247],[7.385,48.247]],[[7.386,48.246],[7.386,48.245],[7.386,48.246],[7.386,48.246],[7.385,48.246],[7.386,48.246]],[[7.387,48.248],[7.386,48.248],[7.387,48.248],[7.387,48.248]],[[7.388,48.248],[7.387,48.248],[7.388,48.248],[7.388,48.248]],[[7.393,48.246],[7.393,48.246],[7.393,48.245],[7.393,48.246],[7.393,48.246]],[[7.395,48.25],[7.395,48.25],[7.395,48.249],[7.395,48.25]]],[[[7.397,48.25],[7.397,48.25],[7.399,48.25],[7.399,48.249],[7.397,48.25]]],[[[7.395,48.253],[7.395,48.252],[7.395,48.252],[7.395,48.253]]],[[[7.396,48.252],[7.395,48.254],[7.396,48.253],[7.397,48.253],[7.398,48.253],[7.397,48.253],[7.397,48.251],[7.396,48.252],[7.396,48.252],[7.397,48.253],[7.396,48.252]]],[[[7.392,48.254],[7.393,48.253],[7.392,48.253],[7.392,48.254]]],[[[7.392,48.254],[7.394,48.254],[7.393,48.253],[7.392,48.254]]],[[[7.399,48.254],[7.402,48.253],[7.401,48.253],[7.399,48.253],[7.399,48.254]]],[[[7.398,48.254],[7.396,48.253],[7.397,48.254],[7.398,48.254]]],[[[7.39,48.256],[7.392,48.255],[7.392,48.253],[7.388,48.255],[7.39,48.256]]],[[[7.388,48.255],[7.387,48.256],[7.389,48.256],[7.389,48.255],[7.388,48.255]]],[[[7.398,48.258],[7.4,48.264],[7.399,48.267],[7.4,48.267],[7.403,48.263],[7.402,48.263],[7.401,48.259],[7.4,48.26],[7.401,48.259],[7.402,48.259],[7.398,48.254],[7.396,48.256],[7.397,48.256],[7.398,48.258]],[[7.401,48.265],[7.401,48.265],[7.401,48.265],[7.401,48.265]],[[7.401,48.265],[7.401,48.265],[7.401,48.265],[7.401,48.265]],[[7.402,48.264],[7.402,48.264],[7.402,48.264],[7.402,48.264]],[[7.399,48.26],[7.399,48.26],[7.398,48.26],[7.399,48.26]],[[7.399,48.26],[7.399,48.26],[7.399,48.26],[7.399,48.26]]],[[[7.39,48.256],[7.391,48.258],[7.39,48.257],[7.385,48.258],[7.389,48.262],[7.388,48.262],[7.389,48.263],[7.391,48.262],[7.391,48.263],[7.389,48.263],[7.39,48.265],[7.392,48.264],[7.394,48.272],[7.393,48.273],[7.393,48.275],[7.395,48.275],[7.397,48.271],[7.397,48.269],[7.398,48.269],[7.396,48.269],[7.396,48.269],[7.396,48.27],[7.396,48.271],[7.395,48.271],[7.396,48.27],[7.396,48.268],[7.398,48.269],[7.398,48.267],[7.398,48.268],[7.399,48.268],[7.398,48.266],[7.399,48.265],[7.398,48.265],[7.4,48.265],[7.4,48.264],[7.398,48.259],[7.397,48.258],[7.396,48.258],[7.395,48.256],[7.393,48.257],[7.394,48.257],[7.393,48.257],[7.394,48.258],[7.394,48.258],[7.393,48.257],[7.393,48.257],[7.392,48.256],[7.393,48.256],[7.392,48.255],[7.39,48.256]],[[7.396,48.27],[7.396,48.27],[7.396,48.27],[7.396,48.27]],[[7.392,48.262],[7.392,48.262],[7.392,48.262],[7.392,48.262]],[[7.392,48.262],[7.392,48.262],[7.392,48.262],[7.392,48.262]],[[7.392,48.262],[7.392,48.262],[7.392,48.262],[7.392,48.262]],[[7.393,48.262],[7.392,48.26],[7.392,48.26],[7.392,48.26],[7.393,48.262],[7.393,48.262],[7.393,48.262]],[[7.393,48.26],[7.393,48.26],[7.393,48.26],[7.393,48.26]],[[7.394,48.26],[7.394,48.26],[7.394,48.26],[7.394,48.26]],[[7.394,48.26],[7.395,48.259],[7.395,48.259],[7.394,48.26],[7.394,48.26],[7.395,48.26],[7.394,48.26]],[[7.395,48.26],[7.395,48.26],[7.395,48.26],[7.395,48.26]],[[7.396,48.26],[7.395,48.26],[7.395,48.26],[7.396,48.26],[7.396,48.26]],[[7.396,48.26],[7.396,48.26],[7.396,48.26],[7.396,48.26]],[[7.397,48.26],[7.397,48.26],[7.397,48.26],[7.397,48.26]],[[7.395,48.271],[7.396,48.272],[7.396,48.272],[7.396,48.272],[7.395,48.271],[7.395,48.271]],[[7.397,48.265],[7.397,48.265],[7.397,48.265],[7.397,48.265]],[[7.397,48.272],[7.397,48.272],[7.397,48.272],[7.397,48.272]]],[[[7.398,48.289],[7.394,48.288],[7.396,48.289],[7.399,48.289],[7.399,48.289],[7.399,48.289],[7.399,48.289],[7.396,48.289],[7.394,48.289],[7.394,48.289],[7.394,48.289],[7.394,48.29],[7.394,48.289],[7.394,48.289],[7.393,48.288],[7.391,48.289],[7.393,48.29],[7.397,48.293],[7.396,48.294],[7.396,48.295],[7.397,48.298],[7.399,48.3],[7.4,48.302],[7.402,48.3],[7.405,48.302],[7.405,48.304],[7.406,48.305],[7.408,48.305],[7.407,48.303],[7.408,48.302],[7.408,48.304],[7.41,48.305],[7.407,48.305],[7.408,48.307],[7.411,48.307],[7.409,48.307],[7.409,48.309],[7.412,48.31],[7.413,48.308],[7.416,48.309],[7.417,48.309],[7.412,48.303],[7.412,48.303],[7.41,48.302],[7.408,48.299],[7.407,48.299],[7.405,48.3],[7.405,48.301],[7.404,48.299],[7.401,48.3],[7.402,48.3],[7.407,48.299],[7.407,48.298],[7.406,48.298],[7.405,48.296],[7.405,48.296],[7.405,48.296],[7.401,48.297],[7.4,48.297],[7.399,48.297],[7.399,48.297],[7.4,48.297],[7.401,48.297],[7.404,48.295],[7.405,48.295],[7.404,48.293],[7.404,48.292],[7.402,48.292],[7.401,48.292],[7.4,48.293],[7.4,48.293],[7.398,48.293],[7.4,48.292],[7.399,48.292],[7.403,48.292],[7.4,48.29],[7.403,48.292],[7.404,48.292],[7.403,48.287],[7.399,48.287],[7.399,48.287],[7.397,48.286],[7.396,48.288],[7.398,48.288],[7.398,48.288],[7.398,48.289]],[[7.409,48.302],[7.409,48.302],[7.409,48.302],[7.409,48.302]],[[7.399,48.289],[7.4,48.29],[7.399,48.289],[7.399,48.289]],[[7.4,48.29],[7.4,48.29],[7.4,48.29],[7.4,48.29]],[[7.399,48.292],[7.399,48.29],[7.399,48.29],[7.399,48.291],[7.4,48.291],[7.399,48.292]],[[7.399,48.292],[7.399,48.292],[7.399,48.292],[7.399,48.292]],[[7.396,48.29],[7.396,48.29],[7.397,48.29],[7.396,48.29]],[[7.398,48.297],[7.398,48.297],[7.398,48.297],[7.398,48.297]],[[7.401,48.3],[7.401,48.3],[7.401,48.3],[7.401,48.3]]],[[[7.406,48.342],[7.406,48.343],[7.404,48.343],[7.403,48.344],[7.405,48.345],[7.405,48.346],[7.404,48.346],[7.404,48.347],[7.402,48.347],[7.405,48.347],[7.405,48.347],[7.406,48.347],[7.406,48.345],[7.408,48.346],[7.409,48.344],[7.409,48.345],[7.41,48.344],[7.41,48.342],[7.409,48.343],[7.409,48.342],[7.406,48.342]],[[7.405,48.346],[7.405,48.346],[7.405,48.346],[7.405,48.346]],[[7.406,48.345],[7.406,48.345],[7.406,48.345],[7.406,48.345]],[[7.409,48.343],[7.41,48.343],[7.409,48.343],[7.409,48.343]],[[7.407,48.342],[7.407,48.342],[7.407,48.342],[7.407,48.342]]],[[[7.407,48.346],[7.406,48.347],[7.408,48.347],[7.407,48.346]]],[[[7.405,48.347],[7.403,48.348],[7.406,48.347],[7.405,48.347]]],[[[7.393,48.356],[7.39,48.355],[7.39,48.355],[7.393,48.356]]],[[[7.39,48.354],[7.396,48.356],[7.393,48.356],[7.398,48.356],[7.395,48.355],[7.39,48.354]]],[[[7.386,48.356],[7.385,48.355],[7.384,48.356],[7.385,48.356],[7.386,48.356]]],[[[7.401,48.355],[7.401,48.356],[7.401,48.355],[7.401,48.355]]],[[[7.401,48.357],[7.402,48.356],[7.4,48.355],[7.4,48.356],[7.401,48.357]]],[[[7.377,48.356],[7.376,48.357],[7.378,48.358],[7.379,48.357],[7.377,48.356]]],[[[7.398,48.356],[7.399,48.357],[7.399,48.356],[7.398,48.356]]],[[[7.389,48.359],[7.381,48.355],[7.379,48.355],[7.388,48.36],[7.389,48.359]]],[[[7.394,48.357],[7.399,48.358],[7.399,48.358],[7.4,48.359],[7.4,48.357],[7.394,48.357]]],[[[7.394,48.357],[7.396,48.358],[7.394,48.358],[7.396,48.36],[7.4,48.361],[7.4,48.36],[7.399,48.358],[7.399,48.358],[7.392,48.356],[7.389,48.357],[7.393,48.358],[7.394,48.357]]],[[[7.4,48.357],[7.4,48.359],[7.406,48.361],[7.402,48.359],[7.4,48.357]]],[[[7.382,48.362],[7.387,48.363],[7.388,48.361],[7.384,48.36],[7.385,48.359],[7.382,48.358],[7.382,48.359],[7.384,48.36],[7.382,48.362]]],[[[7.388,48.362],[7.393,48.363],[7.395,48.362],[7.398,48.362],[7.391,48.36],[7.388,48.36],[7.388,48.362]]],[[[7.397,48.361],[7.4,48.362],[7.401,48.362],[7.401,48.362],[7.397,48.361]]],[[[7.4,48.359],[7.401,48.361],[7.4,48.361],[7.402,48.362],[7.403,48.362],[7.399,48.362],[7.397,48.364],[7.397,48.366],[7.402,48.365],[7.404,48.363],[7.409,48.363],[7.406,48.361],[7.4,48.359]],[[7.399,48.363],[7.399,48.363],[7.399,48.363],[7.399,48.363]],[[7.403,48.362],[7.403,48.362],[7.403,48.362],[7.403,48.362]],[[7.403,48.362],[7.403,48.362],[7.403,48.362],[7.403,48.362]],[[7.403,48.362],[7.403,48.362],[7.403,48.362],[7.403,48.362]],[[7.404,48.362],[7.403,48.362],[7.404,48.362],[7.404,48.362]],[[7.404,48.362],[7.404,48.362],[7.404,48.362],[7.404,48.362]],[[7.404,48.363],[7.404,48.363],[7.404,48.363],[7.404,48.363]]],[[[7.401,48.362],[7.402,48.362],[7.402,48.362],[7.401,48.362]]],[[[7.396,48.364],[7.398,48.362],[7.393,48.363],[7.389,48.363],[7.385,48.365],[7.387,48.366],[7.389,48.365],[7.39,48.366],[7.392,48.365],[7.392,48.364],[7.393,48.366],[7.397,48.366],[7.396,48.364]],[[7.39,48.364],[7.39,48.364],[7.389,48.364],[7.39,48.364]]],[[[7.406,48.365],[7.404,48.366],[7.404,48.366],[7.406,48.365]]],[[[7.409,48.366],[7.41,48.367],[7.412,48.366],[7.408,48.364],[7.403,48.367],[7.401,48.367],[7.4,48.369],[7.403,48.369],[7.403,48.368],[7.403,48.368],[7.406,48.366],[7.409,48.366]]],[[[7.41,48.367],[7.409,48.367],[7.41,48.367],[7.41,48.367]]],[[[7.4,48.367],[7.401,48.367],[7.399,48.367],[7.399,48.367],[7.4,48.367]]],[[[7.399,48.367],[7.392,48.366],[7.389,48.366],[7.386,48.367],[7.386,48.368],[7.387,48.368],[7.385,48.368],[7.384,48.369],[7.382,48.368],[7.38,48.369],[7.381,48.371],[7.382,48.37],[7.385,48.37],[7.386,48.369],[7.388,48.371],[7.392,48.371],[7.392,48.372],[7.394,48.372],[7.397,48.371],[7.399,48.372],[7.4,48.371],[7.402,48.37],[7.4,48.369],[7.4,48.367],[7.399,48.369],[7.395,48.369],[7.393,48.371],[7.393,48.369],[7.398,48.368],[7.399,48.367]],[[7.4,48.371],[7.4,48.371],[7.4,48.371],[7.4,48.371]],[[7.392,48.371],[7.392,48.371],[7.392,48.371],[7.392,48.371]],[[7.393,48.367],[7.394,48.367],[7.394,48.367],[7.397,48.367],[7.397,48.367],[7.393,48.367]],[[7.387,48.368],[7.391,48.367],[7.392,48.367],[7.393,48.367],[7.387,48.368]],[[7.387,48.368],[7.387,48.368],[7.387,48.368],[7.387,48.368]]],[[[7.404,48.368],[7.403,48.369],[7.404,48.37],[7.405,48.369],[7.404,48.368]]],[[[7.399,48.372],[7.402,48.372],[7.402,48.37],[7.4,48.371],[7.399,48.372]]],[[[7.4,48.374],[7.405,48.375],[7.406,48.375],[7.409,48.375],[7.408,48.374],[7.404,48.373],[7.403,48.372],[7.4,48.373],[7.4,48.374]]],[[[7.403,48.372],[7.408,48.374],[7.409,48.375],[7.411,48.375],[7.409,48.375],[7.406,48.375],[7.406,48.376],[7.41,48.377],[7.413,48.376],[7.413,48.376],[7.411,48.375],[7.411,48.375],[7.412,48.374],[7.41,48.374],[7.403,48.372]],[[7.411,48.375],[7.411,48.375],[7.411,48.375],[7.411,48.375]],[[7.411,48.375],[7.411,48.375],[7.411,48.375],[7.411,48.375]]],[[[7.407,48.384],[7.411,48.384],[7.414,48.385],[7.414,48.386],[7.408,48.384],[7.409,48.386],[7.412,48.387],[7.414,48.386],[7.415,48.384],[7.413,48.383],[7.408,48.382],[7.407,48.384]]],[[[7.408,48.395],[7.409,48.395],[7.408,48.394],[7.408,48.395]]],[[[7.407,48.395],[7.404,48.396],[7.404,48.397],[7.405,48.396],[7.406,48.397],[7.407,48.395]]],[[[7.424,48.581],[7.422,48.581],[7.422,48.582],[7.423,48.582],[7.424,48.581]]],[[[7.422,48.582],[7.416,48.582],[7.415,48.584],[7.415,48.585],[7.417,48.585],[7.416,48.586],[7.418,48.587],[7.419,48.587],[7.418,48.586],[7.419,48.587],[7.418,48.589],[7.42,48.591],[7.421,48.59],[7.422,48.591],[7.425,48.594],[7.426,48.593],[7.426,48.593],[7.428,48.592],[7.426,48.591],[7.425,48.592],[7.426,48.591],[7.425,48.59],[7.425,48.589],[7.425,48.59],[7.427,48.591],[7.432,48.592],[7.431,48.593],[7.433,48.593],[7.433,48.595],[7.431,48.594],[7.429,48.596],[7.431,48.597],[7.435,48.597],[7.435,48.596],[7.434,48.595],[7.434,48.592],[7.437,48.593],[7.437,48.589],[7.438,48.588],[7.439,48.586],[7.436,48.586],[7.436,48.585],[7.435,48.585],[7.433,48.586],[7.43,48.586],[7.432,48.584],[7.432,48.583],[7.43,48.583],[7.43,48.584],[7.429,48.585],[7.43,48.583],[7.428,48.583],[7.424,48.581],[7.423,48.583],[7.424,48.582],[7.422,48.582]],[[7.432,48.583],[7.432,48.583],[7.432,48.583],[7.432,48.583]],[[7.417,48.585],[7.417,48.585],[7.417,48.585],[7.417,48.585]],[[7.417,48.585],[7.417,48.585],[7.417,48.585],[7.417,48.585]],[[7.418,48.585],[7.418,48.585],[7.418,48.585],[7.418,48.585]],[[7.419,48.586],[7.419,48.586],[7.419,48.585],[7.419,48.586]],[[7.419,48.586],[7.419,48.586],[7.419,48.586],[7.419,48.586]],[[7.419,48.586],[7.42,48.586],[7.42,48.586],[7.42,48.586],[7.419,48.586]],[[7.42,48.586],[7.421,48.586],[7.42,48.586],[7.42,48.586],[7.42,48.586],[7.42,48.586]],[[7.421,48.586],[7.421,48.586],[7.421,48.586],[7.421,48.586]],[[7.422,48.586],[7.422,48.586],[7.422,48.586],[7.422,48.586]],[[7.423,48.587],[7.422,48.586],[7.422,48.586],[7.423,48.587]],[[7.423,48.587],[7.423,48.587],[7.423,48.587],[7.423,48.587]],[[7.423,48.587],[7.423,48.587],[7.423,48.587],[7.423,48.587]],[[7.424,48.587],[7.424,48.587],[7.424,48.587],[7.424,48.587]],[[7.424,48.587],[7.424,48.587],[7.424,48.587],[7.424,48.587]],[[7.425,48.587],[7.424,48.587],[7.424,48.587],[7.425,48.587]],[[7.426,48.587],[7.426,48.587],[7.426,48.587],[7.426,48.587]],[[7.426,48.587],[7.426,48.587],[7.426,48.587],[7.426,48.587]],[[7.427,48.587],[7.427,48.587],[7.426,48.587],[7.427,48.587]],[[7.427,48.587],[7.427,48.587],[7.427,48.587],[7.427,48.587]],[[7.428,48.588],[7.428,48.588],[7.427,48.588],[7.428,48.588]],[[7.428,48.588],[7.428,48.588],[7.428,48.588],[7.428,48.588]],[[7.428,48.588],[7.428,48.588],[7.428,48.588],[7.428,48.588]],[[7.429,48.588],[7.428,48.588],[7.428,48.588],[7.429,48.588],[7.429,48.588]],[[7.429,48.588],[7.429,48.588],[7.429,48.588],[7.429,48.588]],[[7.429,48.588],[7.429,48.588],[7.429,48.588],[7.429,48.588]],[[7.429,48.588],[7.429,48.588],[7.429,48.588],[7.429,48.588]],[[7.429,48.588],[7.429,48.588],[7.429,48.588],[7.429,48.588]],[[7.429,48.588],[7.429,48.588],[7.429,48.588],[7.429,48.588]],[[7.429,48.588],[7.429,48.588],[7.429,48.588],[7.429,48.588]],[[7.429,48.588],[7.429,48.588],[7.429,48.588],[7.429,48.588]],[[7.43,48.588],[7.43,48.588],[7.43,48.588],[7.43,48.588]],[[7.43,48.588],[7.43,48.588],[7.43,48.588],[7.43,48.588]],[[7.43,48.588],[7.43,48.588],[7.43,48.588],[7.43,48.588]],[[7.43,48.588],[7.43,48.588],[7.43,48.588],[7.43,48.588]],[[7.43,48.588],[7.43,48.588],[7.43,48.588],[7.43,48.588]],[[7.43,48.588],[7.43,48.588],[7.43,48.588],[7.43,48.588]],[[7.43,48.588],[7.43,48.588],[7.431,48.588],[7.43,48.588]],[[7.432,48.588],[7.431,48.588],[7.431,48.588],[7.432,48.588]],[[7.433,48.588],[7.433,48.588],[7.433,48.588],[7.433,48.588]],[[7.434,48.589],[7.434,48.588],[7.434,48.589],[7.434,48.589]],[[7.434,48.588],[7.434,48.588],[7.434,48.588],[7.434,48.588]],[[7.435,48.588],[7.435,48.588],[7.435,48.588],[7.435,48.588]],[[7.435,48.589],[7.435,48.589],[7.435,48.589],[7.435,48.589]],[[7.435,48.589],[7.435,48.589],[7.435,48.589],[7.435,48.589]],[[7.435,48.589],[7.435,48.589],[7.435,48.589],[7.435,48.589]],[[7.435,48.589],[7.435,48.589],[7.435,48.589],[7.435,48.589],[7.435,48.589]],[[7.436,48.589],[7.436,48.589],[7.436,48.589],[7.436,48.589]],[[7.436,48.589],[7.436,48.589],[7.436,48.589],[7.436,48.589],[7.436,48.589],[7.436,48.589],[7.436,48.589],[7.436,48.589],[7.437,48.589],[7.437,48.589],[7.436,48.589]],[[7.431,48.588],[7.431,48.588],[7.431,48.588],[7.431,48.588]],[[7.431,48.588],[7.431,48.588],[7.431,48.588],[7.431,48.588]],[[7.422,48.585],[7.421,48.585],[7.421,48.586],[7.421,48.585],[7.422,48.585]]],[[[7.422,48.601],[7.419,48.601],[7.42,48.604],[7.422,48.603],[7.425,48.604],[7.423,48.604],[7.424,48.604],[7.427,48.604],[7.425,48.603],[7.428,48.604],[7.428,48.602],[7.422,48.601]]],[[[7.398,48.248],[7.403,48.253],[7.402,48.254],[7.405,48.254],[7.403,48.249],[7.404,48.249],[7.403,48.247],[7.398,48.248]]],[[[7.422,48.267],[7.408,48.27],[7.408,48.271],[7.407,48.27],[7.406,48.271],[7.404,48.271],[7.403,48.272],[7.405,48.273],[7.407,48.274],[7.408,48.274],[7.408,48.274],[7.41,48.275],[7.409,48.275],[7.417,48.275],[7.415,48.275],[7.418,48.276],[7.422,48.272],[7.424,48.272],[7.424,48.27],[7.423,48.27],[7.415,48.272],[7.424,48.269],[7.422,48.267]],[[7.408,48.273],[7.408,48.273],[7.408,48.273],[7.408,48.273]],[[7.415,48.272],[7.415,48.272],[7.415,48.272],[7.415,48.272]],[[7.409,48.273],[7.409,48.273],[7.409,48.273],[7.409,48.273]],[[7.408,48.274],[7.409,48.274],[7.408,48.274],[7.408,48.274]]],[[[7.405,48.274],[7.404,48.274],[7.405,48.274],[7.405,48.274]]],[[[7.407,48.275],[7.407,48.275],[7.409,48.275],[7.409,48.275],[7.407,48.275]]],[[[7.409,48.275],[7.411,48.277],[7.414,48.277],[7.415,48.277],[7.414,48.276],[7.409,48.275]]],[[[7.402,48.277],[7.403,48.279],[7.402,48.279],[7.409,48.276],[7.409,48.275],[7.407,48.275],[7.402,48.277]]],[[[7.415,48.282],[7.416,48.284],[7.417,48.284],[7.417,48.285],[7.418,48.285],[7.418,48.284],[7.418,48.284],[7.418,48.284],[7.419,48.284],[7.423,48.284],[7.423,48.281],[7.42,48.281],[7.418,48.28],[7.415,48.28],[7.415,48.279],[7.402,48.282],[7.403,48.286],[7.405,48.286],[7.404,48.287],[7.409,48.286],[7.409,48.287],[7.407,48.288],[7.403,48.287],[7.405,48.292],[7.412,48.29],[7.41,48.288],[7.409,48.289],[7.409,48.289],[7.407,48.289],[7.408,48.288],[7.409,48.288],[7.411,48.288],[7.411,48.287],[7.409,48.286],[7.413,48.287],[7.415,48.286],[7.416,48.286],[7.416,48.285],[7.417,48.285],[7.415,48.284],[7.415,48.282],[7.415,48.282]],[[7.417,48.281],[7.418,48.281],[7.417,48.281],[7.417,48.281]],[[7.416,48.281],[7.416,48.281],[7.416,48.282],[7.416,48.281]],[[7.406,48.284],[7.406,48.284],[7.406,48.284],[7.406,48.284]],[[7.406,48.283],[7.408,48.283],[7.409,48.284],[7.406,48.284],[7.406,48.283],[7.406,48.283]]],[[[7.418,48.285],[7.419,48.285],[7.418,48.285],[7.418,48.285]]],[[[7.42,48.285],[7.419,48.285],[7.42,48.285],[7.42,48.285]]],[[[7.422,48.284],[7.422,48.285],[7.422,48.286],[7.423,48.285],[7.422,48.284]]],[[[7.417,48.285],[7.418,48.286],[7.417,48.285],[7.417,48.285]]],[[[7.411,48.287],[7.413,48.287],[7.414,48.286],[7.413,48.287],[7.411,48.287],[7.411,48.287]]],[[[7.42,48.288],[7.419,48.288],[7.419,48.288],[7.419,48.288],[7.42,48.288],[7.42,48.288]]],[[[7.418,48.289],[7.42,48.288],[7.419,48.288],[7.419,48.288],[7.419,48.288],[7.418,48.288],[7.417,48.288],[7.418,48.289]]],[[[7.421,48.292],[7.421,48.294],[7.423,48.295],[7.424,48.292],[7.423,48.292],[7.423,48.292],[7.422,48.292],[7.421,48.292]]],[[[7.412,48.29],[7.413,48.291],[7.413,48.292],[7.413,48.292],[7.413,48.292],[7.412,48.291],[7.411,48.291],[7.412,48.291],[7.411,48.29],[7.41,48.293],[7.41,48.293],[7.409,48.294],[7.41,48.293],[7.41,48.29],[7.405,48.292],[7.406,48.296],[7.407,48.296],[7.407,48.296],[7.408,48.296],[7.408,48.296],[7.408,48.297],[7.406,48.297],[7.407,48.299],[7.407,48.298],[7.408,48.298],[7.412,48.295],[7.41,48.297],[7.411,48.298],[7.416,48.299],[7.416,48.298],[7.417,48.298],[7.417,48.296],[7.416,48.296],[7.415,48.295],[7.417,48.296],[7.417,48.29],[7.415,48.291],[7.415,48.289],[7.412,48.29]],[[7.414,48.291],[7.414,48.291],[7.414,48.292],[7.414,48.291]],[[7.415,48.291],[7.415,48.291],[7.415,48.291],[7.415,48.291]],[[7.415,48.291],[7.414,48.291],[7.415,48.291],[7.415,48.291]],[[7.409,48.295],[7.41,48.294],[7.409,48.295],[7.409,48.295]],[[7.414,48.293],[7.413,48.292],[7.414,48.292],[7.414,48.293]]],[[[7.405,48.295],[7.403,48.296],[7.403,48.296],[7.405,48.295]]],[[[7.423,48.3],[7.426,48.301],[7.428,48.299],[7.427,48.299],[7.428,48.296],[7.428,48.293],[7.429,48.291],[7.423,48.291],[7.425,48.292],[7.424,48.293],[7.427,48.294],[7.426,48.294],[7.424,48.294],[7.423,48.297],[7.425,48.297],[7.426,48.298],[7.417,48.296],[7.417,48.301],[7.419,48.301],[7.419,48.3],[7.423,48.301],[7.423,48.3]],[[7.421,48.3],[7.421,48.3],[7.42,48.3],[7.421,48.3]],[[7.421,48.3],[7.421,48.3],[7.421,48.3],[7.421,48.3]],[[7.417,48.297],[7.417,48.297],[7.417,48.297],[7.417,48.297]]],[[[7.408,48.299],[7.409,48.3],[7.409,48.3],[7.409,48.299],[7.41,48.299],[7.409,48.298],[7.408,48.299]]],[[[7.42,48.306],[7.418,48.304],[7.417,48.301],[7.411,48.302],[7.412,48.303],[7.413,48.303],[7.417,48.309],[7.42,48.31],[7.422,48.31],[7.422,48.309],[7.423,48.307],[7.421,48.306],[7.419,48.307],[7.419,48.307],[7.417,48.306],[7.417,48.306],[7.42,48.306]],[[7.42,48.31],[7.42,48.31],[7.42,48.31],[7.42,48.31]],[[7.419,48.308],[7.418,48.308],[7.418,48.308],[7.419,48.308]],[[7.419,48.308],[7.419,48.308],[7.419,48.308],[7.419,48.308]],[[7.419,48.308],[7.418,48.308],[7.419,48.308],[7.419,48.308]],[[7.421,48.309],[7.421,48.309],[7.421,48.309],[7.421,48.309]],[[7.421,48.309],[7.421,48.309],[7.421,48.309],[7.421,48.309]],[[7.421,48.309],[7.421,48.309],[7.421,48.309],[7.421,48.309]],[[7.419,48.308],[7.419,48.309],[7.419,48.308],[7.419,48.308]],[[7.42,48.309],[7.42,48.309],[7.42,48.309],[7.42,48.309]],[[7.42,48.309],[7.42,48.309],[7.42,48.309],[7.42,48.309]],[[7.42,48.309],[7.42,48.309],[7.42,48.309],[7.42,48.309]]],[[[7.424,48.307],[7.425,48.308],[7.425,48.307],[7.424,48.307]]],[[[7.416,48.309],[7.415,48.309],[7.417,48.309],[7.417,48.309],[7.417,48.309],[7.417,48.309],[7.416,48.309],[7.416,48.309]],[[7.417,48.309],[7.417,48.309],[7.417,48.309],[7.417,48.309]]],[[[7.417,48.314],[7.418,48.314],[7.416,48.314],[7.417,48.314]]],[[[7.424,48.317],[7.422,48.317],[7.422,48.316],[7.421,48.316],[7.421,48.316],[7.419,48.316],[7.421,48.316],[7.422,48.315],[7.419,48.311],[7.414,48.309],[7.415,48.31],[7.413,48.311],[7.415,48.311],[7.415,48.313],[7.421,48.315],[7.415,48.316],[7.415,48.317],[7.416,48.318],[7.417,48.32],[7.416,48.32],[7.415,48.321],[7.417,48.321],[7.419,48.321],[7.42,48.321],[7.422,48.322],[7.422,48.322],[7.422,48.322],[7.423,48.321],[7.426,48.32],[7.425,48.317],[7.424,48.317]],[[7.419,48.316],[7.419,48.316],[7.418,48.316],[7.417,48.316],[7.419,48.316],[7.419,48.316]],[[7.417,48.317],[7.417,48.317],[7.417,48.317],[7.417,48.317]]],[[[7.424,48.322],[7.425,48.322],[7.424,48.322],[7.424,48.322]]],[[[7.419,48.321],[7.41,48.321],[7.412,48.322],[7.411,48.322],[7.414,48.325],[7.416,48.325],[7.415,48.327],[7.42,48.327],[7.42,48.328],[7.419,48.328],[7.42,48.328],[7.423,48.328],[7.424,48.326],[7.423,48.325],[7.422,48.325],[7.422,48.325],[7.422,48.325],[7.422,48.322],[7.419,48.321]],[[7.416,48.323],[7.416,48.323],[7.419,48.323],[7.416,48.323],[7.416,48.323],[7.416,48.323]],[[7.416,48.322],[7.416,48.322],[7.416,48.322],[7.416,48.322]]],[[[7.413,48.327],[7.412,48.328],[7.413,48.329],[7.414,48.328],[7.413,48.327]]],[[[7.42,48.328],[7.413,48.327],[7.412,48.327],[7.413,48.327],[7.414,48.328],[7.415,48.328],[7.414,48.328],[7.417,48.328],[7.418,48.328],[7.416,48.329],[7.418,48.33],[7.415,48.331],[7.414,48.332],[7.415,48.332],[7.415,48.332],[7.416,48.332],[7.417,48.332],[7.418,48.334],[7.413,48.333],[7.412,48.335],[7.419,48.335],[7.421,48.333],[7.422,48.333],[7.422,48.332],[7.419,48.331],[7.418,48.331],[7.416,48.332],[7.416,48.331],[7.419,48.331],[7.422,48.331],[7.423,48.333],[7.426,48.332],[7.425,48.33],[7.424,48.331],[7.425,48.33],[7.424,48.328],[7.42,48.328]],[[7.42,48.332],[7.42,48.333],[7.42,48.332],[7.42,48.332]],[[7.42,48.332],[7.42,48.332],[7.42,48.332],[7.42,48.332]],[[7.419,48.329],[7.42,48.33],[7.419,48.329],[7.419,48.329]],[[7.419,48.329],[7.419,48.329],[7.419,48.329],[7.419,48.329]],[[7.423,48.33],[7.423,48.33],[7.423,48.33],[7.423,48.33]],[[7.423,48.33],[7.423,48.33],[7.423,48.33],[7.423,48.33]],[[7.423,48.33],[7.423,48.329],[7.423,48.33],[7.423,48.33]],[[7.418,48.334],[7.418,48.335],[7.418,48.335],[7.418,48.334]],[[7.417,48.332],[7.417,48.332],[7.417,48.332],[7.417,48.332]],[[7.42,48.333],[7.42,48.333],[7.42,48.333],[7.42,48.333]],[[7.419,48.333],[7.42,48.333],[7.419,48.333],[7.419,48.333]],[[7.419,48.333],[7.419,48.333],[7.419,48.333],[7.419,48.333]],[[7.418,48.333],[7.418,48.333],[7.418,48.333],[7.418,48.333]],[[7.42,48.333],[7.42,48.333],[7.42,48.333],[7.42,48.333]],[[7.42,48.33],[7.42,48.33],[7.42,48.33],[7.42,48.33]],[[7.419,48.329],[7.419,48.329],[7.419,48.329],[7.419,48.329]],[[7.419,48.328],[7.419,48.328],[7.419,48.329],[7.419,48.328]],[[7.418,48.329],[7.418,48.329],[7.418,48.329],[7.418,48.329]],[[7.421,48.33],[7.421,48.33],[7.421,48.33],[7.421,48.33]],[[7.421,48.33],[7.421,48.33],[7.421,48.33],[7.421,48.33]],[[7.424,48.331],[7.424,48.331],[7.424,48.331],[7.424,48.331]],[[7.424,48.331],[7.424,48.331],[7.424,48.331],[7.424,48.331]]],[[[7.416,48.332],[7.416,48.332],[7.415,48.332],[7.416,48.332]]],[[[7.423,48.333],[7.421,48.333],[7.42,48.337],[7.42,48.337],[7.42,48.338],[7.42,48.339],[7.42,48.339],[7.42,48.339],[7.419,48.339],[7.419,48.339],[7.418,48.34],[7.423,48.341],[7.423,48.341],[7.423,48.343],[7.424,48.343],[7.425,48.343],[7.426,48.342],[7.426,48.342],[7.426,48.342],[7.426,48.343],[7.426,48.343],[7.427,48.343],[7.427,48.344],[7.438,48.344],[7.44,48.345],[7.438,48.343],[7.429,48.343],[7.429,48.343],[7.433,48.343],[7.44,48.341],[7.439,48.339],[7.438,48.339],[7.434,48.338],[7.431,48.34],[7.43,48.339],[7.429,48.34],[7.425,48.34],[7.421,48.34],[7.421,48.339],[7.424,48.34],[7.425,48.338],[7.425,48.338],[7.425,48.337],[7.426,48.337],[7.427,48.336],[7.426,48.332],[7.423,48.333]],[[7.426,48.342],[7.426,48.342],[7.426,48.343],[7.426,48.342]],[[7.42,48.339],[7.42,48.339],[7.42,48.339],[7.42,48.339]],[[7.421,48.339],[7.421,48.339],[7.421,48.339],[7.421,48.339]],[[7.431,48.341],[7.427,48.342],[7.431,48.341],[7.435,48.34],[7.437,48.339],[7.431,48.341]],[[7.427,48.342],[7.428,48.341],[7.428,48.34],[7.428,48.34],[7.428,48.34],[7.428,48.341],[7.427,48.342]],[[7.427,48.342],[7.427,48.342],[7.427,48.342],[7.427,48.342]],[[7.431,48.34],[7.431,48.34],[7.431,48.34],[7.431,48.34]]],[[[7.411,48.341],[7.418,48.34],[7.42,48.338],[7.418,48.337],[7.416,48.337],[7.416,48.338],[7.414,48.338],[7.411,48.34],[7.411,48.341]],[[7.414,48.338],[7.414,48.338],[7.414,48.338],[7.414,48.338]]],[[[7.428,48.339],[7.429,48.339],[7.426,48.338],[7.43,48.338],[7.43,48.337],[7.435,48.337],[7.435,48.338],[7.436,48.338],[7.437,48.338],[7.44,48.339],[7.44,48.337],[7.443,48.337],[7.441,48.332],[7.44,48.333],[7.441,48.333],[7.44,48.333],[7.441,48.333],[7.44,48.333],[7.437,48.334],[7.437,48.334],[7.433,48.333],[7.436,48.332],[7.436,48.331],[7.439,48.331],[7.438,48.329],[7.439,48.329],[7.437,48.325],[7.436,48.325],[7.431,48.326],[7.432,48.327],[7.426,48.332],[7.427,48.336],[7.427,48.337],[7.425,48.338],[7.424,48.34],[7.428,48.339]],[[7.428,48.339],[7.428,48.339],[7.428,48.339],[7.428,48.339]],[[7.427,48.339],[7.428,48.339],[7.427,48.339],[7.427,48.339]],[[7.427,48.339],[7.427,48.339],[7.427,48.339],[7.427,48.339]],[[7.435,48.337],[7.436,48.336],[7.434,48.336],[7.433,48.335],[7.436,48.336],[7.436,48.337],[7.435,48.337]],[[7.431,48.334],[7.431,48.334],[7.431,48.334],[7.431,48.334]],[[7.431,48.33],[7.434,48.329],[7.438,48.328],[7.438,48.328],[7.438,48.329],[7.431,48.33],[7.431,48.33]],[[7.437,48.327],[7.437,48.327],[7.437,48.328],[7.437,48.327]],[[7.434,48.329],[7.434,48.328],[7.434,48.328],[7.434,48.329]]],[[[7.415,48.34],[7.416,48.341],[7.416,48.34],[7.415,48.34]]],[[[7.408,48.341],[7.41,48.342],[7.411,48.341],[7.408,48.341]]],[[[7.42,48.341],[7.422,48.342],[7.422,48.343],[7.423,48.343],[7.423,48.341],[7.42,48.341]]],[[[7.418,48.342],[7.416,48.342],[7.417,48.343],[7.418,48.342]]],[[[7.421,48.342],[7.421,48.343],[7.422,48.343],[7.421,48.342]]],[[[7.426,48.344],[7.425,48.343],[7.425,48.343],[7.426,48.344]]],[[[7.408,48.345],[7.409,48.345],[7.409,48.345],[7.408,48.345]]],[[[7.416,48.342],[7.411,48.342],[7.41,48.344],[7.411,48.345],[7.41,48.344],[7.409,48.345],[7.411,48.346],[7.414,48.345],[7.417,48.344],[7.42,48.344],[7.422,48.344],[7.418,48.344],[7.418,48.345],[7.418,48.346],[7.418,48.346],[7.418,48.348],[7.418,48.348],[7.418,48.349],[7.419,48.35],[7.42,48.348],[7.42,48.35],[7.422,48.35],[7.426,48.35],[7.427,48.349],[7.428,48.348],[7.425,48.347],[7.421,48.346],[7.421,48.345],[7.426,48.347],[7.433,48.347],[7.433,48.344],[7.426,48.344],[7.426,48.344],[7.426,48.345],[7.425,48.344],[7.423,48.344],[7.423,48.343],[7.422,48.343],[7.422,48.343],[7.42,48.343],[7.418,48.342],[7.417,48.343],[7.416,48.343],[7.415,48.343],[7.416,48.343],[7.416,48.342]],[[7.422,48.344],[7.423,48.344],[7.424,48.344],[7.422,48.344]],[[7.418,48.348],[7.418,48.348],[7.418,48.348],[7.418,48.348]],[[7.421,48.347],[7.421,48.346],[7.421,48.346],[7.421,48.347]],[[7.419,48.348],[7.419,48.348],[7.418,48.348],[7.419,48.348]],[[7.419,48.348],[7.419,48.349],[7.419,48.348],[7.419,48.348]],[[7.421,48.348],[7.421,48.348],[7.421,48.348],[7.421,48.348],[7.421,48.348],[7.421,48.348],[7.421,48.348]],[[7.421,48.348],[7.421,48.348],[7.421,48.348],[7.421,48.348]],[[7.421,48.348],[7.422,48.348],[7.421,48.348],[7.421,48.348]],[[7.422,48.348],[7.422,48.348],[7.422,48.348],[7.422,48.348],[7.422,48.348],[7.423,48.348],[7.423,48.348],[7.422,48.348]],[[7.423,48.348],[7.423,48.348],[7.423,48.348],[7.423,48.348]],[[7.423,48.348],[7.423,48.348],[7.423,48.348],[7.423,48.348]],[[7.423,48.348],[7.423,48.348],[7.423,48.348],[7.423,48.348]],[[7.423,48.348],[7.423,48.348],[7.423,48.348],[7.423,48.348]],[[7.424,48.348],[7.424,48.348],[7.424,48.348],[7.424,48.348]],[[7.424,48.348],[7.424,48.348],[7.424,48.348],[7.424,48.348]],[[7.424,48.349],[7.424,48.349],[7.424,48.349],[7.424,48.349]],[[7.424,48.349],[7.424,48.349],[7.425,48.349],[7.424,48.349],[7.424,48.349]],[[7.425,48.349],[7.425,48.349],[7.425,48.349],[7.425,48.349]],[[7.426,48.349],[7.426,48.348],[7.425,48.349],[7.426,48.349]],[[7.427,48.346],[7.426,48.346],[7.426,48.346],[7.427,48.346]]],[[[7.411,48.346],[7.408,48.346],[7.409,48.347],[7.406,48.347],[7.406,48.348],[7.41,48.348],[7.413,48.349],[7.413,48.35],[7.412,48.349],[7.411,48.35],[7.412,48.35],[7.412,48.351],[7.41,48.351],[7.408,48.354],[7.402,48.352],[7.401,48.353],[7.404,48.354],[7.405,48.355],[7.404,48.355],[7.401,48.355],[7.402,48.357],[7.404,48.357],[7.406,48.358],[7.41,48.359],[7.409,48.358],[7.409,48.358],[7.409,48.358],[7.409,48.358],[7.41,48.359],[7.413,48.36],[7.415,48.359],[7.417,48.357],[7.418,48.357],[7.421,48.357],[7.42,48.356],[7.418,48.356],[7.415,48.359],[7.413,48.358],[7.411,48.357],[7.41,48.358],[7.407,48.356],[7.408,48.356],[7.41,48.356],[7.411,48.355],[7.411,48.355],[7.413,48.356],[7.415,48.356],[7.416,48.357],[7.417,48.356],[7.418,48.356],[7.415,48.355],[7.417,48.356],[7.419,48.356],[7.42,48.355],[7.419,48.355],[7.42,48.355],[7.42,48.354],[7.418,48.354],[7.42,48.352],[7.415,48.353],[7.414,48.354],[7.416,48.354],[7.413,48.354],[7.413,48.354],[7.413,48.355],[7.411,48.355],[7.413,48.354],[7.414,48.354],[7.415,48.353],[7.412,48.352],[7.414,48.352],[7.413,48.35],[7.417,48.35],[7.417,48.348],[7.417,48.348],[7.418,48.348],[7.417,48.346],[7.418,48.344],[7.411,48.346]],[[7.414,48.35],[7.414,48.35],[7.415,48.35],[7.414,48.35]],[[7.415,48.35],[7.415,48.35],[7.415,48.35],[7.415,48.35]],[[7.414,48.35],[7.414,48.35],[7.414,48.35],[7.414,48.35]],[[7.414,48.35],[7.414,48.35],[7.414,48.35],[7.414,48.35]],[[7.416,48.35],[7.416,48.35],[7.416,48.35],[7.416,48.35]],[[7.418,48.353],[7.418,48.353],[7.418,48.353],[7.418,48.353]],[[7.41,48.353],[7.409,48.353],[7.41,48.353],[7.41,48.353]]],[[[7.418,48.348],[7.418,48.35],[7.419,48.35],[7.418,48.349],[7.418,48.348]]],[[[7.418,48.352],[7.418,48.351],[7.415,48.35],[7.416,48.352],[7.418,48.352]]],[[[7.414,48.352],[7.415,48.352],[7.414,48.351],[7.414,48.352]]],[[[7.42,48.351],[7.42,48.355],[7.422,48.356],[7.425,48.355],[7.424,48.354],[7.424,48.355],[7.423,48.355],[7.424,48.355],[7.422,48.355],[7.423,48.353],[7.423,48.351],[7.42,48.351]]],[[[7.43,48.353],[7.425,48.354],[7.425,48.356],[7.429,48.356],[7.43,48.353]]],[[[7.41,48.356],[7.411,48.357],[7.411,48.357],[7.412,48.356],[7.411,48.355],[7.41,48.356]]],[[[7.428,48.362],[7.429,48.359],[7.427,48.36],[7.426,48.359],[7.428,48.359],[7.428,48.357],[7.425,48.357],[7.425,48.356],[7.421,48.357],[7.425,48.361],[7.425,48.361],[7.421,48.357],[7.418,48.357],[7.415,48.359],[7.411,48.361],[7.413,48.36],[7.406,48.358],[7.404,48.357],[7.401,48.357],[7.41,48.362],[7.412,48.361],[7.417,48.361],[7.418,48.361],[7.426,48.362],[7.428,48.362]],[[7.425,48.361],[7.425,48.361],[7.425,48.361],[7.425,48.361]],[[7.426,48.361],[7.426,48.361],[7.426,48.361],[7.426,48.361]],[[7.426,48.361],[7.426,48.361],[7.426,48.361],[7.426,48.361]],[[7.427,48.361],[7.426,48.361],[7.426,48.361],[7.427,48.361]],[[7.427,48.361],[7.427,48.361],[7.427,48.361],[7.427,48.361]],[[7.427,48.361],[7.428,48.361],[7.427,48.361],[7.427,48.361]],[[7.423,48.357],[7.423,48.357],[7.423,48.357],[7.423,48.357]],[[7.418,48.36],[7.42,48.36],[7.42,48.361],[7.418,48.36]],[[7.421,48.361],[7.421,48.361],[7.421,48.361],[7.421,48.361]],[[7.422,48.359],[7.422,48.359],[7.422,48.36],[7.422,48.359]]],[[[7.425,48.364],[7.426,48.365],[7.426,48.364],[7.43,48.364],[7.43,48.363],[7.43,48.362],[7.425,48.364]]],[[[7.414,48.366],[7.41,48.363],[7.406,48.365],[7.407,48.365],[7.408,48.364],[7.409,48.364],[7.414,48.366]]],[[[7.423,48.363],[7.415,48.364],[7.415,48.365],[7.417,48.364],[7.42,48.366],[7.423,48.364],[7.423,48.363]]],[[[7.425,48.364],[7.419,48.367],[7.422,48.368],[7.426,48.369],[7.425,48.366],[7.426,48.365],[7.425,48.364]],[[7.424,48.368],[7.424,48.368],[7.424,48.368],[7.424,48.368]],[[7.421,48.367],[7.421,48.367],[7.421,48.367],[7.421,48.367]],[[7.422,48.367],[7.422,48.368],[7.422,48.368],[7.422,48.367],[7.422,48.367],[7.422,48.367]],[[7.422,48.368],[7.422,48.368],[7.423,48.368],[7.422,48.368]]],[[[7.424,48.37],[7.426,48.372],[7.428,48.372],[7.427,48.371],[7.426,48.37],[7.426,48.369],[7.424,48.37]]],[[[7.43,48.371],[7.426,48.369],[7.426,48.369],[7.428,48.372],[7.43,48.373],[7.43,48.371]]],[[[7.425,48.373],[7.427,48.374],[7.427,48.375],[7.431,48.376],[7.434,48.378],[7.435,48.377],[7.438,48.376],[7.438,48.376],[7.436,48.371],[7.438,48.375],[7.447,48.376],[7.447,48.375],[7.448,48.373],[7.447,48.373],[7.446,48.373],[7.445,48.373],[7.444,48.373],[7.442,48.372],[7.442,48.372],[7.441,48.372],[7.441,48.372],[7.44,48.372],[7.44,48.372],[7.444,48.373],[7.446,48.373],[7.448,48.373],[7.449,48.37],[7.45,48.368],[7.451,48.368],[7.448,48.373],[7.449,48.373],[7.45,48.374],[7.455,48.375],[7.456,48.368],[7.455,48.368],[7.451,48.367],[7.452,48.365],[7.448,48.363],[7.446,48.363],[7.446,48.365],[7.446,48.366],[7.446,48.363],[7.439,48.364],[7.441,48.366],[7.439,48.364],[7.437,48.364],[7.436,48.364],[7.436,48.365],[7.436,48.365],[7.434,48.365],[7.432,48.365],[7.433,48.367],[7.433,48.367],[7.431,48.365],[7.427,48.364],[7.426,48.365],[7.426,48.369],[7.432,48.372],[7.432,48.371],[7.432,48.372],[7.434,48.373],[7.43,48.372],[7.43,48.373],[7.428,48.372],[7.426,48.372],[7.427,48.373],[7.425,48.373]],[[7.437,48.373],[7.435,48.373],[7.437,48.373],[7.437,48.373]],[[7.44,48.365],[7.44,48.365],[7.44,48.365],[7.44,48.365]],[[7.43,48.375],[7.43,48.375],[7.43,48.374],[7.43,48.375]],[[7.43,48.374],[7.43,48.374],[7.43,48.374],[7.43,48.374]],[[7.43,48.374],[7.43,48.374],[7.43,48.374],[7.43,48.374]],[[7.436,48.371],[7.436,48.371],[7.436,48.371],[7.436,48.371]],[[7.437,48.371],[7.437,48.371],[7.437,48.371],[7.437,48.371]],[[7.437,48.371],[7.437,48.371],[7.437,48.371],[7.437,48.371]],[[7.437,48.371],[7.437,48.371],[7.437,48.371],[7.437,48.371]],[[7.438,48.371],[7.438,48.371],[7.438,48.371],[7.438,48.371]],[[7.438,48.371],[7.438,48.371],[7.438,48.371],[7.438,48.371]],[[7.438,48.366],[7.438,48.366],[7.438,48.366],[7.438,48.366]],[[7.438,48.366],[7.438,48.366],[7.438,48.366],[7.438,48.366]],[[7.428,48.365],[7.428,48.365],[7.428,48.365],[7.428,48.365]],[[7.43,48.365],[7.43,48.365],[7.43,48.365],[7.43,48.365]],[[7.438,48.371],[7.438,48.371],[7.438,48.371],[7.438,48.371]],[[7.439,48.372],[7.439,48.372],[7.439,48.372],[7.439,48.372]],[[7.439,48.372],[7.439,48.372],[7.439,48.372],[7.439,48.372]]],[[[7.422,48.38],[7.42,48.381],[7.423,48.382],[7.423,48.383],[7.428,48.383],[7.428,48.384],[7.432,48.386],[7.437,48.386],[7.44,48.385],[7.438,48.382],[7.438,48.381],[7.436,48.381],[7.435,48.38],[7.432,48.379],[7.431,48.38],[7.432,48.379],[7.431,48.378],[7.432,48.377],[7.427,48.375],[7.426,48.378],[7.428,48.378],[7.427,48.378],[7.423,48.378],[7.422,48.378],[7.424,48.38],[7.422,48.38]],[[7.437,48.385],[7.438,48.385],[7.438,48.385],[7.437,48.385]],[[7.437,48.385],[7.437,48.385],[7.437,48.385],[7.437,48.385]],[[7.437,48.385],[7.437,48.385],[7.437,48.385],[7.437,48.385]],[[7.437,48.384],[7.436,48.384],[7.433,48.383],[7.437,48.384]],[[7.433,48.383],[7.433,48.383],[7.433,48.383],[7.433,48.383]],[[7.433,48.382],[7.433,48.382],[7.433,48.383],[7.433,48.382]],[[7.433,48.382],[7.433,48.382],[7.433,48.382],[7.433,48.382]],[[7.435,48.381],[7.433,48.382],[7.43,48.382],[7.429,48.382],[7.43,48.38],[7.429,48.381],[7.427,48.382],[7.426,48.382],[7.43,48.38],[7.431,48.38],[7.43,48.38],[7.43,48.382],[7.435,48.381],[7.434,48.38],[7.434,48.38],[7.434,48.38],[7.435,48.381]],[[7.439,48.385],[7.439,48.385],[7.439,48.384],[7.439,48.385]]],[[[7.416,48.381],[7.416,48.384],[7.417,48.385],[7.42,48.383],[7.419,48.383],[7.422,48.383],[7.42,48.381],[7.418,48.382],[7.417,48.381],[7.416,48.381]]],[[[7.415,48.384],[7.415,48.384],[7.415,48.384],[7.415,48.384]]],[[[7.423,48.385],[7.422,48.385],[7.423,48.385],[7.423,48.385]]],[[[7.419,48.385],[7.42,48.386],[7.42,48.385],[7.419,48.385]]],[[[7.42,48.387],[7.423,48.388],[7.422,48.386],[7.421,48.386],[7.42,48.387]]],[[[7.412,48.388],[7.413,48.389],[7.414,48.388],[7.412,48.388]],[[7.412,48.388],[7.412,48.388],[7.412,48.388],[7.412,48.388]]],[[[7.421,48.389],[7.422,48.389],[7.421,48.388],[7.42,48.388],[7.421,48.389]]],[[[7.427,48.387],[7.428,48.389],[7.429,48.39],[7.429,48.39],[7.431,48.39],[7.432,48.39],[7.433,48.389],[7.433,48.389],[7.435,48.389],[7.435,48.389],[7.433,48.387],[7.427,48.387]]],[[[7.415,48.39],[7.415,48.391],[7.415,48.391],[7.415,48.391],[7.415,48.39]]],[[[7.415,48.39],[7.41,48.393],[7.41,48.393],[7.41,48.394],[7.409,48.393],[7.409,48.393],[7.408,48.394],[7.41,48.395],[7.408,48.396],[7.411,48.396],[7.411,48.394],[7.415,48.394],[7.415,48.393],[7.416,48.393],[7.417,48.392],[7.417,48.391],[7.42,48.392],[7.421,48.393],[7.424,48.391],[7.426,48.391],[7.428,48.392],[7.428,48.39],[7.429,48.39],[7.427,48.387],[7.425,48.387],[7.422,48.389],[7.421,48.39],[7.421,48.39],[7.422,48.39],[7.423,48.39],[7.422,48.39],[7.421,48.39],[7.42,48.391],[7.419,48.39],[7.421,48.389],[7.419,48.388],[7.415,48.389],[7.417,48.389],[7.417,48.39],[7.415,48.391],[7.416,48.392],[7.415,48.391],[7.415,48.39]],[[7.421,48.392],[7.421,48.392],[7.421,48.392],[7.421,48.392]],[[7.412,48.392],[7.412,48.392],[7.412,48.392],[7.412,48.392]],[[7.416,48.392],[7.416,48.392],[7.416,48.392],[7.416,48.392]]],[[[7.428,48.446],[7.432,48.444],[7.434,48.444],[7.428,48.446],[7.431,48.447],[7.433,48.446],[7.441,48.448],[7.442,48.447],[7.442,48.445],[7.44,48.445],[7.436,48.445],[7.44,48.445],[7.441,48.444],[7.435,48.443],[7.435,48.443],[7.431,48.443],[7.426,48.444],[7.426,48.445],[7.428,48.446]],[[7.433,48.443],[7.432,48.444],[7.432,48.444],[7.432,48.444],[7.433,48.443]],[[7.434,48.445],[7.434,48.445],[7.434,48.444],[7.434,48.445]],[[7.434,48.445],[7.434,48.445],[7.434,48.445],[7.434,48.445]]],[[[7.431,48.448],[7.43,48.449],[7.431,48.45],[7.433,48.45],[7.435,48.451],[7.437,48.451],[7.439,48.452],[7.44,48.451],[7.431,48.448]]],[[[7.423,48.454],[7.42,48.454],[7.42,48.456],[7.423,48.455],[7.423,48.454]]],[[[7.432,48.454],[7.433,48.457],[7.436,48.457],[7.437,48.457],[7.434,48.454],[7.433,48.453],[7.432,48.454]]],[[[7.433,48.453],[7.437,48.457],[7.44,48.458],[7.44,48.456],[7.438,48.456],[7.433,48.453]]],[[[7.422,48.46],[7.424,48.46],[7.425,48.46],[7.428,48.462],[7.43,48.461],[7.429,48.46],[7.427,48.46],[7.426,48.459],[7.427,48.459],[7.425,48.458],[7.424,48.458],[7.422,48.46]]],[[[7.435,48.459],[7.441,48.462],[7.442,48.461],[7.445,48.461],[7.445,48.46],[7.443,48.459],[7.443,48.458],[7.441,48.457],[7.44,48.458],[7.437,48.457],[7.436,48.457],[7.434,48.457],[7.435,48.459]],[[7.438,48.46],[7.437,48.46],[7.438,48.46],[7.438,48.46]],[[7.444,48.461],[7.444,48.461],[7.444,48.461],[7.444,48.461]],[[7.444,48.461],[7.444,48.461],[7.444,48.461],[7.444,48.461]],[[7.444,48.461],[7.444,48.461],[7.444,48.461],[7.444,48.461]],[[7.444,48.46],[7.444,48.461],[7.444,48.461],[7.444,48.46]],[[7.444,48.46],[7.444,48.46],[7.444,48.46],[7.444,48.46]]],[[[7.44,48.47],[7.442,48.472],[7.443,48.47],[7.442,48.47],[7.442,48.47],[7.441,48.469],[7.439,48.469],[7.437,48.47],[7.436,48.469],[7.43,48.465],[7.429,48.465],[7.429,48.466],[7.43,48.466],[7.43,48.468],[7.432,48.468],[7.431,48.47],[7.433,48.47],[7.432,48.471],[7.433,48.473],[7.436,48.473],[7.435,48.472],[7.435,48.471],[7.435,48.471],[7.434,48.471],[7.435,48.471],[7.435,48.471],[7.435,48.469],[7.435,48.469],[7.435,48.47],[7.435,48.472],[7.436,48.473],[7.436,48.476],[7.439,48.475],[7.439,48.473],[7.439,48.473],[7.441,48.472],[7.44,48.471],[7.439,48.471],[7.44,48.471],[7.438,48.47],[7.44,48.47]],[[7.442,48.471],[7.442,48.471],[7.442,48.471],[7.442,48.471]],[[7.439,48.473],[7.439,48.473],[7.439,48.473],[7.439,48.473]],[[7.441,48.469],[7.441,48.47],[7.441,48.469],[7.441,48.469]],[[7.441,48.469],[7.441,48.469],[7.441,48.469],[7.441,48.469]]],[[[7.431,48.477],[7.43,48.479],[7.431,48.481],[7.433,48.481],[7.433,48.482],[7.437,48.482],[7.439,48.483],[7.438,48.481],[7.438,48.48],[7.435,48.48],[7.435,48.478],[7.431,48.477]]],[[[7.438,48.48],[7.439,48.482],[7.44,48.483],[7.44,48.48],[7.438,48.48]]],[[[7.434,48.484],[7.434,48.486],[7.438,48.485],[7.438,48.486],[7.44,48.486],[7.438,48.484],[7.435,48.484],[7.435,48.482],[7.433,48.482],[7.433,48.483],[7.434,48.484]]],[[[7.439,48.496],[7.439,48.496],[7.439,48.496],[7.439,48.496]]],[[[7.44,48.501],[7.443,48.504],[7.444,48.503],[7.441,48.5],[7.44,48.501]]],[[[7.431,48.507],[7.433,48.506],[7.432,48.505],[7.432,48.506],[7.431,48.507]]],[[[7.451,48.565],[7.449,48.564],[7.45,48.563],[7.448,48.562],[7.447,48.563],[7.448,48.564],[7.447,48.565],[7.441,48.564],[7.444,48.566],[7.443,48.566],[7.442,48.566],[7.442,48.567],[7.444,48.568],[7.445,48.567],[7.449,48.569],[7.45,48.568],[7.451,48.568],[7.447,48.566],[7.448,48.565],[7.45,48.566],[7.451,48.565]],[[7.448,48.562],[7.448,48.562],[7.448,48.562],[7.448,48.562]],[[7.444,48.567],[7.444,48.567],[7.444,48.567],[7.444,48.567]]],[[[7.438,48.564],[7.437,48.565],[7.439,48.567],[7.439,48.568],[7.441,48.57],[7.442,48.571],[7.444,48.572],[7.445,48.57],[7.442,48.569],[7.443,48.568],[7.441,48.567],[7.442,48.567],[7.438,48.564]]],[[[7.436,48.567],[7.432,48.566],[7.433,48.57],[7.441,48.573],[7.442,48.573],[7.441,48.572],[7.434,48.569],[7.436,48.567]]],[[[7.436,48.574],[7.433,48.573],[7.433,48.574],[7.432,48.575],[7.432,48.575],[7.434,48.575],[7.434,48.575],[7.431,48.575],[7.431,48.576],[7.429,48.576],[7.429,48.576],[7.429,48.575],[7.428,48.575],[7.425,48.575],[7.424,48.576],[7.423,48.576],[7.422,48.578],[7.42,48.577],[7.423,48.581],[7.43,48.583],[7.43,48.581],[7.429,48.58],[7.428,48.58],[7.429,48.58],[7.43,48.579],[7.432,48.579],[7.431,48.578],[7.437,48.58],[7.438,48.579],[7.438,48.578],[7.437,48.578],[7.435,48.577],[7.432,48.576],[7.438,48.578],[7.438,48.577],[7.438,48.577],[7.438,48.577],[7.439,48.576],[7.438,48.577],[7.438,48.578],[7.438,48.578],[7.438,48.578],[7.44,48.578],[7.44,48.575],[7.437,48.573],[7.436,48.575],[7.436,48.574]],[[7.435,48.575],[7.435,48.575],[7.435,48.575],[7.435,48.575]],[[7.431,48.576],[7.431,48.576],[7.431,48.576],[7.431,48.576]],[[7.432,48.576],[7.431,48.576],[7.432,48.576],[7.432,48.576]],[[7.432,48.576],[7.432,48.576],[7.432,48.576],[7.432,48.576]],[[7.439,48.576],[7.439,48.576],[7.439,48.576],[7.439,48.576]],[[7.423,48.58],[7.423,48.579],[7.424,48.579],[7.423,48.58]],[[7.425,48.578],[7.425,48.578],[7.425,48.578],[7.425,48.578]],[[7.428,48.578],[7.429,48.579],[7.427,48.578],[7.427,48.578],[7.428,48.578]],[[7.43,48.578],[7.428,48.577],[7.428,48.577],[7.43,48.578]]],[[[7.43,48.575],[7.431,48.576],[7.431,48.575],[7.43,48.575]]],[[[7.446,48.577],[7.448,48.578],[7.448,48.576],[7.444,48.577],[7.444,48.578],[7.446,48.578],[7.446,48.577]]],[[[7.45,48.588],[7.454,48.582],[7.456,48.58],[7.453,48.578],[7.45,48.581],[7.445,48.582],[7.445,48.584],[7.444,48.584],[7.443,48.582],[7.44,48.583],[7.442,48.585],[7.441,48.585],[7.442,48.586],[7.444,48.586],[7.443,48.586],[7.448,48.589],[7.448,48.588],[7.45,48.588]],[[7.442,48.585],[7.442,48.585],[7.442,48.585],[7.442,48.585]],[[7.451,48.587],[7.45,48.587],[7.45,48.587],[7.451,48.587]],[[7.45,48.587],[7.45,48.587],[7.45,48.587],[7.45,48.587]],[[7.45,48.587],[7.45,48.587],[7.45,48.587],[7.45,48.587]],[[7.45,48.587],[7.45,48.587],[7.45,48.587],[7.45,48.587]],[[7.448,48.587],[7.448,48.587],[7.448,48.587],[7.448,48.587]],[[7.449,48.587],[7.449,48.587],[7.449,48.587],[7.449,48.587]],[[7.449,48.587],[7.449,48.587],[7.449,48.587],[7.449,48.587]],[[7.449,48.587],[7.449,48.587],[7.449,48.587],[7.449,48.587]],[[7.449,48.587],[7.449,48.587],[7.449,48.587],[7.449,48.587]],[[7.446,48.585],[7.447,48.584],[7.447,48.584],[7.447,48.585],[7.446,48.585]],[[7.446,48.584],[7.446,48.584],[7.446,48.584],[7.446,48.584]],[[7.446,48.585],[7.444,48.586],[7.445,48.585],[7.446,48.585]]],[[[7.441,48.587],[7.44,48.586],[7.437,48.589],[7.437,48.594],[7.437,48.597],[7.441,48.598],[7.443,48.594],[7.44,48.593],[7.44,48.592],[7.444,48.594],[7.444,48.593],[7.451,48.594],[7.452,48.594],[7.453,48.592],[7.454,48.591],[7.449,48.59],[7.449,48.591],[7.448,48.592],[7.45,48.593],[7.448,48.592],[7.448,48.591],[7.444,48.59],[7.448,48.591],[7.449,48.59],[7.443,48.588],[7.441,48.588],[7.441,48.587]],[[7.437,48.589],[7.438,48.589],[7.437,48.589],[7.437,48.589]],[[7.45,48.594],[7.45,48.594],[7.45,48.594],[7.45,48.594]],[[7.45,48.593],[7.45,48.593],[7.45,48.593],[7.45,48.593]],[[7.45,48.594],[7.45,48.594],[7.45,48.594],[7.45,48.594]],[[7.45,48.593],[7.45,48.593],[7.45,48.593],[7.45,48.593]],[[7.45,48.593],[7.45,48.593],[7.451,48.593],[7.45,48.593],[7.45,48.593]],[[7.451,48.593],[7.451,48.593],[7.45,48.593],[7.451,48.593]],[[7.438,48.589],[7.438,48.589],[7.438,48.589],[7.438,48.589]],[[7.438,48.589],[7.438,48.589],[7.438,48.589],[7.438,48.589]],[[7.439,48.589],[7.439,48.589],[7.439,48.59],[7.439,48.589]],[[7.44,48.59],[7.44,48.59],[7.44,48.59],[7.44,48.59]],[[7.441,48.59],[7.441,48.59],[7.44,48.59],[7.441,48.59]],[[7.441,48.59],[7.441,48.59],[7.441,48.59],[7.441,48.59]],[[7.441,48.59],[7.442,48.59],[7.441,48.59],[7.441,48.59],[7.441,48.59]],[[7.442,48.59],[7.442,48.59],[7.442,48.59],[7.442,48.59],[7.442,48.59]],[[7.442,48.59],[7.442,48.59],[7.442,48.59],[7.442,48.59]],[[7.442,48.59],[7.442,48.59],[7.442,48.59],[7.442,48.59]],[[7.442,48.59],[7.443,48.59],[7.443,48.59],[7.442,48.59]],[[7.443,48.59],[7.443,48.59],[7.443,48.59],[7.443,48.59]],[[7.443,48.59],[7.443,48.59],[7.443,48.59],[7.443,48.59],[7.443,48.59]],[[7.444,48.59],[7.444,48.59],[7.444,48.59],[7.444,48.59]],[[7.446,48.59],[7.446,48.59],[7.446,48.59],[7.446,48.59]],[[7.444,48.592],[7.445,48.592],[7.444,48.592],[7.444,48.592]]],[[[7.43,48.594],[7.429,48.596],[7.431,48.594],[7.43,48.594]]],[[[7.433,48.605],[7.43,48.605],[7.43,48.606],[7.428,48.607],[7.427,48.61],[7.429,48.611],[7.433,48.61],[7.433,48.609],[7.436,48.609],[7.44,48.61],[7.441,48.609],[7.439,48.607],[7.439,48.606],[7.436,48.606],[7.435,48.606],[7.434,48.606],[7.433,48.606],[7.433,48.606],[7.433,48.605]],[[7.436,48.607],[7.438,48.608],[7.438,48.608],[7.436,48.607]]],[[[7.451,48.61],[7.444,48.61],[7.443,48.611],[7.443,48.612],[7.441,48.612],[7.442,48.615],[7.445,48.614],[7.447,48.614],[7.451,48.614],[7.453,48.614],[7.454,48.613],[7.454,48.612],[7.453,48.614],[7.459,48.616],[7.466,48.615],[7.466,48.614],[7.462,48.612],[7.462,48.613],[7.46,48.613],[7.46,48.614],[7.461,48.615],[7.461,48.615],[7.46,48.614],[7.461,48.611],[7.454,48.612],[7.455,48.609],[7.451,48.61],[7.451,48.611],[7.451,48.612],[7.452,48.612],[7.452,48.612],[7.451,48.612],[7.451,48.61]],[[7.443,48.611],[7.443,48.611],[7.443,48.611],[7.443,48.611]],[[7.451,48.614],[7.452,48.614],[7.451,48.614],[7.451,48.614]],[[7.451,48.612],[7.451,48.613],[7.452,48.612],[7.451,48.612]]],[[[7.447,48.614],[7.444,48.615],[7.446,48.617],[7.447,48.617],[7.447,48.617],[7.449,48.616],[7.453,48.618],[7.452,48.615],[7.456,48.616],[7.457,48.616],[7.458,48.616],[7.452,48.614],[7.447,48.614]]],[[[7.434,48.278],[7.428,48.28],[7.424,48.28],[7.424,48.282],[7.424,48.282],[7.424,48.283],[7.425,48.282],[7.426,48.282],[7.425,48.283],[7.425,48.284],[7.427,48.282],[7.427,48.283],[7.427,48.284],[7.431,48.285],[7.434,48.278]]],[[[7.424,48.283],[7.424,48.283],[7.424,48.283],[7.424,48.283]]],[[[7.427,48.283],[7.427,48.284],[7.427,48.283],[7.427,48.283]]],[[[7.426,48.283],[7.426,48.284],[7.426,48.283],[7.426,48.283]]],[[[7.428,48.285],[7.424,48.284],[7.424,48.286],[7.426,48.286],[7.425,48.286],[7.427,48.287],[7.428,48.285]]],[[[7.431,48.285],[7.429,48.285],[7.43,48.285],[7.431,48.286],[7.431,48.285]]],[[[7.428,48.287],[7.429,48.288],[7.43,48.285],[7.428,48.285],[7.428,48.287]]],[[[7.431,48.288],[7.432,48.287],[7.431,48.286],[7.431,48.288]]],[[[7.428,48.296],[7.428,48.296],[7.428,48.296],[7.428,48.296]]],[[[7.428,48.298],[7.429,48.298],[7.429,48.296],[7.428,48.298]]],[[[7.428,48.302],[7.429,48.299],[7.428,48.299],[7.426,48.301],[7.428,48.302]]],[[[7.423,48.307],[7.423,48.31],[7.422,48.311],[7.422,48.31],[7.42,48.31],[7.42,48.311],[7.419,48.31],[7.421,48.314],[7.422,48.315],[7.422,48.316],[7.425,48.317],[7.427,48.319],[7.426,48.32],[7.429,48.32],[7.429,48.32],[7.427,48.32],[7.426,48.321],[7.429,48.321],[7.429,48.322],[7.431,48.322],[7.431,48.322],[7.43,48.322],[7.43,48.323],[7.431,48.323],[7.431,48.324],[7.435,48.323],[7.435,48.322],[7.434,48.322],[7.433,48.321],[7.434,48.321],[7.434,48.319],[7.432,48.319],[7.431,48.318],[7.427,48.319],[7.431,48.318],[7.432,48.316],[7.428,48.317],[7.427,48.313],[7.424,48.314],[7.422,48.314],[7.429,48.313],[7.429,48.311],[7.426,48.311],[7.424,48.307],[7.423,48.307]],[[7.421,48.311],[7.421,48.311],[7.421,48.311],[7.421,48.311]],[[7.421,48.311],[7.421,48.31],[7.421,48.311],[7.421,48.311]],[[7.426,48.32],[7.427,48.319],[7.426,48.32],[7.426,48.32]],[[7.427,48.32],[7.427,48.32],[7.427,48.32],[7.427,48.32]],[[7.426,48.318],[7.427,48.318],[7.427,48.318],[7.426,48.318]],[[7.427,48.319],[7.427,48.319],[7.427,48.318],[7.427,48.319]],[[7.427,48.318],[7.427,48.318],[7.427,48.319],[7.427,48.318]],[[7.427,48.318],[7.427,48.318],[7.427,48.318],[7.427,48.318]],[[7.433,48.321],[7.432,48.321],[7.432,48.321],[7.433,48.321]],[[7.423,48.311],[7.423,48.311],[7.423,48.311],[7.423,48.311]],[[7.428,48.319],[7.427,48.319],[7.427,48.319],[7.428,48.319]]],[[[7.435,48.32],[7.436,48.32],[7.435,48.32],[7.435,48.32]]],[[[7.436,48.32],[7.436,48.321],[7.436,48.32],[7.436,48.32]]],[[[7.427,48.321],[7.428,48.321],[7.428,48.321],[7.427,48.321]]],[[[7.436,48.322],[7.437,48.321],[7.436,48.321],[7.436,48.322]]],[[[7.438,48.322],[7.437,48.324],[7.438,48.325],[7.441,48.325],[7.442,48.325],[7.441,48.325],[7.441,48.324],[7.439,48.324],[7.439,48.322],[7.438,48.322]]],[[[7.446,48.326],[7.443,48.326],[7.443,48.325],[7.441,48.325],[7.443,48.326],[7.444,48.327],[7.446,48.327],[7.446,48.326]]],[[[7.439,48.327],[7.438,48.326],[7.438,48.325],[7.439,48.327]]],[[[7.439,48.327],[7.444,48.327],[7.442,48.326],[7.438,48.325],[7.439,48.326],[7.439,48.327]]],[[[7.424,48.327],[7.426,48.329],[7.425,48.33],[7.426,48.331],[7.432,48.327],[7.431,48.326],[7.43,48.326],[7.431,48.325],[7.429,48.325],[7.43,48.324],[7.428,48.324],[7.426,48.326],[7.424,48.327]],[[7.429,48.324],[7.429,48.324],[7.429,48.324],[7.429,48.324]]],[[[7.447,48.329],[7.444,48.327],[7.444,48.328],[7.44,48.328],[7.442,48.329],[7.445,48.329],[7.446,48.329],[7.447,48.329]]],[[[7.442,48.331],[7.441,48.331],[7.441,48.332],[7.442,48.332],[7.442,48.331]]],[[[7.441,48.332],[7.443,48.338],[7.446,48.337],[7.446,48.337],[7.444,48.336],[7.441,48.332]]],[[[7.433,48.354],[7.428,48.357],[7.43,48.36],[7.434,48.359],[7.434,48.357],[7.437,48.352],[7.436,48.351],[7.434,48.352],[7.433,48.354]]],[[[7.441,48.356],[7.441,48.359],[7.442,48.359],[7.441,48.356]]],[[[7.434,48.362],[7.43,48.362],[7.431,48.364],[7.431,48.363],[7.434,48.364],[7.432,48.365],[7.433,48.365],[7.434,48.365],[7.435,48.365],[7.436,48.365],[7.436,48.364],[7.434,48.364],[7.436,48.364],[7.435,48.363],[7.438,48.364],[7.438,48.362],[7.443,48.362],[7.443,48.362],[7.44,48.361],[7.44,48.36],[7.437,48.361],[7.434,48.361],[7.434,48.362]],[[7.434,48.362],[7.434,48.362],[7.434,48.362],[7.434,48.362]]],[[[7.434,48.378],[7.435,48.379],[7.44,48.381],[7.438,48.376],[7.438,48.376],[7.434,48.378]]],[[[7.439,48.376],[7.44,48.381],[7.444,48.381],[7.446,48.382],[7.447,48.38],[7.447,48.38],[7.447,48.377],[7.447,48.376],[7.439,48.376]]],[[[7.44,48.384],[7.44,48.383],[7.439,48.383],[7.44,48.384]]],[[[7.443,48.383],[7.443,48.384],[7.444,48.384],[7.444,48.383],[7.443,48.383]]],[[[7.442,48.384],[7.44,48.384],[7.44,48.384],[7.442,48.384]]],[[[7.445,48.385],[7.444,48.384],[7.444,48.385],[7.445,48.385]]],[[[7.443,48.385],[7.442,48.385],[7.443,48.385],[7.443,48.385]]],[[[7.446,48.391],[7.445,48.393],[7.443,48.393],[7.442,48.392],[7.441,48.393],[7.44,48.393],[7.441,48.393],[7.442,48.394],[7.443,48.394],[7.443,48.394],[7.446,48.393],[7.446,48.393],[7.446,48.393],[7.447,48.393],[7.448,48.393],[7.448,48.392],[7.446,48.391]],[[7.441,48.393],[7.441,48.393],[7.441,48.393],[7.441,48.393]]],[[[7.428,48.394],[7.428,48.398],[7.429,48.398],[7.43,48.398],[7.43,48.398],[7.43,48.396],[7.43,48.396],[7.431,48.399],[7.437,48.398],[7.438,48.396],[7.438,48.396],[7.437,48.395],[7.436,48.394],[7.435,48.394],[7.436,48.394],[7.438,48.396],[7.439,48.395],[7.439,48.393],[7.435,48.393],[7.433,48.393],[7.435,48.392],[7.438,48.392],[7.44,48.391],[7.435,48.389],[7.433,48.389],[7.432,48.39],[7.432,48.39],[7.428,48.39],[7.428,48.392],[7.427,48.393],[7.428,48.394]],[[7.431,48.396],[7.431,48.395],[7.432,48.395],[7.432,48.394],[7.433,48.394],[7.433,48.394],[7.43,48.391],[7.434,48.394],[7.433,48.394],[7.431,48.396]],[[7.429,48.396],[7.429,48.396],[7.429,48.396],[7.429,48.396]]],[[[7.446,48.393],[7.446,48.393],[7.445,48.394],[7.445,48.395],[7.447,48.394],[7.446,48.393]]],[[[7.44,48.394],[7.441,48.395],[7.442,48.395],[7.445,48.394],[7.445,48.394],[7.442,48.394],[7.44,48.394]]],[[[7.448,48.394],[7.448,48.394],[7.445,48.396],[7.447,48.396],[7.449,48.396],[7.45,48.396],[7.448,48.392],[7.448,48.394]],[[7.449,48.394],[7.449,48.394],[7.449,48.394],[7.449,48.394]]],[[[7.436,48.398],[7.436,48.398],[7.436,48.398],[7.436,48.398]]],[[[7.445,48.396],[7.444,48.397],[7.443,48.397],[7.442,48.398],[7.441,48.397],[7.439,48.397],[7.439,48.398],[7.441,48.399],[7.439,48.398],[7.439,48.398],[7.438,48.398],[7.438,48.399],[7.437,48.397],[7.437,48.398],[7.436,48.4],[7.436,48.398],[7.436,48.398],[7.436,48.398],[7.43,48.399],[7.429,48.402],[7.436,48.403],[7.437,48.405],[7.438,48.405],[7.438,48.406],[7.441,48.406],[7.442,48.404],[7.443,48.405],[7.444,48.405],[7.445,48.406],[7.446,48.405],[7.447,48.405],[7.448,48.404],[7.447,48.402],[7.448,48.402],[7.447,48.4],[7.446,48.4],[7.446,48.4],[7.445,48.399],[7.445,48.398],[7.444,48.398],[7.442,48.399],[7.444,48.398],[7.447,48.4],[7.448,48.402],[7.453,48.403],[7.454,48.4],[7.452,48.401],[7.451,48.399],[7.448,48.397],[7.448,48.396],[7.445,48.396],[7.445,48.396]],[[7.436,48.403],[7.436,48.403],[7.436,48.403],[7.436,48.403]],[[7.45,48.402],[7.45,48.402],[7.45,48.402],[7.45,48.402]],[[7.453,48.401],[7.453,48.401],[7.453,48.401],[7.453,48.401]],[[7.436,48.403],[7.436,48.403],[7.436,48.403],[7.436,48.403]],[[7.439,48.403],[7.439,48.403],[7.439,48.403],[7.439,48.403]],[[7.441,48.402],[7.441,48.402],[7.441,48.402],[7.441,48.402]],[[7.44,48.402],[7.441,48.401],[7.441,48.402],[7.447,48.402],[7.44,48.402]],[[7.447,48.402],[7.447,48.402],[7.447,48.402],[7.447,48.402]],[[7.446,48.397],[7.445,48.397],[7.446,48.397],[7.446,48.397]],[[7.442,48.399],[7.443,48.399],[7.443,48.399],[7.442,48.399]],[[7.436,48.402],[7.437,48.402],[7.437,48.402],[7.436,48.402]]],[[[7.448,48.403],[7.448,48.403],[7.449,48.403],[7.448,48.403]]],[[[7.448,48.404],[7.449,48.404],[7.45,48.403],[7.448,48.404]]],[[[7.449,48.405],[7.449,48.405],[7.449,48.405],[7.449,48.405]]],[[[7.438,48.406],[7.436,48.406],[7.437,48.406],[7.438,48.406]]],[[[7.434,48.406],[7.434,48.41],[7.434,48.409],[7.435,48.409],[7.438,48.409],[7.439,48.408],[7.44,48.408],[7.439,48.407],[7.44,48.407],[7.439,48.407],[7.437,48.407],[7.435,48.407],[7.435,48.406],[7.435,48.407],[7.434,48.406]]],[[[7.446,48.408],[7.447,48.409],[7.447,48.408],[7.446,48.408],[7.446,48.408]]],[[[7.438,48.409],[7.435,48.409],[7.434,48.409],[7.433,48.41],[7.436,48.412],[7.436,48.415],[7.438,48.415],[7.439,48.414],[7.438,48.413],[7.439,48.412],[7.438,48.412],[7.438,48.411],[7.44,48.411],[7.439,48.413],[7.445,48.414],[7.447,48.413],[7.448,48.414],[7.448,48.414],[7.451,48.413],[7.452,48.414],[7.452,48.412],[7.452,48.412],[7.45,48.411],[7.448,48.41],[7.448,48.41],[7.447,48.41],[7.447,48.409],[7.446,48.409],[7.445,48.41],[7.445,48.411],[7.445,48.41],[7.445,48.408],[7.44,48.408],[7.438,48.409]]],[[[7.439,48.412],[7.439,48.412],[7.439,48.412],[7.439,48.412]]],[[[7.451,48.414],[7.443,48.415],[7.443,48.416],[7.445,48.416],[7.447,48.415],[7.448,48.416],[7.447,48.417],[7.45,48.417],[7.451,48.419],[7.453,48.414],[7.451,48.414]],[[7.449,48.414],[7.449,48.414],[7.449,48.414],[7.449,48.414]],[[7.45,48.414],[7.45,48.414],[7.45,48.414],[7.45,48.414]]],[[[7.451,48.419],[7.45,48.418],[7.445,48.419],[7.444,48.419],[7.444,48.42],[7.447,48.42],[7.451,48.419]]],[[[7.447,48.421],[7.447,48.421],[7.447,48.421],[7.447,48.421]]],[[[7.45,48.422],[7.451,48.419],[7.447,48.42],[7.448,48.421],[7.45,48.422]]],[[[7.443,48.422],[7.444,48.421],[7.444,48.421],[7.444,48.421],[7.444,48.421],[7.443,48.421],[7.443,48.422]]],[[[7.444,48.426],[7.447,48.428],[7.451,48.427],[7.45,48.425],[7.448,48.426],[7.448,48.424],[7.447,48.425],[7.448,48.424],[7.446,48.42],[7.444,48.421],[7.444,48.421],[7.444,48.422],[7.443,48.423],[7.444,48.426]],[[7.447,48.426],[7.448,48.425],[7.447,48.426],[7.447,48.426]]],[[[7.448,48.425],[7.449,48.425],[7.449,48.425],[7.448,48.425]]],[[[7.443,48.426],[7.442,48.425],[7.441,48.425],[7.438,48.425],[7.438,48.426],[7.443,48.426]],[[7.442,48.426],[7.442,48.426],[7.442,48.426],[7.442,48.426]]],[[[7.45,48.425],[7.45,48.425],[7.45,48.425],[7.45,48.425]]],[[[7.443,48.447],[7.444,48.448],[7.444,48.447],[7.443,48.447],[7.443,48.447]]],[[[7.449,48.444],[7.447,48.445],[7.449,48.446],[7.45,48.446],[7.451,48.448],[7.455,48.449],[7.45,48.448],[7.45,48.447],[7.448,48.448],[7.444,48.447],[7.444,48.451],[7.443,48.452],[7.449,48.452],[7.449,48.45],[7.446,48.45],[7.446,48.45],[7.449,48.449],[7.453,48.45],[7.456,48.45],[7.455,48.448],[7.453,48.446],[7.449,48.444]]],[[[7.435,48.448],[7.442,48.451],[7.444,48.451],[7.444,48.451],[7.444,48.451],[7.443,48.45],[7.442,48.45],[7.44,48.449],[7.443,48.45],[7.444,48.45],[7.444,48.449],[7.436,48.447],[7.436,48.448],[7.435,48.446],[7.433,48.447],[7.435,48.448]]],[[[7.454,48.452],[7.453,48.453],[7.454,48.453],[7.454,48.453],[7.454,48.452]]],[[[7.443,48.454],[7.448,48.456],[7.449,48.455],[7.448,48.456],[7.451,48.456],[7.452,48.455],[7.454,48.454],[7.451,48.456],[7.456,48.457],[7.455,48.456],[7.456,48.456],[7.456,48.454],[7.457,48.453],[7.454,48.453],[7.452,48.454],[7.451,48.454],[7.449,48.454],[7.449,48.454],[7.449,48.454],[7.449,48.454],[7.451,48.454],[7.45,48.453],[7.453,48.452],[7.454,48.451],[7.453,48.451],[7.449,48.452],[7.449,48.452],[7.445,48.452],[7.443,48.452],[7.442,48.453],[7.442,48.453],[7.444,48.453],[7.449,48.453],[7.45,48.453],[7.442,48.453],[7.441,48.453],[7.443,48.454]],[[7.446,48.454],[7.446,48.454],[7.446,48.454],[7.446,48.454]]],[[[7.439,48.453],[7.438,48.455],[7.44,48.456],[7.441,48.453],[7.439,48.453]]],[[[7.456,48.457],[7.445,48.455],[7.441,48.454],[7.442,48.456],[7.446,48.456],[7.446,48.457],[7.448,48.457],[7.449,48.458],[7.45,48.458],[7.45,48.458],[7.451,48.459],[7.451,48.459],[7.452,48.459],[7.451,48.459],[7.45,48.46],[7.45,48.458],[7.449,48.458],[7.448,48.459],[7.449,48.461],[7.452,48.462],[7.455,48.457],[7.456,48.457]]],[[[7.441,48.474],[7.441,48.473],[7.44,48.473],[7.44,48.474],[7.441,48.474]]],[[[7.441,48.475],[7.441,48.475],[7.441,48.475],[7.441,48.475]]],[[[7.45,48.481],[7.444,48.477],[7.442,48.478],[7.441,48.48],[7.441,48.483],[7.439,48.484],[7.44,48.486],[7.44,48.489],[7.444,48.491],[7.444,48.489],[7.446,48.49],[7.446,48.489],[7.447,48.488],[7.446,48.485],[7.449,48.483],[7.451,48.484],[7.452,48.483],[7.453,48.483],[7.453,48.482],[7.451,48.482],[7.45,48.481]],[[7.441,48.481],[7.441,48.481],[7.441,48.481],[7.441,48.481]],[[7.442,48.486],[7.442,48.487],[7.443,48.486],[7.442,48.487],[7.442,48.486]],[[7.443,48.486],[7.443,48.486],[7.443,48.486],[7.443,48.486]],[[7.444,48.485],[7.443,48.485],[7.443,48.486],[7.444,48.485]],[[7.445,48.485],[7.444,48.485],[7.445,48.485],[7.445,48.485]],[[7.445,48.485],[7.445,48.485],[7.445,48.485],[7.445,48.485]],[[7.446,48.485],[7.446,48.485],[7.446,48.485],[7.446,48.485]],[[7.443,48.482],[7.443,48.482],[7.443,48.482],[7.443,48.482]],[[7.443,48.482],[7.444,48.482],[7.445,48.482],[7.448,48.482],[7.447,48.481],[7.447,48.481],[7.449,48.483],[7.448,48.482],[7.445,48.482],[7.443,48.482]]],[[[7.446,48.489],[7.446,48.489],[7.446,48.489],[7.446,48.489]]],[[[7.447,48.495],[7.453,48.498],[7.454,48.496],[7.455,48.494],[7.452,48.493],[7.453,48.492],[7.45,48.493],[7.448,48.493],[7.447,48.495]]],[[[7.457,48.495],[7.455,48.494],[7.454,48.497],[7.453,48.498],[7.452,48.498],[7.452,48.498],[7.453,48.498],[7.453,48.5],[7.461,48.5],[7.462,48.497],[7.455,48.496],[7.457,48.496],[7.457,48.495]]],[[[7.444,48.497],[7.437,48.496],[7.438,48.499],[7.443,48.5],[7.449,48.502],[7.451,48.502],[7.451,48.501],[7.443,48.498],[7.444,48.497]]],[[[7.452,48.51],[7.453,48.508],[7.455,48.508],[7.455,48.508],[7.469,48.51],[7.47,48.508],[7.469,48.508],[7.468,48.508],[7.463,48.508],[7.456,48.507],[7.455,48.507],[7.464,48.508],[7.465,48.507],[7.465,48.507],[7.466,48.507],[7.467,48.506],[7.467,48.505],[7.469,48.505],[7.468,48.504],[7.467,48.504],[7.466,48.504],[7.468,48.504],[7.468,48.504],[7.466,48.503],[7.466,48.502],[7.462,48.501],[7.459,48.502],[7.462,48.501],[7.465,48.501],[7.466,48.5],[7.462,48.501],[7.453,48.503],[7.453,48.502],[7.449,48.504],[7.45,48.505],[7.449,48.504],[7.441,48.507],[7.437,48.505],[7.437,48.506],[7.437,48.505],[7.433,48.506],[7.437,48.507],[7.437,48.508],[7.438,48.509],[7.44,48.509],[7.441,48.508],[7.444,48.508],[7.444,48.508],[7.448,48.508],[7.448,48.51],[7.45,48.511],[7.452,48.512],[7.454,48.514],[7.457,48.515],[7.456,48.516],[7.458,48.517],[7.456,48.517],[7.456,48.517],[7.458,48.519],[7.463,48.521],[7.463,48.521],[7.467,48.521],[7.467,48.521],[7.468,48.521],[7.468,48.52],[7.466,48.52],[7.464,48.518],[7.464,48.518],[7.463,48.516],[7.467,48.52],[7.466,48.518],[7.467,48.518],[7.466,48.517],[7.467,48.517],[7.47,48.518],[7.47,48.518],[7.472,48.518],[7.472,48.517],[7.473,48.517],[7.474,48.517],[7.474,48.516],[7.474,48.516],[7.474,48.517],[7.476,48.514],[7.475,48.514],[7.476,48.512],[7.474,48.512],[7.474,48.511],[7.472,48.512],[7.472,48.512],[7.473,48.511],[7.473,48.51],[7.475,48.511],[7.477,48.508],[7.479,48.508],[7.48,48.506],[7.479,48.506],[7.478,48.506],[7.479,48.504],[7.479,48.505],[7.478,48.506],[7.48,48.506],[7.48,48.503],[7.476,48.501],[7.475,48.502],[7.472,48.502],[7.471,48.503],[7.468,48.503],[7.469,48.505],[7.47,48.507],[7.47,48.507],[7.469,48.51],[7.468,48.51],[7.465,48.512],[7.465,48.514],[7.465,48.513],[7.466,48.512],[7.467,48.51],[7.459,48.51],[7.46,48.51],[7.459,48.512],[7.456,48.51],[7.452,48.51]],[[7.455,48.507],[7.455,48.507],[7.455,48.507],[7.455,48.507]],[[7.466,48.504],[7.466,48.504],[7.466,48.504],[7.466,48.504]],[[7.444,48.507],[7.444,48.507],[7.444,48.507],[7.444,48.507]],[[7.46,48.511],[7.46,48.511],[7.46,48.511],[7.46,48.511]],[[7.456,48.512],[7.456,48.512],[7.456,48.511],[7.456,48.512]],[[7.455,48.511],[7.456,48.511],[7.456,48.511],[7.455,48.511]],[[7.454,48.511],[7.455,48.511],[7.455,48.511],[7.454,48.511]],[[7.454,48.511],[7.454,48.511],[7.454,48.511],[7.454,48.511]],[[7.452,48.508],[7.452,48.508],[7.452,48.508],[7.452,48.508]],[[7.451,48.507],[7.451,48.507],[7.451,48.506],[7.451,48.507]],[[7.451,48.506],[7.451,48.506],[7.451,48.506],[7.451,48.506]],[[7.451,48.506],[7.451,48.506],[7.451,48.506],[7.451,48.506]],[[7.451,48.506],[7.451,48.506],[7.451,48.506],[7.451,48.506]],[[7.451,48.505],[7.451,48.505],[7.451,48.505],[7.451,48.505]],[[7.45,48.505],[7.45,48.505],[7.45,48.505],[7.45,48.505]],[[7.458,48.514],[7.458,48.514],[7.458,48.514],[7.458,48.514]],[[7.457,48.513],[7.456,48.513],[7.457,48.513],[7.456,48.513],[7.457,48.513]],[[7.456,48.512],[7.456,48.512],[7.456,48.512],[7.456,48.512],[7.456,48.512]],[[7.456,48.512],[7.456,48.512],[7.456,48.512],[7.456,48.512]],[[7.438,48.507],[7.438,48.507],[7.438,48.507],[7.438,48.507]],[[7.438,48.506],[7.437,48.507],[7.437,48.506],[7.438,48.506]],[[7.451,48.509],[7.45,48.509],[7.451,48.509],[7.451,48.509]],[[7.471,48.512],[7.471,48.512],[7.471,48.512],[7.471,48.512]],[[7.471,48.512],[7.471,48.512],[7.471,48.512],[7.471,48.512]],[[7.471,48.512],[7.471,48.512],[7.471,48.512],[7.471,48.512]],[[7.46,48.515],[7.458,48.514],[7.459,48.514],[7.46,48.515],[7.462,48.515],[7.464,48.515],[7.46,48.515]],[[7.474,48.514],[7.474,48.514],[7.475,48.514],[7.474,48.514]],[[7.465,48.515],[7.465,48.515],[7.465,48.515],[7.465,48.515]],[[7.471,48.513],[7.471,48.514],[7.469,48.514],[7.468,48.512],[7.471,48.513]],[[7.475,48.515],[7.474,48.515],[7.474,48.515],[7.475,48.515]],[[7.474,48.515],[7.474,48.514],[7.474,48.514],[7.474,48.515]]],[[[7.448,48.511],[7.451,48.514],[7.452,48.513],[7.454,48.515],[7.454,48.514],[7.454,48.514],[7.452,48.512],[7.448,48.51],[7.448,48.511]],[[7.448,48.511],[7.448,48.511],[7.448,48.511],[7.448,48.511],[7.448,48.511]],[[7.448,48.51],[7.448,48.51],[7.448,48.51],[7.448,48.51]],[[7.448,48.51],[7.448,48.51],[7.448,48.51],[7.448,48.51]]],[[[7.453,48.52],[7.458,48.523],[7.459,48.522],[7.458,48.523],[7.46,48.524],[7.463,48.524],[7.466,48.523],[7.462,48.522],[7.454,48.519],[7.453,48.52]]],[[[7.447,48.518],[7.444,48.519],[7.442,48.52],[7.446,48.524],[7.45,48.525],[7.449,48.527],[7.456,48.527],[7.461,48.529],[7.465,48.527],[7.463,48.527],[7.453,48.521],[7.45,48.523],[7.453,48.521],[7.45,48.519],[7.447,48.518]],[[7.446,48.519],[7.447,48.52],[7.45,48.522],[7.449,48.522],[7.448,48.523],[7.448,48.524],[7.449,48.522],[7.446,48.519],[7.445,48.519],[7.444,48.52],[7.446,48.519]],[[7.444,48.52],[7.444,48.52],[7.444,48.52],[7.444,48.52]]],[[[7.446,48.526],[7.452,48.527],[7.449,48.527],[7.45,48.525],[7.446,48.524],[7.446,48.526]]],[[[7.464,48.564],[7.463,48.564],[7.464,48.565],[7.464,48.564]]],[[[7.453,48.561],[7.456,48.565],[7.454,48.566],[7.455,48.567],[7.458,48.568],[7.458,48.567],[7.46,48.567],[7.459,48.569],[7.465,48.57],[7.465,48.567],[7.463,48.565],[7.462,48.566],[7.461,48.566],[7.462,48.565],[7.455,48.561],[7.453,48.561]],[[7.463,48.569],[7.463,48.569],[7.463,48.569],[7.463,48.569]]],[[[7.457,48.581],[7.457,48.58],[7.454,48.582],[7.457,48.583],[7.457,48.582],[7.457,48.581],[7.457,48.581],[7.457,48.583],[7.454,48.582],[7.451,48.587],[7.454,48.588],[7.454,48.587],[7.456,48.587],[7.464,48.588],[7.465,48.588],[7.467,48.588],[7.468,48.588],[7.465,48.588],[7.464,48.588],[7.464,48.589],[7.454,48.587],[7.454,48.588],[7.454,48.588],[7.451,48.587],[7.449,48.59],[7.463,48.592],[7.464,48.59],[7.463,48.592],[7.466,48.593],[7.466,48.591],[7.473,48.593],[7.476,48.591],[7.474,48.591],[7.474,48.59],[7.475,48.591],[7.476,48.59],[7.478,48.59],[7.477,48.588],[7.474,48.588],[7.475,48.588],[7.474,48.586],[7.474,48.585],[7.474,48.586],[7.476,48.586],[7.475,48.583],[7.47,48.583],[7.472,48.586],[7.472,48.585],[7.469,48.586],[7.461,48.581],[7.46,48.583],[7.46,48.581],[7.457,48.581]],[[7.457,48.581],[7.457,48.581],[7.457,48.581],[7.457,48.581]],[[7.469,48.587],[7.469,48.587],[7.468,48.588],[7.469,48.587],[7.469,48.587]],[[7.469,48.587],[7.469,48.587],[7.469,48.587],[7.469,48.587]],[[7.46,48.583],[7.46,48.584],[7.459,48.584],[7.459,48.584],[7.46,48.583]],[[7.464,48.585],[7.465,48.585],[7.464,48.585],[7.464,48.585]],[[7.464,48.584],[7.463,48.584],[7.463,48.584],[7.463,48.584],[7.464,48.584]],[[7.462,48.583],[7.462,48.583],[7.463,48.583],[7.462,48.583]],[[7.459,48.587],[7.459,48.587],[7.459,48.586],[7.459,48.587]],[[7.473,48.59],[7.474,48.59],[7.473,48.59],[7.473,48.59]],[[7.471,48.589],[7.471,48.589],[7.471,48.589],[7.471,48.589]],[[7.47,48.589],[7.469,48.59],[7.468,48.591],[7.468,48.591],[7.47,48.589]],[[7.455,48.589],[7.454,48.59],[7.455,48.589],[7.455,48.589]],[[7.474,48.585],[7.474,48.585],[7.474,48.585],[7.474,48.585]],[[7.475,48.59],[7.474,48.589],[7.474,48.589],[7.473,48.589],[7.475,48.59]]],[[[7.459,48.593],[7.453,48.592],[7.451,48.594],[7.455,48.596],[7.459,48.597],[7.46,48.596],[7.461,48.594],[7.46,48.594],[7.46,48.593],[7.459,48.593]]],[[[7.46,48.607],[7.457,48.608],[7.459,48.611],[7.463,48.612],[7.475,48.614],[7.475,48.611],[7.474,48.61],[7.475,48.611],[7.476,48.609],[7.468,48.607],[7.467,48.608],[7.464,48.608],[7.46,48.607]],[[7.474,48.61],[7.473,48.61],[7.474,48.61],[7.474,48.61]],[[7.471,48.61],[7.471,48.61],[7.471,48.61],[7.471,48.61]],[[7.469,48.609],[7.469,48.609],[7.469,48.609],[7.469,48.609]],[[7.469,48.609],[7.469,48.609],[7.469,48.609],[7.469,48.609]],[[7.467,48.608],[7.467,48.608],[7.467,48.608],[7.467,48.608]],[[7.466,48.609],[7.466,48.609],[7.466,48.609],[7.466,48.609]],[[7.464,48.609],[7.465,48.609],[7.464,48.609],[7.464,48.609]],[[7.461,48.611],[7.461,48.611],[7.461,48.611],[7.461,48.611]],[[7.462,48.61],[7.461,48.611],[7.462,48.61],[7.462,48.61]],[[7.462,48.609],[7.461,48.61],[7.462,48.609],[7.463,48.609],[7.462,48.609]],[[7.464,48.609],[7.463,48.609],[7.464,48.609],[7.464,48.609]],[[7.461,48.609],[7.459,48.609],[7.459,48.609],[7.458,48.609],[7.458,48.609],[7.459,48.609],[7.461,48.609]],[[7.458,48.608],[7.458,48.608],[7.458,48.608],[7.458,48.608]],[[7.468,48.609],[7.468,48.609],[7.468,48.609],[7.468,48.609]],[[7.468,48.609],[7.468,48.609],[7.468,48.609],[7.468,48.609]],[[7.468,48.609],[7.468,48.609],[7.468,48.609],[7.468,48.609]],[[7.473,48.609],[7.473,48.609],[7.474,48.609],[7.473,48.609]]],[[[7.457,48.616],[7.459,48.619],[7.462,48.621],[7.463,48.616],[7.462,48.616],[7.458,48.616],[7.457,48.616]]],[[[7.463,48.618],[7.462,48.622],[7.464,48.623],[7.464,48.624],[7.466,48.625],[7.466,48.624],[7.468,48.625],[7.471,48.621],[7.471,48.619],[7.463,48.618]]],[[[7.438,48.286],[7.431,48.285],[7.431,48.286],[7.432,48.287],[7.433,48.287],[7.431,48.288],[7.434,48.288],[7.436,48.29],[7.437,48.289],[7.437,48.289],[7.436,48.29],[7.44,48.291],[7.442,48.29],[7.448,48.291],[7.45,48.286],[7.442,48.284],[7.442,48.284],[7.443,48.283],[7.444,48.283],[7.449,48.284],[7.449,48.283],[7.45,48.283],[7.451,48.282],[7.446,48.28],[7.447,48.28],[7.443,48.28],[7.442,48.28],[7.44,48.28],[7.44,48.281],[7.44,48.282],[7.439,48.282],[7.44,48.28],[7.443,48.28],[7.443,48.279],[7.439,48.279],[7.439,48.28],[7.439,48.28],[7.436,48.28],[7.436,48.278],[7.435,48.279],[7.434,48.279],[7.432,48.285],[7.435,48.285],[7.436,48.285],[7.438,48.286]],[[7.44,48.285],[7.438,48.287],[7.438,48.288],[7.438,48.287],[7.44,48.285]],[[7.437,48.283],[7.44,48.283],[7.441,48.283],[7.437,48.283],[7.437,48.283],[7.435,48.283],[7.435,48.283],[7.437,48.283]],[[7.433,48.282],[7.433,48.282],[7.433,48.282],[7.433,48.282]],[[7.441,48.284],[7.441,48.285],[7.441,48.284],[7.441,48.284]],[[7.446,48.289],[7.446,48.289],[7.446,48.289],[7.446,48.289]],[[7.446,48.289],[7.446,48.289],[7.446,48.289],[7.446,48.289]],[[7.447,48.289],[7.447,48.289],[7.447,48.289],[7.447,48.289]]],[[[7.456,48.33],[7.456,48.329],[7.454,48.33],[7.453,48.328],[7.45,48.328],[7.448,48.329],[7.449,48.329],[7.45,48.332],[7.442,48.333],[7.444,48.336],[7.451,48.335],[7.452,48.335],[7.451,48.333],[7.451,48.333],[7.454,48.333],[7.454,48.33],[7.456,48.33]]],[[[7.459,48.342],[7.46,48.341],[7.456,48.342],[7.456,48.343],[7.457,48.342],[7.459,48.342]]],[[[7.46,48.346],[7.46,48.342],[7.457,48.343],[7.456,48.345],[7.458,48.345],[7.458,48.346],[7.46,48.346]]],[[[7.456,48.345],[7.456,48.343],[7.452,48.343],[7.449,48.344],[7.45,48.345],[7.451,48.346],[7.452,48.345],[7.456,48.345]]],[[[7.447,48.347],[7.451,48.346],[7.449,48.344],[7.447,48.347],[7.447,48.347]]],[[[7.453,48.349],[7.455,48.348],[7.455,48.345],[7.451,48.346],[7.453,48.348],[7.453,48.349]]],[[[7.446,48.348],[7.451,48.35],[7.453,48.352],[7.453,48.351],[7.454,48.349],[7.453,48.349],[7.451,48.346],[7.446,48.348]]],[[[7.46,48.354],[7.461,48.353],[7.461,48.352],[7.46,48.35],[7.462,48.35],[7.462,48.347],[7.465,48.347],[7.46,48.346],[7.46,48.347],[7.46,48.346],[7.458,48.346],[7.459,48.347],[7.456,48.347],[7.459,48.347],[7.458,48.345],[7.455,48.345],[7.455,48.348],[7.454,48.349],[7.453,48.352],[7.455,48.353],[7.455,48.354],[7.455,48.355],[7.456,48.354],[7.455,48.353],[7.457,48.354],[7.458,48.354],[7.458,48.354],[7.46,48.354]]],[[[7.452,48.352],[7.452,48.351],[7.449,48.35],[7.448,48.351],[7.448,48.351],[7.448,48.352],[7.447,48.354],[7.452,48.352]]],[[[7.451,48.354],[7.454,48.354],[7.453,48.353],[7.451,48.353],[7.451,48.354]]],[[[7.456,48.355],[7.457,48.354],[7.456,48.354],[7.456,48.355]]],[[[7.459,48.355],[7.461,48.355],[7.462,48.355],[7.462,48.354],[7.458,48.354],[7.459,48.355]]],[[[7.442,48.353],[7.441,48.358],[7.444,48.361],[7.446,48.361],[7.446,48.361],[7.448,48.361],[7.448,48.357],[7.448,48.358],[7.452,48.359],[7.451,48.361],[7.456,48.361],[7.456,48.36],[7.457,48.361],[7.457,48.36],[7.46,48.36],[7.46,48.359],[7.461,48.359],[7.461,48.358],[7.461,48.357],[7.462,48.356],[7.462,48.356],[7.455,48.355],[7.455,48.356],[7.456,48.356],[7.455,48.356],[7.456,48.358],[7.456,48.359],[7.454,48.355],[7.451,48.355],[7.45,48.353],[7.447,48.354],[7.447,48.355],[7.447,48.357],[7.447,48.351],[7.448,48.351],[7.448,48.35],[7.449,48.349],[7.446,48.348],[7.442,48.353]],[[7.459,48.355],[7.459,48.355],[7.459,48.355],[7.459,48.355]],[[7.459,48.355],[7.459,48.355],[7.459,48.355],[7.459,48.355]]],[[[7.453,48.361],[7.454,48.361],[7.453,48.361],[7.453,48.361]]],[[[7.457,48.362],[7.459,48.361],[7.461,48.362],[7.46,48.36],[7.457,48.361],[7.457,48.362]]],[[[7.453,48.361],[7.452,48.362],[7.452,48.363],[7.453,48.362],[7.453,48.361]]],[[[7.462,48.363],[7.46,48.362],[7.459,48.364],[7.461,48.364],[7.462,48.363]]],[[[7.459,48.374],[7.459,48.373],[7.458,48.369],[7.458,48.366],[7.456,48.368],[7.455,48.375],[7.457,48.375],[7.457,48.375],[7.459,48.375],[7.459,48.375],[7.463,48.376],[7.466,48.375],[7.469,48.376],[7.468,48.372],[7.46,48.371],[7.464,48.371],[7.464,48.371],[7.459,48.37],[7.459,48.373],[7.459,48.374]]],[[[7.453,48.375],[7.453,48.378],[7.454,48.378],[7.455,48.375],[7.454,48.375],[7.454,48.375],[7.453,48.375]]],[[[7.456,48.375],[7.454,48.378],[7.457,48.379],[7.459,48.379],[7.458,48.378],[7.464,48.378],[7.465,48.377],[7.468,48.377],[7.469,48.377],[7.463,48.376],[7.463,48.377],[7.46,48.377],[7.46,48.376],[7.459,48.375],[7.456,48.375]],[[7.464,48.377],[7.464,48.377],[7.464,48.377],[7.464,48.377]]],[[[7.452,48.381],[7.453,48.375],[7.448,48.373],[7.447,48.376],[7.447,48.377],[7.447,48.378],[7.449,48.378],[7.449,48.378],[7.449,48.379],[7.447,48.378],[7.448,48.38],[7.447,48.38],[7.446,48.382],[7.448,48.383],[7.447,48.382],[7.449,48.38],[7.452,48.381]]],[[[7.453,48.378],[7.452,48.38],[7.454,48.378],[7.453,48.378]]],[[[7.451,48.382],[7.451,48.383],[7.453,48.382],[7.454,48.382],[7.456,48.382],[7.456,48.383],[7.458,48.382],[7.461,48.382],[7.459,48.38],[7.459,48.379],[7.456,48.379],[7.454,48.378],[7.451,48.382]]],[[[7.452,48.383],[7.45,48.383],[7.451,48.384],[7.456,48.382],[7.455,48.382],[7.452,48.383]]],[[[7.461,48.389],[7.463,48.39],[7.465,48.388],[7.461,48.389]]],[[[7.46,48.39],[7.454,48.392],[7.458,48.393],[7.459,48.393],[7.463,48.393],[7.462,48.392],[7.463,48.393],[7.468,48.393],[7.469,48.392],[7.47,48.392],[7.469,48.39],[7.469,48.389],[7.468,48.389],[7.467,48.389],[7.466,48.388],[7.465,48.389],[7.463,48.39],[7.462,48.389],[7.46,48.39]],[[7.468,48.389],[7.468,48.389],[7.468,48.389],[7.468,48.389]],[[7.463,48.39],[7.464,48.39],[7.463,48.39],[7.463,48.39]],[[7.463,48.39],[7.463,48.39],[7.464,48.39],[7.463,48.39]],[[7.462,48.392],[7.462,48.392],[7.462,48.392],[7.462,48.392]],[[7.463,48.391],[7.463,48.391],[7.463,48.391],[7.463,48.391]],[[7.463,48.391],[7.463,48.391],[7.463,48.391],[7.463,48.391]],[[7.463,48.391],[7.463,48.391],[7.463,48.391],[7.463,48.391]],[[7.463,48.391],[7.463,48.391],[7.463,48.391],[7.463,48.391]],[[7.463,48.391],[7.463,48.391],[7.463,48.391],[7.463,48.391]]],[[[7.463,48.394],[7.463,48.393],[7.457,48.394],[7.457,48.395],[7.456,48.395],[7.454,48.396],[7.455,48.397],[7.455,48.398],[7.457,48.396],[7.46,48.394],[7.463,48.394]]],[[[7.457,48.394],[7.449,48.393],[7.45,48.396],[7.454,48.399],[7.455,48.398],[7.454,48.396],[7.457,48.394]]],[[[7.456,48.397],[7.458,48.399],[7.46,48.398],[7.459,48.396],[7.46,48.396],[7.461,48.398],[7.462,48.399],[7.462,48.398],[7.462,48.394],[7.46,48.394],[7.456,48.397]]],[[[7.455,48.399],[7.456,48.4],[7.457,48.4],[7.457,48.398],[7.456,48.397],[7.455,48.399]]],[[[7.456,48.4],[7.456,48.4],[7.456,48.4],[7.456,48.4]]],[[[7.46,48.401],[7.457,48.401],[7.459,48.402],[7.461,48.402],[7.461,48.401],[7.463,48.401],[7.462,48.399],[7.459,48.398],[7.459,48.4],[7.46,48.401]]],[[[7.454,48.4],[7.454,48.403],[7.453,48.403],[7.455,48.403],[7.455,48.401],[7.454,48.4]]],[[[7.452,48.403],[7.451,48.403],[7.451,48.403],[7.452,48.403]]],[[[7.451,48.404],[7.451,48.404],[7.451,48.404],[7.451,48.404]]],[[[7.451,48.405],[7.452,48.404],[7.451,48.404],[7.451,48.405]]],[[[7.454,48.406],[7.455,48.406],[7.454,48.405],[7.454,48.406]]],[[[7.46,48.405],[7.458,48.406],[7.459,48.408],[7.462,48.409],[7.464,48.408],[7.464,48.407],[7.464,48.408],[7.467,48.409],[7.468,48.407],[7.467,48.407],[7.466,48.408],[7.466,48.406],[7.465,48.406],[7.464,48.406],[7.465,48.405],[7.462,48.405],[7.462,48.405],[7.461,48.406],[7.463,48.406],[7.461,48.406],[7.462,48.405],[7.463,48.404],[7.463,48.404],[7.463,48.404],[7.463,48.403],[7.461,48.403],[7.461,48.404],[7.46,48.404],[7.458,48.405],[7.46,48.405]],[[7.46,48.405],[7.46,48.405],[7.46,48.405],[7.46,48.405]],[[7.464,48.407],[7.464,48.407],[7.464,48.407],[7.464,48.407]],[[7.464,48.406],[7.464,48.406],[7.464,48.406],[7.464,48.406]],[[7.464,48.406],[7.464,48.406],[7.464,48.406],[7.464,48.406]]],[[[7.457,48.406],[7.457,48.406],[7.457,48.406],[7.457,48.406]]],[[[7.452,48.411],[7.454,48.41],[7.453,48.409],[7.451,48.41],[7.452,48.411]]],[[[7.464,48.41],[7.465,48.41],[7.464,48.409],[7.464,48.41]]],[[[7.453,48.411],[7.454,48.411],[7.454,48.41],[7.453,48.411]]],[[[7.452,48.411],[7.453,48.411],[7.453,48.411],[7.452,48.411]]],[[[7.453,48.412],[7.453,48.414],[7.453,48.414],[7.453,48.416],[7.458,48.417],[7.457,48.414],[7.457,48.413],[7.456,48.414],[7.454,48.412],[7.453,48.412]],[[7.453,48.414],[7.453,48.414],[7.453,48.414],[7.453,48.414]],[[7.457,48.414],[7.456,48.414],[7.457,48.414],[7.457,48.414]],[[7.456,48.414],[7.456,48.414],[7.456,48.414],[7.456,48.414]],[[7.456,48.414],[7.456,48.414],[7.456,48.414],[7.456,48.414]],[[7.454,48.414],[7.454,48.414],[7.454,48.414],[7.454,48.414],[7.454,48.414],[7.454,48.414]],[[7.455,48.414],[7.454,48.414],[7.455,48.414],[7.455,48.414]],[[7.456,48.414],[7.455,48.414],[7.455,48.414],[7.456,48.414]]],[[[7.457,48.414],[7.458,48.415],[7.459,48.415],[7.459,48.414],[7.457,48.414]]],[[[7.466,48.413],[7.463,48.414],[7.463,48.414],[7.461,48.414],[7.46,48.417],[7.458,48.417],[7.459,48.417],[7.459,48.418],[7.461,48.417],[7.463,48.416],[7.462,48.416],[7.462,48.415],[7.461,48.415],[7.461,48.415],[7.461,48.415],[7.464,48.415],[7.466,48.413]],[[7.462,48.416],[7.462,48.416],[7.462,48.416],[7.462,48.416]]],[[[7.462,48.417],[7.463,48.417],[7.465,48.416],[7.465,48.416],[7.462,48.417]]],[[[7.464,48.417],[7.465,48.417],[7.465,48.417],[7.464,48.417]]],[[[7.465,48.418],[7.467,48.417],[7.465,48.417],[7.465,48.418]]],[[[7.467,48.42],[7.466,48.419],[7.464,48.421],[7.466,48.42],[7.467,48.42]]],[[[7.458,48.419],[7.457,48.421],[7.457,48.423],[7.462,48.422],[7.462,48.42],[7.461,48.419],[7.461,48.419],[7.462,48.42],[7.463,48.422],[7.464,48.421],[7.465,48.418],[7.462,48.419],[7.462,48.417],[7.461,48.417],[7.46,48.418],[7.458,48.419]],[[7.46,48.417],[7.461,48.418],[7.461,48.418],[7.46,48.417]],[[7.458,48.42],[7.459,48.42],[7.459,48.42],[7.458,48.42]]],[[[7.467,48.424],[7.467,48.42],[7.464,48.421],[7.464,48.424],[7.464,48.421],[7.46,48.423],[7.462,48.424],[7.462,48.424],[7.46,48.423],[7.457,48.423],[7.457,48.424],[7.456,48.425],[7.457,48.424],[7.457,48.424],[7.457,48.419],[7.458,48.419],[7.459,48.418],[7.459,48.417],[7.454,48.419],[7.452,48.418],[7.451,48.419],[7.452,48.42],[7.452,48.421],[7.452,48.42],[7.451,48.421],[7.452,48.422],[7.451,48.424],[7.453,48.424],[7.453,48.423],[7.453,48.422],[7.453,48.424],[7.453,48.424],[7.453,48.424],[7.454,48.424],[7.451,48.424],[7.451,48.425],[7.451,48.427],[7.452,48.427],[7.455,48.428],[7.455,48.428],[7.455,48.428],[7.457,48.427],[7.456,48.426],[7.457,48.426],[7.457,48.427],[7.456,48.428],[7.461,48.43],[7.461,48.428],[7.461,48.427],[7.461,48.427],[7.461,48.427],[7.462,48.426],[7.462,48.424],[7.463,48.426],[7.462,48.426],[7.462,48.426],[7.461,48.427],[7.461,48.429],[7.462,48.429],[7.461,48.429],[7.461,48.43],[7.465,48.431],[7.465,48.432],[7.463,48.432],[7.462,48.434],[7.463,48.434],[7.465,48.434],[7.471,48.435],[7.463,48.435],[7.462,48.434],[7.463,48.437],[7.467,48.438],[7.467,48.438],[7.468,48.439],[7.47,48.439],[7.47,48.438],[7.469,48.438],[7.474,48.437],[7.476,48.434],[7.468,48.434],[7.468,48.433],[7.465,48.432],[7.468,48.433],[7.468,48.432],[7.472,48.432],[7.471,48.431],[7.47,48.431],[7.469,48.43],[7.472,48.431],[7.472,48.432],[7.475,48.432],[7.475,48.43],[7.478,48.43],[7.477,48.428],[7.476,48.428],[7.476,48.426],[7.473,48.426],[7.473,48.426],[7.473,48.427],[7.472,48.427],[7.473,48.427],[7.473,48.425],[7.473,48.425],[7.473,48.426],[7.477,48.426],[7.474,48.423],[7.471,48.424],[7.468,48.424],[7.467,48.424],[7.466,48.424],[7.465,48.424],[7.464,48.424],[7.464,48.424],[7.464,48.424],[7.464,48.424],[7.466,48.424],[7.467,48.424]],[[7.469,48.431],[7.469,48.431],[7.469,48.431],[7.469,48.431]],[[7.464,48.426],[7.464,48.426],[7.463,48.426],[7.464,48.426]],[[7.464,48.426],[7.466,48.426],[7.465,48.426],[7.464,48.426]],[[7.466,48.426],[7.466,48.426],[7.466,48.426],[7.466,48.426]],[[7.466,48.426],[7.466,48.426],[7.466,48.426],[7.466,48.426]],[[7.466,48.426],[7.468,48.426],[7.468,48.426],[7.47,48.426],[7.468,48.426],[7.466,48.426]],[[7.472,48.426],[7.47,48.426],[7.472,48.426],[7.472,48.426]],[[7.472,48.426],[7.472,48.426],[7.472,48.426],[7.472,48.426]],[[7.472,48.427],[7.472,48.427],[7.472,48.427],[7.472,48.427]],[[7.458,48.424],[7.459,48.424],[7.458,48.424],[7.458,48.424]],[[7.471,48.435],[7.471,48.435],[7.471,48.435],[7.471,48.435]],[[7.471,48.435],[7.471,48.435],[7.471,48.435],[7.471,48.435]],[[7.474,48.436],[7.474,48.436],[7.474,48.436],[7.474,48.436]],[[7.474,48.428],[7.474,48.43],[7.474,48.43],[7.474,48.428]],[[7.466,48.428],[7.468,48.43],[7.466,48.429],[7.465,48.43],[7.466,48.429],[7.466,48.429],[7.466,48.428]],[[7.472,48.43],[7.472,48.43],[7.472,48.43],[7.472,48.43]],[[7.473,48.428],[7.472,48.428],[7.473,48.428],[7.473,48.428]],[[7.47,48.43],[7.47,48.43],[7.47,48.43],[7.47,48.43]]],[[[7.452,48.428],[7.459,48.43],[7.459,48.43],[7.451,48.427],[7.452,48.428]]],[[[7.457,48.437],[7.45,48.437],[7.45,48.438],[7.451,48.441],[7.458,48.443],[7.462,48.443],[7.461,48.442],[7.454,48.441],[7.454,48.441],[7.454,48.441],[7.454,48.441],[7.454,48.44],[7.453,48.44],[7.453,48.44],[7.453,48.439],[7.456,48.44],[7.455,48.439],[7.455,48.438],[7.456,48.44],[7.459,48.44],[7.457,48.437]]],[[[7.454,48.44],[7.454,48.441],[7.459,48.442],[7.459,48.44],[7.454,48.44]]],[[[7.47,48.439],[7.463,48.438],[7.462,48.441],[7.465,48.443],[7.471,48.441],[7.469,48.44],[7.47,48.439]],[[7.466,48.44],[7.466,48.439],[7.466,48.44],[7.466,48.44]]],[[[7.465,48.447],[7.464,48.447],[7.465,48.45],[7.468,48.449],[7.468,48.448],[7.469,48.448],[7.467,48.446],[7.466,48.445],[7.465,48.446],[7.465,48.447],[7.465,48.447],[7.466,48.448],[7.466,48.448],[7.465,48.447]]],[[[7.458,48.45],[7.457,48.448],[7.457,48.45],[7.458,48.45]]],[[[7.464,48.45],[7.463,48.45],[7.463,48.45],[7.464,48.45],[7.465,48.45],[7.464,48.45]]],[[[7.465,48.45],[7.466,48.45],[7.465,48.45],[7.465,48.45]]],[[[7.468,48.449],[7.467,48.449],[7.466,48.45],[7.468,48.451],[7.468,48.449]]],[[[7.457,48.45],[7.455,48.451],[7.458,48.451],[7.457,48.45]]],[[[7.47,48.451],[7.47,48.45],[7.469,48.45],[7.469,48.45],[7.469,48.449],[7.468,48.449],[7.468,48.451],[7.47,48.451]]],[[[7.466,48.451],[7.468,48.451],[7.468,48.451],[7.466,48.45],[7.466,48.451]]],[[[7.463,48.451],[7.461,48.451],[7.461,48.452],[7.462,48.452],[7.463,48.451]]],[[[7.463,48.45],[7.465,48.453],[7.468,48.453],[7.468,48.452],[7.466,48.451],[7.466,48.452],[7.466,48.452],[7.466,48.451],[7.466,48.45],[7.463,48.45]],[[7.466,48.452],[7.466,48.452],[7.466,48.452],[7.466,48.452]]],[[[7.455,48.451],[7.454,48.453],[7.457,48.453],[7.458,48.452],[7.455,48.451]]],[[[7.469,48.451],[7.47,48.452],[7.47,48.452],[7.469,48.451]]],[[[7.463,48.454],[7.463,48.454],[7.463,48.454],[7.463,48.454]]],[[[7.466,48.454],[7.467,48.455],[7.467,48.454],[7.466,48.454]]],[[[7.465,48.455],[7.465,48.455],[7.465,48.455],[7.465,48.455]]],[[[7.46,48.454],[7.461,48.453],[7.459,48.453],[7.459,48.452],[7.458,48.452],[7.457,48.454],[7.456,48.457],[7.456,48.457],[7.458,48.458],[7.459,48.459],[7.459,48.454],[7.46,48.454]]],[[[7.462,48.454],[7.463,48.453],[7.461,48.453],[7.461,48.454],[7.459,48.454],[7.459,48.459],[7.459,48.459],[7.462,48.459],[7.464,48.459],[7.464,48.457],[7.465,48.457],[7.464,48.457],[7.464,48.459],[7.465,48.459],[7.467,48.46],[7.469,48.455],[7.468,48.453],[7.467,48.453],[7.467,48.455],[7.466,48.455],[7.467,48.456],[7.466,48.455],[7.465,48.455],[7.465,48.455],[7.464,48.454],[7.464,48.455],[7.464,48.454],[7.462,48.454],[7.462,48.455],[7.462,48.455],[7.462,48.456],[7.462,48.456],[7.461,48.457],[7.46,48.456],[7.46,48.457],[7.46,48.457],[7.459,48.457],[7.461,48.456],[7.462,48.456],[7.462,48.456],[7.462,48.454],[7.462,48.454]]],[[[7.457,48.46],[7.46,48.459],[7.459,48.459],[7.456,48.457],[7.457,48.46]]],[[[7.472,48.459],[7.47,48.456],[7.468,48.458],[7.468,48.461],[7.47,48.461],[7.47,48.46],[7.471,48.46],[7.472,48.459]]],[[[7.468,48.458],[7.467,48.461],[7.468,48.461],[7.468,48.458]]],[[[7.467,48.46],[7.46,48.459],[7.46,48.46],[7.462,48.46],[7.463,48.462],[7.464,48.462],[7.466,48.461],[7.467,48.46]]],[[[7.455,48.463],[7.455,48.465],[7.456,48.465],[7.462,48.465],[7.462,48.463],[7.455,48.463]]],[[[7.462,48.465],[7.466,48.465],[7.466,48.464],[7.462,48.464],[7.462,48.465]]],[[[7.462,48.475],[7.464,48.473],[7.463,48.471],[7.466,48.47],[7.465,48.469],[7.46,48.471],[7.456,48.475],[7.456,48.477],[7.458,48.478],[7.457,48.478],[7.459,48.481],[7.461,48.481],[7.459,48.481],[7.459,48.482],[7.458,48.481],[7.459,48.484],[7.459,48.485],[7.461,48.485],[7.462,48.486],[7.464,48.487],[7.466,48.489],[7.466,48.489],[7.466,48.489],[7.469,48.49],[7.47,48.49],[7.47,48.489],[7.469,48.488],[7.471,48.488],[7.467,48.486],[7.466,48.487],[7.467,48.487],[7.465,48.487],[7.467,48.485],[7.464,48.481],[7.464,48.48],[7.472,48.478],[7.476,48.477],[7.477,48.477],[7.479,48.478],[7.48,48.478],[7.481,48.474],[7.477,48.475],[7.483,48.474],[7.484,48.473],[7.477,48.474],[7.469,48.477],[7.469,48.476],[7.462,48.475]],[[7.47,48.478],[7.47,48.478],[7.47,48.478],[7.47,48.479],[7.47,48.478]],[[7.469,48.478],[7.47,48.478],[7.47,48.478],[7.469,48.478]],[[7.457,48.477],[7.457,48.477],[7.457,48.477],[7.457,48.477]],[[7.457,48.477],[7.457,48.477],[7.457,48.477],[7.457,48.477]],[[7.457,48.477],[7.457,48.477],[7.457,48.477],[7.457,48.477]],[[7.457,48.477],[7.457,48.477],[7.457,48.477],[7.457,48.477]],[[7.457,48.477],[7.457,48.477],[7.457,48.477],[7.457,48.477]],[[7.457,48.476],[7.457,48.476],[7.457,48.476],[7.457,48.476]],[[7.457,48.476],[7.457,48.476],[7.457,48.476],[7.457,48.476]],[[7.457,48.476],[7.457,48.476],[7.457,48.476],[7.457,48.476]],[[7.457,48.476],[7.457,48.476],[7.457,48.476],[7.457,48.476]],[[7.457,48.476],[7.457,48.476],[7.457,48.476],[7.457,48.476]],[[7.458,48.476],[7.458,48.476],[7.458,48.476],[7.458,48.476],[7.458,48.476],[7.458,48.476],[7.458,48.476]],[[7.458,48.476],[7.458,48.476],[7.458,48.476],[7.458,48.476]],[[7.458,48.476],[7.458,48.476],[7.458,48.476],[7.458,48.476]],[[7.458,48.476],[7.458,48.476],[7.458,48.477],[7.458,48.476]],[[7.459,48.477],[7.459,48.477],[7.459,48.477],[7.459,48.477],[7.459,48.477]],[[7.459,48.477],[7.46,48.477],[7.46,48.477],[7.459,48.477],[7.459,48.477],[7.459,48.477]],[[7.46,48.477],[7.46,48.477],[7.46,48.477],[7.46,48.477],[7.46,48.477]],[[7.461,48.477],[7.461,48.477],[7.46,48.477],[7.461,48.477]],[[7.461,48.477],[7.461,48.477],[7.461,48.477],[7.461,48.477]],[[7.462,48.477],[7.462,48.477],[7.462,48.477],[7.462,48.477]],[[7.462,48.477],[7.462,48.477],[7.462,48.477],[7.462,48.477]],[[7.462,48.476],[7.462,48.476],[7.462,48.477],[7.462,48.476]],[[7.462,48.476],[7.462,48.476],[7.462,48.476],[7.462,48.476]],[[7.466,48.478],[7.466,48.479],[7.465,48.479],[7.466,48.478]]],[[[7.466,48.481],[7.467,48.484],[7.468,48.485],[7.468,48.482],[7.467,48.48],[7.466,48.481]]],[[[7.459,48.484],[7.457,48.484],[7.459,48.485],[7.459,48.484]]],[[[7.459,48.485],[7.464,48.488],[7.464,48.49],[7.468,48.492],[7.471,48.492],[7.47,48.49],[7.469,48.49],[7.467,48.49],[7.466,48.489],[7.466,48.489],[7.463,48.486],[7.459,48.485]]],[[[7.466,48.508],[7.465,48.508],[7.47,48.508],[7.469,48.505],[7.467,48.505],[7.466,48.508]]],[[[7.472,48.517],[7.472,48.518],[7.475,48.518],[7.474,48.517],[7.472,48.517]]],[[[7.467,48.517],[7.467,48.518],[7.466,48.518],[7.467,48.52],[7.468,48.52],[7.469,48.518],[7.467,48.517]]],[[[7.466,48.522],[7.466,48.523],[7.466,48.523],[7.466,48.522],[7.466,48.522]]],[[[7.452,48.542],[7.45,48.543],[7.452,48.544],[7.451,48.546],[7.452,48.547],[7.453,48.547],[7.454,48.546],[7.454,48.546],[7.457,48.546],[7.459,48.546],[7.458,48.545],[7.459,48.546],[7.46,48.545],[7.46,48.544],[7.463,48.544],[7.464,48.545],[7.464,48.544],[7.465,48.545],[7.466,48.544],[7.467,48.543],[7.473,48.544],[7.474,48.545],[7.476,48.544],[7.477,48.546],[7.476,48.547],[7.478,48.549],[7.48,48.549],[7.478,48.55],[7.48,48.551],[7.48,48.554],[7.484,48.554],[7.487,48.555],[7.486,48.551],[7.487,48.549],[7.488,48.549],[7.486,48.551],[7.487,48.554],[7.487,48.555],[7.485,48.556],[7.488,48.557],[7.497,48.558],[7.494,48.551],[7.493,48.548],[7.492,48.549],[7.491,48.547],[7.491,48.549],[7.489,48.549],[7.488,48.547],[7.486,48.548],[7.488,48.549],[7.488,48.549],[7.486,48.548],[7.486,48.547],[7.484,48.547],[7.486,48.547],[7.489,48.545],[7.488,48.545],[7.486,48.543],[7.485,48.544],[7.485,48.544],[7.486,48.543],[7.483,48.541],[7.484,48.541],[7.479,48.539],[7.46,48.54],[7.458,48.541],[7.459,48.542],[7.458,48.543],[7.453,48.542],[7.453,48.544],[7.453,48.542],[7.452,48.542]],[[7.481,48.552],[7.482,48.552],[7.482,48.552],[7.481,48.552]],[[7.476,48.543],[7.477,48.544],[7.478,48.544],[7.478,48.544],[7.478,48.545],[7.478,48.544],[7.476,48.544],[7.476,48.543]],[[7.478,48.543],[7.478,48.543],[7.478,48.543],[7.478,48.543]],[[7.479,48.543],[7.477,48.542],[7.478,48.543],[7.479,48.543]],[[7.48,48.543],[7.48,48.543],[7.48,48.543],[7.48,48.543]],[[7.482,48.542],[7.482,48.542],[7.482,48.542],[7.482,48.542]],[[7.464,48.543],[7.464,48.543],[7.463,48.543],[7.463,48.543],[7.463,48.543],[7.464,48.543]],[[7.463,48.542],[7.463,48.542],[7.464,48.543],[7.463,48.542]],[[7.46,48.544],[7.459,48.544],[7.459,48.544],[7.46,48.543],[7.46,48.544]],[[7.465,48.543],[7.465,48.542],[7.465,48.543],[7.465,48.543]],[[7.467,48.543],[7.466,48.542],[7.467,48.542],[7.467,48.543]],[[7.474,48.543],[7.473,48.543],[7.472,48.543],[7.474,48.543]],[[7.474,48.541],[7.476,48.541],[7.475,48.542],[7.475,48.541],[7.474,48.541]],[[7.463,48.54],[7.463,48.54],[7.463,48.54],[7.463,48.54]],[[7.477,48.541],[7.477,48.541],[7.477,48.541],[7.477,48.541]],[[7.458,48.544],[7.457,48.544],[7.457,48.544],[7.458,48.544]],[[7.457,48.543],[7.457,48.543],[7.457,48.543],[7.457,48.543]],[[7.474,48.542],[7.474,48.542],[7.473,48.542],[7.474,48.542]],[[7.472,48.543],[7.472,48.543],[7.472,48.543],[7.472,48.543]],[[7.472,48.543],[7.472,48.543],[7.472,48.543],[7.472,48.543]],[[7.466,48.542],[7.466,48.542],[7.466,48.542],[7.466,48.542]],[[7.467,48.542],[7.467,48.542],[7.467,48.542],[7.467,48.542]],[[7.472,48.543],[7.47,48.542],[7.472,48.542],[7.472,48.543]],[[7.469,48.543],[7.469,48.542],[7.47,48.542],[7.469,48.543]],[[7.453,48.545],[7.453,48.545],[7.453,48.545],[7.453,48.545]],[[7.457,48.544],[7.457,48.544],[7.457,48.544],[7.457,48.544],[7.457,48.544]],[[7.458,48.544],[7.458,48.544],[7.458,48.544],[7.458,48.544]],[[7.462,48.543],[7.462,48.543],[7.462,48.543],[7.462,48.543]],[[7.463,48.543],[7.463,48.544],[7.463,48.543],[7.462,48.543],[7.462,48.543],[7.462,48.543],[7.463,48.543]],[[7.46,48.544],[7.46,48.544],[7.46,48.544],[7.46,48.544]],[[7.464,48.543],[7.464,48.543],[7.464,48.543],[7.464,48.543]],[[7.463,48.543],[7.463,48.543],[7.463,48.543],[7.463,48.543]],[[7.461,48.543],[7.461,48.543],[7.461,48.543],[7.461,48.543]],[[7.453,48.544],[7.453,48.544],[7.453,48.544],[7.453,48.544]],[[7.456,48.544],[7.456,48.544],[7.456,48.544],[7.456,48.544]],[[7.454,48.544],[7.454,48.544],[7.454,48.544],[7.454,48.544]],[[7.453,48.545],[7.453,48.545],[7.453,48.544],[7.453,48.545]],[[7.481,48.546],[7.481,48.547],[7.483,48.547],[7.481,48.547],[7.481,48.546]],[[7.489,48.553],[7.489,48.554],[7.489,48.553],[7.489,48.553]],[[7.492,48.553],[7.492,48.553],[7.492,48.553],[7.492,48.553]],[[7.491,48.553],[7.491,48.553],[7.491,48.553],[7.491,48.553]]],[[[7.477,48.563],[7.471,48.558],[7.47,48.558],[7.47,48.557],[7.471,48.56],[7.475,48.563],[7.476,48.564],[7.477,48.563]]],[[[7.469,48.56],[7.476,48.565],[7.477,48.564],[7.471,48.56],[7.47,48.559],[7.469,48.558],[7.469,48.56]]],[[[7.466,48.563],[7.464,48.565],[7.465,48.565],[7.464,48.566],[7.463,48.566],[7.465,48.567],[7.465,48.571],[7.468,48.57],[7.469,48.568],[7.471,48.566],[7.47,48.565],[7.469,48.564],[7.468,48.563],[7.467,48.562],[7.465,48.561],[7.466,48.562],[7.465,48.562],[7.465,48.562],[7.466,48.563]]],[[[7.468,48.56],[7.467,48.561],[7.47,48.562],[7.469,48.563],[7.473,48.567],[7.471,48.566],[7.469,48.568],[7.468,48.57],[7.469,48.57],[7.469,48.57],[7.468,48.572],[7.471,48.572],[7.471,48.571],[7.472,48.57],[7.471,48.571],[7.479,48.572],[7.479,48.571],[7.478,48.57],[7.476,48.569],[7.475,48.568],[7.474,48.567],[7.473,48.567],[7.474,48.567],[7.478,48.57],[7.479,48.571],[7.479,48.57],[7.479,48.57],[7.479,48.571],[7.483,48.572],[7.484,48.572],[7.482,48.572],[7.483,48.57],[7.481,48.571],[7.482,48.57],[7.479,48.57],[7.48,48.569],[7.474,48.563],[7.468,48.56]],[[7.469,48.57],[7.469,48.57],[7.469,48.57],[7.469,48.57]],[[7.472,48.57],[7.472,48.57],[7.472,48.57],[7.472,48.57]],[[7.473,48.567],[7.473,48.567],[7.473,48.567],[7.473,48.567]],[[7.473,48.567],[7.473,48.567],[7.473,48.567],[7.473,48.567]],[[7.473,48.567],[7.473,48.567],[7.473,48.567],[7.473,48.567],[7.473,48.567]],[[7.472,48.564],[7.472,48.565],[7.472,48.565],[7.472,48.564]],[[7.474,48.568],[7.474,48.568],[7.474,48.568],[7.474,48.568]],[[7.474,48.568],[7.474,48.568],[7.474,48.568],[7.474,48.568]]],[[[7.475,48.578],[7.469,48.577],[7.469,48.579],[7.468,48.58],[7.471,48.58],[7.471,48.579],[7.474,48.579],[7.475,48.578]]],[[[7.467,48.578],[7.465,48.581],[7.469,48.582],[7.469,48.58],[7.467,48.579],[7.469,48.578],[7.467,48.578]],[[7.467,48.579],[7.467,48.579],[7.467,48.579],[7.467,48.579]]],[[[7.46,48.342],[7.46,48.346],[7.467,48.347],[7.47,48.347],[7.47,48.345],[7.467,48.345],[7.467,48.344],[7.465,48.344],[7.465,48.342],[7.463,48.342],[7.46,48.342]]],[[[7.468,48.347],[7.47,48.347],[7.468,48.347],[7.468,48.347]]],[[[7.462,48.35],[7.462,48.35],[7.461,48.35],[7.461,48.35],[7.462,48.35]]],[[[7.461,48.352],[7.464,48.356],[7.471,48.355],[7.472,48.353],[7.468,48.352],[7.466,48.351],[7.461,48.352]]],[[[7.476,48.355],[7.476,48.355],[7.476,48.355],[7.476,48.355]]],[[[7.472,48.356],[7.475,48.355],[7.476,48.354],[7.473,48.355],[7.472,48.356]]],[[[7.468,48.357],[7.47,48.356],[7.472,48.356],[7.472,48.355],[7.467,48.356],[7.468,48.357]]],[[[7.466,48.357],[7.467,48.356],[7.464,48.356],[7.465,48.357],[7.466,48.357]]],[[[7.477,48.355],[7.476,48.359],[7.478,48.36],[7.478,48.357],[7.478,48.356],[7.478,48.356],[7.479,48.356],[7.479,48.355],[7.477,48.355]]],[[[7.462,48.358],[7.461,48.358],[7.461,48.359],[7.462,48.358]]],[[[7.467,48.358],[7.467,48.362],[7.47,48.361],[7.471,48.359],[7.472,48.359],[7.473,48.356],[7.471,48.356],[7.47,48.357],[7.468,48.357],[7.468,48.358],[7.466,48.358],[7.467,48.358]],[[7.469,48.358],[7.468,48.359],[7.468,48.358],[7.469,48.358]]],[[[7.465,48.362],[7.464,48.361],[7.462,48.361],[7.462,48.362],[7.465,48.362]]],[[[7.462,48.364],[7.463,48.362],[7.462,48.362],[7.462,48.363],[7.462,48.364]]],[[[7.477,48.363],[7.477,48.362],[7.478,48.362],[7.474,48.362],[7.474,48.363],[7.477,48.363]]],[[[7.461,48.366],[7.467,48.367],[7.467,48.365],[7.462,48.364],[7.461,48.366]]],[[[7.468,48.371],[7.47,48.371],[7.47,48.373],[7.476,48.374],[7.478,48.373],[7.477,48.372],[7.483,48.37],[7.482,48.369],[7.485,48.369],[7.484,48.368],[7.486,48.368],[7.486,48.366],[7.478,48.367],[7.478,48.367],[7.481,48.368],[7.481,48.371],[7.476,48.37],[7.476,48.371],[7.472,48.372],[7.471,48.372],[7.476,48.371],[7.476,48.369],[7.474,48.369],[7.474,48.367],[7.467,48.366],[7.468,48.371]],[[7.486,48.367],[7.486,48.367],[7.486,48.367],[7.486,48.367]],[[7.485,48.367],[7.485,48.367],[7.486,48.367],[7.485,48.367]],[[7.485,48.367],[7.485,48.367],[7.484,48.367],[7.485,48.367]],[[7.484,48.367],[7.484,48.367],[7.484,48.367],[7.484,48.367]],[[7.484,48.367],[7.484,48.367],[7.484,48.367],[7.484,48.367]],[[7.483,48.368],[7.483,48.368],[7.483,48.368],[7.483,48.368]],[[7.483,48.368],[7.483,48.368],[7.483,48.368],[7.483,48.368]],[[7.482,48.368],[7.482,48.368],[7.482,48.368],[7.482,48.368]],[[7.482,48.368],[7.482,48.368],[7.482,48.368],[7.482,48.368]],[[7.481,48.368],[7.481,48.368],[7.481,48.368],[7.481,48.368]]],[[[7.459,48.378],[7.461,48.381],[7.463,48.381],[7.465,48.38],[7.464,48.379],[7.466,48.379],[7.467,48.378],[7.468,48.378],[7.459,48.378]]],[[[7.471,48.392],[7.479,48.393],[7.479,48.392],[7.471,48.39],[7.471,48.392]]],[[[7.462,48.398],[7.466,48.398],[7.466,48.4],[7.469,48.399],[7.47,48.396],[7.466,48.396],[7.465,48.396],[7.47,48.396],[7.47,48.392],[7.468,48.393],[7.463,48.393],[7.462,48.398]]],[[[7.474,48.397],[7.48,48.399],[7.48,48.399],[7.478,48.396],[7.476,48.396],[7.474,48.397]]],[[[7.47,48.401],[7.472,48.4],[7.472,48.399],[7.47,48.399],[7.47,48.401]]],[[[7.465,48.401],[7.463,48.401],[7.464,48.402],[7.468,48.402],[7.469,48.399],[7.465,48.401]]],[[[7.471,48.407],[7.468,48.407],[7.468,48.409],[7.468,48.409],[7.468,48.409],[7.469,48.409],[7.471,48.41],[7.472,48.41],[7.471,48.407]]],[[[7.467,48.409],[7.468,48.41],[7.468,48.41],[7.468,48.409],[7.467,48.409]]],[[[7.472,48.41],[7.469,48.409],[7.468,48.409],[7.469,48.41],[7.471,48.411],[7.472,48.41]]],[[[7.479,48.408],[7.472,48.407],[7.473,48.409],[7.472,48.409],[7.472,48.41],[7.475,48.411],[7.475,48.411],[7.479,48.412],[7.479,48.411],[7.478,48.411],[7.48,48.411],[7.481,48.412],[7.481,48.409],[7.478,48.408],[7.479,48.408]]],[[[7.471,48.412],[7.467,48.412],[7.467,48.413],[7.472,48.413],[7.471,48.412]]],[[[7.467,48.414],[7.467,48.414],[7.468,48.414],[7.467,48.414]]],[[[7.474,48.413],[7.474,48.414],[7.476,48.415],[7.476,48.413],[7.474,48.413]]],[[[7.473,48.413],[7.469,48.414],[7.471,48.414],[7.473,48.416],[7.473,48.416],[7.474,48.415],[7.473,48.413]]],[[[7.473,48.416],[7.469,48.414],[7.467,48.415],[7.467,48.416],[7.473,48.416]]],[[[7.468,48.417],[7.47,48.418],[7.474,48.418],[7.473,48.416],[7.468,48.416],[7.468,48.417]]],[[[7.473,48.416],[7.474,48.418],[7.476,48.418],[7.475,48.416],[7.473,48.416]]],[[[7.477,48.421],[7.476,48.419],[7.474,48.419],[7.475,48.421],[7.477,48.421]]],[[[7.473,48.42],[7.473,48.42],[7.473,48.421],[7.473,48.42],[7.469,48.417],[7.469,48.419],[7.467,48.418],[7.467,48.421],[7.467,48.424],[7.47,48.424],[7.469,48.422],[7.47,48.42],[7.468,48.42],[7.47,48.42],[7.47,48.424],[7.474,48.423],[7.474,48.421],[7.475,48.421],[7.474,48.419],[7.471,48.418],[7.473,48.42]],[[7.468,48.42],[7.468,48.42],[7.468,48.42],[7.468,48.42]]],[[[7.475,48.422],[7.475,48.423],[7.476,48.424],[7.475,48.422]]],[[[7.476,48.424],[7.479,48.424],[7.479,48.423],[7.476,48.423],[7.476,48.424]]],[[[7.482,48.424],[7.476,48.425],[7.476,48.425],[7.48,48.425],[7.483,48.426],[7.483,48.425],[7.482,48.424]]],[[[7.476,48.426],[7.477,48.427],[7.477,48.426],[7.476,48.426]]],[[[7.475,48.433],[7.477,48.433],[7.478,48.43],[7.476,48.43],[7.475,48.433]]],[[[7.469,48.433],[7.47,48.433],[7.47,48.433],[7.469,48.433]]],[[[7.475,48.434],[7.476,48.434],[7.476,48.433],[7.472,48.432],[7.475,48.434]]],[[[7.477,48.433],[7.476,48.434],[7.476,48.434],[7.477,48.433]]],[[[7.477,48.435],[7.476,48.436],[7.477,48.436],[7.48,48.436],[7.479,48.435],[7.477,48.435]]],[[[7.478,48.436],[7.475,48.436],[7.475,48.437],[7.477,48.437],[7.478,48.436]]],[[[7.475,48.447],[7.475,48.448],[7.477,48.448],[7.476,48.446],[7.475,48.446],[7.475,48.447]]],[[[7.47,48.447],[7.47,48.448],[7.469,48.447],[7.469,48.448],[7.472,48.447],[7.472,48.447],[7.47,48.447]]],[[[7.475,48.448],[7.475,48.446],[7.472,48.446],[7.473,48.449],[7.475,48.448]]],[[[7.473,48.449],[7.472,48.447],[7.468,48.449],[7.469,48.449],[7.473,48.449]]],[[[7.488,48.446],[7.487,48.449],[7.487,48.448],[7.487,48.448],[7.488,48.448],[7.488,48.448],[7.488,48.448],[7.488,48.448],[7.488,48.448],[7.488,48.448],[7.487,48.449],[7.487,48.449],[7.487,48.45],[7.488,48.449],[7.489,48.448],[7.49,48.447],[7.489,48.446],[7.488,48.446]]],[[[7.475,48.452],[7.475,48.453],[7.477,48.453],[7.475,48.448],[7.473,48.449],[7.474,48.45],[7.473,48.449],[7.475,48.452]]],[[[7.47,48.451],[7.475,48.453],[7.473,48.449],[7.469,48.449],[7.469,48.45],[7.47,48.45],[7.47,48.451],[7.47,48.451]]],[[[7.477,48.452],[7.478,48.453],[7.48,48.452],[7.479,48.451],[7.477,48.452]]],[[[7.47,48.455],[7.474,48.454],[7.472,48.452],[7.472,48.454],[7.472,48.453],[7.469,48.452],[7.47,48.455]]],[[[7.478,48.453],[7.478,48.455],[7.48,48.455],[7.48,48.452],[7.478,48.453]]],[[[7.48,48.455],[7.481,48.457],[7.482,48.457],[7.482,48.455],[7.48,48.455]]],[[[7.475,48.455],[7.476,48.457],[7.477,48.457],[7.477,48.456],[7.478,48.456],[7.478,48.455],[7.475,48.455]]],[[[7.489,48.457],[7.486,48.455],[7.487,48.457],[7.489,48.457]]],[[[7.473,48.46],[7.476,48.459],[7.475,48.457],[7.475,48.455],[7.473,48.455],[7.478,48.455],[7.478,48.454],[7.475,48.454],[7.47,48.456],[7.472,48.458],[7.473,48.46]]],[[[7.478,48.46],[7.479,48.46],[7.481,48.46],[7.48,48.459],[7.478,48.46]]],[[[7.488,48.465],[7.489,48.465],[7.487,48.464],[7.487,48.464],[7.488,48.465]]],[[[7.477,48.466],[7.479,48.466],[7.48,48.466],[7.481,48.466],[7.481,48.465],[7.478,48.464],[7.476,48.465],[7.476,48.467],[7.477,48.466]]],[[[7.483,48.465],[7.482,48.465],[7.482,48.466],[7.483,48.465]]],[[[7.489,48.469],[7.488,48.466],[7.486,48.465],[7.485,48.465],[7.486,48.467],[7.488,48.469],[7.489,48.469]]],[[[7.486,48.47],[7.488,48.47],[7.483,48.466],[7.482,48.466],[7.483,48.468],[7.482,48.466],[7.478,48.466],[7.478,48.467],[7.48,48.467],[7.484,48.471],[7.484,48.469],[7.484,48.469],[7.484,48.469],[7.485,48.474],[7.484,48.474],[7.49,48.474],[7.489,48.473],[7.489,48.472],[7.488,48.47],[7.486,48.47]]],[[[7.482,48.472],[7.483,48.472],[7.484,48.471],[7.482,48.47],[7.482,48.472]]],[[[7.489,48.474],[7.481,48.474],[7.481,48.475],[7.484,48.475],[7.482,48.476],[7.486,48.477],[7.488,48.477],[7.487,48.476],[7.489,48.476],[7.489,48.475],[7.489,48.474]]],[[[7.482,48.476],[7.481,48.478],[7.485,48.479],[7.486,48.478],[7.486,48.477],[7.486,48.478],[7.484,48.478],[7.485,48.477],[7.482,48.476]]],[[[7.475,48.478],[7.479,48.479],[7.479,48.478],[7.476,48.477],[7.475,48.478]]],[[[7.492,48.482],[7.493,48.477],[7.491,48.475],[7.49,48.474],[7.489,48.474],[7.489,48.474],[7.489,48.474],[7.489,48.475],[7.489,48.476],[7.488,48.476],[7.488,48.477],[7.486,48.479],[7.487,48.48],[7.486,48.48],[7.485,48.48],[7.483,48.479],[7.476,48.48],[7.476,48.481],[7.479,48.481],[7.476,48.481],[7.474,48.485],[7.475,48.485],[7.474,48.487],[7.473,48.487],[7.473,48.488],[7.474,48.488],[7.475,48.489],[7.476,48.489],[7.484,48.488],[7.484,48.487],[7.477,48.488],[7.475,48.488],[7.475,48.487],[7.478,48.487],[7.48,48.486],[7.481,48.487],[7.482,48.487],[7.482,48.486],[7.481,48.485],[7.479,48.486],[7.478,48.486],[7.481,48.485],[7.482,48.486],[7.483,48.487],[7.484,48.487],[7.484,48.487],[7.485,48.486],[7.483,48.484],[7.482,48.485],[7.479,48.484],[7.476,48.484],[7.477,48.482],[7.477,48.482],[7.48,48.482],[7.481,48.482],[7.481,48.482],[7.482,48.483],[7.483,48.483],[7.483,48.483],[7.487,48.484],[7.486,48.484],[7.487,48.482],[7.486,48.482],[7.487,48.482],[7.489,48.481],[7.489,48.48],[7.49,48.479],[7.49,48.478],[7.49,48.477],[7.49,48.478],[7.489,48.481],[7.492,48.482]],[[7.487,48.48],[7.488,48.48],[7.487,48.48],[7.487,48.48]],[[7.484,48.486],[7.484,48.486],[7.484,48.486],[7.484,48.486]]],[[[7.49,48.482],[7.489,48.482],[7.49,48.482],[7.49,48.482]]],[[[7.488,48.482],[7.489,48.482],[7.488,48.482],[7.488,48.482]]],[[[7.487,48.483],[7.487,48.483],[7.487,48.483],[7.487,48.483]]],[[[7.485,48.488],[7.484,48.488],[7.485,48.488],[7.485,48.488]]],[[[7.485,48.488],[7.486,48.489],[7.485,48.488],[7.485,48.488]]],[[[7.477,48.491],[7.479,48.492],[7.484,48.488],[7.478,48.489],[7.473,48.489],[7.474,48.491],[7.477,48.49],[7.477,48.491]]],[[[7.484,48.488],[7.481,48.49],[7.484,48.492],[7.486,48.489],[7.484,48.488]]],[[[7.472,48.493],[7.474,48.495],[7.478,48.495],[7.478,48.493],[7.481,48.493],[7.481,48.492],[7.483,48.493],[7.484,48.492],[7.481,48.49],[7.479,48.492],[7.477,48.491],[7.477,48.49],[7.474,48.491],[7.474,48.492],[7.473,48.49],[7.472,48.493]]],[[[7.488,48.495],[7.495,48.496],[7.496,48.493],[7.49,48.493],[7.488,48.495]],[[7.489,48.494],[7.489,48.494],[7.489,48.494],[7.489,48.494]],[[7.495,48.494],[7.495,48.494],[7.495,48.494],[7.495,48.494]],[[7.495,48.494],[7.495,48.494],[7.495,48.494],[7.495,48.494]],[[7.495,48.494],[7.495,48.494],[7.495,48.494],[7.495,48.494]],[[7.494,48.494],[7.494,48.494],[7.494,48.494],[7.494,48.494]],[[7.494,48.494],[7.494,48.494],[7.494,48.494],[7.494,48.494]],[[7.493,48.494],[7.493,48.494],[7.493,48.494],[7.493,48.494]],[[7.493,48.494],[7.493,48.494],[7.493,48.494],[7.493,48.494]],[[7.493,48.494],[7.493,48.494],[7.493,48.494],[7.493,48.494]],[[7.493,48.494],[7.493,48.494],[7.493,48.494],[7.493,48.494]]],[[[7.494,48.551],[7.496,48.556],[7.496,48.557],[7.496,48.557],[7.496,48.557],[7.497,48.557],[7.497,48.558],[7.497,48.558],[7.497,48.558],[7.492,48.558],[7.492,48.558],[7.491,48.557],[7.489,48.557],[7.487,48.557],[7.485,48.556],[7.483,48.557],[7.482,48.556],[7.483,48.557],[7.482,48.558],[7.485,48.561],[7.485,48.56],[7.486,48.562],[7.483,48.561],[7.485,48.563],[7.484,48.563],[7.484,48.565],[7.482,48.563],[7.478,48.563],[7.478,48.564],[7.481,48.568],[7.481,48.569],[7.486,48.57],[7.486,48.569],[7.486,48.568],[7.486,48.568],[7.486,48.569],[7.486,48.57],[7.487,48.57],[7.49,48.568],[7.488,48.566],[7.49,48.567],[7.491,48.567],[7.49,48.566],[7.49,48.566],[7.49,48.566],[7.491,48.566],[7.491,48.567],[7.493,48.565],[7.495,48.565],[7.497,48.563],[7.495,48.562],[7.493,48.562],[7.492,48.562],[7.492,48.562],[7.492,48.561],[7.491,48.56],[7.491,48.56],[7.488,48.56],[7.487,48.56],[7.491,48.559],[7.492,48.561],[7.492,48.562],[7.495,48.562],[7.496,48.562],[7.497,48.561],[7.495,48.56],[7.495,48.558],[7.5,48.558],[7.499,48.557],[7.497,48.551],[7.494,48.551]],[[7.486,48.562],[7.486,48.563],[7.486,48.562],[7.486,48.562]],[[7.485,48.563],[7.485,48.563],[7.485,48.563],[7.485,48.563],[7.485,48.563]],[[7.488,48.566],[7.488,48.566],[7.488,48.566],[7.488,48.566]],[[7.491,48.566],[7.491,48.566],[7.491,48.566],[7.491,48.566]],[[7.495,48.56],[7.495,48.56],[7.495,48.56],[7.495,48.56]],[[7.492,48.566],[7.491,48.566],[7.492,48.566],[7.492,48.566]],[[7.497,48.557],[7.497,48.557],[7.497,48.557],[7.497,48.557]],[[7.485,48.563],[7.485,48.563],[7.485,48.563],[7.485,48.563]],[[7.485,48.563],[7.486,48.564],[7.485,48.563],[7.485,48.563]],[[7.486,48.564],[7.486,48.564],[7.486,48.564],[7.486,48.564]],[[7.487,48.564],[7.486,48.564],[7.487,48.564],[7.487,48.564]],[[7.487,48.564],[7.487,48.564],[7.487,48.564],[7.487,48.564]],[[7.488,48.565],[7.487,48.564],[7.488,48.565],[7.488,48.565]],[[7.488,48.565],[7.488,48.565],[7.488,48.565],[7.488,48.565]],[[7.489,48.565],[7.489,48.565],[7.489,48.565],[7.489,48.565]],[[7.489,48.565],[7.489,48.565],[7.489,48.565],[7.489,48.565]],[[7.489,48.565],[7.49,48.565],[7.489,48.565],[7.489,48.565]],[[7.49,48.565],[7.491,48.565],[7.491,48.565],[7.49,48.565]],[[7.484,48.566],[7.482,48.568],[7.485,48.568],[7.485,48.568],[7.482,48.568],[7.484,48.566]],[[7.484,48.566],[7.484,48.566],[7.484,48.566],[7.484,48.566],[7.484,48.566]],[[7.485,48.564],[7.484,48.566],[7.484,48.566],[7.484,48.565],[7.485,48.564]]],[[[7.481,48.568],[7.479,48.566],[7.481,48.569],[7.481,48.568]]],[[[7.496,48.568],[7.497,48.57],[7.496,48.568],[7.486,48.576],[7.485,48.58],[7.486,48.58],[7.486,48.582],[7.487,48.582],[7.486,48.584],[7.486,48.584],[7.487,48.582],[7.486,48.582],[7.484,48.585],[7.488,48.591],[7.489,48.591],[7.489,48.59],[7.49,48.59],[7.489,48.589],[7.488,48.588],[7.487,48.586],[7.487,48.584],[7.487,48.586],[7.489,48.586],[7.487,48.586],[7.49,48.59],[7.488,48.591],[7.49,48.592],[7.491,48.591],[7.493,48.592],[7.499,48.592],[7.5,48.593],[7.5,48.59],[7.5,48.593],[7.503,48.593],[7.504,48.59],[7.503,48.588],[7.505,48.588],[7.504,48.585],[7.505,48.586],[7.506,48.585],[7.504,48.585],[7.504,48.583],[7.504,48.583],[7.502,48.581],[7.501,48.581],[7.498,48.581],[7.498,48.581],[7.5,48.581],[7.5,48.583],[7.498,48.583],[7.496,48.583],[7.495,48.584],[7.497,48.584],[7.497,48.584],[7.495,48.584],[7.496,48.583],[7.496,48.583],[7.496,48.583],[7.498,48.583],[7.5,48.583],[7.5,48.581],[7.498,48.582],[7.498,48.581],[7.488,48.58],[7.489,48.579],[7.49,48.579],[7.49,48.577],[7.49,48.577],[7.491,48.576],[7.494,48.575],[7.493,48.576],[7.494,48.578],[7.498,48.578],[7.499,48.579],[7.5,48.58],[7.502,48.581],[7.504,48.583],[7.505,48.582],[7.506,48.582],[7.507,48.58],[7.507,48.579],[7.506,48.578],[7.506,48.578],[7.506,48.577],[7.506,48.578],[7.509,48.579],[7.51,48.575],[7.51,48.574],[7.511,48.573],[7.515,48.574],[7.515,48.572],[7.515,48.574],[7.518,48.574],[7.518,48.573],[7.518,48.574],[7.511,48.573],[7.509,48.579],[7.515,48.578],[7.515,48.575],[7.521,48.576],[7.521,48.574],[7.521,48.574],[7.521,48.576],[7.525,48.575],[7.526,48.573],[7.521,48.573],[7.521,48.574],[7.521,48.573],[7.521,48.573],[7.524,48.573],[7.526,48.573],[7.526,48.573],[7.526,48.571],[7.524,48.571],[7.526,48.571],[7.524,48.571],[7.524,48.57],[7.521,48.57],[7.521,48.569],[7.516,48.569],[7.514,48.571],[7.515,48.569],[7.508,48.569],[7.507,48.57],[7.506,48.571],[7.5,48.576],[7.5,48.577],[7.5,48.578],[7.499,48.579],[7.499,48.578],[7.5,48.577],[7.5,48.576],[7.501,48.576],[7.497,48.575],[7.501,48.576],[7.506,48.571],[7.504,48.571],[7.506,48.571],[7.506,48.571],[7.505,48.57],[7.506,48.57],[7.506,48.57],[7.505,48.569],[7.505,48.568],[7.503,48.568],[7.502,48.568],[7.503,48.568],[7.5,48.567],[7.498,48.567],[7.496,48.568]],[[7.504,48.583],[7.504,48.583],[7.504,48.583],[7.504,48.583]],[[7.49,48.576],[7.49,48.576],[7.49,48.577],[7.49,48.576]],[[7.499,48.579],[7.499,48.578],[7.499,48.579],[7.499,48.579]],[[7.501,48.588],[7.501,48.588],[7.499,48.587],[7.501,48.588],[7.501,48.588]],[[7.499,48.586],[7.499,48.586],[7.499,48.586],[7.499,48.586]],[[7.499,48.586],[7.499,48.586],[7.499,48.585],[7.499,48.586]],[[7.499,48.585],[7.499,48.585],[7.499,48.585],[7.499,48.585]],[[7.498,48.585],[7.498,48.585],[7.498,48.585],[7.498,48.585]],[[7.498,48.585],[7.498,48.585],[7.498,48.585],[7.498,48.585]],[[7.498,48.584],[7.498,48.584],[7.498,48.585],[7.498,48.584]],[[7.506,48.578],[7.505,48.578],[7.504,48.578],[7.505,48.578],[7.506,48.578]],[[7.504,48.578],[7.504,48.578],[7.504,48.578],[7.504,48.578]],[[7.503,48.578],[7.503,48.577],[7.503,48.577],[7.503,48.578]],[[7.502,48.577],[7.502,48.577],[7.502,48.577],[7.502,48.577],[7.502,48.577]],[[7.502,48.577],[7.502,48.577],[7.502,48.577],[7.502,48.577]],[[7.5,48.577],[7.5,48.577],[7.5,48.577],[7.5,48.577]],[[7.487,48.581],[7.487,48.581],[7.487,48.581],[7.487,48.581]],[[7.487,48.581],[7.487,48.581],[7.487,48.581],[7.487,48.581]],[[7.487,48.582],[7.487,48.582],[7.487,48.582],[7.487,48.582]],[[7.487,48.582],[7.487,48.582],[7.488,48.582],[7.487,48.582]],[[7.488,48.582],[7.488,48.582],[7.488,48.581],[7.488,48.582]],[[7.489,48.581],[7.489,48.581],[7.489,48.581],[7.489,48.581]],[[7.49,48.581],[7.49,48.581],[7.49,48.581],[7.49,48.581]],[[7.49,48.581],[7.49,48.581],[7.49,48.581],[7.49,48.581]],[[7.491,48.581],[7.491,48.582],[7.492,48.582],[7.491,48.582],[7.491,48.581]],[[7.492,48.583],[7.492,48.582],[7.492,48.583],[7.492,48.583]],[[7.492,48.583],[7.492,48.583],[7.493,48.583],[7.492,48.583]],[[7.493,48.583],[7.493,48.583],[7.493,48.583],[7.493,48.583]],[[7.493,48.583],[7.493,48.583],[7.493,48.583],[7.493,48.583]],[[7.493,48.583],[7.493,48.583],[7.493,48.583],[7.493,48.583]],[[7.493,48.583],[7.493,48.583],[7.493,48.583],[7.493,48.583]],[[7.493,48.583],[7.493,48.583],[7.493,48.583],[7.493,48.583]],[[7.493,48.583],[7.493,48.583],[7.493,48.583],[7.493,48.583]],[[7.493,48.583],[7.493,48.583],[7.494,48.583],[7.493,48.583]],[[7.49,48.574],[7.489,48.574],[7.489,48.574],[7.489,48.574],[7.49,48.574]],[[7.49,48.574],[7.49,48.574],[7.49,48.574],[7.49,48.574],[7.49,48.574],[7.49,48.574],[7.49,48.574]],[[7.49,48.575],[7.49,48.575],[7.49,48.575],[7.49,48.575]],[[7.491,48.575],[7.49,48.576],[7.491,48.575],[7.491,48.575]],[[7.49,48.576],[7.49,48.576],[7.49,48.576],[7.49,48.576]],[[7.492,48.575],[7.491,48.575],[7.491,48.575],[7.492,48.575]],[[7.493,48.574],[7.493,48.574],[7.493,48.574],[7.493,48.574]],[[7.494,48.574],[7.494,48.574],[7.494,48.574],[7.494,48.574]],[[7.494,48.574],[7.494,48.574],[7.494,48.574],[7.494,48.574]],[[7.495,48.574],[7.495,48.574],[7.495,48.574],[7.495,48.574]],[[7.495,48.575],[7.495,48.575],[7.495,48.575],[7.495,48.575]],[[7.496,48.575],[7.496,48.575],[7.496,48.575],[7.496,48.575]],[[7.496,48.575],[7.496,48.575],[7.496,48.575],[7.496,48.575]],[[7.496,48.575],[7.496,48.575],[7.496,48.575],[7.496,48.575]],[[7.497,48.575],[7.497,48.575],[7.497,48.575],[7.497,48.575]],[[7.497,48.575],[7.497,48.575],[7.497,48.575],[7.497,48.575]],[[7.497,48.575],[7.497,48.575],[7.497,48.575],[7.497,48.575]],[[7.494,48.573],[7.496,48.572],[7.497,48.571],[7.496,48.572],[7.495,48.573],[7.496,48.574],[7.494,48.573]],[[7.502,48.569],[7.503,48.569],[7.501,48.569],[7.498,48.57],[7.502,48.568],[7.502,48.569]],[[7.492,48.589],[7.496,48.59],[7.496,48.59],[7.493,48.59],[7.492,48.589]],[[7.496,48.586],[7.498,48.586],[7.496,48.586],[7.495,48.588],[7.496,48.586],[7.496,48.586]],[[7.491,48.586],[7.49,48.587],[7.49,48.587],[7.491,48.586]],[[7.498,48.59],[7.498,48.588],[7.499,48.589],[7.498,48.59]],[[7.491,48.59],[7.491,48.59],[7.491,48.59],[7.491,48.59]],[[7.521,48.572],[7.521,48.572],[7.521,48.571],[7.521,48.572]],[[7.508,48.574],[7.51,48.574],[7.51,48.574],[7.508,48.574]]],[[[7.484,48.572],[7.484,48.571],[7.484,48.572],[7.484,48.572]]],[[[7.499,48.595],[7.502,48.595],[7.502,48.594],[7.499,48.594],[7.496,48.595],[7.494,48.595],[7.494,48.597],[7.496,48.597],[7.497,48.596],[7.498,48.595],[7.499,48.595],[7.499,48.595]]],[[[7.498,48.6],[7.498,48.597],[7.498,48.597],[7.499,48.596],[7.499,48.595],[7.495,48.597],[7.493,48.598],[7.495,48.6],[7.496,48.599],[7.496,48.599],[7.497,48.6],[7.496,48.599],[7.495,48.6],[7.496,48.601],[7.498,48.602],[7.499,48.6],[7.499,48.602],[7.499,48.602],[7.5,48.601],[7.5,48.601],[7.5,48.602],[7.504,48.6],[7.505,48.6],[7.512,48.6],[7.513,48.599],[7.507,48.599],[7.51,48.599],[7.513,48.599],[7.514,48.597],[7.511,48.596],[7.51,48.598],[7.503,48.597],[7.502,48.598],[7.502,48.599],[7.502,48.598],[7.498,48.598],[7.498,48.6]],[[7.496,48.599],[7.496,48.599],[7.496,48.599],[7.496,48.599]],[[7.499,48.6],[7.499,48.6],[7.499,48.6],[7.499,48.6]],[[7.498,48.6],[7.498,48.6],[7.498,48.6],[7.498,48.6]],[[7.505,48.598],[7.507,48.598],[7.506,48.598],[7.505,48.598]],[[7.504,48.6],[7.504,48.6],[7.503,48.6],[7.504,48.6]],[[7.502,48.601],[7.502,48.601],[7.502,48.601],[7.502,48.601]]],[[[7.497,48.627],[7.497,48.626],[7.497,48.627],[7.497,48.627]]],[[[7.482,48.622],[7.477,48.623],[7.476,48.622],[7.477,48.624],[7.476,48.625],[7.479,48.627],[7.479,48.627],[7.482,48.627],[7.483,48.627],[7.486,48.628],[7.487,48.628],[7.489,48.628],[7.49,48.628],[7.49,48.628],[7.488,48.629],[7.489,48.628],[7.486,48.628],[7.483,48.627],[7.479,48.627],[7.479,48.628],[7.482,48.628],[7.484,48.63],[7.489,48.631],[7.493,48.633],[7.494,48.632],[7.495,48.631],[7.501,48.635],[7.495,48.631],[7.494,48.632],[7.492,48.634],[7.492,48.636],[7.506,48.636],[7.504,48.635],[7.503,48.634],[7.499,48.632],[7.497,48.63],[7.496,48.629],[7.495,48.628],[7.496,48.627],[7.494,48.626],[7.494,48.626],[7.486,48.624],[7.486,48.624],[7.486,48.623],[7.483,48.623],[7.485,48.622],[7.482,48.622]],[[7.495,48.631],[7.495,48.631],[7.495,48.631],[7.495,48.631]],[[7.495,48.631],[7.495,48.631],[7.496,48.63],[7.495,48.631],[7.495,48.631]]],[[[7.498,48.631],[7.5,48.629],[7.501,48.63],[7.504,48.632],[7.505,48.631],[7.504,48.632],[7.5,48.629],[7.498,48.631],[7.504,48.635],[7.506,48.635],[7.506,48.636],[7.508,48.635],[7.508,48.634],[7.508,48.634],[7.508,48.633],[7.506,48.634],[7.505,48.633],[7.507,48.632],[7.506,48.631],[7.505,48.63],[7.504,48.629],[7.501,48.628],[7.499,48.627],[7.499,48.628],[7.496,48.627],[7.496,48.629],[7.498,48.631]],[[7.506,48.631],[7.506,48.631],[7.506,48.631],[7.506,48.631]],[[7.507,48.635],[7.507,48.635],[7.507,48.635],[7.507,48.635]]],[[[7.502,48.637],[7.497,48.639],[7.497,48.64],[7.501,48.641],[7.503,48.639],[7.507,48.637],[7.504,48.638],[7.502,48.637]]],[[[7.477,48.364],[7.482,48.365],[7.485,48.365],[7.484,48.363],[7.483,48.363],[7.482,48.361],[7.48,48.361],[7.478,48.361],[7.478,48.362],[7.477,48.364]]],[[[7.476,48.396],[7.478,48.396],[7.481,48.398],[7.486,48.399],[7.489,48.398],[7.489,48.397],[7.49,48.397],[7.485,48.396],[7.486,48.394],[7.493,48.396],[7.492,48.394],[7.492,48.394],[7.48,48.392],[7.479,48.393],[7.477,48.393],[7.476,48.396]],[[7.483,48.397],[7.484,48.396],[7.483,48.396],[7.483,48.395],[7.483,48.395],[7.483,48.396],[7.484,48.396],[7.484,48.397],[7.483,48.397]]],[[[7.488,48.414],[7.49,48.414],[7.488,48.413],[7.488,48.414]]],[[[7.489,48.413],[7.493,48.415],[7.494,48.415],[7.495,48.415],[7.494,48.414],[7.489,48.413]]],[[[7.494,48.415],[7.49,48.414],[7.489,48.416],[7.493,48.417],[7.495,48.416],[7.494,48.415],[7.494,48.415]]],[[[7.489,48.45],[7.49,48.447],[7.488,48.45],[7.489,48.45]]],[[[7.49,48.474],[7.492,48.477],[7.495,48.477],[7.495,48.473],[7.492,48.472],[7.492,48.473],[7.489,48.473],[7.49,48.474]]],[[[7.51,48.568],[7.507,48.567],[7.507,48.569],[7.509,48.569],[7.511,48.569],[7.51,48.568]]],[[[7.531,48.571],[7.531,48.57],[7.531,48.57],[7.53,48.571],[7.531,48.571]]],[[[7.554,48.569],[7.546,48.57],[7.545,48.571],[7.54,48.57],[7.534,48.571],[7.531,48.57],[7.531,48.571],[7.53,48.571],[7.529,48.573],[7.531,48.576],[7.534,48.575],[7.534,48.577],[7.539,48.577],[7.539,48.574],[7.536,48.573],[7.541,48.574],[7.545,48.573],[7.546,48.573],[7.545,48.573],[7.545,48.572],[7.546,48.573],[7.545,48.573],[7.555,48.573],[7.554,48.569]],[[7.534,48.572],[7.537,48.573],[7.537,48.573],[7.534,48.572]]],[[[7.506,48.582],[7.509,48.582],[7.509,48.58],[7.507,48.58],[7.506,48.582]]],[[[7.515,48.583],[7.514,48.585],[7.518,48.585],[7.518,48.582],[7.515,48.583]]],[[[7.513,48.586],[7.511,48.586],[7.51,48.587],[7.513,48.587],[7.513,48.586]]],[[[7.51,48.587],[7.51,48.586],[7.508,48.586],[7.508,48.588],[7.51,48.587],[7.51,48.587]]],[[[7.51,48.587],[7.51,48.588],[7.513,48.588],[7.513,48.587],[7.51,48.587]]],[[[7.506,48.588],[7.503,48.588],[7.504,48.59],[7.506,48.59],[7.506,48.589],[7.506,48.588]]],[[[7.516,48.59],[7.508,48.59],[7.506,48.588],[7.506,48.589],[7.506,48.591],[7.516,48.592],[7.516,48.59]]],[[[7.543,48.588],[7.545,48.59],[7.544,48.59],[7.544,48.591],[7.542,48.591],[7.542,48.591],[7.545,48.592],[7.547,48.588],[7.543,48.588]]],[[[7.545,48.592],[7.55,48.593],[7.551,48.591],[7.552,48.589],[7.552,48.589],[7.551,48.591],[7.55,48.593],[7.553,48.594],[7.553,48.588],[7.547,48.588],[7.547,48.588],[7.548,48.589],[7.548,48.589],[7.545,48.592]]],[[[7.504,48.596],[7.503,48.596],[7.499,48.595],[7.499,48.596],[7.498,48.598],[7.501,48.598],[7.502,48.598],[7.502,48.598],[7.504,48.596]]],[[[7.542,48.596],[7.545,48.596],[7.547,48.597],[7.548,48.596],[7.545,48.595],[7.546,48.594],[7.544,48.594],[7.542,48.596]]],[[[7.541,48.596],[7.541,48.596],[7.541,48.596],[7.541,48.596]]],[[[7.552,48.598],[7.551,48.598],[7.55,48.599],[7.552,48.598]]],[[[7.541,48.596],[7.549,48.599],[7.549,48.6],[7.552,48.601],[7.552,48.601],[7.554,48.601],[7.556,48.601],[7.557,48.601],[7.561,48.602],[7.562,48.6],[7.558,48.6],[7.558,48.599],[7.553,48.599],[7.552,48.598],[7.55,48.599],[7.546,48.597],[7.545,48.596],[7.542,48.596],[7.541,48.596]]],[[[7.548,48.6],[7.539,48.599],[7.539,48.601],[7.542,48.601],[7.546,48.601],[7.546,48.6],[7.546,48.601],[7.551,48.601],[7.548,48.6]],[[7.543,48.6],[7.543,48.6],[7.543,48.6],[7.543,48.6]]],[[[7.531,48.601],[7.531,48.602],[7.533,48.602],[7.534,48.602],[7.539,48.601],[7.539,48.599],[7.536,48.6],[7.536,48.601],[7.531,48.601]]],[[[7.544,48.602],[7.549,48.601],[7.549,48.602],[7.553,48.602],[7.551,48.601],[7.55,48.601],[7.544,48.601],[7.544,48.602]]],[[[7.533,48.602],[7.537,48.603],[7.537,48.602],[7.537,48.602],[7.537,48.603],[7.539,48.603],[7.539,48.601],[7.533,48.602]],[[7.537,48.602],[7.537,48.602],[7.537,48.602],[7.537,48.602],[7.537,48.602],[7.537,48.602]]],[[[7.552,48.601],[7.553,48.602],[7.557,48.602],[7.556,48.603],[7.556,48.602],[7.557,48.604],[7.557,48.603],[7.563,48.605],[7.564,48.604],[7.565,48.605],[7.567,48.603],[7.565,48.602],[7.564,48.603],[7.565,48.602],[7.562,48.602],[7.561,48.602],[7.554,48.601],[7.552,48.601]]],[[[7.559,48.604],[7.557,48.604],[7.557,48.604],[7.558,48.605],[7.558,48.604],[7.559,48.604]]],[[[7.51,48.615],[7.506,48.617],[7.505,48.618],[7.51,48.617],[7.51,48.615]]],[[[7.506,48.618],[7.506,48.618],[7.505,48.618],[7.506,48.618]]],[[[7.511,48.618],[7.505,48.618],[7.507,48.619],[7.509,48.62],[7.511,48.618]]],[[[7.509,48.635],[7.508,48.635],[7.507,48.635],[7.508,48.636],[7.509,48.635]]],[[[7.507,48.637],[7.507,48.636],[7.506,48.636],[7.507,48.637]]],[[[7.508,48.637],[7.506,48.637],[7.506,48.637],[7.508,48.637]]],[[[7.512,48.638],[7.513,48.637],[7.511,48.637],[7.512,48.638]]],[[[7.513,48.637],[7.511,48.639],[7.512,48.64],[7.51,48.64],[7.507,48.639],[7.506,48.638],[7.511,48.64],[7.511,48.639],[7.511,48.638],[7.511,48.638],[7.511,48.638],[7.509,48.638],[7.509,48.638],[7.508,48.638],[7.508,48.638],[7.507,48.638],[7.508,48.638],[7.509,48.638],[7.509,48.637],[7.508,48.637],[7.501,48.641],[7.502,48.642],[7.503,48.641],[7.505,48.642],[7.507,48.641],[7.505,48.639],[7.508,48.642],[7.509,48.641],[7.51,48.642],[7.512,48.641],[7.513,48.642],[7.518,48.643],[7.521,48.641],[7.519,48.641],[7.518,48.641],[7.518,48.642],[7.519,48.641],[7.515,48.639],[7.516,48.639],[7.516,48.639],[7.513,48.637]],[[7.507,48.638],[7.507,48.638],[7.507,48.638],[7.507,48.638]],[[7.517,48.642],[7.517,48.642],[7.517,48.642],[7.517,48.642]]],[[[7.525,48.645],[7.523,48.646],[7.522,48.647],[7.527,48.647],[7.527,48.646],[7.525,48.645]]],[[[7.521,48.648],[7.522,48.646],[7.52,48.647],[7.52,48.648],[7.521,48.648]]],[[[7.531,48.653],[7.525,48.654],[7.525,48.656],[7.532,48.654],[7.531,48.653]]],[[[7.591,48.685],[7.589,48.687],[7.591,48.692],[7.59,48.693],[7.593,48.694],[7.593,48.693],[7.593,48.694],[7.595,48.694],[7.596,48.694],[7.595,48.694],[7.594,48.694],[7.596,48.694],[7.595,48.692],[7.596,48.692],[7.596,48.689],[7.596,48.687],[7.592,48.686],[7.591,48.685]],[[7.593,48.692],[7.593,48.692],[7.593,48.692],[7.593,48.692]]],[[[7.601,48.691],[7.596,48.687],[7.596,48.692],[7.596,48.693],[7.597,48.693],[7.596,48.693],[7.596,48.694],[7.595,48.694],[7.601,48.691]]],[[[7.596,48.694],[7.597,48.694],[7.597,48.693],[7.596,48.694]]],[[[7.597,48.697],[7.597,48.698],[7.599,48.698],[7.599,48.697],[7.602,48.697],[7.602,48.696],[7.593,48.695],[7.593,48.696],[7.597,48.697]]],[[[7.602,48.698],[7.599,48.699],[7.606,48.7],[7.606,48.698],[7.602,48.698]]],[[[7.611,48.699],[7.608,48.699],[7.606,48.7],[7.61,48.701],[7.611,48.699]]],[[[7.907,48.985],[7.903,48.988],[7.904,48.988],[7.908,48.986],[7.907,48.985]]],[[[7.898,48.991],[7.9,48.99],[7.899,48.989],[7.898,48.989],[7.898,48.991]]],[[[7.881,49.001],[7.888,48.998],[7.887,48.997],[7.892,48.993],[7.891,48.992],[7.896,48.99],[7.896,48.989],[7.89,48.991],[7.89,48.993],[7.886,48.996],[7.879,48.998],[7.881,48.999],[7.879,49.0],[7.881,49.001]]],[[[7.879,49.0],[7.88,48.999],[7.879,48.998],[7.878,48.999],[7.879,49.0]]],[[[7.9,48.998],[7.895,49.002],[7.898,49.003],[7.9,49.001],[7.899,49.0],[7.901,48.998],[7.9,48.998]]],[[[7.895,49.002],[7.896,49.003],[7.895,49.002],[7.895,49.002]]],[[[7.9,49.004],[7.896,49.003],[7.895,49.004],[7.893,49.004],[7.892,49.004],[7.895,49.006],[7.895,49.006],[7.896,49.005],[7.898,49.006],[7.9,49.004]]],[[[7.953,49.004],[7.952,49.003],[7.953,49.005],[7.953,49.004]]],[[[7.892,49.008],[7.894,49.007],[7.892,49.006],[7.893,49.007],[7.891,49.008],[7.892,49.008]]],[[[7.944,49.01],[7.949,49.005],[7.95,49.007],[7.95,49.006],[7.951,49.006],[7.952,49.006],[7.952,49.003],[7.951,49.002],[7.945,49.006],[7.944,49.005],[7.942,49.006],[7.942,49.007],[7.94,49.008],[7.942,49.01],[7.943,49.011],[7.943,49.01],[7.944,49.01]],[[7.946,49.007],[7.946,49.007],[7.946,49.007],[7.946,49.007]],[[7.945,49.006],[7.945,49.006],[7.945,49.006],[7.945,49.006]]],[[[7.886,49.008],[7.887,49.01],[7.89,49.008],[7.887,49.007],[7.886,49.008]]],[[[7.892,49.008],[7.889,49.01],[7.894,49.009],[7.892,49.008]]],[[[7.943,49.011],[7.939,49.008],[7.936,49.01],[7.937,49.012],[7.94,49.013],[7.941,49.012],[7.94,49.011],[7.941,49.011],[7.942,49.012],[7.943,49.011]]],[[[7.939,49.014],[7.937,49.012],[7.938,49.015],[7.939,49.014]]],[[[7.902,49.015],[7.899,49.015],[7.9,49.015],[7.898,49.015],[7.898,49.016],[7.902,49.015]]],[[[7.933,49.017],[7.938,49.015],[7.936,49.011],[7.933,49.012],[7.931,49.012],[7.931,49.013],[7.932,49.014],[7.933,49.017]]],[[[7.926,49.016],[7.927,49.017],[7.932,49.017],[7.932,49.014],[7.928,49.015],[7.927,49.014],[7.925,49.014],[7.926,49.016]]],[[[7.902,49.015],[7.898,49.017],[7.906,49.019],[7.902,49.016],[7.905,49.015],[7.903,49.015],[7.902,49.015],[7.902,49.015]]],[[[7.925,49.018],[7.927,49.017],[7.926,49.015],[7.923,49.017],[7.925,49.018]]],[[[7.907,49.017],[7.907,49.018],[7.91,49.018],[7.908,49.018],[7.907,49.017]]],[[[7.907,49.019],[7.908,49.019],[7.908,49.018],[7.907,49.019]]],[[[7.924,49.019],[7.924,49.018],[7.924,49.019],[7.924,49.019]]],[[[7.924,49.02],[7.922,49.018],[7.921,49.018],[7.923,49.02],[7.924,49.02]]],[[[7.922,49.02],[7.923,49.02],[7.922,49.02],[7.921,49.018],[7.92,49.019],[7.922,49.02]]],[[[7.917,49.022],[7.919,49.022],[7.918,49.02],[7.915,49.021],[7.917,49.022]]],[[[7.903,49.022],[7.901,49.023],[7.902,49.023],[7.905,49.022],[7.905,49.022],[7.903,49.022]]],[[[7.92,49.024],[7.922,49.024],[7.919,49.022],[7.917,49.022],[7.92,49.024]]],[[[7.905,49.025],[7.905,49.027],[7.906,49.027],[7.91,49.027],[7.909,49.025],[7.91,49.025],[7.909,49.024],[7.906,49.025],[7.906,49.025],[7.905,49.025]]],[[[7.915,49.025],[7.915,49.026],[7.918,49.028],[7.919,49.027],[7.915,49.025]]],[[[7.914,49.026],[7.912,49.026],[7.91,49.025],[7.91,49.027],[7.911,49.028],[7.912,49.027],[7.914,49.029],[7.917,49.027],[7.914,49.026]]],[[[7.914,49.039],[7.915,49.04],[7.918,49.04],[7.919,49.039],[7.919,49.039],[7.916,49.038],[7.913,49.039],[7.913,49.04],[7.913,49.04],[7.914,49.039]]],[[[7.913,49.04],[7.912,49.039],[7.913,49.04],[7.913,49.04]]],[[[7.951,49.043],[7.946,49.042],[7.944,49.043],[7.945,49.043],[7.944,49.043],[7.944,49.043],[7.938,49.042],[7.938,49.043],[7.94,49.046],[7.943,49.046],[7.945,49.046],[7.945,49.045],[7.945,49.046],[7.946,49.046],[7.946,49.047],[7.948,49.047],[7.949,49.047],[7.95,49.047],[7.953,49.046],[7.951,49.043]]],[[[7.929,49.042],[7.93,49.045],[7.929,49.043],[7.927,49.043],[7.929,49.045],[7.931,49.047],[7.932,49.047],[7.932,49.046],[7.933,49.047],[7.936,49.05],[7.938,49.049],[7.933,49.044],[7.932,49.043],[7.931,49.043],[7.93,49.042],[7.929,49.042]],[[7.933,49.044],[7.933,49.044],[7.933,49.044],[7.933,49.044]]],[[[7.949,49.047],[7.946,49.047],[7.946,49.046],[7.94,49.046],[7.942,49.048],[7.941,49.049],[7.942,49.05],[7.942,49.051],[7.946,49.051],[7.946,49.05],[7.95,49.049],[7.949,49.047]]],[[[7.934,49.05],[7.936,49.052],[7.94,49.051],[7.939,49.049],[7.936,49.05],[7.932,49.046],[7.931,49.047],[7.934,49.05]]],[[[7.939,49.052],[7.946,49.054],[7.946,49.051],[7.939,49.052]]]]}},{"type":"Feature","properties":{"id_app":690,"app":"Moselle","denom":"Moselle","hierarchy":"AOC","dt":"Colmar","dept":"57"},"geometry":{"type":"MultiPolygon","coordinates":[[[[6.033,49.004],[6.037,49.004],[6.037,49.003],[6.034,48.999],[6.03,49.001],[6.033,49.004]]],[[[6.04,49.014],[6.032,49.012],[6.026,49.013],[6.027,49.014],[6.031,49.013],[6.037,49.015],[6.042,49.017],[6.042,49.019],[6.043,49.019],[6.043,49.017],[6.04,49.014]]],[[[6.047,49.026],[6.045,49.026],[6.043,49.025],[6.046,49.026],[6.047,49.026]]],[[[6.039,49.027],[6.043,49.026],[6.043,49.025],[6.038,49.026],[6.039,49.027]]],[[[6.044,49.026],[6.039,49.027],[6.04,49.028],[6.044,49.027],[6.045,49.03],[6.046,49.032],[6.048,49.031],[6.048,49.031],[6.048,49.029],[6.049,49.029],[6.048,49.027],[6.044,49.026]],[[6.04,49.028],[6.04,49.028],[6.04,49.028],[6.04,49.028]]],[[[6.049,49.029],[6.049,49.029],[6.049,49.029],[6.049,49.029]]],[[[6.056,49.046],[6.05,49.034],[6.05,49.03],[6.048,49.029],[6.048,49.031],[6.045,49.032],[6.046,49.034],[6.048,49.034],[6.046,49.035],[6.049,49.039],[6.05,49.039],[6.051,49.04],[6.05,49.041],[6.051,49.042],[6.05,49.046],[6.052,49.047],[6.054,49.046],[6.054,49.046],[6.053,49.045],[6.053,49.045],[6.054,49.046],[6.054,49.045],[6.054,49.046],[6.056,49.046]]],[[[6.05,49.049],[6.053,49.05],[6.055,49.049],[6.052,49.048],[6.05,49.049]]],[[[6.043,49.054],[6.044,49.056],[6.048,49.057],[6.048,49.054],[6.045,49.055],[6.045,49.054],[6.046,49.054],[6.046,49.052],[6.043,49.052],[6.043,49.054]],[[6.043,49.053],[6.043,49.053],[6.044,49.053],[6.043,49.053]]],[[[6.053,49.056],[6.054,49.055],[6.052,49.054],[6.051,49.056],[6.052,49.056],[6.051,49.057],[6.052,49.057],[6.053,49.056]]],[[[6.056,49.056],[6.054,49.055],[6.053,49.056],[6.056,49.056]]],[[[6.046,49.057],[6.044,49.057],[6.044,49.059],[6.045,49.061],[6.048,49.062],[6.049,49.063],[6.05,49.064],[6.055,49.062],[6.051,49.06],[6.055,49.06],[6.057,49.061],[6.058,49.06],[6.056,49.057],[6.052,49.057],[6.05,49.058],[6.046,49.057]],[[6.044,49.058],[6.044,49.058],[6.044,49.058],[6.044,49.058]],[[6.053,49.06],[6.053,49.06],[6.053,49.06],[6.053,49.06]],[[6.048,49.062],[6.048,49.062],[6.048,49.062],[6.048,49.062]],[[6.047,49.057],[6.047,49.058],[6.047,49.057],[6.047,49.057]]],[[[6.053,49.067],[6.056,49.065],[6.056,49.063],[6.052,49.065],[6.053,49.067]],[[6.055,49.064],[6.054,49.064],[6.054,49.064],[6.055,49.064]],[[6.054,49.065],[6.054,49.065],[6.054,49.066],[6.054,49.065]]],[[[6.065,49.066],[6.059,49.062],[6.056,49.062],[6.058,49.063],[6.059,49.064],[6.056,49.063],[6.057,49.064],[6.056,49.065],[6.055,49.065],[6.056,49.066],[6.06,49.068],[6.061,49.068],[6.063,49.068],[6.065,49.069],[6.067,49.068],[6.069,49.07],[6.071,49.07],[6.069,49.068],[6.068,49.068],[6.068,49.068],[6.069,49.068],[6.067,49.066],[6.066,49.066],[6.065,49.066]],[[6.066,49.066],[6.066,49.066],[6.066,49.066],[6.066,49.066]],[[6.063,49.067],[6.063,49.067],[6.063,49.067],[6.063,49.067]],[[6.057,49.065],[6.057,49.065],[6.057,49.065],[6.057,49.065]],[[6.057,49.065],[6.057,49.065],[6.056,49.065],[6.057,49.065]],[[6.061,49.067],[6.061,49.067],[6.061,49.067],[6.061,49.067]],[[6.06,49.066],[6.06,49.066],[6.06,49.066],[6.06,49.066]]],[[[6.075,49.081],[6.063,49.081],[6.064,49.083],[6.069,49.083],[6.076,49.084],[6.078,49.082],[6.077,49.08],[6.075,49.081]]],[[[6.076,49.084],[6.079,49.086],[6.08,49.085],[6.079,49.084],[6.081,49.082],[6.079,49.081],[6.078,49.082],[6.079,49.083],[6.077,49.083],[6.076,49.084]]],[[[6.079,49.095],[6.08,49.095],[6.077,49.094],[6.077,49.095],[6.079,49.096],[6.08,49.095],[6.08,49.095],[6.079,49.095]],[[6.079,49.095],[6.079,49.095],[6.079,49.095],[6.079,49.095]]],[[[6.077,49.106],[6.075,49.106],[6.075,49.106],[6.077,49.106],[6.077,49.106]]],[[[6.08,49.106],[6.079,49.106],[6.077,49.106],[6.081,49.107],[6.08,49.106]]],[[[6.083,49.108],[6.082,49.107],[6.081,49.107],[6.082,49.108],[6.083,49.108]]],[[[6.077,49.106],[6.074,49.107],[6.074,49.107],[6.081,49.11],[6.083,49.109],[6.082,49.108],[6.08,49.108],[6.081,49.107],[6.077,49.106]]],[[[6.074,48.991],[6.084,48.992],[6.085,48.991],[6.08,48.99],[6.074,48.991]]],[[[6.091,48.992],[6.088,48.991],[6.087,48.991],[6.087,48.992],[6.091,48.993],[6.091,48.992]]],[[[6.091,48.999],[6.095,49.0],[6.096,48.998],[6.094,48.997],[6.093,48.998],[6.091,48.998],[6.091,48.999]]],[[[6.089,49.009],[6.09,49.007],[6.085,49.007],[6.089,49.009]]],[[[6.092,49.009],[6.09,49.008],[6.089,49.01],[6.09,49.011],[6.092,49.009]]],[[[6.099,49.038],[6.089,49.037],[6.089,49.038],[6.087,49.038],[6.089,49.04],[6.095,49.04],[6.103,49.041],[6.104,49.04],[6.099,49.038],[6.099,49.038]]],[[[6.086,49.09],[6.085,49.088],[6.084,49.089],[6.084,49.09],[6.086,49.09]]],[[[6.081,49.094],[6.082,49.095],[6.083,49.096],[6.083,49.095],[6.083,49.095],[6.081,49.094]]],[[[6.083,49.095],[6.084,49.096],[6.089,49.096],[6.089,49.095],[6.085,49.094],[6.083,49.095]]],[[[6.084,49.096],[6.082,49.095],[6.081,49.095],[6.082,49.096],[6.084,49.096]]],[[[6.087,49.098],[6.085,49.098],[6.084,49.098],[6.085,49.1],[6.087,49.098]]],[[[6.082,49.099],[6.084,49.101],[6.085,49.1],[6.084,49.098],[6.084,49.097],[6.082,49.097],[6.082,49.099]]],[[[6.105,49.117],[6.109,49.116],[6.109,49.115],[6.105,49.116],[6.104,49.117],[6.105,49.117]]],[[[6.108,49.116],[6.107,49.118],[6.108,49.118],[6.115,49.116],[6.115,49.115],[6.111,49.116],[6.109,49.116],[6.109,49.116],[6.108,49.116]]],[[[6.107,49.117],[6.105,49.119],[6.105,49.119],[6.105,49.118],[6.103,49.117],[6.1,49.12],[6.104,49.121],[6.105,49.119],[6.104,49.121],[6.106,49.121],[6.116,49.117],[6.115,49.116],[6.108,49.118],[6.108,49.119],[6.107,49.117]]],[[[6.104,49.12],[6.104,49.12],[6.104,49.12],[6.104,49.12]]],[[[6.091,49.204],[6.09,49.207],[6.093,49.207],[6.097,49.209],[6.097,49.206],[6.091,49.204]],[[6.095,49.207],[6.094,49.207],[6.094,49.207],[6.095,49.207]],[[6.093,49.206],[6.093,49.206],[6.093,49.206],[6.093,49.206]],[[6.093,49.206],[6.093,49.206],[6.093,49.206],[6.093,49.206]]],[[[6.096,49.211],[6.101,49.211],[6.1,49.209],[6.097,49.21],[6.096,49.211]]],[[[6.106,49.213],[6.104,49.214],[6.105,49.214],[6.106,49.213]]],[[[6.106,49.212],[6.1,49.211],[6.1,49.212],[6.101,49.212],[6.103,49.216],[6.105,49.217],[6.107,49.216],[6.104,49.215],[6.104,49.214],[6.106,49.212]],[[6.101,49.212],[6.101,49.212],[6.101,49.212],[6.101,49.212]],[[6.103,49.213],[6.102,49.213],[6.102,49.213],[6.103,49.213]]],[[[6.108,49.216],[6.109,49.216],[6.108,49.215],[6.106,49.214],[6.105,49.215],[6.108,49.216]]],[[[6.516,48.788],[6.514,48.787],[6.512,48.789],[6.515,48.79],[6.516,48.788]]],[[[6.539,48.787],[6.537,48.787],[6.537,48.788],[6.539,48.79],[6.546,48.791],[6.547,48.79],[6.539,48.787]]],[[[6.535,48.789],[6.535,48.787],[6.534,48.787],[6.532,48.787],[6.532,48.788],[6.53,48.787],[6.53,48.788],[6.528,48.788],[6.533,48.791],[6.538,48.792],[6.536,48.791],[6.536,48.788],[6.535,48.789]]],[[[6.516,48.791],[6.518,48.793],[6.52,48.792],[6.518,48.789],[6.516,48.791]]],[[[6.526,48.797],[6.52,48.793],[6.518,48.794],[6.524,48.798],[6.528,48.799],[6.526,48.797]]],[[[6.125,49.118],[6.122,49.116],[6.122,49.116],[6.117,49.116],[6.117,49.117],[6.12,49.117],[6.125,49.119],[6.13,49.119],[6.129,49.116],[6.126,49.117],[6.125,49.118]]],[[[6.129,49.136],[6.126,49.138],[6.13,49.137],[6.136,49.138],[6.137,49.137],[6.134,49.136],[6.133,49.137],[6.131,49.136],[6.129,49.136]]],[[[6.357,49.447],[6.362,49.449],[6.363,49.449],[6.364,49.45],[6.365,49.45],[6.363,49.448],[6.365,49.449],[6.366,49.45],[6.367,49.452],[6.369,49.453],[6.367,49.45],[6.359,49.445],[6.357,49.444],[6.354,49.444],[6.355,49.445],[6.353,49.446],[6.354,49.447],[6.356,49.447],[6.357,49.447]]],[[[6.323,49.451],[6.323,49.45],[6.321,49.449],[6.32,49.45],[6.321,49.451],[6.322,49.452],[6.323,49.451],[6.323,49.451]]],[[[6.364,49.45],[6.359,49.448],[6.359,49.448],[6.36,49.448],[6.361,49.449],[6.361,49.449],[6.361,49.449],[6.359,49.448],[6.359,49.448],[6.357,49.447],[6.355,49.447],[6.356,49.448],[6.36,49.45],[6.363,49.453],[6.364,49.455],[6.364,49.458],[6.365,49.458],[6.364,49.46],[6.366,49.46],[6.368,49.454],[6.367,49.453],[6.367,49.453],[6.367,49.454],[6.367,49.454],[6.367,49.454],[6.366,49.454],[6.367,49.453],[6.365,49.452],[6.365,49.451],[6.365,49.451],[6.364,49.45],[6.364,49.45]],[[6.364,49.45],[6.363,49.45],[6.364,49.45],[6.364,49.45]]],[[[6.369,49.454],[6.368,49.453],[6.367,49.452],[6.367,49.452],[6.366,49.45],[6.364,49.45],[6.364,49.45],[6.365,49.451],[6.367,49.453],[6.368,49.453],[6.369,49.454]]],[[[6.327,49.452],[6.324,49.451],[6.323,49.451],[6.325,49.452],[6.326,49.453],[6.327,49.454],[6.327,49.454],[6.327,49.454],[6.328,49.454],[6.328,49.455],[6.328,49.454],[6.336,49.456],[6.336,49.454],[6.337,49.453],[6.327,49.452]],[[6.327,49.454],[6.327,49.454],[6.327,49.454],[6.327,49.454]]],[[[6.323,49.455],[6.327,49.456],[6.328,49.456],[6.322,49.453],[6.323,49.455]]],[[[6.369,49.455],[6.37,49.454],[6.369,49.454],[6.369,49.455]]],[[[6.367,49.46],[6.368,49.458],[6.368,49.455],[6.369,49.454],[6.368,49.453],[6.367,49.46]],[[6.368,49.454],[6.368,49.455],[6.368,49.455],[6.368,49.454]]],[[[6.368,49.46],[6.369,49.457],[6.37,49.454],[6.369,49.455],[6.368,49.458],[6.367,49.46],[6.368,49.46]]],[[[6.341,49.458],[6.344,49.459],[6.345,49.459],[6.344,49.458],[6.344,49.458],[6.343,49.458],[6.342,49.457],[6.34,49.457],[6.339,49.458],[6.34,49.458],[6.341,49.458]]],[[[6.353,49.464],[6.349,49.462],[6.35,49.461],[6.347,49.46],[6.346,49.458],[6.342,49.457],[6.344,49.458],[6.347,49.461],[6.348,49.462],[6.347,49.461],[6.344,49.459],[6.339,49.458],[6.344,49.46],[6.351,49.466],[6.353,49.466],[6.353,49.464],[6.352,49.465],[6.351,49.465],[6.349,49.463],[6.35,49.463],[6.352,49.465],[6.353,49.464]]]]}}]}