{"type":"FeatureCollection","features":[{"type":"Feature","properties":{"id_app":266,"app":"Château-Grillet","denom":"Château-Grillet","hierarchy":"AOC","dt":"Valence","dept":"42"},"geometry":{"type":"MultiPolygon","coordinates":[[[[4.751,45.449],[4.751,45.449],[4.751,45.45],[4.751,45.449]]],[[[4.752,45.45],[4.752,45.449],[4.752,45.449],[4.752,45.45]]],[[[4.749,45.45],[4.751,45.451],[4.75,45.452],[4.752,45.452],[4.753,45.451],[4.751,45.45],[4.752,45.45],[4.753,45.45],[4.752,45.449],[4.752,45.45],[4.752,45.45],[4.751,45.449],[4.751,45.45],[4.749,45.45]],[[4.752,45.451],[4.752,45.451],[4.751,45.451],[4.752,45.451]],[[4.752,45.451],[4.752,45.451],[4.752,45.451],[4.752,45.451]]]]}},{"type":"Feature","properties":{"id_app":268,"app":"Châtillon-en-Diois","denom":"Châtillon-en-Diois","hierarchy":"AOC","dt":"Valence","dept":"26"},"geometry":{"type":"MultiPolygon","coordinates":[[[[5.41,44.65],[5.405,44.649],[5.404,44.649],[5.407,44.651],[5.41,44.65]]],[[[5.408,44.656],[5.407,44.655],[5.405,44.656],[5.406,44.657],[5.408,44.657],[5.407,44.657],[5.408,44.656]]],[[[5.38,44.656],[5.379,44.657],[5.38,44.659],[5.38,44.656]]],[[[5.366,44.659],[5.358,44.658],[5.353,44.657],[5.352,44.658],[5.354,44.658],[5.353,44.66],[5.36,44.66],[5.361,44.661],[5.365,44.659],[5.365,44.659],[5.366,44.659]]],[[[5.398,44.659],[5.398,44.658],[5.395,44.657],[5.397,44.66],[5.398,44.659]]],[[[5.387,44.658],[5.387,44.661],[5.389,44.662],[5.389,44.66],[5.388,44.659],[5.389,44.658],[5.387,44.658]]],[[[5.395,44.673],[5.395,44.672],[5.389,44.667],[5.383,44.664],[5.375,44.662],[5.372,44.66],[5.369,44.66],[5.367,44.659],[5.361,44.661],[5.359,44.661],[5.356,44.662],[5.358,44.665],[5.36,44.662],[5.361,44.664],[5.362,44.664],[5.365,44.665],[5.366,44.664],[5.369,44.666],[5.369,44.667],[5.376,44.667],[5.377,44.666],[5.379,44.667],[5.381,44.666],[5.385,44.667],[5.386,44.666],[5.386,44.669],[5.388,44.669],[5.389,44.67],[5.389,44.671],[5.392,44.673],[5.395,44.673]],[[5.378,44.663],[5.373,44.663],[5.371,44.662],[5.369,44.662],[5.378,44.663]]],[[[5.403,44.67],[5.402,44.668],[5.403,44.668],[5.4,44.666],[5.398,44.663],[5.398,44.664],[5.394,44.664],[5.402,44.67],[5.403,44.67]]],[[[5.415,44.672],[5.413,44.67],[5.409,44.672],[5.408,44.674],[5.41,44.675],[5.413,44.673],[5.415,44.672]]],[[[5.365,44.674],[5.364,44.674],[5.365,44.674],[5.365,44.674]]],[[[5.363,44.676],[5.363,44.675],[5.362,44.676],[5.362,44.677],[5.363,44.676]]],[[[5.385,44.68],[5.383,44.679],[5.382,44.679],[5.379,44.676],[5.375,44.675],[5.372,44.675],[5.372,44.676],[5.375,44.678],[5.375,44.681],[5.377,44.681],[5.377,44.681],[5.38,44.682],[5.381,44.682],[5.386,44.681],[5.386,44.68],[5.385,44.68]]],[[[5.386,44.687],[5.382,44.687],[5.381,44.688],[5.384,44.688],[5.386,44.687]]],[[[5.403,44.697],[5.405,44.697],[5.405,44.696],[5.403,44.697]]],[[[5.389,44.696],[5.386,44.696],[5.386,44.695],[5.382,44.695],[5.382,44.696],[5.384,44.696],[5.384,44.698],[5.381,44.698],[5.38,44.699],[5.389,44.699],[5.389,44.696]]],[[[5.412,44.697],[5.41,44.696],[5.406,44.699],[5.405,44.698],[5.404,44.698],[5.404,44.702],[5.406,44.702],[5.407,44.701],[5.406,44.699],[5.411,44.698],[5.411,44.697],[5.412,44.697],[5.412,44.697]]],[[[5.381,44.7],[5.378,44.701],[5.378,44.702],[5.382,44.701],[5.381,44.7]]],[[[5.389,44.699],[5.386,44.699],[5.381,44.7],[5.383,44.702],[5.382,44.702],[5.387,44.701],[5.39,44.701],[5.389,44.699]]],[[[5.414,44.706],[5.414,44.705],[5.415,44.706],[5.415,44.705],[5.412,44.704],[5.408,44.705],[5.409,44.706],[5.411,44.705],[5.411,44.706],[5.412,44.705],[5.414,44.706]]],[[[5.384,44.708],[5.38,44.708],[5.383,44.709],[5.384,44.708]]],[[[5.413,44.711],[5.413,44.71],[5.409,44.708],[5.409,44.709],[5.411,44.711],[5.413,44.711]]],[[[5.393,44.71],[5.391,44.709],[5.391,44.708],[5.39,44.708],[5.385,44.709],[5.382,44.709],[5.381,44.71],[5.375,44.71],[5.376,44.71],[5.374,44.712],[5.376,44.713],[5.379,44.711],[5.386,44.712],[5.392,44.711],[5.393,44.71]]],[[[5.395,44.711],[5.392,44.712],[5.393,44.713],[5.395,44.711]]],[[[5.396,44.713],[5.396,44.711],[5.395,44.711],[5.395,44.713],[5.396,44.714],[5.396,44.715],[5.396,44.713]]],[[[5.414,44.715],[5.413,44.715],[5.409,44.717],[5.41,44.717],[5.414,44.715]]],[[[5.421,44.72],[5.42,44.719],[5.415,44.72],[5.412,44.719],[5.413,44.717],[5.411,44.719],[5.409,44.718],[5.406,44.719],[5.409,44.719],[5.41,44.72],[5.413,44.721],[5.416,44.723],[5.419,44.721],[5.421,44.722],[5.421,44.72]]],[[[5.407,44.722],[5.405,44.721],[5.405,44.721],[5.407,44.722]]],[[[5.404,44.721],[5.401,44.724],[5.401,44.725],[5.405,44.722],[5.404,44.721]]],[[[5.414,44.728],[5.412,44.725],[5.414,44.725],[5.412,44.724],[5.412,44.723],[5.408,44.723],[5.408,44.724],[5.407,44.723],[5.407,44.725],[5.403,44.724],[5.402,44.725],[5.408,44.725],[5.408,44.724],[5.409,44.723],[5.41,44.724],[5.409,44.726],[5.408,44.725],[5.408,44.727],[5.406,44.727],[5.406,44.726],[5.401,44.726],[5.399,44.727],[5.396,44.727],[5.395,44.727],[5.398,44.727],[5.4,44.728],[5.402,44.727],[5.405,44.727],[5.405,44.727],[5.407,44.727],[5.408,44.729],[5.409,44.729],[5.411,44.728],[5.41,44.728],[5.411,44.727],[5.41,44.727],[5.411,44.726],[5.414,44.728]]],[[[5.436,44.618],[5.426,44.607],[5.424,44.606],[5.422,44.604],[5.42,44.604],[5.419,44.607],[5.422,44.606],[5.423,44.607],[5.422,44.609],[5.425,44.609],[5.426,44.612],[5.433,44.618],[5.435,44.617],[5.435,44.618],[5.435,44.619],[5.436,44.618]]],[[[5.423,44.619],[5.418,44.617],[5.418,44.617],[5.42,44.619],[5.422,44.619],[5.423,44.619]]],[[[5.426,44.622],[5.425,44.62],[5.423,44.621],[5.424,44.622],[5.426,44.622]]],[[[5.426,44.625],[5.423,44.622],[5.421,44.622],[5.421,44.623],[5.416,44.622],[5.413,44.623],[5.412,44.625],[5.424,44.626],[5.426,44.625]]],[[[5.415,44.628],[5.412,44.628],[5.413,44.629],[5.415,44.628],[5.415,44.628]]],[[[5.425,44.631],[5.423,44.631],[5.422,44.629],[5.42,44.628],[5.419,44.629],[5.422,44.63],[5.422,44.632],[5.424,44.632],[5.425,44.631]]],[[[5.418,44.637],[5.416,44.636],[5.415,44.636],[5.416,44.637],[5.418,44.637]]],[[[5.42,44.637],[5.421,44.637],[5.422,44.637],[5.419,44.637],[5.42,44.637]]],[[[5.415,44.642],[5.414,44.642],[5.41,44.643],[5.411,44.644],[5.415,44.643],[5.415,44.642]]],[[[5.452,44.653],[5.45,44.651],[5.448,44.65],[5.443,44.651],[5.43,44.652],[5.43,44.653],[5.431,44.653],[5.431,44.652],[5.434,44.652],[5.434,44.653],[5.436,44.653],[5.437,44.652],[5.438,44.654],[5.443,44.654],[5.446,44.653],[5.446,44.652],[5.451,44.652],[5.451,44.653],[5.452,44.653]]],[[[5.428,44.653],[5.43,44.654],[5.43,44.654],[5.428,44.653]]],[[[5.439,44.659],[5.436,44.659],[5.437,44.66],[5.439,44.66],[5.439,44.659]]],[[[5.421,44.662],[5.42,44.66],[5.418,44.66],[5.42,44.661],[5.42,44.662],[5.421,44.662]]],[[[5.437,44.667],[5.437,44.664],[5.436,44.664],[5.431,44.665],[5.43,44.666],[5.43,44.667],[5.431,44.668],[5.432,44.667],[5.434,44.667],[5.435,44.666],[5.437,44.667]]],[[[5.442,44.667],[5.44,44.667],[5.438,44.669],[5.44,44.669],[5.441,44.667],[5.442,44.667]]],[[[5.425,44.668],[5.422,44.666],[5.421,44.666],[5.422,44.669],[5.423,44.67],[5.427,44.671],[5.427,44.67],[5.427,44.67],[5.427,44.669],[5.427,44.669],[5.427,44.671],[5.426,44.671],[5.428,44.672],[5.431,44.67],[5.43,44.668],[5.429,44.669],[5.427,44.668],[5.427,44.669],[5.427,44.669],[5.427,44.669],[5.427,44.668],[5.428,44.668],[5.425,44.667],[5.425,44.668]]],[[[5.438,44.684],[5.433,44.683],[5.431,44.686],[5.429,44.687],[5.43,44.688],[5.428,44.689],[5.428,44.687],[5.428,44.684],[5.427,44.683],[5.419,44.681],[5.416,44.682],[5.417,44.681],[5.412,44.681],[5.41,44.682],[5.411,44.684],[5.412,44.682],[5.414,44.681],[5.42,44.683],[5.42,44.684],[5.422,44.685],[5.422,44.684],[5.423,44.683],[5.426,44.684],[5.426,44.686],[5.427,44.686],[5.423,44.688],[5.424,44.688],[5.421,44.688],[5.422,44.69],[5.421,44.691],[5.421,44.693],[5.423,44.692],[5.423,44.69],[5.425,44.692],[5.428,44.689],[5.429,44.689],[5.433,44.687],[5.432,44.686],[5.434,44.685],[5.437,44.685],[5.438,44.684]]],[[[5.418,44.688],[5.419,44.688],[5.419,44.688],[5.418,44.688]]],[[[5.448,44.687],[5.447,44.685],[5.445,44.685],[5.441,44.685],[5.439,44.685],[5.434,44.689],[5.435,44.691],[5.439,44.69],[5.441,44.691],[5.436,44.692],[5.436,44.693],[5.433,44.693],[5.431,44.694],[5.435,44.695],[5.435,44.696],[5.436,44.696],[5.437,44.697],[5.437,44.695],[5.44,44.695],[5.44,44.694],[5.441,44.695],[5.442,44.694],[5.442,44.695],[5.444,44.694],[5.445,44.696],[5.452,44.694],[5.451,44.696],[5.453,44.698],[5.455,44.697],[5.455,44.7],[5.456,44.7],[5.456,44.699],[5.458,44.699],[5.457,44.696],[5.458,44.695],[5.458,44.694],[5.461,44.695],[5.461,44.698],[5.463,44.697],[5.465,44.695],[5.469,44.695],[5.469,44.694],[5.472,44.695],[5.472,44.694],[5.474,44.694],[5.474,44.693],[5.477,44.693],[5.477,44.694],[5.478,44.694],[5.476,44.694],[5.476,44.695],[5.474,44.696],[5.474,44.697],[5.476,44.697],[5.476,44.698],[5.479,44.697],[5.48,44.696],[5.482,44.696],[5.481,44.695],[5.482,44.695],[5.481,44.693],[5.477,44.692],[5.468,44.692],[5.467,44.692],[5.467,44.691],[5.462,44.691],[5.462,44.689],[5.457,44.687],[5.454,44.687],[5.451,44.688],[5.45,44.69],[5.449,44.687],[5.448,44.687],[5.448,44.687],[5.447,44.687],[5.448,44.687]],[[5.448,44.695],[5.448,44.694],[5.448,44.694],[5.448,44.694],[5.448,44.695],[5.448,44.695]],[[5.446,44.693],[5.446,44.693],[5.446,44.693],[5.446,44.693]],[[5.445,44.693],[5.446,44.693],[5.446,44.693],[5.445,44.693]],[[5.445,44.693],[5.442,44.692],[5.442,44.689],[5.44,44.689],[5.442,44.689],[5.443,44.688],[5.444,44.688],[5.445,44.687],[5.446,44.687],[5.446,44.687],[5.445,44.688],[5.446,44.689],[5.445,44.693]],[[5.447,44.687],[5.447,44.687],[5.447,44.687],[5.447,44.687]]],[[[5.415,44.697],[5.413,44.696],[5.412,44.696],[5.414,44.697],[5.414,44.698],[5.415,44.697]]],[[[5.441,44.698],[5.439,44.697],[5.438,44.698],[5.437,44.697],[5.435,44.696],[5.43,44.695],[5.429,44.699],[5.427,44.697],[5.424,44.698],[5.427,44.701],[5.429,44.7],[5.428,44.702],[5.43,44.703],[5.432,44.701],[5.43,44.7],[5.43,44.698],[5.431,44.699],[5.43,44.7],[5.434,44.698],[5.435,44.7],[5.436,44.699],[5.436,44.698],[5.438,44.699],[5.441,44.698]]],[[[5.422,44.699],[5.42,44.699],[5.42,44.7],[5.422,44.7],[5.422,44.699]]],[[[5.442,44.702],[5.437,44.701],[5.435,44.702],[5.435,44.702],[5.433,44.702],[5.435,44.704],[5.435,44.703],[5.439,44.704],[5.441,44.703],[5.442,44.702]]],[[[5.429,44.706],[5.425,44.706],[5.425,44.707],[5.425,44.707],[5.424,44.708],[5.43,44.709],[5.433,44.712],[5.434,44.712],[5.434,44.712],[5.433,44.713],[5.435,44.713],[5.435,44.714],[5.436,44.713],[5.436,44.712],[5.434,44.712],[5.437,44.711],[5.435,44.711],[5.435,44.71],[5.437,44.708],[5.436,44.708],[5.435,44.707],[5.435,44.707],[5.432,44.707],[5.434,44.706],[5.436,44.708],[5.438,44.707],[5.44,44.708],[5.441,44.705],[5.436,44.704],[5.435,44.704],[5.429,44.706]],[[5.438,44.706],[5.436,44.705],[5.437,44.706],[5.434,44.706],[5.434,44.705],[5.438,44.706]]],[[[5.416,44.711],[5.414,44.71],[5.415,44.712],[5.416,44.712],[5.416,44.711]]],[[[5.428,44.712],[5.424,44.711],[5.42,44.711],[5.422,44.712],[5.424,44.711],[5.425,44.712],[5.427,44.713],[5.428,44.712]]],[[[5.424,44.717],[5.421,44.714],[5.416,44.713],[5.415,44.713],[5.418,44.714],[5.416,44.715],[5.417,44.716],[5.42,44.717],[5.424,44.717]]],[[[5.433,44.716],[5.433,44.715],[5.432,44.715],[5.43,44.714],[5.428,44.714],[5.427,44.715],[5.425,44.715],[5.424,44.718],[5.426,44.719],[5.426,44.718],[5.425,44.717],[5.426,44.717],[5.427,44.718],[5.428,44.716],[5.43,44.719],[5.432,44.718],[5.433,44.718],[5.433,44.716],[5.433,44.716]]],[[[5.46,44.618],[5.462,44.617],[5.456,44.615],[5.455,44.616],[5.454,44.617],[5.454,44.618],[5.456,44.618],[5.456,44.617],[5.46,44.618]]],[[[5.447,44.633],[5.446,44.631],[5.445,44.631],[5.446,44.633],[5.447,44.633]]],[[[5.459,44.646],[5.455,44.647],[5.455,44.649],[5.459,44.646]]],[[[5.471,44.648],[5.469,44.649],[5.469,44.652],[5.471,44.651],[5.47,44.65],[5.471,44.648]]],[[[5.464,44.652],[5.464,44.653],[5.464,44.653],[5.465,44.652],[5.464,44.652]]],[[[5.467,44.653],[5.465,44.653],[5.467,44.653],[5.467,44.653]]],[[[5.463,44.651],[5.455,44.653],[5.453,44.654],[5.453,44.657],[5.452,44.656],[5.451,44.657],[5.453,44.657],[5.454,44.656],[5.455,44.656],[5.454,44.655],[5.457,44.654],[5.456,44.653],[5.458,44.654],[5.459,44.653],[5.46,44.654],[5.461,44.654],[5.461,44.653],[5.462,44.653],[5.462,44.652],[5.464,44.652],[5.463,44.651]]],[[[5.469,44.655],[5.47,44.654],[5.469,44.654],[5.469,44.655],[5.469,44.655]]],[[[5.468,44.656],[5.468,44.657],[5.47,44.657],[5.47,44.656],[5.468,44.656]]],[[[5.466,44.657],[5.466,44.658],[5.466,44.657],[5.466,44.657],[5.466,44.657]]],[[[5.465,44.657],[5.463,44.657],[5.46,44.659],[5.463,44.658],[5.465,44.657]]],[[[5.474,44.657],[5.469,44.657],[5.468,44.658],[5.47,44.659],[5.47,44.658],[5.472,44.658],[5.474,44.657]]],[[[5.451,44.658],[5.45,44.657],[5.446,44.66],[5.444,44.661],[5.444,44.663],[5.445,44.662],[5.446,44.663],[5.446,44.66],[5.451,44.659],[5.451,44.658]]],[[[5.473,44.66],[5.471,44.66],[5.472,44.662],[5.473,44.66]]],[[[5.446,44.663],[5.44,44.663],[5.44,44.663],[5.441,44.664],[5.442,44.663],[5.443,44.664],[5.447,44.663],[5.446,44.663]]],[[[5.476,44.665],[5.475,44.663],[5.475,44.662],[5.474,44.661],[5.472,44.662],[5.473,44.665],[5.476,44.665]]],[[[5.462,44.665],[5.46,44.664],[5.454,44.665],[5.449,44.664],[5.446,44.665],[5.446,44.666],[5.446,44.666],[5.447,44.665],[5.448,44.666],[5.448,44.665],[5.45,44.665],[5.451,44.665],[5.451,44.667],[5.453,44.666],[5.453,44.665],[5.455,44.666],[5.456,44.666],[5.456,44.668],[5.456,44.668],[5.46,44.665],[5.462,44.665]]],[[[5.472,44.666],[5.474,44.666],[5.475,44.666],[5.474,44.665],[5.471,44.665],[5.472,44.666]]],[[[5.442,44.667],[5.444,44.667],[5.444,44.666],[5.442,44.667]]],[[[5.493,44.666],[5.492,44.666],[5.488,44.668],[5.489,44.668],[5.493,44.666]]],[[[5.48,44.669],[5.478,44.671],[5.478,44.672],[5.48,44.67],[5.48,44.669]]],[[[5.481,44.673],[5.483,44.672],[5.481,44.673],[5.481,44.673]]],[[[5.498,44.669],[5.497,44.671],[5.492,44.671],[5.489,44.672],[5.487,44.672],[5.483,44.672],[5.483,44.674],[5.487,44.674],[5.488,44.677],[5.491,44.677],[5.496,44.672],[5.496,44.671],[5.497,44.671],[5.498,44.671],[5.499,44.671],[5.498,44.67],[5.5,44.671],[5.5,44.67],[5.498,44.669]]],[[[5.448,44.674],[5.447,44.674],[5.448,44.675],[5.449,44.674],[5.448,44.674]]],[[[5.474,44.671],[5.466,44.672],[5.464,44.673],[5.465,44.674],[5.459,44.673],[5.454,44.676],[5.452,44.678],[5.46,44.675],[5.464,44.675],[5.465,44.675],[5.465,44.676],[5.467,44.673],[5.473,44.673],[5.474,44.672],[5.474,44.671]]],[[[5.481,44.673],[5.474,44.675],[5.47,44.68],[5.469,44.683],[5.471,44.685],[5.472,44.684],[5.471,44.685],[5.472,44.686],[5.473,44.685],[5.474,44.684],[5.476,44.684],[5.473,44.683],[5.476,44.681],[5.475,44.68],[5.478,44.678],[5.477,44.677],[5.48,44.677],[5.48,44.677],[5.481,44.677],[5.48,44.676],[5.48,44.675],[5.48,44.674],[5.481,44.675],[5.48,44.674],[5.481,44.674],[5.481,44.673]]],[[[5.511,44.69],[5.503,44.691],[5.5,44.692],[5.504,44.692],[5.509,44.692],[5.512,44.691],[5.511,44.69]]]]}},{"type":"Feature","properties":{"id_app":269,"app":"Clairette de Die","denom":"Clairette de Die","hierarchy":"AOC","dt":"Valence","dept":"26"},"geometry":{"type":"MultiPolygon","coordinates":[[[[5.108,44.678],[5.107,44.675],[5.107,44.675],[5.107,44.676],[5.106,44.677],[5.108,44.678]]],[[[5.136,44.68],[5.136,44.68],[5.136,44.679],[5.135,44.68],[5.136,44.68]]],[[[5.119,44.682],[5.12,44.679],[5.119,44.678],[5.117,44.68],[5.118,44.682],[5.116,44.682],[5.116,44.685],[5.114,44.684],[5.113,44.685],[5.114,44.686],[5.116,44.685],[5.115,44.686],[5.116,44.686],[5.115,44.687],[5.116,44.687],[5.115,44.688],[5.114,44.688],[5.114,44.689],[5.114,44.689],[5.111,44.688],[5.109,44.691],[5.114,44.69],[5.11,44.695],[5.11,44.696],[5.112,44.696],[5.113,44.693],[5.114,44.694],[5.114,44.695],[5.115,44.695],[5.115,44.694],[5.116,44.694],[5.116,44.695],[5.117,44.694],[5.119,44.694],[5.119,44.694],[5.12,44.694],[5.119,44.692],[5.12,44.692],[5.121,44.691],[5.12,44.688],[5.12,44.683],[5.119,44.682]]],[[[5.14,44.683],[5.137,44.684],[5.138,44.681],[5.137,44.684],[5.133,44.684],[5.134,44.69],[5.136,44.692],[5.139,44.693],[5.14,44.69],[5.14,44.688],[5.139,44.687],[5.14,44.683]]],[[[5.134,44.692],[5.133,44.687],[5.13,44.686],[5.13,44.684],[5.129,44.683],[5.13,44.682],[5.13,44.681],[5.128,44.681],[5.121,44.683],[5.127,44.683],[5.127,44.684],[5.125,44.684],[5.126,44.685],[5.125,44.685],[5.123,44.693],[5.124,44.692],[5.125,44.693],[5.127,44.693],[5.127,44.694],[5.131,44.692],[5.134,44.692]]],[[[5.108,44.692],[5.103,44.686],[5.103,44.682],[5.1,44.68],[5.101,44.685],[5.101,44.686],[5.1,44.686],[5.099,44.689],[5.1,44.691],[5.101,44.693],[5.102,44.693],[5.101,44.691],[5.101,44.688],[5.101,44.688],[5.102,44.685],[5.103,44.688],[5.105,44.693],[5.104,44.695],[5.104,44.694],[5.101,44.694],[5.1,44.699],[5.101,44.699],[5.104,44.698],[5.105,44.698],[5.108,44.697],[5.107,44.695],[5.108,44.695],[5.108,44.692]]],[[[5.066,44.699],[5.064,44.697],[5.063,44.699],[5.064,44.7],[5.066,44.699]]],[[[5.097,44.699],[5.093,44.697],[5.092,44.698],[5.093,44.698],[5.091,44.7],[5.091,44.695],[5.09,44.695],[5.09,44.698],[5.087,44.7],[5.086,44.699],[5.085,44.699],[5.083,44.7],[5.083,44.699],[5.083,44.701],[5.081,44.701],[5.082,44.704],[5.088,44.702],[5.092,44.7],[5.097,44.699]]],[[[5.065,44.7],[5.061,44.701],[5.061,44.701],[5.063,44.701],[5.065,44.7]]],[[[5.141,44.698],[5.127,44.7],[5.128,44.701],[5.126,44.702],[5.127,44.703],[5.13,44.703],[5.129,44.701],[5.132,44.701],[5.134,44.701],[5.134,44.7],[5.133,44.7],[5.134,44.7],[5.14,44.699],[5.143,44.7],[5.143,44.699],[5.143,44.699],[5.147,44.7],[5.148,44.699],[5.148,44.7],[5.151,44.7],[5.151,44.701],[5.155,44.701],[5.158,44.703],[5.158,44.703],[5.163,44.705],[5.167,44.704],[5.17,44.704],[5.174,44.7],[5.177,44.699],[5.177,44.701],[5.178,44.701],[5.178,44.703],[5.177,44.703],[5.177,44.702],[5.174,44.703],[5.174,44.705],[5.173,44.707],[5.174,44.706],[5.176,44.708],[5.178,44.708],[5.18,44.705],[5.182,44.705],[5.18,44.707],[5.185,44.707],[5.185,44.71],[5.185,44.71],[5.188,44.709],[5.19,44.709],[5.193,44.707],[5.194,44.708],[5.197,44.703],[5.197,44.705],[5.197,44.704],[5.197,44.701],[5.195,44.7],[5.195,44.698],[5.194,44.698],[5.194,44.697],[5.191,44.697],[5.19,44.697],[5.19,44.696],[5.176,44.695],[5.172,44.694],[5.171,44.694],[5.165,44.696],[5.163,44.696],[5.159,44.697],[5.158,44.697],[5.155,44.697],[5.156,44.698],[5.153,44.699],[5.148,44.698],[5.146,44.698],[5.141,44.698]]],[[[5.142,44.701],[5.141,44.7],[5.14,44.704],[5.141,44.705],[5.142,44.701]]],[[[5.081,44.707],[5.079,44.703],[5.08,44.702],[5.078,44.703],[5.079,44.705],[5.078,44.705],[5.078,44.706],[5.081,44.707]]],[[[5.075,44.705],[5.072,44.705],[5.071,44.705],[5.074,44.705],[5.075,44.705]]],[[[5.063,44.704],[5.06,44.705],[5.059,44.707],[5.06,44.707],[5.06,44.705],[5.063,44.705],[5.063,44.704]]],[[[5.123,44.702],[5.118,44.705],[5.117,44.706],[5.118,44.708],[5.123,44.707],[5.121,44.704],[5.123,44.702]]],[[[5.057,44.706],[5.057,44.705],[5.055,44.704],[5.053,44.705],[5.056,44.705],[5.054,44.706],[5.056,44.707],[5.052,44.708],[5.049,44.709],[5.055,44.709],[5.057,44.706]]],[[[5.14,44.712],[5.137,44.712],[5.132,44.709],[5.129,44.709],[5.128,44.71],[5.135,44.713],[5.136,44.712],[5.137,44.712],[5.141,44.712],[5.14,44.712]]],[[[5.129,44.712],[5.126,44.712],[5.126,44.712],[5.123,44.711],[5.12,44.71],[5.116,44.708],[5.116,44.706],[5.114,44.706],[5.114,44.705],[5.113,44.704],[5.109,44.706],[5.105,44.706],[5.106,44.707],[5.094,44.71],[5.095,44.711],[5.092,44.711],[5.093,44.713],[5.097,44.714],[5.098,44.715],[5.103,44.713],[5.108,44.713],[5.11,44.712],[5.109,44.713],[5.111,44.714],[5.111,44.715],[5.111,44.715],[5.11,44.714],[5.11,44.715],[5.107,44.717],[5.103,44.717],[5.106,44.717],[5.105,44.718],[5.108,44.718],[5.112,44.716],[5.112,44.714],[5.113,44.714],[5.112,44.707],[5.109,44.706],[5.114,44.707],[5.117,44.711],[5.128,44.713],[5.126,44.714],[5.127,44.714],[5.128,44.715],[5.126,44.719],[5.128,44.719],[5.128,44.718],[5.128,44.714],[5.129,44.713],[5.129,44.712]]],[[[5.086,44.715],[5.085,44.713],[5.084,44.714],[5.085,44.715],[5.086,44.715]]],[[[5.132,44.715],[5.131,44.714],[5.13,44.713],[5.13,44.714],[5.132,44.715]]],[[[5.053,44.717],[5.055,44.716],[5.053,44.717],[5.053,44.717]]],[[[5.053,44.717],[5.053,44.717],[5.053,44.717],[5.053,44.717]]],[[[5.088,44.716],[5.087,44.717],[5.089,44.718],[5.088,44.716]]],[[[5.086,44.722],[5.084,44.717],[5.084,44.714],[5.085,44.712],[5.082,44.712],[5.079,44.714],[5.077,44.715],[5.081,44.717],[5.084,44.721],[5.085,44.721],[5.086,44.722]]],[[[5.082,44.72],[5.08,44.72],[5.081,44.72],[5.08,44.717],[5.077,44.715],[5.074,44.715],[5.074,44.717],[5.068,44.717],[5.067,44.717],[5.063,44.716],[5.061,44.716],[5.062,44.716],[5.061,44.717],[5.063,44.72],[5.066,44.72],[5.065,44.721],[5.068,44.726],[5.07,44.725],[5.07,44.723],[5.075,44.721],[5.078,44.723],[5.078,44.723],[5.081,44.724],[5.081,44.723],[5.082,44.721],[5.082,44.72]]],[[[5.133,44.72],[5.134,44.721],[5.134,44.721],[5.133,44.72]]],[[[5.135,44.722],[5.134,44.721],[5.135,44.722],[5.135,44.722]]],[[[5.094,44.725],[5.092,44.721],[5.092,44.72],[5.089,44.718],[5.088,44.719],[5.089,44.72],[5.089,44.725],[5.092,44.727],[5.091,44.728],[5.092,44.726],[5.094,44.725]]],[[[5.063,44.726],[5.063,44.723],[5.058,44.719],[5.058,44.717],[5.055,44.717],[5.052,44.717],[5.046,44.722],[5.045,44.72],[5.044,44.721],[5.042,44.722],[5.042,44.723],[5.039,44.725],[5.043,44.73],[5.047,44.731],[5.049,44.731],[5.053,44.731],[5.055,44.729],[5.057,44.731],[5.057,44.73],[5.058,44.729],[5.059,44.729],[5.061,44.727],[5.062,44.727],[5.063,44.726]]],[[[5.137,44.723],[5.136,44.723],[5.136,44.723],[5.136,44.724],[5.137,44.723]]],[[[5.141,44.725],[5.138,44.723],[5.137,44.724],[5.139,44.725],[5.141,44.725]]],[[[5.141,44.725],[5.14,44.725],[5.141,44.726],[5.141,44.725]]],[[[5.143,44.729],[5.139,44.726],[5.137,44.725],[5.14,44.729],[5.143,44.729]]],[[[5.09,44.729],[5.089,44.728],[5.088,44.728],[5.089,44.729],[5.09,44.729]]],[[[5.092,44.729],[5.092,44.73],[5.093,44.73],[5.092,44.729],[5.092,44.729]]],[[[5.113,44.731],[5.111,44.73],[5.105,44.728],[5.104,44.728],[5.105,44.728],[5.105,44.729],[5.106,44.73],[5.105,44.73],[5.107,44.731],[5.107,44.731],[5.11,44.734],[5.113,44.731]]],[[[5.091,44.73],[5.09,44.732],[5.091,44.733],[5.092,44.731],[5.091,44.73]]],[[[5.092,44.733],[5.094,44.733],[5.094,44.732],[5.093,44.732],[5.092,44.733]]],[[[5.118,44.735],[5.113,44.731],[5.111,44.733],[5.11,44.734],[5.111,44.735],[5.109,44.735],[5.109,44.736],[5.11,44.736],[5.112,44.737],[5.114,44.737],[5.114,44.737],[5.116,44.738],[5.117,44.736],[5.119,44.737],[5.118,44.735]]],[[[5.093,44.735],[5.095,44.735],[5.096,44.733],[5.098,44.733],[5.098,44.73],[5.096,44.73],[5.094,44.733],[5.09,44.734],[5.09,44.736],[5.089,44.737],[5.091,44.738],[5.09,44.739],[5.093,44.74],[5.095,44.74],[5.094,44.738],[5.097,44.738],[5.097,44.737],[5.096,44.737],[5.097,44.737],[5.098,44.736],[5.094,44.738],[5.091,44.736],[5.091,44.735],[5.093,44.735]],[[5.092,44.735],[5.092,44.735],[5.092,44.735],[5.092,44.735]]],[[[5.093,44.735],[5.093,44.736],[5.095,44.736],[5.093,44.735]]],[[[5.075,44.737],[5.075,44.736],[5.074,44.734],[5.073,44.734],[5.074,44.737],[5.075,44.739],[5.077,44.739],[5.075,44.737]]],[[[5.113,44.739],[5.114,44.738],[5.113,44.737],[5.113,44.739]]],[[[5.097,44.739],[5.097,44.74],[5.098,44.739],[5.097,44.739]]],[[[5.119,44.739],[5.117,44.738],[5.117,44.739],[5.118,44.74],[5.119,44.739]]],[[[5.15,44.743],[5.141,44.745],[5.139,44.744],[5.137,44.745],[5.135,44.742],[5.131,44.74],[5.129,44.74],[5.128,44.741],[5.132,44.747],[5.134,44.747],[5.132,44.747],[5.133,44.748],[5.133,44.75],[5.136,44.75],[5.141,44.748],[5.142,44.748],[5.148,44.745],[5.149,44.747],[5.148,44.745],[5.15,44.743]]],[[[5.11,44.75],[5.112,44.752],[5.113,44.751],[5.112,44.749],[5.11,44.75]]],[[[5.139,44.752],[5.136,44.751],[5.133,44.752],[5.135,44.753],[5.138,44.752],[5.139,44.752]]],[[[5.119,44.754],[5.12,44.753],[5.117,44.751],[5.119,44.755],[5.12,44.761],[5.12,44.763],[5.121,44.761],[5.122,44.761],[5.122,44.759],[5.121,44.759],[5.121,44.758],[5.122,44.755],[5.12,44.755],[5.122,44.755],[5.123,44.753],[5.119,44.754]],[[5.119,44.754],[5.119,44.754],[5.119,44.754],[5.119,44.754]]],[[[5.134,44.758],[5.132,44.756],[5.131,44.756],[5.133,44.758],[5.134,44.758]]],[[[5.151,44.761],[5.142,44.755],[5.139,44.755],[5.135,44.755],[5.137,44.756],[5.14,44.755],[5.145,44.759],[5.151,44.761]]],[[[5.116,44.762],[5.117,44.761],[5.116,44.761],[5.116,44.762]]],[[[5.12,44.765],[5.118,44.766],[5.117,44.763],[5.114,44.767],[5.112,44.768],[5.11,44.766],[5.112,44.763],[5.114,44.761],[5.113,44.76],[5.116,44.758],[5.117,44.756],[5.112,44.76],[5.11,44.759],[5.108,44.761],[5.106,44.762],[5.105,44.762],[5.106,44.76],[5.103,44.762],[5.102,44.761],[5.101,44.761],[5.1,44.762],[5.1,44.763],[5.102,44.762],[5.104,44.762],[5.104,44.763],[5.104,44.763],[5.104,44.765],[5.108,44.766],[5.11,44.771],[5.111,44.77],[5.112,44.77],[5.112,44.771],[5.114,44.771],[5.114,44.77],[5.117,44.768],[5.117,44.769],[5.118,44.769],[5.119,44.767],[5.119,44.768],[5.12,44.768],[5.121,44.766],[5.12,44.765]]],[[[5.128,44.77],[5.129,44.769],[5.129,44.769],[5.129,44.772],[5.129,44.775],[5.132,44.775],[5.132,44.777],[5.133,44.779],[5.137,44.781],[5.142,44.783],[5.142,44.787],[5.144,44.791],[5.144,44.791],[5.146,44.788],[5.145,44.786],[5.144,44.786],[5.145,44.784],[5.147,44.784],[5.147,44.782],[5.146,44.782],[5.147,44.781],[5.144,44.778],[5.143,44.779],[5.142,44.777],[5.142,44.775],[5.14,44.774],[5.139,44.771],[5.138,44.773],[5.136,44.773],[5.136,44.772],[5.133,44.771],[5.134,44.77],[5.133,44.769],[5.133,44.769],[5.132,44.77],[5.133,44.769],[5.135,44.767],[5.137,44.768],[5.138,44.764],[5.138,44.761],[5.137,44.76],[5.134,44.759],[5.134,44.758],[5.129,44.759],[5.127,44.764],[5.127,44.763],[5.124,44.762],[5.125,44.766],[5.128,44.77]],[[5.128,44.768],[5.128,44.768],[5.128,44.768],[5.128,44.768]],[[5.127,44.767],[5.127,44.768],[5.127,44.767],[5.127,44.767]],[[5.127,44.766],[5.127,44.766],[5.127,44.767],[5.127,44.766]],[[5.127,44.766],[5.127,44.766],[5.127,44.766],[5.127,44.766]],[[5.127,44.765],[5.127,44.765],[5.127,44.764],[5.127,44.765]]],[[[5.119,44.769],[5.115,44.772],[5.119,44.772],[5.119,44.77],[5.119,44.769]]],[[[5.123,44.775],[5.123,44.777],[5.124,44.776],[5.123,44.775]]],[[[5.17,44.674],[5.171,44.675],[5.171,44.674],[5.17,44.674]]],[[[5.155,44.676],[5.153,44.675],[5.152,44.678],[5.155,44.677],[5.155,44.676]]],[[[5.244,44.678],[5.242,44.678],[5.241,44.679],[5.239,44.68],[5.239,44.679],[5.238,44.679],[5.24,44.677],[5.238,44.677],[5.237,44.678],[5.234,44.675],[5.233,44.676],[5.23,44.676],[5.23,44.678],[5.229,44.677],[5.228,44.677],[5.226,44.674],[5.224,44.675],[5.224,44.676],[5.226,44.677],[5.225,44.678],[5.223,44.676],[5.223,44.677],[5.227,44.681],[5.227,44.682],[5.225,44.682],[5.224,44.681],[5.221,44.685],[5.223,44.686],[5.225,44.686],[5.225,44.687],[5.227,44.687],[5.228,44.686],[5.228,44.687],[5.234,44.687],[5.24,44.684],[5.24,44.682],[5.243,44.68],[5.242,44.68],[5.244,44.678]]],[[[5.2,44.683],[5.198,44.681],[5.198,44.681],[5.2,44.684],[5.2,44.683]]],[[[5.18,44.682],[5.179,44.682],[5.178,44.684],[5.18,44.684],[5.18,44.682]]],[[[5.173,44.68],[5.173,44.678],[5.17,44.677],[5.169,44.676],[5.168,44.677],[5.168,44.678],[5.169,44.678],[5.168,44.678],[5.168,44.68],[5.169,44.68],[5.169,44.682],[5.17,44.682],[5.171,44.684],[5.167,44.68],[5.168,44.677],[5.167,44.675],[5.164,44.675],[5.164,44.676],[5.161,44.676],[5.16,44.676],[5.16,44.674],[5.158,44.674],[5.157,44.675],[5.155,44.677],[5.152,44.678],[5.152,44.679],[5.152,44.681],[5.152,44.682],[5.152,44.681],[5.152,44.679],[5.149,44.678],[5.148,44.676],[5.147,44.676],[5.145,44.677],[5.145,44.678],[5.141,44.682],[5.141,44.685],[5.14,44.685],[5.141,44.687],[5.141,44.687],[5.141,44.692],[5.151,44.692],[5.155,44.694],[5.154,44.692],[5.155,44.691],[5.154,44.692],[5.151,44.691],[5.147,44.691],[5.147,44.689],[5.148,44.689],[5.148,44.687],[5.154,44.688],[5.156,44.687],[5.155,44.685],[5.156,44.685],[5.157,44.686],[5.158,44.688],[5.155,44.692],[5.156,44.694],[5.159,44.694],[5.162,44.693],[5.167,44.692],[5.166,44.692],[5.167,44.691],[5.167,44.691],[5.163,44.691],[5.162,44.69],[5.165,44.689],[5.165,44.687],[5.162,44.688],[5.166,44.686],[5.163,44.685],[5.163,44.684],[5.162,44.683],[5.166,44.683],[5.165,44.684],[5.17,44.687],[5.17,44.688],[5.171,44.69],[5.171,44.691],[5.174,44.691],[5.175,44.688],[5.177,44.686],[5.176,44.685],[5.175,44.687],[5.174,44.687],[5.176,44.682],[5.173,44.68]],[[5.17,44.687],[5.17,44.687],[5.17,44.687],[5.17,44.687]],[[5.17,44.687],[5.17,44.687],[5.17,44.687],[5.17,44.687]],[[5.174,44.687],[5.174,44.687],[5.174,44.687],[5.174,44.687]],[[5.153,44.682],[5.153,44.684],[5.152,44.682],[5.153,44.682]],[[5.153,44.684],[5.154,44.684],[5.154,44.685],[5.154,44.685],[5.153,44.684]],[[5.154,44.685],[5.154,44.685],[5.154,44.685],[5.154,44.685]],[[5.154,44.685],[5.154,44.685],[5.154,44.685],[5.154,44.685]],[[5.154,44.685],[5.154,44.685],[5.155,44.685],[5.155,44.685],[5.155,44.685],[5.154,44.685]]],[[[5.203,44.693],[5.202,44.693],[5.199,44.69],[5.198,44.69],[5.198,44.684],[5.196,44.68],[5.194,44.679],[5.195,44.678],[5.194,44.678],[5.191,44.677],[5.191,44.675],[5.188,44.675],[5.188,44.677],[5.186,44.677],[5.186,44.678],[5.189,44.68],[5.19,44.685],[5.189,44.688],[5.187,44.687],[5.188,44.688],[5.187,44.69],[5.187,44.688],[5.186,44.689],[5.186,44.687],[5.183,44.689],[5.184,44.69],[5.182,44.689],[5.182,44.69],[5.175,44.692],[5.175,44.692],[5.181,44.691],[5.181,44.692],[5.187,44.693],[5.189,44.691],[5.191,44.694],[5.197,44.694],[5.202,44.696],[5.203,44.693]]],[[[5.204,44.685],[5.202,44.686],[5.201,44.686],[5.2,44.684],[5.199,44.684],[5.2,44.69],[5.203,44.692],[5.203,44.688],[5.206,44.686],[5.204,44.685]]],[[[5.24,44.688],[5.239,44.687],[5.238,44.687],[5.239,44.689],[5.24,44.688]]],[[[5.237,44.69],[5.229,44.689],[5.218,44.691],[5.216,44.692],[5.218,44.692],[5.218,44.694],[5.22,44.694],[5.219,44.697],[5.221,44.697],[5.222,44.695],[5.224,44.696],[5.225,44.694],[5.226,44.694],[5.227,44.696],[5.227,44.695],[5.228,44.696],[5.229,44.694],[5.23,44.694],[5.228,44.692],[5.232,44.69],[5.237,44.69]]],[[[5.212,44.69],[5.204,44.692],[5.205,44.694],[5.204,44.696],[5.206,44.697],[5.209,44.697],[5.209,44.696],[5.208,44.695],[5.209,44.694],[5.207,44.693],[5.21,44.691],[5.212,44.691],[5.212,44.69]]],[[[5.246,44.696],[5.243,44.694],[5.242,44.694],[5.246,44.696]]],[[[5.245,44.697],[5.244,44.697],[5.245,44.697],[5.245,44.697]]],[[[5.247,44.697],[5.245,44.697],[5.247,44.697],[5.247,44.697]]],[[[5.245,44.698],[5.243,44.697],[5.243,44.698],[5.245,44.698]]],[[[5.242,44.697],[5.243,44.697],[5.241,44.7],[5.243,44.698],[5.243,44.697],[5.242,44.697]]],[[[5.205,44.705],[5.2,44.704],[5.2,44.702],[5.203,44.697],[5.202,44.697],[5.2,44.697],[5.197,44.699],[5.198,44.7],[5.198,44.699],[5.199,44.7],[5.198,44.7],[5.198,44.704],[5.197,44.706],[5.197,44.707],[5.2,44.708],[5.204,44.708],[5.205,44.705]]],[[[5.249,44.698],[5.245,44.697],[5.247,44.698],[5.247,44.699],[5.245,44.699],[5.244,44.701],[5.244,44.702],[5.244,44.703],[5.242,44.706],[5.242,44.706],[5.248,44.704],[5.248,44.703],[5.25,44.701],[5.249,44.7],[5.25,44.699],[5.25,44.699],[5.249,44.698],[5.248,44.698],[5.249,44.698],[5.25,44.699],[5.25,44.698],[5.249,44.698]],[[5.248,44.698],[5.248,44.698],[5.248,44.698],[5.248,44.698]],[[5.247,44.699],[5.247,44.699],[5.247,44.699],[5.247,44.699]]],[[[5.146,44.706],[5.146,44.704],[5.144,44.704],[5.143,44.706],[5.146,44.706]]],[[[5.243,44.701],[5.242,44.702],[5.243,44.701],[5.239,44.703],[5.24,44.704],[5.239,44.705],[5.24,44.705],[5.239,44.706],[5.242,44.706],[5.242,44.706],[5.244,44.702],[5.243,44.701]]],[[[5.248,44.705],[5.242,44.706],[5.242,44.707],[5.244,44.707],[5.246,44.706],[5.247,44.706],[5.247,44.705],[5.248,44.705],[5.248,44.705]]],[[[5.242,44.707],[5.24,44.706],[5.239,44.706],[5.242,44.707]]],[[[5.242,44.708],[5.24,44.707],[5.239,44.708],[5.241,44.708],[5.241,44.708],[5.242,44.708]]],[[[5.243,44.708],[5.242,44.707],[5.241,44.708],[5.241,44.708],[5.239,44.708],[5.243,44.708]]],[[[5.248,44.708],[5.247,44.708],[5.248,44.708],[5.248,44.708]]],[[[5.247,44.706],[5.243,44.707],[5.242,44.707],[5.243,44.708],[5.243,44.709],[5.243,44.711],[5.243,44.711],[5.243,44.711],[5.243,44.71],[5.244,44.709],[5.245,44.708],[5.246,44.707],[5.246,44.707],[5.247,44.706]]],[[[5.248,44.707],[5.247,44.706],[5.247,44.707],[5.247,44.707],[5.246,44.708],[5.244,44.709],[5.244,44.71],[5.243,44.711],[5.244,44.71],[5.244,44.71],[5.245,44.71],[5.245,44.71],[5.246,44.71],[5.247,44.71],[5.247,44.709],[5.247,44.709],[5.247,44.708],[5.247,44.708],[5.248,44.708],[5.248,44.707]]],[[[5.243,44.709],[5.242,44.708],[5.243,44.709],[5.243,44.709]]],[[[5.249,44.711],[5.249,44.71],[5.25,44.71],[5.251,44.709],[5.251,44.709],[5.251,44.709],[5.251,44.709],[5.249,44.71],[5.249,44.71],[5.248,44.709],[5.247,44.71],[5.245,44.71],[5.245,44.71],[5.244,44.71],[5.247,44.71],[5.248,44.711],[5.249,44.711],[5.249,44.711]],[[5.249,44.711],[5.249,44.711],[5.249,44.711],[5.249,44.711]],[[5.249,44.711],[5.249,44.711],[5.249,44.711],[5.249,44.711]]],[[[5.242,44.709],[5.241,44.71],[5.24,44.711],[5.242,44.711],[5.243,44.709],[5.243,44.709],[5.242,44.709]]],[[[5.248,44.711],[5.247,44.711],[5.245,44.711],[5.245,44.711],[5.247,44.711],[5.249,44.711],[5.248,44.711]]],[[[5.16,44.715],[5.158,44.711],[5.155,44.711],[5.153,44.713],[5.153,44.714],[5.154,44.714],[5.156,44.712],[5.157,44.715],[5.16,44.715]]],[[[5.247,44.713],[5.246,44.713],[5.246,44.713],[5.247,44.713]]],[[[5.245,44.713],[5.245,44.713],[5.245,44.713],[5.245,44.713]]],[[[5.153,44.714],[5.153,44.715],[5.154,44.714],[5.153,44.714]]],[[[5.245,44.713],[5.245,44.713],[5.245,44.713],[5.245,44.713]]],[[[5.152,44.716],[5.151,44.714],[5.147,44.714],[5.147,44.714],[5.147,44.716],[5.149,44.715],[5.152,44.716]]],[[[5.247,44.711],[5.244,44.711],[5.243,44.711],[5.243,44.713],[5.242,44.714],[5.244,44.715],[5.245,44.714],[5.245,44.714],[5.245,44.715],[5.246,44.715],[5.245,44.714],[5.245,44.713],[5.245,44.713],[5.245,44.713],[5.245,44.713],[5.246,44.712],[5.246,44.711],[5.247,44.711],[5.247,44.711]]],[[[5.246,44.713],[5.245,44.713],[5.245,44.714],[5.246,44.713]]],[[[5.246,44.714],[5.245,44.713],[5.246,44.713],[5.246,44.714],[5.246,44.714]]],[[[5.246,44.714],[5.245,44.714],[5.245,44.714],[5.246,44.714]]],[[[5.245,44.715],[5.245,44.714],[5.244,44.715],[5.245,44.715]]],[[[5.208,44.728],[5.206,44.727],[5.205,44.727],[5.203,44.729],[5.205,44.73],[5.205,44.73],[5.207,44.729],[5.207,44.729],[5.208,44.728]]],[[[5.158,44.731],[5.154,44.734],[5.155,44.735],[5.158,44.732],[5.158,44.731]]],[[[5.152,44.733],[5.149,44.732],[5.149,44.734],[5.152,44.734],[5.152,44.733]]],[[[5.149,44.739],[5.146,44.74],[5.145,44.742],[5.149,44.741],[5.149,44.739]]],[[[5.144,44.742],[5.141,44.741],[5.141,44.743],[5.143,44.743],[5.143,44.742],[5.144,44.742]]],[[[5.255,44.754],[5.252,44.754],[5.25,44.754],[5.248,44.754],[5.243,44.753],[5.244,44.755],[5.245,44.754],[5.25,44.755],[5.255,44.754]]],[[[5.158,44.762],[5.153,44.762],[5.153,44.761],[5.152,44.761],[5.158,44.762]]],[[[5.171,44.771],[5.17,44.767],[5.165,44.767],[5.17,44.768],[5.171,44.771]]],[[[5.145,44.772],[5.145,44.77],[5.142,44.77],[5.143,44.772],[5.145,44.772]]],[[[5.151,44.775],[5.149,44.775],[5.146,44.777],[5.151,44.778],[5.151,44.775]]],[[[5.15,44.778],[5.147,44.778],[5.147,44.778],[5.149,44.779],[5.15,44.778]]],[[[5.15,44.787],[5.148,44.786],[5.148,44.786],[5.148,44.788],[5.147,44.788],[5.149,44.791],[5.146,44.791],[5.146,44.793],[5.148,44.793],[5.149,44.791],[5.149,44.789],[5.15,44.787]]],[[[5.266,44.658],[5.263,44.658],[5.263,44.659],[5.266,44.658]]],[[[5.271,44.663],[5.269,44.661],[5.265,44.662],[5.266,44.661],[5.265,44.661],[5.263,44.661],[5.264,44.663],[5.266,44.664],[5.266,44.663],[5.27,44.664],[5.269,44.665],[5.268,44.665],[5.267,44.665],[5.269,44.666],[5.266,44.669],[5.267,44.67],[5.268,44.671],[5.268,44.669],[5.27,44.668],[5.269,44.666],[5.272,44.666],[5.271,44.665],[5.271,44.663]]],[[[5.276,44.673],[5.272,44.675],[5.27,44.674],[5.269,44.674],[5.267,44.676],[5.272,44.679],[5.276,44.673]]],[[[5.282,44.687],[5.281,44.686],[5.278,44.686],[5.28,44.687],[5.278,44.69],[5.275,44.689],[5.275,44.688],[5.269,44.688],[5.267,44.69],[5.265,44.689],[5.263,44.688],[5.262,44.689],[5.264,44.69],[5.264,44.692],[5.263,44.694],[5.271,44.694],[5.272,44.692],[5.273,44.692],[5.273,44.693],[5.275,44.692],[5.274,44.691],[5.275,44.691],[5.274,44.691],[5.276,44.692],[5.278,44.692],[5.279,44.691],[5.28,44.691],[5.28,44.689],[5.281,44.689],[5.28,44.687],[5.282,44.687]]],[[[5.259,44.693],[5.257,44.694],[5.254,44.694],[5.254,44.695],[5.25,44.696],[5.248,44.695],[5.246,44.696],[5.253,44.696],[5.258,44.694],[5.259,44.693]]],[[[5.264,44.695],[5.265,44.696],[5.267,44.696],[5.264,44.695]]],[[[5.267,44.696],[5.269,44.696],[5.269,44.696],[5.267,44.696]]],[[[5.269,44.696],[5.267,44.697],[5.269,44.697],[5.269,44.696]]],[[[5.266,44.697],[5.264,44.697],[5.264,44.698],[5.263,44.697],[5.264,44.696],[5.261,44.696],[5.263,44.698],[5.264,44.698],[5.265,44.698],[5.266,44.697]]],[[[5.25,44.699],[5.25,44.698],[5.25,44.698],[5.25,44.699]]],[[[5.25,44.699],[5.25,44.699],[5.253,44.701],[5.253,44.701],[5.253,44.7],[5.25,44.699]]],[[[5.25,44.701],[5.249,44.7],[5.25,44.7],[5.249,44.7],[5.25,44.701],[5.248,44.703],[5.248,44.704],[5.248,44.703],[5.25,44.701]]],[[[5.251,44.703],[5.25,44.702],[5.25,44.7],[5.25,44.701],[5.248,44.704],[5.249,44.705],[5.251,44.704],[5.251,44.704],[5.251,44.704],[5.25,44.705],[5.252,44.705],[5.251,44.704],[5.251,44.704],[5.251,44.703]]],[[[5.27,44.705],[5.267,44.702],[5.267,44.702],[5.265,44.702],[5.27,44.705]]],[[[5.255,44.705],[5.258,44.706],[5.254,44.703],[5.252,44.702],[5.252,44.702],[5.251,44.702],[5.251,44.703],[5.251,44.703],[5.251,44.702],[5.252,44.702],[5.25,44.699],[5.252,44.704],[5.252,44.706],[5.253,44.706],[5.256,44.709],[5.256,44.71],[5.257,44.71],[5.259,44.711],[5.26,44.71],[5.261,44.711],[5.258,44.706],[5.255,44.705]],[[5.255,44.706],[5.255,44.706],[5.255,44.705],[5.255,44.706]]],[[[5.248,44.704],[5.248,44.705],[5.247,44.706],[5.248,44.707],[5.248,44.706],[5.248,44.705],[5.248,44.704]]],[[[5.25,44.705],[5.25,44.706],[5.248,44.704],[5.249,44.705],[5.248,44.708],[5.248,44.708],[5.249,44.708],[5.248,44.708],[5.248,44.709],[5.247,44.71],[5.247,44.71],[5.248,44.709],[5.251,44.709],[5.251,44.709],[5.251,44.709],[5.251,44.709],[5.251,44.71],[5.252,44.709],[5.253,44.708],[5.252,44.706],[5.252,44.705],[5.25,44.705]]],[[[5.256,44.709],[5.252,44.706],[5.253,44.708],[5.253,44.711],[5.256,44.709]]],[[[5.253,44.708],[5.252,44.709],[5.251,44.711],[5.25,44.711],[5.253,44.711],[5.253,44.708]]],[[[5.256,44.71],[5.257,44.71],[5.257,44.71],[5.256,44.71]]],[[[5.25,44.71],[5.25,44.71],[5.25,44.711],[5.25,44.71]]],[[[5.257,44.71],[5.256,44.71],[5.257,44.711],[5.257,44.71]]],[[[5.25,44.711],[5.25,44.711],[5.25,44.71],[5.25,44.711]]],[[[5.25,44.711],[5.25,44.711],[5.25,44.711],[5.25,44.711]]],[[[5.256,44.71],[5.256,44.711],[5.256,44.711],[5.256,44.71]]],[[[5.256,44.712],[5.256,44.71],[5.253,44.711],[5.253,44.712],[5.254,44.712],[5.255,44.712],[5.256,44.712],[5.256,44.712]]],[[[5.25,44.711],[5.25,44.711],[5.25,44.711],[5.25,44.711]]],[[[5.25,44.711],[5.25,44.711],[5.25,44.711],[5.25,44.711]]],[[[5.262,44.711],[5.26,44.711],[5.26,44.711],[5.26,44.71],[5.259,44.711],[5.257,44.71],[5.257,44.712],[5.256,44.712],[5.256,44.712],[5.256,44.712],[5.257,44.711],[5.258,44.712],[5.259,44.712],[5.259,44.711],[5.261,44.711],[5.261,44.711],[5.263,44.712],[5.262,44.711]]],[[[5.253,44.711],[5.25,44.711],[5.25,44.712],[5.251,44.712],[5.254,44.712],[5.253,44.711]],[[5.253,44.711],[5.253,44.711],[5.253,44.711],[5.253,44.711]],[[5.25,44.712],[5.25,44.712],[5.25,44.712],[5.25,44.712]]],[[[5.255,44.712],[5.255,44.712],[5.254,44.712],[5.255,44.712]]],[[[5.253,44.712],[5.249,44.713],[5.251,44.714],[5.253,44.712]]],[[[5.25,44.716],[5.251,44.715],[5.249,44.713],[5.25,44.711],[5.25,44.711],[5.246,44.711],[5.247,44.713],[5.246,44.713],[5.245,44.713],[5.246,44.714],[5.246,44.714],[5.246,44.715],[5.247,44.714],[5.248,44.714],[5.248,44.714],[5.246,44.715],[5.247,44.715],[5.25,44.716]],[[5.249,44.714],[5.249,44.714],[5.249,44.713],[5.249,44.714]],[[5.248,44.715],[5.249,44.716],[5.248,44.715],[5.248,44.715]],[[5.248,44.715],[5.248,44.715],[5.249,44.715],[5.248,44.715]],[[5.249,44.715],[5.248,44.715],[5.249,44.715],[5.249,44.715],[5.249,44.715]],[[5.249,44.713],[5.249,44.713],[5.249,44.713],[5.249,44.713]]],[[[5.267,44.724],[5.265,44.72],[5.265,44.719],[5.264,44.719],[5.263,44.719],[5.265,44.719],[5.263,44.716],[5.265,44.718],[5.264,44.715],[5.263,44.716],[5.264,44.715],[5.263,44.711],[5.257,44.703],[5.256,44.702],[5.255,44.703],[5.256,44.702],[5.253,44.7],[5.253,44.701],[5.253,44.701],[5.253,44.702],[5.253,44.703],[5.26,44.707],[5.258,44.706],[5.261,44.71],[5.261,44.711],[5.261,44.71],[5.261,44.709],[5.261,44.709],[5.261,44.711],[5.262,44.711],[5.263,44.711],[5.263,44.712],[5.261,44.711],[5.259,44.712],[5.257,44.712],[5.255,44.712],[5.259,44.713],[5.259,44.714],[5.259,44.714],[5.261,44.714],[5.261,44.714],[5.26,44.715],[5.262,44.715],[5.262,44.716],[5.262,44.716],[5.26,44.716],[5.26,44.716],[5.259,44.716],[5.259,44.717],[5.259,44.716],[5.258,44.716],[5.255,44.716],[5.255,44.717],[5.255,44.716],[5.256,44.717],[5.256,44.717],[5.258,44.717],[5.259,44.718],[5.259,44.718],[5.256,44.717],[5.255,44.717],[5.253,44.718],[5.252,44.718],[5.252,44.718],[5.253,44.718],[5.254,44.718],[5.254,44.718],[5.252,44.719],[5.254,44.719],[5.255,44.719],[5.255,44.719],[5.255,44.72],[5.256,44.719],[5.257,44.719],[5.259,44.719],[5.259,44.72],[5.26,44.719],[5.261,44.719],[5.262,44.719],[5.262,44.719],[5.263,44.719],[5.263,44.719],[5.263,44.719],[5.259,44.72],[5.253,44.72],[5.254,44.72],[5.256,44.72],[5.257,44.721],[5.259,44.724],[5.259,44.725],[5.259,44.725],[5.261,44.725],[5.265,44.725],[5.263,44.724],[5.261,44.723],[5.263,44.724],[5.266,44.725],[5.266,44.725],[5.261,44.725],[5.259,44.725],[5.259,44.725],[5.259,44.725],[5.261,44.725],[5.262,44.725],[5.262,44.725],[5.263,44.726],[5.263,44.727],[5.264,44.728],[5.265,44.728],[5.265,44.728],[5.266,44.725],[5.267,44.724]],[[5.262,44.717],[5.261,44.717],[5.261,44.717],[5.26,44.718],[5.262,44.717]],[[5.263,44.723],[5.264,44.722],[5.264,44.722],[5.263,44.723]]],[[[5.262,44.715],[5.26,44.715],[5.261,44.714],[5.259,44.714],[5.259,44.713],[5.255,44.712],[5.256,44.714],[5.255,44.716],[5.255,44.717],[5.255,44.716],[5.256,44.716],[5.259,44.716],[5.261,44.716],[5.262,44.716],[5.262,44.715]]],[[[5.256,44.714],[5.255,44.712],[5.253,44.712],[5.251,44.714],[5.252,44.715],[5.252,44.716],[5.252,44.717],[5.252,44.718],[5.255,44.717],[5.254,44.716],[5.256,44.714]]],[[[5.248,44.716],[5.25,44.717],[5.248,44.716],[5.248,44.716]]],[[[5.252,44.716],[5.251,44.715],[5.251,44.715],[5.25,44.716],[5.249,44.717],[5.25,44.717],[5.249,44.717],[5.25,44.719],[5.25,44.717],[5.252,44.716]]],[[[5.274,44.715],[5.273,44.717],[5.273,44.718],[5.274,44.716],[5.274,44.715]]],[[[5.252,44.716],[5.251,44.717],[5.25,44.718],[5.251,44.718],[5.251,44.718],[5.251,44.718],[5.252,44.717],[5.252,44.716]]],[[[5.254,44.718],[5.252,44.718],[5.251,44.718],[5.251,44.718],[5.25,44.718],[5.254,44.718]]],[[[5.266,44.719],[5.265,44.718],[5.265,44.719],[5.266,44.719]]],[[[5.266,44.721],[5.265,44.72],[5.265,44.719],[5.265,44.719],[5.265,44.72],[5.266,44.721]]],[[[5.273,44.72],[5.273,44.721],[5.273,44.722],[5.274,44.723],[5.273,44.722],[5.275,44.722],[5.273,44.721],[5.275,44.721],[5.276,44.721],[5.273,44.72]]],[[[5.268,44.725],[5.268,44.723],[5.266,44.721],[5.268,44.724],[5.267,44.725],[5.268,44.725]]],[[[5.259,44.725],[5.258,44.725],[5.259,44.724],[5.257,44.723],[5.258,44.724],[5.256,44.721],[5.253,44.72],[5.254,44.72],[5.254,44.721],[5.253,44.72],[5.25,44.721],[5.251,44.721],[5.251,44.722],[5.251,44.724],[5.251,44.724],[5.251,44.725],[5.253,44.725],[5.253,44.726],[5.258,44.725],[5.256,44.726],[5.257,44.727],[5.256,44.728],[5.258,44.728],[5.257,44.729],[5.259,44.728],[5.259,44.728],[5.259,44.727],[5.26,44.726],[5.259,44.725]],[[5.258,44.725],[5.258,44.725],[5.258,44.725],[5.258,44.725]],[[5.258,44.725],[5.258,44.725],[5.258,44.725],[5.258,44.725]],[[5.255,44.723],[5.255,44.723],[5.255,44.724],[5.255,44.723]],[[5.255,44.722],[5.255,44.722],[5.255,44.721],[5.255,44.722],[5.255,44.722]]],[[[5.273,44.725],[5.274,44.725],[5.273,44.725],[5.273,44.725]]],[[[5.267,44.725],[5.266,44.726],[5.267,44.725],[5.267,44.725]]],[[[5.263,44.726],[5.259,44.725],[5.26,44.726],[5.259,44.728],[5.261,44.727],[5.263,44.727],[5.263,44.726]]],[[[5.266,44.729],[5.266,44.727],[5.265,44.729],[5.265,44.728],[5.264,44.728],[5.263,44.727],[5.261,44.727],[5.257,44.729],[5.257,44.729],[5.26,44.73],[5.261,44.731],[5.262,44.731],[5.262,44.732],[5.264,44.732],[5.266,44.735],[5.265,44.736],[5.261,44.734],[5.261,44.736],[5.263,44.737],[5.262,44.738],[5.263,44.74],[5.264,44.742],[5.263,44.742],[5.264,44.743],[5.262,44.744],[5.262,44.747],[5.263,44.747],[5.263,44.748],[5.266,44.742],[5.266,44.736],[5.268,44.733],[5.266,44.729],[5.266,44.729],[5.265,44.729],[5.265,44.729],[5.264,44.729],[5.264,44.729],[5.263,44.729],[5.263,44.729],[5.261,44.729],[5.26,44.729],[5.257,44.729],[5.261,44.729],[5.263,44.729],[5.263,44.729],[5.264,44.729],[5.265,44.729],[5.266,44.729]]],[[[5.273,44.733],[5.271,44.735],[5.271,44.736],[5.273,44.736],[5.273,44.736],[5.271,44.736],[5.265,44.748],[5.269,44.743],[5.27,44.743],[5.27,44.742],[5.273,44.741],[5.271,44.739],[5.272,44.737],[5.273,44.737],[5.279,44.739],[5.281,44.737],[5.282,44.737],[5.281,44.736],[5.283,44.735],[5.278,44.733],[5.279,44.731],[5.287,44.735],[5.29,44.734],[5.291,44.736],[5.289,44.737],[5.292,44.738],[5.291,44.736],[5.291,44.733],[5.292,44.732],[5.291,44.731],[5.283,44.73],[5.274,44.73],[5.273,44.733]],[[5.279,44.736],[5.28,44.736],[5.28,44.737],[5.279,44.736]],[[5.273,44.733],[5.273,44.733],[5.273,44.733],[5.273,44.733]]],[[[5.275,44.761],[5.274,44.757],[5.271,44.756],[5.27,44.754],[5.268,44.755],[5.268,44.756],[5.27,44.757],[5.272,44.761],[5.274,44.763],[5.275,44.761]]],[[[5.269,44.767],[5.268,44.764],[5.264,44.761],[5.263,44.759],[5.262,44.755],[5.263,44.753],[5.262,44.753],[5.262,44.752],[5.26,44.752],[5.26,44.754],[5.258,44.754],[5.257,44.755],[5.26,44.754],[5.259,44.755],[5.257,44.762],[5.257,44.762],[5.259,44.763],[5.258,44.764],[5.26,44.764],[5.259,44.767],[5.262,44.767],[5.261,44.769],[5.264,44.769],[5.266,44.767],[5.268,44.768],[5.269,44.767]]],[[[5.256,44.762],[5.255,44.764],[5.256,44.765],[5.257,44.763],[5.256,44.762]]],[[[5.286,44.764],[5.273,44.769],[5.274,44.77],[5.271,44.773],[5.271,44.772],[5.27,44.771],[5.266,44.771],[5.267,44.773],[5.264,44.772],[5.262,44.774],[5.263,44.776],[5.26,44.778],[5.261,44.78],[5.262,44.78],[5.261,44.778],[5.263,44.778],[5.265,44.777],[5.268,44.777],[5.27,44.778],[5.276,44.772],[5.278,44.771],[5.279,44.772],[5.28,44.77],[5.284,44.769],[5.284,44.767],[5.284,44.767],[5.286,44.764]]],[[[5.284,44.779],[5.28,44.777],[5.279,44.776],[5.275,44.78],[5.273,44.781],[5.274,44.782],[5.276,44.78],[5.277,44.782],[5.277,44.781],[5.279,44.782],[5.28,44.781],[5.278,44.779],[5.278,44.779],[5.28,44.779],[5.281,44.779],[5.283,44.78],[5.282,44.78],[5.284,44.779]]],[[[5.277,44.654],[5.277,44.654],[5.279,44.656],[5.278,44.655],[5.277,44.654]]],[[[5.276,44.656],[5.275,44.658],[5.276,44.658],[5.276,44.656]]],[[[5.366,44.659],[5.358,44.658],[5.353,44.657],[5.352,44.658],[5.354,44.658],[5.353,44.66],[5.36,44.66],[5.361,44.661],[5.365,44.659],[5.365,44.659],[5.366,44.659]]],[[[5.277,44.662],[5.272,44.662],[5.272,44.664],[5.277,44.662],[5.277,44.662]]],[[[5.28,44.668],[5.276,44.667],[5.277,44.666],[5.277,44.665],[5.277,44.665],[5.274,44.664],[5.273,44.665],[5.272,44.665],[5.274,44.667],[5.274,44.669],[5.274,44.669],[5.275,44.669],[5.274,44.67],[5.276,44.671],[5.28,44.668]]],[[[5.298,44.684],[5.295,44.683],[5.294,44.681],[5.289,44.682],[5.287,44.689],[5.287,44.689],[5.284,44.688],[5.285,44.686],[5.282,44.686],[5.281,44.688],[5.282,44.688],[5.283,44.688],[5.284,44.689],[5.282,44.69],[5.281,44.689],[5.281,44.69],[5.282,44.691],[5.28,44.692],[5.284,44.692],[5.286,44.69],[5.287,44.691],[5.289,44.691],[5.292,44.693],[5.295,44.693],[5.295,44.691],[5.298,44.684]]],[[[5.301,44.693],[5.297,44.691],[5.296,44.688],[5.295,44.692],[5.297,44.692],[5.297,44.691],[5.299,44.692],[5.299,44.694],[5.3,44.695],[5.301,44.695],[5.301,44.693]]],[[[5.286,44.693],[5.285,44.692],[5.285,44.692],[5.286,44.693]]],[[[5.282,44.695],[5.279,44.693],[5.274,44.695],[5.272,44.697],[5.272,44.699],[5.268,44.701],[5.269,44.702],[5.27,44.701],[5.274,44.7],[5.273,44.701],[5.273,44.703],[5.274,44.704],[5.276,44.702],[5.275,44.7],[5.276,44.699],[5.276,44.697],[5.278,44.698],[5.278,44.699],[5.278,44.699],[5.281,44.699],[5.28,44.699],[5.282,44.696],[5.282,44.695]]],[[[5.307,44.702],[5.308,44.703],[5.31,44.702],[5.309,44.702],[5.307,44.702]]],[[[5.283,44.693],[5.282,44.695],[5.286,44.697],[5.284,44.698],[5.284,44.7],[5.285,44.701],[5.285,44.7],[5.286,44.701],[5.288,44.702],[5.284,44.706],[5.286,44.706],[5.288,44.704],[5.291,44.703],[5.29,44.707],[5.285,44.708],[5.284,44.708],[5.283,44.709],[5.276,44.712],[5.276,44.713],[5.275,44.713],[5.278,44.715],[5.278,44.717],[5.279,44.716],[5.281,44.717],[5.279,44.721],[5.281,44.721],[5.281,44.719],[5.283,44.719],[5.283,44.718],[5.284,44.719],[5.284,44.718],[5.289,44.719],[5.29,44.719],[5.288,44.717],[5.285,44.717],[5.286,44.715],[5.284,44.715],[5.288,44.713],[5.296,44.712],[5.294,44.71],[5.295,44.71],[5.295,44.711],[5.296,44.711],[5.295,44.71],[5.296,44.709],[5.297,44.71],[5.299,44.711],[5.299,44.709],[5.304,44.709],[5.305,44.708],[5.299,44.707],[5.298,44.705],[5.296,44.705],[5.297,44.703],[5.293,44.702],[5.295,44.701],[5.293,44.698],[5.294,44.697],[5.295,44.698],[5.297,44.698],[5.295,44.699],[5.296,44.7],[5.297,44.699],[5.298,44.699],[5.299,44.701],[5.301,44.701],[5.301,44.7],[5.301,44.699],[5.301,44.698],[5.302,44.698],[5.304,44.701],[5.306,44.702],[5.307,44.702],[5.307,44.701],[5.309,44.7],[5.307,44.698],[5.309,44.698],[5.311,44.7],[5.312,44.7],[5.313,44.701],[5.314,44.7],[5.313,44.699],[5.314,44.696],[5.311,44.697],[5.304,44.696],[5.301,44.696],[5.3,44.695],[5.301,44.697],[5.299,44.698],[5.297,44.696],[5.298,44.694],[5.296,44.695],[5.295,44.693],[5.288,44.694],[5.288,44.696],[5.287,44.695],[5.286,44.696],[5.286,44.696],[5.285,44.696],[5.287,44.694],[5.283,44.693]],[[5.284,44.694],[5.284,44.694],[5.284,44.694],[5.284,44.694]]],[[[5.277,44.706],[5.277,44.705],[5.275,44.705],[5.276,44.708],[5.273,44.709],[5.271,44.708],[5.273,44.713],[5.276,44.713],[5.276,44.712],[5.277,44.711],[5.277,44.709],[5.279,44.709],[5.278,44.708],[5.28,44.706],[5.277,44.706]]],[[[5.316,44.713],[5.312,44.71],[5.309,44.711],[5.303,44.71],[5.306,44.712],[5.303,44.712],[5.304,44.714],[5.304,44.715],[5.305,44.714],[5.307,44.715],[5.306,44.713],[5.307,44.712],[5.309,44.712],[5.31,44.711],[5.312,44.711],[5.307,44.714],[5.308,44.716],[5.309,44.716],[5.306,44.718],[5.309,44.717],[5.31,44.718],[5.311,44.716],[5.313,44.717],[5.315,44.715],[5.313,44.715],[5.313,44.714],[5.316,44.713]]],[[[5.305,44.716],[5.304,44.715],[5.301,44.716],[5.302,44.719],[5.3,44.72],[5.302,44.72],[5.304,44.718],[5.304,44.716],[5.306,44.717],[5.306,44.716],[5.305,44.715],[5.305,44.716]]],[[[5.31,44.719],[5.311,44.72],[5.312,44.72],[5.313,44.719],[5.31,44.719]]],[[[5.31,44.72],[5.306,44.718],[5.299,44.722],[5.291,44.724],[5.288,44.724],[5.287,44.724],[5.289,44.726],[5.301,44.725],[5.306,44.723],[5.302,44.722],[5.302,44.723],[5.301,44.723],[5.3,44.722],[5.304,44.722],[5.306,44.723],[5.31,44.722],[5.31,44.72]]],[[[5.291,44.723],[5.292,44.722],[5.292,44.722],[5.291,44.723]]],[[[5.291,44.727],[5.289,44.727],[5.289,44.728],[5.291,44.727]]],[[[5.281,44.729],[5.279,44.729],[5.279,44.729],[5.281,44.729],[5.281,44.729]]],[[[5.303,44.734],[5.3,44.733],[5.3,44.73],[5.299,44.729],[5.289,44.728],[5.287,44.725],[5.285,44.725],[5.275,44.726],[5.272,44.726],[5.273,44.727],[5.273,44.729],[5.276,44.73],[5.277,44.73],[5.277,44.729],[5.279,44.728],[5.284,44.728],[5.284,44.726],[5.286,44.726],[5.287,44.728],[5.286,44.728],[5.286,44.729],[5.282,44.728],[5.281,44.729],[5.291,44.731],[5.296,44.734],[5.303,44.734]]],[[[5.308,44.733],[5.305,44.733],[5.306,44.734],[5.308,44.733]]],[[[5.298,44.739],[5.296,44.736],[5.295,44.735],[5.292,44.733],[5.292,44.737],[5.294,44.736],[5.295,44.738],[5.295,44.737],[5.297,44.739],[5.298,44.739]]],[[[5.305,44.739],[5.301,44.736],[5.304,44.736],[5.304,44.733],[5.303,44.734],[5.299,44.734],[5.3,44.735],[5.301,44.736],[5.302,44.737],[5.302,44.738],[5.304,44.738],[5.305,44.739]]],[[[5.304,44.739],[5.302,44.738],[5.299,44.734],[5.296,44.734],[5.291,44.731],[5.301,44.74],[5.301,44.739],[5.302,44.739],[5.302,44.74],[5.303,44.739],[5.303,44.741],[5.304,44.741],[5.304,44.739]]],[[[5.292,44.737],[5.292,44.738],[5.292,44.738],[5.292,44.737]]],[[[5.361,44.75],[5.359,44.75],[5.36,44.751],[5.361,44.75]]],[[[5.359,44.75],[5.358,44.752],[5.359,44.752],[5.36,44.751],[5.359,44.75]]],[[[5.35,44.757],[5.35,44.758],[5.351,44.758],[5.351,44.757],[5.351,44.758],[5.35,44.757]]],[[[5.351,44.759],[5.35,44.758],[5.35,44.757],[5.347,44.758],[5.348,44.758],[5.349,44.759],[5.351,44.759]]],[[[5.349,44.76],[5.345,44.757],[5.345,44.758],[5.345,44.759],[5.344,44.759],[5.344,44.759],[5.344,44.759],[5.345,44.759],[5.345,44.758],[5.346,44.761],[5.347,44.761],[5.349,44.76]]],[[[5.342,44.759],[5.341,44.76],[5.342,44.76],[5.342,44.759]]],[[[5.345,44.761],[5.344,44.76],[5.343,44.758],[5.342,44.76],[5.343,44.761],[5.345,44.761]]],[[[5.342,44.76],[5.342,44.761],[5.342,44.762],[5.343,44.761],[5.343,44.761],[5.343,44.761],[5.342,44.76]]],[[[5.342,44.76],[5.339,44.76],[5.34,44.761],[5.337,44.762],[5.337,44.764],[5.339,44.764],[5.342,44.762],[5.342,44.76],[5.342,44.76]]],[[[5.336,44.764],[5.336,44.761],[5.334,44.762],[5.336,44.762],[5.334,44.763],[5.335,44.764],[5.336,44.764]]],[[[5.298,44.765],[5.295,44.764],[5.293,44.764],[5.295,44.764],[5.296,44.767],[5.298,44.765]]],[[[5.309,44.767],[5.305,44.764],[5.298,44.764],[5.297,44.767],[5.293,44.77],[5.295,44.77],[5.295,44.769],[5.298,44.767],[5.299,44.765],[5.305,44.765],[5.309,44.767]]],[[[5.288,44.768],[5.286,44.766],[5.285,44.766],[5.284,44.767],[5.284,44.769],[5.286,44.77],[5.288,44.768]]],[[[5.352,44.77],[5.349,44.772],[5.35,44.772],[5.353,44.772],[5.352,44.77]]],[[[5.34,44.771],[5.341,44.772],[5.341,44.772],[5.342,44.773],[5.342,44.774],[5.343,44.773],[5.343,44.773],[5.34,44.771]]],[[[5.29,44.77],[5.285,44.772],[5.283,44.771],[5.283,44.773],[5.279,44.776],[5.284,44.779],[5.284,44.778],[5.286,44.778],[5.287,44.778],[5.289,44.778],[5.289,44.776],[5.287,44.775],[5.289,44.775],[5.29,44.773],[5.289,44.771],[5.29,44.77]]],[[[5.343,44.773],[5.342,44.774],[5.342,44.774],[5.343,44.773]]],[[[5.319,44.771],[5.317,44.771],[5.31,44.767],[5.309,44.767],[5.311,44.77],[5.31,44.77],[5.312,44.771],[5.312,44.771],[5.312,44.772],[5.312,44.773],[5.316,44.774],[5.319,44.774],[5.316,44.775],[5.316,44.776],[5.314,44.777],[5.315,44.777],[5.311,44.78],[5.315,44.782],[5.317,44.78],[5.319,44.774],[5.32,44.773],[5.32,44.772],[5.319,44.772],[5.319,44.771]]],[[[5.342,44.774],[5.341,44.775],[5.34,44.775],[5.34,44.775],[5.34,44.775],[5.341,44.774],[5.341,44.774],[5.34,44.773],[5.34,44.774],[5.338,44.774],[5.339,44.777],[5.338,44.774],[5.34,44.773],[5.342,44.774],[5.34,44.771],[5.339,44.771],[5.339,44.771],[5.337,44.772],[5.337,44.772],[5.336,44.773],[5.336,44.773],[5.336,44.773],[5.336,44.773],[5.336,44.773],[5.335,44.773],[5.335,44.774],[5.335,44.773],[5.339,44.771],[5.339,44.77],[5.335,44.772],[5.334,44.771],[5.333,44.773],[5.334,44.775],[5.333,44.773],[5.331,44.773],[5.33,44.771],[5.321,44.773],[5.32,44.778],[5.317,44.78],[5.318,44.781],[5.317,44.785],[5.315,44.785],[5.313,44.789],[5.311,44.79],[5.309,44.789],[5.306,44.794],[5.308,44.794],[5.308,44.795],[5.309,44.794],[5.31,44.795],[5.311,44.794],[5.312,44.795],[5.314,44.794],[5.315,44.792],[5.315,44.792],[5.317,44.791],[5.319,44.789],[5.317,44.788],[5.318,44.788],[5.32,44.786],[5.323,44.786],[5.323,44.785],[5.325,44.786],[5.327,44.785],[5.326,44.783],[5.327,44.782],[5.327,44.781],[5.328,44.781],[5.331,44.779],[5.331,44.779],[5.332,44.779],[5.331,44.777],[5.333,44.777],[5.333,44.776],[5.336,44.776],[5.336,44.777],[5.337,44.777],[5.335,44.778],[5.335,44.778],[5.337,44.779],[5.339,44.777],[5.342,44.776],[5.342,44.774]],[[5.334,44.776],[5.334,44.775],[5.334,44.775],[5.334,44.776]]],[[[5.359,44.775],[5.356,44.773],[5.355,44.774],[5.356,44.773],[5.354,44.772],[5.353,44.772],[5.353,44.777],[5.358,44.777],[5.358,44.775],[5.359,44.775]]],[[[5.363,44.775],[5.362,44.774],[5.363,44.776],[5.363,44.776],[5.364,44.776],[5.364,44.776],[5.363,44.775]]],[[[5.342,44.774],[5.342,44.776],[5.341,44.778],[5.342,44.777],[5.343,44.776],[5.344,44.775],[5.345,44.774],[5.343,44.773],[5.342,44.774]]],[[[5.359,44.775],[5.358,44.777],[5.359,44.777],[5.36,44.775],[5.359,44.775]]],[[[5.349,44.781],[5.348,44.778],[5.347,44.779],[5.346,44.78],[5.346,44.78],[5.345,44.78],[5.348,44.778],[5.348,44.777],[5.347,44.777],[5.345,44.778],[5.348,44.777],[5.347,44.775],[5.346,44.775],[5.345,44.777],[5.345,44.777],[5.346,44.775],[5.345,44.774],[5.341,44.778],[5.344,44.779],[5.343,44.78],[5.345,44.781],[5.345,44.782],[5.347,44.782],[5.349,44.781]]],[[[5.351,44.778],[5.352,44.779],[5.352,44.778],[5.351,44.778]]],[[[5.351,44.779],[5.351,44.78],[5.352,44.78],[5.352,44.78],[5.351,44.779]]],[[[5.354,44.782],[5.352,44.781],[5.352,44.783],[5.353,44.783],[5.354,44.782]]],[[[5.348,44.781],[5.347,44.782],[5.349,44.784],[5.349,44.784],[5.348,44.781]]],[[[5.314,44.782],[5.311,44.784],[5.307,44.784],[5.307,44.785],[5.31,44.785],[5.312,44.786],[5.312,44.784],[5.315,44.783],[5.314,44.782]]],[[[5.307,44.792],[5.304,44.794],[5.303,44.796],[5.305,44.795],[5.307,44.792]]],[[[5.38,44.656],[5.379,44.657],[5.38,44.659],[5.38,44.656]]],[[[5.395,44.673],[5.389,44.667],[5.383,44.664],[5.375,44.662],[5.372,44.66],[5.369,44.66],[5.367,44.659],[5.361,44.661],[5.359,44.661],[5.356,44.662],[5.358,44.665],[5.36,44.662],[5.361,44.664],[5.362,44.664],[5.365,44.665],[5.366,44.664],[5.369,44.666],[5.369,44.667],[5.376,44.667],[5.377,44.666],[5.379,44.667],[5.381,44.666],[5.385,44.667],[5.386,44.666],[5.386,44.669],[5.388,44.669],[5.389,44.67],[5.389,44.671],[5.392,44.673],[5.395,44.673]],[[5.378,44.663],[5.373,44.663],[5.371,44.662],[5.369,44.662],[5.375,44.663],[5.379,44.663],[5.378,44.663]]],[[[5.365,44.674],[5.364,44.674],[5.365,44.674],[5.365,44.674]]],[[[5.363,44.676],[5.363,44.675],[5.362,44.676],[5.362,44.677],[5.363,44.676]]],[[[5.385,44.68],[5.383,44.679],[5.381,44.679],[5.379,44.676],[5.375,44.675],[5.372,44.675],[5.372,44.676],[5.375,44.678],[5.375,44.681],[5.377,44.681],[5.377,44.681],[5.38,44.682],[5.381,44.682],[5.386,44.681],[5.386,44.68],[5.385,44.68]]],[[[5.386,44.687],[5.382,44.687],[5.381,44.688],[5.384,44.688],[5.386,44.687]]],[[[5.389,44.696],[5.386,44.696],[5.386,44.695],[5.382,44.695],[5.382,44.696],[5.384,44.696],[5.384,44.698],[5.381,44.698],[5.38,44.699],[5.389,44.699],[5.389,44.696]]],[[[5.38,44.7],[5.378,44.701],[5.378,44.702],[5.382,44.701],[5.38,44.7]]],[[[5.38,44.708],[5.382,44.709],[5.384,44.708],[5.384,44.708],[5.38,44.708]]],[[[5.393,44.71],[5.391,44.709],[5.391,44.708],[5.39,44.708],[5.385,44.709],[5.382,44.709],[5.381,44.71],[5.375,44.71],[5.376,44.71],[5.374,44.712],[5.376,44.713],[5.379,44.711],[5.386,44.712],[5.392,44.711],[5.393,44.71]]],[[[5.383,44.715],[5.381,44.715],[5.38,44.716],[5.384,44.716],[5.383,44.715]]],[[[5.386,44.716],[5.384,44.716],[5.384,44.717],[5.386,44.717],[5.386,44.716]]],[[[5.377,44.72],[5.375,44.721],[5.378,44.721],[5.377,44.72]]],[[[5.377,44.721],[5.375,44.721],[5.376,44.722],[5.377,44.721]]],[[[5.378,44.721],[5.377,44.721],[5.378,44.722],[5.38,44.722],[5.378,44.721]]],[[[5.377,44.722],[5.377,44.722],[5.376,44.722],[5.377,44.722]]],[[[5.383,44.722],[5.381,44.721],[5.385,44.724],[5.387,44.725],[5.383,44.722]]],[[[5.382,44.726],[5.381,44.727],[5.382,44.729],[5.385,44.729],[5.385,44.727],[5.383,44.727],[5.382,44.726]]],[[[5.381,44.739],[5.381,44.739],[5.381,44.739],[5.381,44.739]]],[[[5.381,44.739],[5.378,44.74],[5.38,44.741],[5.381,44.739]]],[[[5.388,44.748],[5.386,44.747],[5.384,44.749],[5.386,44.749],[5.387,44.749],[5.387,44.749],[5.387,44.748],[5.388,44.748],[5.39,44.749],[5.388,44.748]]],[[[5.384,44.749],[5.385,44.749],[5.385,44.749],[5.384,44.749]]],[[[5.382,44.751],[5.38,44.751],[5.381,44.752],[5.382,44.751],[5.382,44.751]]],[[[5.386,44.751],[5.387,44.751],[5.387,44.751],[5.387,44.751],[5.386,44.751]]],[[[5.385,44.753],[5.382,44.751],[5.381,44.752],[5.382,44.753],[5.384,44.754],[5.385,44.753]]],[[[5.388,44.754],[5.385,44.753],[5.384,44.754],[5.386,44.755],[5.387,44.755],[5.387,44.755],[5.388,44.755],[5.388,44.754]]],[[[5.39,44.756],[5.387,44.755],[5.387,44.755],[5.386,44.755],[5.385,44.754],[5.385,44.755],[5.387,44.756],[5.39,44.756]]],[[[5.375,44.755],[5.373,44.756],[5.374,44.756],[5.374,44.756],[5.373,44.756],[5.373,44.757],[5.375,44.757],[5.375,44.755]]],[[[5.372,44.757],[5.371,44.756],[5.37,44.758],[5.372,44.759],[5.373,44.757],[5.372,44.757]]],[[[5.384,44.763],[5.381,44.76],[5.38,44.761],[5.38,44.761],[5.381,44.76],[5.375,44.755],[5.377,44.758],[5.375,44.756],[5.374,44.757],[5.377,44.759],[5.377,44.761],[5.378,44.761],[5.379,44.761],[5.379,44.761],[5.379,44.761],[5.378,44.761],[5.381,44.764],[5.381,44.765],[5.382,44.765],[5.383,44.764],[5.385,44.763],[5.384,44.763]]],[[[5.378,44.761],[5.378,44.761],[5.378,44.761],[5.378,44.761]]],[[[5.371,44.763],[5.369,44.761],[5.367,44.763],[5.369,44.762],[5.371,44.763],[5.371,44.763]]],[[[5.374,44.764],[5.374,44.762],[5.374,44.761],[5.373,44.761],[5.372,44.76],[5.371,44.761],[5.372,44.761],[5.373,44.762],[5.373,44.763],[5.373,44.763],[5.373,44.764],[5.372,44.761],[5.371,44.761],[5.371,44.761],[5.372,44.76],[5.369,44.759],[5.369,44.761],[5.371,44.761],[5.373,44.764],[5.372,44.763],[5.371,44.764],[5.371,44.764],[5.37,44.764],[5.37,44.764],[5.371,44.763],[5.369,44.764],[5.368,44.763],[5.369,44.764],[5.372,44.764],[5.373,44.764],[5.374,44.764],[5.374,44.764]]],[[[5.378,44.763],[5.376,44.761],[5.376,44.762],[5.376,44.762],[5.376,44.762],[5.376,44.762],[5.375,44.763],[5.376,44.764],[5.377,44.764],[5.378,44.763]]],[[[5.375,44.762],[5.374,44.761],[5.375,44.764],[5.375,44.764],[5.375,44.763],[5.376,44.761],[5.375,44.761],[5.375,44.762]]],[[[5.369,44.763],[5.368,44.763],[5.369,44.763],[5.369,44.763],[5.369,44.763]]],[[[5.367,44.763],[5.368,44.763],[5.368,44.763],[5.367,44.763]]],[[[5.37,44.763],[5.369,44.763],[5.369,44.763],[5.37,44.763]]],[[[5.371,44.763],[5.371,44.763],[5.372,44.763],[5.371,44.763]]],[[[5.381,44.765],[5.379,44.764],[5.38,44.767],[5.382,44.765],[5.381,44.765]]],[[[5.384,44.765],[5.384,44.765],[5.383,44.765],[5.383,44.766],[5.383,44.766],[5.384,44.767],[5.386,44.765],[5.384,44.765]]],[[[5.383,44.766],[5.382,44.765],[5.381,44.766],[5.383,44.767],[5.384,44.767],[5.383,44.766]]],[[[5.389,44.766],[5.386,44.765],[5.388,44.766],[5.387,44.767],[5.386,44.765],[5.385,44.766],[5.386,44.767],[5.386,44.767],[5.388,44.768],[5.389,44.766]]],[[[5.385,44.766],[5.384,44.767],[5.386,44.767],[5.385,44.766]]],[[[5.383,44.771],[5.384,44.767],[5.383,44.767],[5.381,44.766],[5.38,44.767],[5.383,44.771]]],[[[5.365,44.771],[5.364,44.771],[5.365,44.77],[5.365,44.77],[5.365,44.77],[5.365,44.769],[5.365,44.768],[5.364,44.768],[5.362,44.767],[5.364,44.77],[5.364,44.771],[5.363,44.771],[5.363,44.772],[5.366,44.772],[5.365,44.771]]],[[[5.371,44.771],[5.368,44.769],[5.368,44.77],[5.369,44.77],[5.369,44.772],[5.369,44.77],[5.368,44.771],[5.368,44.769],[5.367,44.77],[5.366,44.768],[5.365,44.768],[5.365,44.77],[5.366,44.771],[5.366,44.771],[5.366,44.772],[5.37,44.773],[5.371,44.771]]],[[[5.376,44.772],[5.372,44.768],[5.371,44.769],[5.372,44.769],[5.372,44.769],[5.373,44.77],[5.371,44.768],[5.369,44.769],[5.37,44.771],[5.371,44.77],[5.374,44.774],[5.375,44.774],[5.375,44.772],[5.376,44.772]]],[[[5.373,44.773],[5.371,44.772],[5.372,44.773],[5.373,44.773]]],[[[5.366,44.773],[5.366,44.773],[5.366,44.774],[5.366,44.773]]],[[[5.366,44.773],[5.366,44.773],[5.367,44.773],[5.367,44.773],[5.367,44.773],[5.366,44.773]]],[[[5.385,44.772],[5.384,44.771],[5.383,44.775],[5.385,44.775],[5.385,44.772]]],[[[5.382,44.774],[5.378,44.773],[5.379,44.774],[5.38,44.775],[5.382,44.775],[5.382,44.774]]],[[[5.367,44.773],[5.366,44.773],[5.366,44.774],[5.366,44.774],[5.364,44.773],[5.363,44.773],[5.364,44.773],[5.365,44.773],[5.365,44.774],[5.363,44.773],[5.365,44.776],[5.365,44.776],[5.365,44.776],[5.366,44.776],[5.366,44.776],[5.367,44.775],[5.367,44.775],[5.367,44.776],[5.368,44.775],[5.367,44.775],[5.367,44.773]]],[[[5.367,44.775],[5.366,44.776],[5.366,44.776],[5.367,44.776],[5.367,44.775]]],[[[5.369,44.776],[5.368,44.776],[5.367,44.776],[5.367,44.776],[5.367,44.776],[5.365,44.776],[5.365,44.777],[5.365,44.778],[5.368,44.777],[5.368,44.776],[5.369,44.776]]],[[[5.365,44.778],[5.364,44.776],[5.363,44.776],[5.365,44.778]]],[[[5.416,44.642],[5.414,44.642],[5.41,44.643],[5.411,44.644],[5.415,44.643],[5.416,44.642]]],[[[5.41,44.65],[5.405,44.649],[5.404,44.649],[5.407,44.651],[5.41,44.65]]],[[[5.408,44.656],[5.407,44.655],[5.405,44.656],[5.406,44.657],[5.408,44.657],[5.407,44.657],[5.408,44.656]]],[[[5.398,44.659],[5.398,44.658],[5.395,44.657],[5.397,44.66],[5.398,44.659]]],[[[5.387,44.658],[5.387,44.661],[5.389,44.662],[5.389,44.66],[5.388,44.659],[5.389,44.658],[5.387,44.658]]],[[[5.403,44.67],[5.402,44.668],[5.403,44.668],[5.4,44.666],[5.398,44.663],[5.398,44.664],[5.394,44.664],[5.402,44.67],[5.403,44.67]]],[[[5.415,44.673],[5.413,44.67],[5.409,44.672],[5.408,44.674],[5.41,44.675],[5.413,44.673],[5.415,44.673]]],[[[5.403,44.697],[5.405,44.697],[5.405,44.696],[5.403,44.697]]],[[[5.415,44.697],[5.413,44.696],[5.412,44.696],[5.414,44.697],[5.414,44.698],[5.415,44.697]]],[[[5.412,44.696],[5.41,44.696],[5.406,44.699],[5.405,44.698],[5.404,44.698],[5.404,44.702],[5.406,44.702],[5.407,44.701],[5.406,44.699],[5.411,44.698],[5.411,44.697],[5.412,44.697],[5.412,44.696]]],[[[5.389,44.7],[5.386,44.699],[5.381,44.7],[5.383,44.702],[5.382,44.702],[5.387,44.701],[5.39,44.701],[5.389,44.7]]],[[[5.414,44.706],[5.414,44.705],[5.415,44.706],[5.415,44.705],[5.412,44.704],[5.408,44.705],[5.409,44.706],[5.411,44.705],[5.411,44.706],[5.412,44.705],[5.414,44.706]]],[[[5.413,44.711],[5.413,44.71],[5.409,44.708],[5.409,44.709],[5.411,44.711],[5.413,44.711]]],[[[5.395,44.711],[5.392,44.712],[5.393,44.713],[5.395,44.711]]],[[[5.416,44.711],[5.414,44.71],[5.415,44.712],[5.416,44.712],[5.416,44.711]]],[[[5.396,44.713],[5.396,44.711],[5.395,44.711],[5.395,44.713],[5.396,44.714],[5.396,44.715],[5.396,44.713]]],[[[5.386,44.716],[5.386,44.716],[5.388,44.717],[5.388,44.716],[5.386,44.716]]],[[[5.414,44.715],[5.413,44.715],[5.409,44.717],[5.41,44.717],[5.414,44.715]]],[[[5.387,44.717],[5.388,44.717],[5.386,44.716],[5.386,44.717],[5.387,44.717]]],[[[5.421,44.72],[5.42,44.719],[5.415,44.72],[5.412,44.719],[5.413,44.717],[5.411,44.719],[5.409,44.718],[5.406,44.719],[5.409,44.719],[5.41,44.72],[5.413,44.721],[5.416,44.723],[5.419,44.721],[5.421,44.722],[5.421,44.72]]],[[[5.407,44.722],[5.405,44.721],[5.405,44.721],[5.407,44.722]]],[[[5.404,44.721],[5.401,44.724],[5.401,44.725],[5.405,44.722],[5.404,44.721]]],[[[5.414,44.728],[5.412,44.725],[5.414,44.725],[5.412,44.724],[5.412,44.723],[5.408,44.723],[5.408,44.724],[5.407,44.723],[5.407,44.725],[5.403,44.724],[5.402,44.725],[5.408,44.725],[5.408,44.724],[5.409,44.723],[5.41,44.724],[5.409,44.726],[5.408,44.725],[5.408,44.727],[5.406,44.727],[5.406,44.726],[5.401,44.726],[5.399,44.727],[5.396,44.727],[5.395,44.727],[5.398,44.727],[5.4,44.728],[5.402,44.727],[5.405,44.727],[5.405,44.727],[5.407,44.727],[5.408,44.729],[5.409,44.729],[5.411,44.728],[5.41,44.728],[5.411,44.727],[5.41,44.727],[5.411,44.726],[5.414,44.728]]],[[[5.408,44.738],[5.406,44.736],[5.406,44.737],[5.406,44.738],[5.407,44.738],[5.408,44.738],[5.408,44.738]]],[[[5.408,44.738],[5.406,44.738],[5.406,44.737],[5.405,44.738],[5.407,44.739],[5.408,44.738]]],[[[5.402,44.741],[5.401,44.739],[5.401,44.739],[5.4,44.74],[5.4,44.74],[5.4,44.74],[5.399,44.74],[5.402,44.739],[5.399,44.738],[5.398,44.74],[5.402,44.741]]],[[[5.397,44.738],[5.395,44.741],[5.396,44.741],[5.397,44.738]]],[[[5.409,44.739],[5.411,44.74],[5.411,44.739],[5.409,44.739]]],[[[5.411,44.74],[5.412,44.739],[5.411,44.739],[5.411,44.74]]],[[[5.408,44.739],[5.407,44.739],[5.406,44.741],[5.407,44.741],[5.408,44.739]]],[[[5.413,44.74],[5.412,44.74],[5.412,44.741],[5.413,44.741],[5.413,44.74],[5.413,44.74]]],[[[5.414,44.74],[5.413,44.741],[5.414,44.741],[5.414,44.74]]],[[[5.404,44.741],[5.404,44.74],[5.404,44.742],[5.404,44.741]]],[[[5.403,44.74],[5.402,44.741],[5.403,44.743],[5.404,44.74],[5.403,44.74]]],[[[5.405,44.743],[5.404,44.741],[5.404,44.742],[5.405,44.743]]],[[[5.395,44.745],[5.392,44.742],[5.391,44.742],[5.391,44.743],[5.392,44.742],[5.392,44.742],[5.395,44.745]]],[[[5.398,44.745],[5.396,44.744],[5.396,44.744],[5.397,44.744],[5.397,44.745],[5.398,44.746],[5.398,44.746],[5.398,44.746],[5.398,44.745]]],[[[5.396,44.745],[5.392,44.743],[5.392,44.744],[5.392,44.744],[5.392,44.744],[5.392,44.744],[5.392,44.744],[5.392,44.744],[5.393,44.745],[5.394,44.746],[5.394,44.747],[5.394,44.746],[5.392,44.744],[5.392,44.743],[5.392,44.743],[5.392,44.742],[5.385,44.746],[5.39,44.747],[5.394,44.747],[5.395,44.748],[5.396,44.745]]],[[[5.401,44.746],[5.398,44.746],[5.396,44.744],[5.395,44.744],[5.396,44.745],[5.396,44.746],[5.4,44.748],[5.401,44.746]]],[[[5.399,44.747],[5.398,44.747],[5.396,44.746],[5.396,44.745],[5.395,44.745],[5.396,44.745],[5.396,44.746],[5.398,44.747],[5.399,44.747]]],[[[5.399,44.747],[5.397,44.747],[5.398,44.748],[5.399,44.747],[5.399,44.747]]],[[[5.4,44.748],[5.399,44.747],[5.398,44.748],[5.4,44.749],[5.4,44.748]]],[[[5.397,44.747],[5.396,44.748],[5.396,44.749],[5.397,44.749],[5.397,44.749],[5.397,44.749],[5.398,44.75],[5.397,44.749],[5.397,44.749],[5.397,44.749],[5.398,44.748],[5.397,44.747]]],[[[5.399,44.749],[5.397,44.749],[5.398,44.75],[5.399,44.749]]],[[[5.397,44.749],[5.395,44.748],[5.393,44.749],[5.391,44.749],[5.392,44.75],[5.392,44.749],[5.393,44.749],[5.393,44.75],[5.393,44.75],[5.395,44.749],[5.398,44.75],[5.397,44.749]]],[[[5.393,44.751],[5.393,44.75],[5.392,44.75],[5.392,44.75],[5.39,44.749],[5.388,44.748],[5.387,44.749],[5.387,44.749],[5.386,44.749],[5.383,44.751],[5.384,44.751],[5.384,44.751],[5.385,44.75],[5.386,44.75],[5.384,44.751],[5.39,44.75],[5.392,44.751],[5.393,44.751]]],[[[5.4,44.75],[5.398,44.75],[5.399,44.751],[5.4,44.75]]],[[[5.398,44.75],[5.395,44.749],[5.395,44.751],[5.393,44.75],[5.393,44.751],[5.392,44.751],[5.392,44.751],[5.391,44.751],[5.393,44.752],[5.395,44.751],[5.393,44.752],[5.392,44.751],[5.39,44.75],[5.388,44.751],[5.391,44.752],[5.398,44.753],[5.398,44.752],[5.397,44.752],[5.398,44.751],[5.398,44.75]],[[5.398,44.75],[5.398,44.75],[5.398,44.75],[5.398,44.75]]],[[[5.396,44.753],[5.397,44.754],[5.398,44.753],[5.396,44.753]]],[[[5.394,44.754],[5.39,44.754],[5.388,44.753],[5.391,44.755],[5.392,44.755],[5.392,44.754],[5.392,44.754],[5.393,44.754],[5.393,44.754],[5.393,44.754],[5.394,44.754]]],[[[5.399,44.755],[5.394,44.754],[5.393,44.754],[5.393,44.754],[5.392,44.754],[5.392,44.755],[5.394,44.754],[5.397,44.755],[5.398,44.755],[5.399,44.755]]],[[[5.391,44.757],[5.39,44.758],[5.39,44.758],[5.392,44.758],[5.391,44.757]]],[[[5.391,44.758],[5.39,44.758],[5.389,44.76],[5.392,44.76],[5.392,44.758],[5.391,44.758]]],[[[5.391,44.767],[5.389,44.766],[5.389,44.766],[5.389,44.767],[5.391,44.767]]],[[[5.391,44.768],[5.391,44.767],[5.391,44.767],[5.391,44.767],[5.391,44.767],[5.391,44.768],[5.392,44.768],[5.391,44.768]]],[[[5.395,44.769],[5.393,44.767],[5.391,44.767],[5.392,44.768],[5.393,44.768],[5.393,44.768],[5.392,44.768],[5.392,44.769],[5.393,44.77],[5.393,44.77],[5.394,44.771],[5.396,44.77],[5.395,44.769]]],[[[5.436,44.618],[5.426,44.607],[5.424,44.606],[5.422,44.604],[5.42,44.604],[5.419,44.607],[5.422,44.606],[5.423,44.607],[5.422,44.609],[5.425,44.609],[5.426,44.612],[5.433,44.618],[5.435,44.617],[5.435,44.618],[5.435,44.619],[5.436,44.618]]],[[[5.46,44.618],[5.462,44.617],[5.456,44.615],[5.455,44.616],[5.454,44.617],[5.454,44.618],[5.456,44.618],[5.456,44.617],[5.46,44.618]]],[[[5.423,44.619],[5.418,44.617],[5.418,44.617],[5.422,44.619],[5.423,44.619]]],[[[5.426,44.622],[5.425,44.62],[5.423,44.621],[5.424,44.622],[5.426,44.622]]],[[[5.426,44.625],[5.423,44.622],[5.421,44.622],[5.421,44.623],[5.416,44.622],[5.413,44.623],[5.412,44.625],[5.424,44.626],[5.426,44.625]]],[[[5.415,44.628],[5.412,44.628],[5.413,44.629],[5.415,44.628],[5.415,44.628]]],[[[5.425,44.631],[5.423,44.631],[5.422,44.629],[5.42,44.628],[5.419,44.629],[5.422,44.63],[5.422,44.632],[5.424,44.632],[5.425,44.631]]],[[[5.447,44.633],[5.446,44.631],[5.445,44.631],[5.446,44.633],[5.447,44.633]]],[[[5.418,44.637],[5.416,44.636],[5.415,44.636],[5.416,44.637],[5.418,44.637]]],[[[5.42,44.637],[5.421,44.637],[5.422,44.637],[5.419,44.637],[5.42,44.637]]],[[[5.459,44.646],[5.455,44.647],[5.455,44.649],[5.459,44.646]]],[[[5.469,44.648],[5.468,44.65],[5.469,44.652],[5.471,44.651],[5.47,44.65],[5.471,44.648],[5.469,44.648]]],[[[5.452,44.653],[5.45,44.651],[5.448,44.65],[5.443,44.651],[5.43,44.652],[5.43,44.653],[5.431,44.653],[5.431,44.652],[5.434,44.652],[5.434,44.653],[5.436,44.653],[5.437,44.652],[5.438,44.654],[5.443,44.654],[5.446,44.653],[5.446,44.652],[5.451,44.652],[5.451,44.653],[5.452,44.653]]],[[[5.464,44.652],[5.465,44.652],[5.464,44.652],[5.464,44.652]]],[[[5.428,44.653],[5.43,44.654],[5.43,44.654],[5.428,44.653]]],[[[5.465,44.653],[5.466,44.653],[5.467,44.653],[5.465,44.653]]],[[[5.462,44.652],[5.455,44.653],[5.453,44.654],[5.453,44.655],[5.454,44.655],[5.453,44.656],[5.453,44.657],[5.452,44.656],[5.451,44.657],[5.453,44.657],[5.454,44.656],[5.455,44.656],[5.454,44.655],[5.457,44.654],[5.456,44.653],[5.458,44.654],[5.459,44.653],[5.46,44.654],[5.461,44.654],[5.461,44.653],[5.462,44.653],[5.462,44.652],[5.464,44.652],[5.462,44.652]]],[[[5.469,44.655],[5.47,44.654],[5.469,44.654],[5.469,44.655]]],[[[5.468,44.657],[5.47,44.657],[5.47,44.656],[5.468,44.656],[5.468,44.657]]],[[[5.465,44.657],[5.466,44.658],[5.466,44.657],[5.466,44.657],[5.465,44.657]]],[[[5.465,44.657],[5.463,44.657],[5.46,44.659],[5.463,44.658],[5.465,44.657]]],[[[5.474,44.657],[5.469,44.657],[5.468,44.658],[5.47,44.659],[5.47,44.658],[5.472,44.658],[5.474,44.657]]],[[[5.437,44.66],[5.437,44.66],[5.44,44.66],[5.439,44.659],[5.437,44.66]]],[[[5.451,44.658],[5.45,44.657],[5.446,44.66],[5.444,44.661],[5.444,44.663],[5.445,44.662],[5.446,44.663],[5.446,44.66],[5.451,44.659],[5.451,44.658]]],[[[5.421,44.662],[5.42,44.66],[5.418,44.66],[5.42,44.661],[5.419,44.661],[5.421,44.662]]],[[[5.473,44.66],[5.471,44.66],[5.472,44.662],[5.473,44.66]]],[[[5.445,44.662],[5.44,44.663],[5.44,44.663],[5.44,44.664],[5.441,44.664],[5.442,44.664],[5.442,44.663],[5.443,44.664],[5.447,44.663],[5.445,44.662]]],[[[5.475,44.663],[5.475,44.662],[5.474,44.661],[5.472,44.662],[5.473,44.665],[5.476,44.665],[5.475,44.663]]],[[[5.437,44.667],[5.437,44.664],[5.436,44.664],[5.432,44.665],[5.43,44.666],[5.43,44.667],[5.431,44.668],[5.432,44.667],[5.434,44.667],[5.435,44.666],[5.437,44.667]]],[[[5.462,44.665],[5.46,44.664],[5.454,44.665],[5.449,44.664],[5.446,44.665],[5.446,44.666],[5.446,44.666],[5.447,44.665],[5.448,44.666],[5.448,44.665],[5.45,44.665],[5.451,44.665],[5.451,44.667],[5.453,44.666],[5.453,44.665],[5.455,44.666],[5.456,44.666],[5.456,44.668],[5.456,44.668],[5.46,44.665],[5.462,44.665]]],[[[5.472,44.666],[5.475,44.666],[5.474,44.665],[5.471,44.665],[5.472,44.666]]],[[[5.442,44.667],[5.444,44.667],[5.444,44.666],[5.442,44.667]]],[[[5.44,44.667],[5.438,44.668],[5.44,44.669],[5.441,44.667],[5.442,44.667],[5.44,44.667]]],[[[5.425,44.668],[5.422,44.666],[5.421,44.666],[5.422,44.669],[5.423,44.67],[5.427,44.671],[5.427,44.67],[5.427,44.67],[5.427,44.669],[5.427,44.669],[5.427,44.671],[5.426,44.671],[5.428,44.672],[5.431,44.67],[5.43,44.668],[5.429,44.669],[5.427,44.668],[5.427,44.669],[5.427,44.669],[5.427,44.669],[5.427,44.668],[5.428,44.668],[5.425,44.667],[5.425,44.668]]],[[[5.492,44.666],[5.492,44.666],[5.488,44.668],[5.489,44.668],[5.493,44.666],[5.492,44.666]]],[[[5.48,44.669],[5.478,44.671],[5.478,44.672],[5.48,44.669]]],[[[5.483,44.672],[5.481,44.673],[5.481,44.673],[5.481,44.673],[5.483,44.672]]],[[[5.498,44.67],[5.497,44.671],[5.492,44.671],[5.489,44.672],[5.487,44.672],[5.483,44.672],[5.483,44.674],[5.487,44.674],[5.488,44.677],[5.491,44.677],[5.496,44.672],[5.496,44.671],[5.497,44.671],[5.498,44.671],[5.499,44.671],[5.498,44.67],[5.5,44.671],[5.5,44.67],[5.498,44.67]]],[[[5.448,44.674],[5.447,44.674],[5.448,44.675],[5.449,44.674],[5.448,44.674]]],[[[5.474,44.671],[5.466,44.672],[5.464,44.673],[5.465,44.674],[5.459,44.673],[5.454,44.676],[5.452,44.678],[5.46,44.675],[5.464,44.675],[5.465,44.675],[5.465,44.676],[5.467,44.673],[5.473,44.673],[5.474,44.672],[5.474,44.671]]],[[[5.481,44.673],[5.474,44.675],[5.47,44.68],[5.469,44.683],[5.471,44.685],[5.472,44.684],[5.471,44.685],[5.472,44.686],[5.473,44.685],[5.474,44.684],[5.476,44.684],[5.473,44.683],[5.476,44.681],[5.475,44.68],[5.478,44.678],[5.477,44.677],[5.48,44.677],[5.48,44.677],[5.481,44.677],[5.48,44.676],[5.48,44.675],[5.48,44.674],[5.481,44.675],[5.48,44.674],[5.481,44.674],[5.481,44.673]]],[[[5.438,44.684],[5.433,44.683],[5.431,44.686],[5.429,44.687],[5.43,44.688],[5.428,44.689],[5.428,44.687],[5.428,44.684],[5.427,44.683],[5.419,44.681],[5.416,44.682],[5.417,44.681],[5.412,44.681],[5.41,44.682],[5.411,44.684],[5.412,44.682],[5.414,44.681],[5.42,44.683],[5.42,44.684],[5.422,44.685],[5.422,44.684],[5.423,44.683],[5.426,44.684],[5.426,44.686],[5.427,44.686],[5.423,44.688],[5.424,44.688],[5.421,44.688],[5.422,44.69],[5.421,44.691],[5.421,44.693],[5.423,44.692],[5.423,44.69],[5.425,44.692],[5.428,44.689],[5.429,44.689],[5.433,44.687],[5.432,44.686],[5.434,44.685],[5.437,44.685],[5.438,44.684]]],[[[5.418,44.688],[5.419,44.688],[5.418,44.688],[5.418,44.688]]],[[[5.448,44.686],[5.444,44.685],[5.441,44.685],[5.438,44.686],[5.434,44.689],[5.435,44.691],[5.439,44.69],[5.441,44.691],[5.436,44.692],[5.436,44.693],[5.433,44.693],[5.431,44.694],[5.435,44.695],[5.435,44.696],[5.436,44.696],[5.437,44.697],[5.437,44.695],[5.44,44.695],[5.44,44.694],[5.441,44.695],[5.442,44.694],[5.442,44.695],[5.444,44.694],[5.445,44.696],[5.452,44.694],[5.451,44.696],[5.453,44.698],[5.455,44.697],[5.455,44.7],[5.456,44.7],[5.456,44.699],[5.458,44.699],[5.457,44.696],[5.458,44.695],[5.458,44.694],[5.461,44.695],[5.461,44.698],[5.463,44.697],[5.465,44.695],[5.469,44.695],[5.469,44.694],[5.472,44.695],[5.472,44.694],[5.474,44.694],[5.474,44.693],[5.477,44.693],[5.477,44.694],[5.478,44.694],[5.476,44.694],[5.476,44.695],[5.474,44.696],[5.474,44.697],[5.476,44.697],[5.476,44.698],[5.479,44.697],[5.48,44.696],[5.482,44.696],[5.481,44.695],[5.482,44.695],[5.481,44.693],[5.477,44.692],[5.468,44.692],[5.467,44.692],[5.467,44.691],[5.462,44.691],[5.462,44.689],[5.457,44.687],[5.454,44.687],[5.451,44.688],[5.45,44.69],[5.449,44.687],[5.448,44.687],[5.448,44.687],[5.447,44.687],[5.448,44.687],[5.448,44.686]],[[5.448,44.695],[5.448,44.695],[5.448,44.695],[5.448,44.695]],[[5.448,44.694],[5.448,44.694],[5.448,44.694],[5.448,44.694]],[[5.446,44.693],[5.446,44.693],[5.446,44.693],[5.446,44.693]],[[5.446,44.693],[5.446,44.693],[5.445,44.693],[5.446,44.693]],[[5.445,44.693],[5.442,44.692],[5.442,44.689],[5.44,44.689],[5.442,44.689],[5.443,44.688],[5.444,44.688],[5.445,44.687],[5.446,44.687],[5.446,44.687],[5.445,44.688],[5.446,44.689],[5.445,44.693]],[[5.447,44.687],[5.447,44.687],[5.447,44.687],[5.447,44.687]]],[[[5.511,44.69],[5.503,44.691],[5.5,44.692],[5.504,44.692],[5.509,44.692],[5.512,44.691],[5.511,44.69]]],[[[5.441,44.699],[5.439,44.697],[5.438,44.698],[5.437,44.697],[5.435,44.696],[5.43,44.695],[5.429,44.699],[5.427,44.697],[5.424,44.698],[5.427,44.701],[5.429,44.7],[5.428,44.702],[5.43,44.703],[5.432,44.701],[5.43,44.7],[5.43,44.698],[5.431,44.699],[5.43,44.7],[5.434,44.698],[5.435,44.7],[5.436,44.699],[5.436,44.698],[5.438,44.699],[5.441,44.699]]],[[[5.422,44.699],[5.42,44.699],[5.42,44.7],[5.422,44.7],[5.422,44.699]]],[[[5.442,44.702],[5.437,44.701],[5.435,44.702],[5.435,44.702],[5.433,44.702],[5.435,44.704],[5.435,44.703],[5.439,44.704],[5.441,44.703],[5.442,44.702]]],[[[5.429,44.706],[5.425,44.706],[5.425,44.707],[5.425,44.707],[5.424,44.708],[5.43,44.709],[5.433,44.712],[5.434,44.712],[5.434,44.712],[5.433,44.713],[5.435,44.713],[5.435,44.714],[5.436,44.713],[5.436,44.712],[5.434,44.712],[5.437,44.711],[5.435,44.711],[5.435,44.71],[5.437,44.708],[5.436,44.708],[5.435,44.707],[5.435,44.707],[5.432,44.707],[5.434,44.706],[5.436,44.708],[5.438,44.707],[5.44,44.708],[5.441,44.705],[5.436,44.704],[5.435,44.704],[5.429,44.706]],[[5.438,44.706],[5.436,44.705],[5.437,44.706],[5.434,44.706],[5.434,44.705],[5.438,44.706]]],[[[5.428,44.712],[5.424,44.711],[5.42,44.711],[5.422,44.712],[5.424,44.711],[5.425,44.712],[5.427,44.713],[5.428,44.712]]],[[[5.424,44.717],[5.421,44.714],[5.416,44.713],[5.415,44.713],[5.418,44.714],[5.416,44.715],[5.417,44.716],[5.42,44.717],[5.424,44.717]]],[[[5.433,44.716],[5.433,44.715],[5.432,44.715],[5.43,44.714],[5.428,44.714],[5.427,44.715],[5.425,44.715],[5.424,44.718],[5.426,44.719],[5.426,44.718],[5.425,44.717],[5.426,44.717],[5.427,44.718],[5.428,44.716],[5.43,44.719],[5.432,44.718],[5.433,44.718],[5.433,44.716]]]]}},{"type":"Feature","properties":{"id_app":270,"app":"Condrieu","denom":"Condrieu","hierarchy":"AOC","dt":"Valence","dept":"42"},"geometry":{"type":"MultiPolygon","coordinates":[[[[4.72,45.38],[4.718,45.38],[4.717,45.38],[4.717,45.382],[4.719,45.382],[4.72,45.381],[4.72,45.381],[4.72,45.381],[4.72,45.381],[4.72,45.381],[4.72,45.381],[4.722,45.38],[4.72,45.38]]],[[[4.72,45.381],[4.72,45.381],[4.72,45.381],[4.72,45.381]]],[[[4.722,45.383],[4.724,45.384],[4.726,45.383],[4.721,45.382],[4.722,45.383]]],[[[4.718,45.384],[4.721,45.385],[4.72,45.384],[4.718,45.384]]],[[[4.729,45.384],[4.73,45.385],[4.731,45.384],[4.731,45.384],[4.729,45.384]],[[4.73,45.384],[4.73,45.384],[4.731,45.384],[4.73,45.384]]],[[[4.737,45.384],[4.733,45.385],[4.734,45.385],[4.737,45.384]]],[[[4.732,45.384],[4.732,45.386],[4.734,45.385],[4.733,45.385],[4.732,45.384]]],[[[4.726,45.386],[4.727,45.386],[4.727,45.386],[4.726,45.386],[4.726,45.386]]],[[[4.723,45.386],[4.718,45.386],[4.718,45.387],[4.721,45.387],[4.722,45.387],[4.723,45.386]]],[[[4.731,45.387],[4.731,45.387],[4.731,45.387],[4.731,45.387],[4.731,45.387]]],[[[4.72,45.404],[4.716,45.404],[4.718,45.404],[4.718,45.405],[4.718,45.404],[4.72,45.405],[4.721,45.404],[4.721,45.404],[4.721,45.404],[4.721,45.404],[4.72,45.405],[4.723,45.405],[4.723,45.404],[4.72,45.404]]],[[[4.716,45.406],[4.718,45.404],[4.716,45.405],[4.716,45.406]]],[[[4.723,45.406],[4.723,45.405],[4.723,45.406],[4.723,45.406]]],[[[4.724,45.406],[4.726,45.406],[4.728,45.406],[4.724,45.405],[4.724,45.406]]],[[[4.728,45.406],[4.729,45.406],[4.728,45.406],[4.728,45.406],[4.732,45.406],[4.73,45.405],[4.729,45.405],[4.727,45.405],[4.728,45.406]],[[4.729,45.405],[4.729,45.405],[4.729,45.405],[4.729,45.405]]],[[[4.729,45.406],[4.73,45.406],[4.728,45.406],[4.729,45.406]]],[[[4.732,45.407],[4.733,45.407],[4.733,45.407],[4.734,45.407],[4.735,45.406],[4.735,45.406],[4.733,45.406],[4.73,45.407],[4.732,45.407]]],[[[4.734,45.408],[4.734,45.408],[4.736,45.408],[4.736,45.406],[4.734,45.407],[4.734,45.408]]],[[[4.73,45.407],[4.732,45.407],[4.733,45.407],[4.73,45.407],[4.729,45.407],[4.73,45.408],[4.731,45.408],[4.73,45.407]]],[[[4.734,45.407],[4.734,45.408],[4.734,45.408],[4.734,45.407]]],[[[4.73,45.408],[4.732,45.409],[4.733,45.409],[4.732,45.409],[4.732,45.408],[4.732,45.408],[4.731,45.407],[4.73,45.408]]],[[[4.732,45.407],[4.732,45.409],[4.733,45.409],[4.734,45.41],[4.734,45.408],[4.732,45.407]]],[[[4.727,45.41],[4.728,45.41],[4.726,45.408],[4.726,45.409],[4.727,45.41]]],[[[4.724,45.414],[4.723,45.414],[4.724,45.414],[4.724,45.415],[4.724,45.414]]],[[[4.724,45.415],[4.727,45.414],[4.727,45.414],[4.724,45.414],[4.724,45.415]]],[[[4.723,45.414],[4.723,45.414],[4.723,45.414],[4.723,45.414]]],[[[4.723,45.414],[4.722,45.415],[4.724,45.417],[4.725,45.416],[4.725,45.416],[4.725,45.417],[4.725,45.417],[4.725,45.417],[4.727,45.416],[4.727,45.416],[4.728,45.415],[4.726,45.415],[4.724,45.415],[4.724,45.415],[4.723,45.414],[4.723,45.414],[4.723,45.414]]],[[[4.728,45.415],[4.728,45.416],[4.728,45.416],[4.728,45.415]]],[[[4.733,45.415],[4.734,45.416],[4.734,45.416],[4.735,45.417],[4.736,45.416],[4.733,45.415]]],[[[4.725,45.417],[4.725,45.417],[4.725,45.417],[4.725,45.417]]],[[[4.725,45.417],[4.725,45.418],[4.727,45.418],[4.728,45.418],[4.73,45.417],[4.728,45.416],[4.728,45.417],[4.727,45.417],[4.727,45.417],[4.728,45.416],[4.727,45.417],[4.727,45.416],[4.727,45.416],[4.727,45.417],[4.726,45.417],[4.727,45.416],[4.728,45.416],[4.727,45.416],[4.725,45.417],[4.725,45.417]]],[[[4.732,45.416],[4.733,45.416],[4.733,45.418],[4.735,45.418],[4.735,45.418],[4.735,45.419],[4.735,45.418],[4.735,45.42],[4.738,45.42],[4.736,45.416],[4.735,45.417],[4.735,45.417],[4.735,45.417],[4.735,45.417],[4.733,45.416],[4.735,45.417],[4.732,45.416],[4.733,45.415],[4.732,45.415],[4.732,45.416]]],[[[4.729,45.415],[4.728,45.416],[4.73,45.416],[4.73,45.417],[4.731,45.418],[4.73,45.417],[4.729,45.418],[4.73,45.419],[4.728,45.418],[4.728,45.419],[4.731,45.42],[4.735,45.42],[4.735,45.418],[4.734,45.418],[4.734,45.418],[4.734,45.419],[4.734,45.419],[4.734,45.418],[4.733,45.418],[4.733,45.418],[4.733,45.418],[4.732,45.419],[4.733,45.417],[4.732,45.418],[4.732,45.418],[4.733,45.417],[4.733,45.416],[4.729,45.415]]],[[[4.736,45.423],[4.736,45.423],[4.736,45.422],[4.736,45.422],[4.736,45.421],[4.736,45.421],[4.738,45.421],[4.738,45.421],[4.736,45.421],[4.734,45.423],[4.736,45.423]]],[[[4.743,45.367],[4.743,45.369],[4.745,45.368],[4.745,45.369],[4.746,45.368],[4.743,45.367]]],[[[4.744,45.374],[4.744,45.375],[4.744,45.376],[4.746,45.376],[4.746,45.375],[4.744,45.374]]],[[[4.744,45.376],[4.743,45.375],[4.744,45.376],[4.744,45.376]]],[[[4.731,45.387],[4.732,45.387],[4.734,45.387],[4.735,45.388],[4.739,45.388],[4.738,45.388],[4.737,45.387],[4.737,45.387],[4.736,45.387],[4.736,45.387],[4.736,45.387],[4.734,45.386],[4.735,45.386],[4.731,45.387]]],[[[4.736,45.387],[4.737,45.387],[4.74,45.388],[4.744,45.388],[4.742,45.387],[4.737,45.387],[4.737,45.386],[4.735,45.387],[4.736,45.387]]],[[[4.742,45.391],[4.742,45.39],[4.741,45.39],[4.742,45.391]]],[[[4.736,45.391],[4.736,45.392],[4.742,45.391],[4.739,45.39],[4.736,45.391]]],[[[4.738,45.421],[4.736,45.421],[4.736,45.422],[4.736,45.423],[4.736,45.424],[4.739,45.424],[4.738,45.421],[4.738,45.421],[4.738,45.421]],[[4.738,45.424],[4.738,45.423],[4.738,45.423],[4.738,45.424]],[[4.738,45.423],[4.738,45.423],[4.738,45.423],[4.738,45.423]]],[[[4.737,45.429],[4.737,45.429],[4.737,45.429],[4.737,45.429]]],[[[4.737,45.43],[4.739,45.431],[4.74,45.432],[4.74,45.431],[4.74,45.431],[4.741,45.431],[4.74,45.43],[4.738,45.43],[4.738,45.429],[4.737,45.429],[4.737,45.429],[4.737,45.429],[4.737,45.43],[4.737,45.43]]],[[[4.737,45.432],[4.739,45.432],[4.739,45.432],[4.739,45.432],[4.74,45.432],[4.741,45.432],[4.74,45.431],[4.74,45.432],[4.737,45.43],[4.737,45.432]]],[[[4.738,45.432],[4.739,45.433],[4.741,45.432],[4.738,45.432]]],[[[4.742,45.433],[4.742,45.434],[4.742,45.434],[4.742,45.434],[4.742,45.433]]],[[[4.74,45.435],[4.741,45.434],[4.742,45.434],[4.741,45.434],[4.742,45.433],[4.738,45.435],[4.74,45.435]]],[[[4.742,45.434],[4.742,45.434],[4.742,45.434],[4.742,45.434],[4.742,45.434]]],[[[4.741,45.434],[4.742,45.435],[4.742,45.434],[4.741,45.434]]],[[[4.742,45.434],[4.742,45.434],[4.742,45.434],[4.742,45.434]]],[[[4.74,45.435],[4.739,45.435],[4.74,45.436],[4.74,45.435]]],[[[4.74,45.436],[4.741,45.436],[4.741,45.435],[4.741,45.435],[4.74,45.436]]],[[[4.743,45.436],[4.743,45.436],[4.744,45.437],[4.744,45.437],[4.742,45.435],[4.741,45.436],[4.742,45.436],[4.742,45.436],[4.743,45.436]]],[[[4.744,45.435],[4.742,45.435],[4.743,45.436],[4.744,45.437],[4.744,45.437],[4.745,45.436],[4.744,45.435]]],[[[4.739,45.437],[4.74,45.436],[4.739,45.436],[4.739,45.437]]],[[[4.743,45.436],[4.741,45.437],[4.742,45.436],[4.743,45.436],[4.743,45.436],[4.744,45.437],[4.743,45.436]]],[[[4.743,45.438],[4.746,45.438],[4.745,45.437],[4.744,45.438],[4.744,45.437],[4.742,45.436],[4.741,45.437],[4.743,45.438]],[[4.744,45.438],[4.744,45.438],[4.744,45.438],[4.744,45.438]]],[[[4.741,45.438],[4.741,45.437],[4.74,45.437],[4.74,45.437],[4.74,45.437],[4.741,45.438]]],[[[4.74,45.438],[4.739,45.438],[4.739,45.438],[4.74,45.438]]],[[[4.738,45.438],[4.739,45.438],[4.74,45.438],[4.738,45.438]]],[[[4.743,45.439],[4.744,45.438],[4.743,45.438],[4.743,45.439]]],[[[4.747,45.439],[4.746,45.44],[4.746,45.44],[4.747,45.44],[4.747,45.44],[4.748,45.44],[4.747,45.439]]],[[[4.747,45.44],[4.747,45.44],[4.747,45.44],[4.747,45.44]]],[[[4.742,45.441],[4.742,45.441],[4.742,45.441],[4.742,45.441]]],[[[4.742,45.441],[4.742,45.442],[4.743,45.442],[4.743,45.442],[4.745,45.443],[4.747,45.441],[4.746,45.44],[4.746,45.441],[4.746,45.441],[4.746,45.44],[4.743,45.441],[4.743,45.441],[4.742,45.441]]],[[[4.746,45.455],[4.744,45.455],[4.745,45.455],[4.746,45.455]]],[[[4.746,45.455],[4.745,45.455],[4.744,45.455],[4.743,45.456],[4.746,45.455]]],[[[4.746,45.344],[4.748,45.344],[4.747,45.344],[4.746,45.344]]],[[[4.746,45.344],[4.746,45.344],[4.746,45.344],[4.746,45.344]]],[[[4.747,45.344],[4.752,45.345],[4.75,45.343],[4.752,45.344],[4.752,45.345],[4.753,45.346],[4.754,45.346],[4.753,45.345],[4.754,45.346],[4.755,45.346],[4.756,45.345],[4.752,45.343],[4.751,45.342],[4.75,45.343],[4.747,45.344]]],[[[4.753,45.351],[4.754,45.351],[4.752,45.35],[4.753,45.351]]],[[[4.747,45.354],[4.749,45.354],[4.749,45.354],[4.752,45.355],[4.751,45.354],[4.751,45.354],[4.75,45.354],[4.75,45.354],[4.75,45.354],[4.75,45.354],[4.751,45.354],[4.751,45.354],[4.75,45.354],[4.749,45.353],[4.749,45.354],[4.748,45.354],[4.749,45.353],[4.753,45.353],[4.754,45.353],[4.754,45.353],[4.753,45.353],[4.753,45.353],[4.751,45.352],[4.751,45.353],[4.751,45.352],[4.748,45.353],[4.747,45.354]]],[[[4.751,45.353],[4.754,45.354],[4.754,45.354],[4.754,45.354],[4.754,45.354],[4.755,45.354],[4.755,45.354],[4.753,45.353],[4.751,45.353]]],[[[4.75,45.354],[4.751,45.354],[4.753,45.355],[4.753,45.354],[4.754,45.354],[4.754,45.355],[4.753,45.354],[4.75,45.354]]],[[[4.75,45.354],[4.748,45.355],[4.75,45.355],[4.75,45.354]]],[[[4.75,45.354],[4.751,45.355],[4.752,45.354],[4.75,45.354]]],[[[4.744,45.363],[4.746,45.364],[4.745,45.363],[4.746,45.363],[4.746,45.363],[4.746,45.363],[4.746,45.364],[4.746,45.365],[4.747,45.365],[4.748,45.364],[4.749,45.365],[4.749,45.364],[4.749,45.364],[4.749,45.365],[4.749,45.366],[4.749,45.366],[4.751,45.365],[4.751,45.364],[4.751,45.364],[4.75,45.364],[4.749,45.363],[4.745,45.362],[4.744,45.363]]],[[[4.747,45.365],[4.748,45.365],[4.748,45.365],[4.747,45.365]]],[[[4.752,45.364],[4.751,45.364],[4.751,45.365],[4.751,45.365],[4.751,45.366],[4.752,45.366],[4.752,45.364]]],[[[4.749,45.364],[4.749,45.366],[4.749,45.366],[4.749,45.364]]],[[[4.747,45.44],[4.747,45.441],[4.747,45.441],[4.747,45.44]]],[[[4.745,45.443],[4.747,45.443],[4.748,45.443],[4.748,45.443],[4.748,45.443],[4.748,45.444],[4.747,45.443],[4.745,45.444],[4.748,45.445],[4.749,45.445],[4.749,45.444],[4.75,45.444],[4.75,45.444],[4.749,45.444],[4.75,45.443],[4.748,45.443],[4.75,45.442],[4.749,45.441],[4.745,45.443]],[[4.748,45.444],[4.748,45.444],[4.749,45.444],[4.748,45.444]]],[[[4.75,45.445],[4.749,45.446],[4.75,45.446],[4.75,45.446],[4.75,45.447],[4.75,45.447],[4.75,45.447],[4.75,45.445]]],[[[4.748,45.446],[4.747,45.448],[4.75,45.447],[4.748,45.446]]],[[[4.751,45.448],[4.751,45.448],[4.751,45.447],[4.75,45.447],[4.751,45.448]]],[[[4.75,45.448],[4.749,45.448],[4.75,45.448],[4.75,45.449],[4.751,45.449],[4.75,45.448]]],[[[4.747,45.448],[4.749,45.448],[4.75,45.449],[4.75,45.449],[4.749,45.448],[4.747,45.448]],[[4.749,45.448],[4.749,45.448],[4.749,45.448],[4.749,45.448]]],[[[4.749,45.449],[4.748,45.45],[4.749,45.45],[4.749,45.448],[4.748,45.448],[4.749,45.449]]],[[[4.749,45.45],[4.75,45.451],[4.75,45.451],[4.751,45.451],[4.749,45.45]]],[[[4.75,45.451],[4.75,45.451],[4.75,45.451],[4.75,45.451]]],[[[4.746,45.455],[4.746,45.456],[4.751,45.455],[4.753,45.455],[4.751,45.453],[4.749,45.454],[4.748,45.454],[4.746,45.455]],[[4.75,45.454],[4.75,45.454],[4.75,45.454],[4.75,45.454]]],[[[4.753,45.458],[4.753,45.456],[4.751,45.456],[4.752,45.456],[4.753,45.458]]],[[[4.751,45.457],[4.751,45.458],[4.753,45.458],[4.752,45.456],[4.75,45.457],[4.751,45.457],[4.751,45.457]]],[[[4.753,45.458],[4.753,45.457],[4.753,45.457],[4.753,45.458]]],[[[4.75,45.457],[4.748,45.457],[4.75,45.458],[4.751,45.458],[4.75,45.457]]],[[[4.754,45.459],[4.754,45.459],[4.756,45.458],[4.756,45.458],[4.756,45.458],[4.757,45.458],[4.754,45.459]]],[[[4.75,45.46],[4.753,45.459],[4.753,45.459],[4.751,45.459],[4.75,45.46]]],[[[4.754,45.459],[4.753,45.459],[4.749,45.461],[4.751,45.461],[4.751,45.461],[4.751,45.461],[4.752,45.461],[4.757,45.46],[4.759,45.461],[4.759,45.46],[4.757,45.458],[4.756,45.458],[4.755,45.459],[4.754,45.459]],[[4.752,45.46],[4.752,45.46],[4.752,45.46],[4.752,45.46]]],[[[4.757,45.461],[4.757,45.461],[4.757,45.461],[4.757,45.461]]],[[[4.756,45.461],[4.75,45.463],[4.755,45.463],[4.755,45.463],[4.756,45.462],[4.756,45.463],[4.757,45.463],[4.758,45.462],[4.759,45.462],[4.76,45.463],[4.762,45.462],[4.759,45.461],[4.757,45.462],[4.756,45.461]]],[[[4.754,45.35],[4.756,45.351],[4.757,45.352],[4.756,45.35],[4.754,45.35]]],[[[4.754,45.353],[4.754,45.353],[4.755,45.353],[4.754,45.353]]],[[[4.755,45.353],[4.755,45.354],[4.755,45.354],[4.756,45.354],[4.756,45.354],[4.754,45.353],[4.755,45.353],[4.755,45.353]]],[[[4.755,45.354],[4.755,45.354],[4.755,45.354],[4.755,45.354]]],[[[4.755,45.354],[4.756,45.355],[4.756,45.354],[4.755,45.354]]],[[[4.754,45.355],[4.755,45.354],[4.755,45.354],[4.754,45.355],[4.754,45.355],[4.754,45.355]]],[[[4.754,45.354],[4.753,45.355],[4.754,45.355],[4.754,45.355],[4.754,45.354]]],[[[4.755,45.355],[4.755,45.355],[4.755,45.355],[4.755,45.355]]],[[[4.759,45.462],[4.76,45.463],[4.76,45.463],[4.76,45.463],[4.759,45.462]]],[[[4.757,45.463],[4.758,45.463],[4.76,45.463],[4.759,45.462],[4.758,45.463],[4.757,45.463]]],[[[4.76,45.463],[4.76,45.463],[4.76,45.463],[4.76,45.463]]],[[[4.762,45.462],[4.76,45.464],[4.762,45.463],[4.764,45.463],[4.762,45.462]]],[[[4.756,45.463],[4.756,45.464],[4.758,45.464],[4.759,45.464],[4.76,45.463],[4.758,45.463],[4.757,45.463],[4.756,45.463]]],[[[4.765,45.464],[4.764,45.464],[4.765,45.464],[4.765,45.464]]],[[[4.759,45.464],[4.758,45.466],[4.76,45.466],[4.761,45.466],[4.763,45.464],[4.765,45.464],[4.764,45.463],[4.762,45.463],[4.761,45.464],[4.759,45.464]]],[[[4.765,45.465],[4.765,45.466],[4.767,45.465],[4.766,45.465],[4.765,45.465]]],[[[4.756,45.466],[4.759,45.466],[4.759,45.466],[4.756,45.466]]],[[[4.762,45.467],[4.762,45.466],[4.762,45.466],[4.762,45.467]]],[[[4.766,45.466],[4.767,45.466],[4.767,45.466],[4.766,45.466]]],[[[4.768,45.466],[4.769,45.467],[4.769,45.466],[4.768,45.466]]],[[[4.77,45.467],[4.77,45.467],[4.769,45.467],[4.77,45.467]]],[[[4.766,45.466],[4.765,45.467],[4.765,45.468],[4.765,45.467],[4.766,45.467],[4.766,45.467],[4.766,45.466]]],[[[4.768,45.467],[4.766,45.468],[4.768,45.468],[4.768,45.468],[4.768,45.467]]],[[[4.768,45.466],[4.768,45.469],[4.77,45.469],[4.77,45.467],[4.768,45.466]]],[[[4.765,45.467],[4.763,45.469],[4.763,45.47],[4.764,45.469],[4.764,45.469],[4.765,45.468],[4.765,45.468],[4.765,45.468],[4.765,45.467],[4.765,45.467]]],[[[4.765,45.469],[4.765,45.47],[4.766,45.471],[4.765,45.471],[4.767,45.471],[4.768,45.47],[4.768,45.468],[4.766,45.469],[4.767,45.467],[4.766,45.467],[4.766,45.469],[4.765,45.469]],[[4.768,45.47],[4.767,45.47],[4.767,45.469],[4.768,45.469],[4.768,45.47]],[[4.765,45.47],[4.765,45.47],[4.765,45.469],[4.765,45.47]]],[[[4.766,45.467],[4.762,45.472],[4.764,45.473],[4.765,45.471],[4.765,45.47],[4.766,45.467]]],[[[4.772,45.469],[4.772,45.47],[4.771,45.471],[4.773,45.472],[4.773,45.472],[4.772,45.469]]],[[[4.771,45.47],[4.769,45.471],[4.77,45.473],[4.772,45.472],[4.771,45.471],[4.771,45.47]]],[[[4.761,45.472],[4.759,45.473],[4.761,45.473],[4.761,45.472]]],[[[4.754,45.475],[4.755,45.475],[4.756,45.476],[4.756,45.476],[4.759,45.474],[4.761,45.472],[4.761,45.472],[4.761,45.471],[4.755,45.474],[4.754,45.475]]]]}},{"type":"Feature","properties":{"id_app":271,"app":"Cornas","denom":"Cornas","hierarchy":"AOC","dt":"Valence","dept":"07"},"geometry":{"type":"MultiPolygon","coordinates":[[[[4.826,44.956],[4.824,44.958],[4.824,44.958],[4.824,44.958],[4.824,44.959],[4.825,44.958],[4.825,44.958],[4.826,44.957],[4.826,44.957],[4.826,44.957],[4.826,44.956]]],[[[4.847,44.959],[4.846,44.956],[4.845,44.956],[4.844,44.956],[4.844,44.956],[4.844,44.956],[4.846,44.956],[4.845,44.953],[4.844,44.954],[4.837,44.956],[4.835,44.956],[4.836,44.957],[4.836,44.958],[4.836,44.958],[4.837,44.957],[4.837,44.957],[4.837,44.957],[4.837,44.957],[4.837,44.958],[4.837,44.958],[4.838,44.958],[4.839,44.959],[4.839,44.959],[4.839,44.959],[4.839,44.959],[4.84,44.959],[4.838,44.959],[4.839,44.959],[4.838,44.958],[4.839,44.959],[4.84,44.96],[4.84,44.96],[4.841,44.96],[4.843,44.96],[4.84,44.958],[4.838,44.957],[4.837,44.957],[4.836,44.956],[4.838,44.957],[4.84,44.958],[4.841,44.958],[4.843,44.96],[4.843,44.961],[4.844,44.961],[4.845,44.961],[4.847,44.962],[4.847,44.961],[4.847,44.96],[4.847,44.96],[4.847,44.959]],[[4.843,44.958],[4.843,44.958],[4.843,44.958],[4.843,44.958]],[[4.843,44.957],[4.843,44.957],[4.843,44.958],[4.843,44.957]],[[4.843,44.956],[4.843,44.956],[4.843,44.956],[4.843,44.956]],[[4.842,44.956],[4.842,44.956],[4.841,44.956],[4.842,44.956]],[[4.844,44.959],[4.844,44.959],[4.844,44.959],[4.844,44.959]],[[4.843,44.956],[4.843,44.956],[4.843,44.956],[4.843,44.956]],[[4.843,44.958],[4.843,44.958],[4.843,44.958],[4.843,44.958]],[[4.841,44.955],[4.841,44.955],[4.841,44.955],[4.841,44.955]],[[4.843,44.96],[4.843,44.96],[4.843,44.96],[4.843,44.96]],[[4.84,44.959],[4.84,44.959],[4.84,44.959],[4.84,44.959]]],[[[4.833,44.957],[4.832,44.958],[4.833,44.959],[4.833,44.958],[4.833,44.957]]],[[[4.832,44.959],[4.83,44.956],[4.828,44.957],[4.826,44.956],[4.826,44.957],[4.825,44.958],[4.825,44.958],[4.825,44.959],[4.824,44.959],[4.824,44.958],[4.823,44.959],[4.821,44.96],[4.821,44.96],[4.822,44.96],[4.822,44.961],[4.822,44.961],[4.822,44.961],[4.823,44.961],[4.827,44.962],[4.831,44.96],[4.832,44.959]]],[[[4.815,44.96],[4.814,44.96],[4.813,44.962],[4.815,44.963],[4.815,44.961],[4.815,44.961],[4.815,44.96]]],[[[4.825,44.97],[4.824,44.97],[4.824,44.97],[4.824,44.97],[4.824,44.971],[4.824,44.969],[4.822,44.969],[4.821,44.969],[4.82,44.968],[4.82,44.968],[4.824,44.969],[4.825,44.968],[4.82,44.966],[4.818,44.966],[4.82,44.966],[4.821,44.966],[4.825,44.967],[4.827,44.966],[4.823,44.965],[4.82,44.963],[4.817,44.964],[4.82,44.963],[4.816,44.962],[4.818,44.962],[4.821,44.963],[4.823,44.965],[4.828,44.966],[4.83,44.965],[4.831,44.965],[4.83,44.963],[4.831,44.965],[4.836,44.965],[4.836,44.965],[4.839,44.965],[4.84,44.964],[4.841,44.963],[4.84,44.962],[4.837,44.962],[4.834,44.963],[4.837,44.962],[4.837,44.962],[4.838,44.962],[4.838,44.962],[4.836,44.96],[4.836,44.96],[4.836,44.959],[4.839,44.962],[4.84,44.962],[4.841,44.962],[4.841,44.963],[4.844,44.963],[4.845,44.964],[4.847,44.964],[4.847,44.962],[4.846,44.962],[4.846,44.962],[4.846,44.963],[4.846,44.963],[4.845,44.961],[4.844,44.961],[4.843,44.961],[4.842,44.961],[4.841,44.962],[4.843,44.961],[4.841,44.96],[4.839,44.959],[4.838,44.958],[4.836,44.958],[4.838,44.958],[4.837,44.958],[4.837,44.958],[4.837,44.957],[4.837,44.957],[4.836,44.958],[4.836,44.958],[4.836,44.958],[4.837,44.96],[4.839,44.96],[4.839,44.96],[4.84,44.96],[4.84,44.961],[4.84,44.96],[4.839,44.96],[4.837,44.96],[4.837,44.96],[4.837,44.959],[4.835,44.956],[4.834,44.958],[4.833,44.958],[4.833,44.958],[4.833,44.958],[4.832,44.959],[4.834,44.96],[4.834,44.96],[4.834,44.96],[4.834,44.961],[4.832,44.959],[4.829,44.961],[4.833,44.961],[4.833,44.962],[4.829,44.961],[4.826,44.962],[4.823,44.961],[4.822,44.961],[4.822,44.962],[4.821,44.96],[4.817,44.959],[4.815,44.961],[4.816,44.965],[4.82,44.965],[4.821,44.966],[4.824,44.966],[4.821,44.966],[4.82,44.965],[4.817,44.966],[4.817,44.967],[4.821,44.97],[4.821,44.97],[4.821,44.972],[4.823,44.971],[4.825,44.972],[4.826,44.972],[4.826,44.971],[4.826,44.971],[4.826,44.971],[4.826,44.97],[4.825,44.97]],[[4.841,44.962],[4.841,44.962],[4.842,44.962],[4.841,44.962]],[[4.842,44.962],[4.841,44.962],[4.841,44.962],[4.842,44.962]]],[[[4.816,44.965],[4.817,44.966],[4.817,44.966],[4.816,44.965]]],[[[4.828,44.968],[4.828,44.968],[4.83,44.969],[4.83,44.969],[4.83,44.97],[4.833,44.969],[4.834,44.97],[4.834,44.97],[4.834,44.968],[4.834,44.967],[4.833,44.966],[4.834,44.967],[4.834,44.968],[4.835,44.967],[4.837,44.968],[4.836,44.967],[4.837,44.967],[4.837,44.967],[4.839,44.967],[4.839,44.968],[4.839,44.967],[4.841,44.967],[4.841,44.967],[4.842,44.967],[4.843,44.968],[4.843,44.968],[4.843,44.967],[4.843,44.967],[4.843,44.966],[4.843,44.966],[4.843,44.965],[4.844,44.965],[4.844,44.965],[4.844,44.964],[4.845,44.964],[4.845,44.964],[4.844,44.963],[4.841,44.963],[4.839,44.965],[4.84,44.966],[4.84,44.966],[4.839,44.965],[4.838,44.965],[4.836,44.965],[4.836,44.966],[4.835,44.966],[4.836,44.965],[4.83,44.965],[4.827,44.967],[4.827,44.967],[4.827,44.968],[4.827,44.969],[4.827,44.969],[4.828,44.968]],[[4.838,44.967],[4.838,44.967],[4.838,44.966],[4.838,44.967]]],[[[4.844,44.968],[4.844,44.965],[4.844,44.965],[4.843,44.965],[4.843,44.966],[4.843,44.966],[4.843,44.967],[4.843,44.967],[4.843,44.967],[4.843,44.968],[4.843,44.968],[4.842,44.968],[4.842,44.968],[4.841,44.968],[4.84,44.968],[4.844,44.968]]],[[[4.839,44.967],[4.841,44.968],[4.842,44.968],[4.843,44.968],[4.842,44.967],[4.841,44.967],[4.839,44.967]]],[[[4.839,44.967],[4.839,44.968],[4.84,44.968],[4.839,44.967]]],[[[4.827,44.969],[4.827,44.968],[4.827,44.967],[4.827,44.967],[4.825,44.969],[4.824,44.97],[4.826,44.97],[4.826,44.97],[4.826,44.969],[4.827,44.969],[4.827,44.969],[4.827,44.969],[4.827,44.969],[4.827,44.969]]],[[[4.839,44.968],[4.839,44.967],[4.837,44.967],[4.836,44.967],[4.837,44.967],[4.837,44.968],[4.835,44.967],[4.834,44.968],[4.834,44.97],[4.835,44.97],[4.835,44.969],[4.835,44.969],[4.835,44.969],[4.836,44.969],[4.837,44.971],[4.838,44.969],[4.839,44.969],[4.839,44.969],[4.839,44.969],[4.839,44.968]]],[[[4.832,44.97],[4.83,44.97],[4.83,44.969],[4.828,44.968],[4.827,44.969],[4.826,44.969],[4.826,44.97],[4.826,44.972],[4.827,44.971],[4.828,44.971],[4.829,44.971],[4.831,44.971],[4.832,44.971],[4.832,44.971],[4.832,44.971],[4.832,44.97]],[[4.829,44.969],[4.829,44.969],[4.829,44.97],[4.829,44.969]]],[[[4.823,44.972],[4.821,44.972],[4.821,44.97],[4.818,44.969],[4.82,44.972],[4.821,44.972],[4.823,44.972],[4.824,44.972],[4.823,44.972]]],[[[4.84,44.971],[4.839,44.969],[4.838,44.969],[4.838,44.971],[4.837,44.971],[4.837,44.971],[4.838,44.972],[4.838,44.971],[4.839,44.971],[4.84,44.971]]],[[[4.844,44.972],[4.843,44.972],[4.841,44.972],[4.839,44.972],[4.838,44.972],[4.836,44.973],[4.839,44.972],[4.837,44.972],[4.836,44.971],[4.836,44.972],[4.835,44.973],[4.835,44.974],[4.836,44.973],[4.837,44.973],[4.837,44.974],[4.836,44.974],[4.838,44.975],[4.838,44.977],[4.839,44.976],[4.84,44.977],[4.84,44.977],[4.84,44.976],[4.84,44.976],[4.842,44.976],[4.843,44.974],[4.844,44.972]],[[4.838,44.974],[4.838,44.974],[4.838,44.974],[4.838,44.974]]],[[[4.842,44.977],[4.841,44.977],[4.839,44.977],[4.838,44.977],[4.836,44.974],[4.837,44.973],[4.835,44.974],[4.835,44.974],[4.834,44.974],[4.834,44.974],[4.834,44.975],[4.833,44.975],[4.833,44.975],[4.833,44.974],[4.833,44.975],[4.834,44.974],[4.836,44.972],[4.835,44.971],[4.837,44.971],[4.835,44.969],[4.835,44.969],[4.835,44.97],[4.835,44.97],[4.834,44.971],[4.833,44.97],[4.832,44.971],[4.831,44.971],[4.831,44.971],[4.829,44.971],[4.827,44.971],[4.828,44.972],[4.828,44.974],[4.828,44.972],[4.827,44.971],[4.826,44.972],[4.825,44.972],[4.824,44.972],[4.823,44.972],[4.822,44.972],[4.821,44.972],[4.821,44.972],[4.82,44.972],[4.82,44.971],[4.818,44.974],[4.825,44.975],[4.826,44.973],[4.825,44.975],[4.83,44.977],[4.831,44.973],[4.83,44.977],[4.833,44.977],[4.836,44.979],[4.836,44.977],[4.837,44.976],[4.836,44.979],[4.841,44.981],[4.842,44.98],[4.84,44.979],[4.842,44.977]]],[[[4.848,44.96],[4.847,44.961],[4.848,44.961],[4.848,44.96]]],[[[4.848,44.961],[4.847,44.961],[4.847,44.961],[4.848,44.961]]],[[[4.848,44.962],[4.847,44.962],[4.848,44.962],[4.848,44.962]]],[[[4.848,44.963],[4.847,44.962],[4.847,44.963],[4.847,44.963],[4.848,44.963]]],[[[4.848,44.963],[4.848,44.963],[4.847,44.963],[4.847,44.963],[4.848,44.963]]],[[[4.849,44.964],[4.848,44.962],[4.848,44.963],[4.848,44.964],[4.848,44.963],[4.849,44.964]]],[[[4.848,44.964],[4.848,44.964],[4.848,44.964],[4.848,44.964]]],[[[4.848,44.964],[4.847,44.964],[4.847,44.964],[4.848,44.964]]],[[[4.849,44.965],[4.849,44.964],[4.848,44.964],[4.849,44.965]]],[[[4.847,44.964],[4.845,44.964],[4.845,44.965],[4.847,44.965],[4.847,44.964]]],[[[4.849,44.965],[4.848,44.964],[4.848,44.964],[4.849,44.965]]],[[[4.848,44.965],[4.847,44.964],[4.847,44.964],[4.847,44.965],[4.848,44.965]]],[[[4.847,44.965],[4.845,44.965],[4.845,44.964],[4.844,44.966],[4.847,44.966],[4.847,44.965]]],[[[4.849,44.968],[4.848,44.965],[4.847,44.966],[4.847,44.968],[4.847,44.968],[4.849,44.968]]],[[[4.847,44.968],[4.847,44.966],[4.844,44.966],[4.844,44.968],[4.844,44.968],[4.843,44.968],[4.84,44.968],[4.844,44.969],[4.847,44.968]]],[[[4.846,44.968],[4.844,44.969],[4.843,44.969],[4.84,44.968],[4.841,44.969],[4.841,44.969],[4.841,44.969],[4.842,44.97],[4.842,44.971],[4.843,44.97],[4.843,44.971],[4.845,44.97],[4.846,44.969],[4.846,44.969],[4.846,44.968]],[[4.842,44.968],[4.841,44.969],[4.841,44.968],[4.842,44.968]]],[[[4.849,44.969],[4.847,44.968],[4.844,44.971],[4.846,44.969],[4.842,44.971],[4.843,44.971],[4.842,44.971],[4.842,44.97],[4.84,44.968],[4.839,44.968],[4.839,44.968],[4.839,44.969],[4.84,44.971],[4.84,44.971],[4.839,44.971],[4.839,44.971],[4.838,44.972],[4.838,44.972],[4.836,44.971],[4.837,44.972],[4.839,44.972],[4.841,44.972],[4.844,44.972],[4.844,44.972],[4.847,44.969],[4.849,44.969]]],[[[4.848,44.969],[4.847,44.969],[4.844,44.973],[4.846,44.972],[4.848,44.972],[4.848,44.97],[4.847,44.97],[4.848,44.969]]],[[[4.85,44.961],[4.849,44.961],[4.85,44.961],[4.85,44.961]]],[[[4.85,44.961],[4.849,44.961],[4.85,44.96],[4.848,44.961],[4.848,44.962],[4.85,44.961]]],[[[4.851,44.963],[4.85,44.962],[4.848,44.962],[4.849,44.964],[4.851,44.963]]],[[[4.849,44.964],[4.851,44.963],[4.849,44.964],[4.849,44.964]]],[[[4.851,44.964],[4.849,44.964],[4.85,44.965],[4.85,44.966],[4.852,44.966],[4.852,44.966],[4.851,44.964]],[[4.851,44.965],[4.851,44.964],[4.852,44.965],[4.851,44.965]]],[[[4.848,44.965],[4.849,44.965],[4.848,44.965],[4.848,44.965]]],[[[4.85,44.965],[4.849,44.965],[4.85,44.966],[4.85,44.965]]],[[[4.852,44.967],[4.85,44.966],[4.849,44.965],[4.85,44.967],[4.852,44.967]]],[[[4.849,44.968],[4.849,44.965],[4.848,44.965],[4.849,44.968]]],[[[4.853,44.968],[4.852,44.966],[4.852,44.967],[4.85,44.967],[4.85,44.968],[4.851,44.968],[4.852,44.968],[4.853,44.968]]],[[[4.849,44.969],[4.848,44.968],[4.848,44.968],[4.849,44.969]]],[[[4.85,44.968],[4.85,44.968],[4.85,44.969],[4.85,44.969],[4.85,44.968]]],[[[4.85,44.969],[4.85,44.968],[4.849,44.969],[4.85,44.969]]],[[[4.85,44.969],[4.849,44.969],[4.849,44.969],[4.85,44.969]]],[[[4.849,44.969],[4.849,44.969],[4.849,44.969],[4.849,44.969]]],[[[4.853,44.968],[4.85,44.968],[4.852,44.972],[4.852,44.971],[4.853,44.968]]],[[[4.852,44.972],[4.85,44.969],[4.849,44.969],[4.848,44.97],[4.848,44.97],[4.848,44.971],[4.848,44.972],[4.847,44.972],[4.848,44.972],[4.848,44.971],[4.851,44.971],[4.852,44.972]],[[4.849,44.971],[4.849,44.97],[4.849,44.97],[4.849,44.971]]]]}},{"type":"Feature","properties":{"id_app":273,"app":"Coteaux de Die","denom":"Coteaux de Die","hierarchy":"AOC","dt":"Valence","dept":"26"},"geometry":{"type":"MultiPolygon","coordinates":[[[[5.108,44.678],[5.107,44.675],[5.107,44.675],[5.107,44.676],[5.106,44.677],[5.108,44.678]]],[[[5.136,44.68],[5.136,44.68],[5.136,44.679],[5.135,44.68],[5.136,44.68]]],[[[5.119,44.682],[5.12,44.679],[5.119,44.678],[5.117,44.68],[5.118,44.682],[5.116,44.682],[5.116,44.685],[5.114,44.684],[5.113,44.685],[5.114,44.686],[5.116,44.685],[5.115,44.686],[5.116,44.686],[5.115,44.687],[5.116,44.687],[5.115,44.688],[5.114,44.688],[5.114,44.689],[5.114,44.689],[5.111,44.688],[5.109,44.691],[5.114,44.69],[5.11,44.695],[5.11,44.696],[5.112,44.696],[5.113,44.693],[5.114,44.694],[5.114,44.695],[5.115,44.695],[5.115,44.694],[5.116,44.694],[5.116,44.695],[5.117,44.694],[5.119,44.694],[5.119,44.694],[5.12,44.694],[5.119,44.692],[5.12,44.692],[5.121,44.691],[5.12,44.688],[5.12,44.683],[5.119,44.682]]],[[[5.14,44.683],[5.137,44.684],[5.138,44.681],[5.137,44.684],[5.133,44.684],[5.134,44.69],[5.136,44.692],[5.139,44.693],[5.14,44.69],[5.14,44.688],[5.139,44.687],[5.14,44.683]]],[[[5.134,44.692],[5.133,44.687],[5.13,44.686],[5.13,44.684],[5.129,44.683],[5.13,44.682],[5.13,44.681],[5.128,44.681],[5.121,44.683],[5.127,44.683],[5.127,44.684],[5.125,44.684],[5.126,44.685],[5.125,44.685],[5.123,44.693],[5.124,44.692],[5.125,44.693],[5.127,44.693],[5.127,44.694],[5.131,44.692],[5.134,44.692]]],[[[5.108,44.692],[5.103,44.686],[5.103,44.682],[5.1,44.68],[5.101,44.685],[5.101,44.686],[5.1,44.686],[5.099,44.689],[5.1,44.691],[5.101,44.693],[5.102,44.693],[5.101,44.691],[5.101,44.688],[5.101,44.688],[5.102,44.685],[5.103,44.688],[5.105,44.693],[5.104,44.695],[5.104,44.694],[5.101,44.694],[5.1,44.699],[5.101,44.699],[5.104,44.698],[5.105,44.698],[5.108,44.697],[5.107,44.695],[5.108,44.695],[5.108,44.692]]],[[[5.066,44.699],[5.064,44.697],[5.063,44.699],[5.064,44.7],[5.066,44.699]]],[[[5.097,44.699],[5.093,44.697],[5.092,44.698],[5.093,44.698],[5.091,44.7],[5.091,44.695],[5.09,44.695],[5.09,44.698],[5.087,44.7],[5.086,44.699],[5.085,44.699],[5.083,44.7],[5.083,44.699],[5.083,44.701],[5.081,44.701],[5.082,44.704],[5.088,44.702],[5.092,44.7],[5.097,44.699]]],[[[5.065,44.7],[5.061,44.701],[5.061,44.701],[5.063,44.701],[5.065,44.7]]],[[[5.141,44.698],[5.127,44.7],[5.128,44.701],[5.126,44.702],[5.127,44.703],[5.13,44.703],[5.129,44.701],[5.132,44.701],[5.134,44.701],[5.134,44.7],[5.133,44.7],[5.134,44.7],[5.14,44.699],[5.143,44.7],[5.143,44.699],[5.143,44.699],[5.147,44.7],[5.148,44.699],[5.148,44.7],[5.151,44.7],[5.151,44.701],[5.155,44.701],[5.158,44.703],[5.158,44.703],[5.163,44.705],[5.167,44.704],[5.17,44.704],[5.174,44.7],[5.177,44.699],[5.177,44.701],[5.178,44.701],[5.178,44.703],[5.177,44.703],[5.177,44.702],[5.174,44.703],[5.174,44.705],[5.173,44.707],[5.174,44.706],[5.176,44.708],[5.178,44.708],[5.18,44.705],[5.182,44.705],[5.18,44.707],[5.185,44.707],[5.185,44.71],[5.185,44.71],[5.188,44.709],[5.19,44.709],[5.193,44.707],[5.194,44.708],[5.197,44.703],[5.197,44.705],[5.197,44.704],[5.197,44.701],[5.195,44.7],[5.195,44.698],[5.194,44.698],[5.194,44.697],[5.191,44.697],[5.19,44.697],[5.19,44.696],[5.176,44.695],[5.172,44.694],[5.171,44.694],[5.165,44.696],[5.163,44.696],[5.159,44.697],[5.158,44.697],[5.155,44.697],[5.156,44.698],[5.153,44.699],[5.148,44.698],[5.146,44.698],[5.141,44.698]]],[[[5.142,44.701],[5.141,44.7],[5.14,44.704],[5.141,44.705],[5.142,44.701]]],[[[5.081,44.707],[5.079,44.703],[5.08,44.702],[5.078,44.703],[5.079,44.705],[5.078,44.705],[5.078,44.706],[5.081,44.707]]],[[[5.075,44.705],[5.072,44.705],[5.071,44.705],[5.074,44.705],[5.075,44.705]]],[[[5.063,44.704],[5.06,44.705],[5.059,44.707],[5.06,44.707],[5.06,44.705],[5.063,44.705],[5.063,44.704]]],[[[5.123,44.702],[5.118,44.705],[5.117,44.706],[5.118,44.708],[5.123,44.707],[5.121,44.704],[5.123,44.702]]],[[[5.057,44.706],[5.055,44.704],[5.053,44.705],[5.056,44.705],[5.054,44.706],[5.056,44.707],[5.052,44.708],[5.049,44.709],[5.055,44.709],[5.057,44.706]]],[[[5.141,44.712],[5.137,44.712],[5.132,44.709],[5.129,44.709],[5.128,44.71],[5.135,44.713],[5.136,44.712],[5.137,44.712],[5.141,44.712]]],[[[5.129,44.712],[5.126,44.712],[5.126,44.712],[5.123,44.711],[5.12,44.71],[5.116,44.708],[5.116,44.706],[5.114,44.706],[5.114,44.705],[5.113,44.704],[5.109,44.706],[5.105,44.706],[5.106,44.707],[5.094,44.71],[5.095,44.711],[5.092,44.711],[5.093,44.713],[5.097,44.714],[5.098,44.715],[5.103,44.713],[5.108,44.713],[5.11,44.712],[5.109,44.713],[5.111,44.714],[5.111,44.715],[5.111,44.715],[5.11,44.714],[5.11,44.715],[5.107,44.717],[5.103,44.717],[5.106,44.717],[5.105,44.718],[5.108,44.718],[5.112,44.716],[5.112,44.714],[5.113,44.714],[5.112,44.707],[5.109,44.706],[5.114,44.707],[5.117,44.711],[5.128,44.713],[5.126,44.714],[5.127,44.714],[5.128,44.715],[5.126,44.719],[5.128,44.719],[5.129,44.712]]],[[[5.086,44.715],[5.085,44.713],[5.084,44.714],[5.085,44.715],[5.086,44.715]]],[[[5.132,44.715],[5.131,44.714],[5.13,44.713],[5.13,44.714],[5.132,44.715]]],[[[5.055,44.717],[5.054,44.716],[5.053,44.716],[5.053,44.717],[5.053,44.717],[5.055,44.717]]],[[[5.053,44.717],[5.053,44.717],[5.053,44.717],[5.053,44.717]]],[[[5.088,44.716],[5.087,44.717],[5.089,44.718],[5.088,44.716]]],[[[5.086,44.722],[5.084,44.717],[5.084,44.714],[5.085,44.712],[5.082,44.712],[5.079,44.714],[5.077,44.715],[5.081,44.717],[5.084,44.721],[5.085,44.721],[5.086,44.722]]],[[[5.082,44.72],[5.08,44.72],[5.081,44.72],[5.08,44.717],[5.077,44.715],[5.074,44.715],[5.074,44.717],[5.068,44.717],[5.067,44.717],[5.063,44.716],[5.061,44.716],[5.062,44.716],[5.061,44.717],[5.063,44.72],[5.066,44.72],[5.065,44.721],[5.068,44.726],[5.07,44.725],[5.07,44.723],[5.075,44.721],[5.078,44.723],[5.078,44.723],[5.081,44.724],[5.081,44.723],[5.082,44.721],[5.082,44.72]]],[[[5.133,44.72],[5.134,44.721],[5.134,44.721],[5.133,44.72]]],[[[5.135,44.722],[5.134,44.721],[5.135,44.722],[5.135,44.722]]],[[[5.094,44.725],[5.092,44.721],[5.092,44.72],[5.089,44.718],[5.088,44.719],[5.089,44.72],[5.089,44.725],[5.092,44.727],[5.091,44.728],[5.092,44.726],[5.094,44.725]]],[[[5.063,44.726],[5.063,44.723],[5.058,44.719],[5.058,44.717],[5.052,44.717],[5.046,44.722],[5.045,44.72],[5.044,44.721],[5.042,44.722],[5.042,44.723],[5.039,44.725],[5.043,44.73],[5.047,44.731],[5.049,44.731],[5.053,44.731],[5.055,44.729],[5.057,44.731],[5.057,44.73],[5.058,44.729],[5.059,44.729],[5.061,44.727],[5.062,44.727],[5.063,44.726]]],[[[5.137,44.723],[5.136,44.723],[5.136,44.723],[5.136,44.724],[5.137,44.723]]],[[[5.141,44.725],[5.138,44.723],[5.137,44.724],[5.138,44.725],[5.141,44.725]]],[[[5.141,44.725],[5.14,44.726],[5.141,44.726],[5.141,44.725]]],[[[5.143,44.729],[5.137,44.725],[5.14,44.729],[5.143,44.729]]],[[[5.09,44.729],[5.089,44.728],[5.088,44.728],[5.089,44.729],[5.09,44.729]]],[[[5.092,44.729],[5.092,44.73],[5.093,44.73],[5.092,44.729]]],[[[5.113,44.731],[5.111,44.73],[5.105,44.728],[5.104,44.728],[5.105,44.728],[5.105,44.729],[5.106,44.73],[5.105,44.73],[5.107,44.731],[5.107,44.731],[5.11,44.734],[5.113,44.731]]],[[[5.091,44.73],[5.09,44.732],[5.091,44.733],[5.092,44.731],[5.091,44.73]]],[[[5.092,44.733],[5.094,44.733],[5.094,44.732],[5.093,44.732],[5.092,44.733]]],[[[5.118,44.735],[5.113,44.731],[5.111,44.733],[5.11,44.734],[5.111,44.735],[5.109,44.735],[5.109,44.736],[5.11,44.736],[5.112,44.737],[5.114,44.737],[5.114,44.737],[5.116,44.738],[5.117,44.736],[5.119,44.737],[5.118,44.735]]],[[[5.093,44.735],[5.095,44.735],[5.096,44.733],[5.098,44.733],[5.098,44.73],[5.096,44.73],[5.094,44.733],[5.09,44.734],[5.09,44.736],[5.089,44.737],[5.091,44.738],[5.09,44.739],[5.093,44.74],[5.095,44.74],[5.094,44.738],[5.097,44.738],[5.097,44.737],[5.096,44.737],[5.097,44.737],[5.098,44.736],[5.094,44.738],[5.091,44.736],[5.091,44.735],[5.093,44.735]],[[5.092,44.735],[5.092,44.735],[5.092,44.735],[5.092,44.735]]],[[[5.093,44.735],[5.093,44.736],[5.095,44.736],[5.093,44.735]]],[[[5.075,44.736],[5.074,44.734],[5.073,44.734],[5.074,44.737],[5.075,44.739],[5.077,44.739],[5.075,44.736]]],[[[5.113,44.739],[5.113,44.737],[5.113,44.739],[5.113,44.739]]],[[[5.097,44.739],[5.097,44.74],[5.098,44.739],[5.097,44.739]]],[[[5.119,44.739],[5.117,44.738],[5.117,44.739],[5.118,44.74],[5.119,44.739]]],[[[5.15,44.743],[5.141,44.745],[5.139,44.744],[5.137,44.745],[5.135,44.742],[5.131,44.74],[5.129,44.74],[5.128,44.741],[5.132,44.747],[5.134,44.747],[5.132,44.747],[5.133,44.748],[5.133,44.75],[5.136,44.75],[5.141,44.748],[5.142,44.748],[5.148,44.745],[5.149,44.747],[5.148,44.745],[5.15,44.743]]],[[[5.11,44.75],[5.112,44.752],[5.113,44.751],[5.112,44.749],[5.11,44.75]]],[[[5.139,44.752],[5.136,44.751],[5.133,44.752],[5.135,44.753],[5.138,44.752],[5.139,44.752]]],[[[5.119,44.754],[5.12,44.753],[5.117,44.751],[5.119,44.755],[5.12,44.761],[5.12,44.763],[5.121,44.761],[5.122,44.761],[5.122,44.759],[5.121,44.759],[5.121,44.758],[5.122,44.755],[5.12,44.755],[5.122,44.755],[5.123,44.753],[5.119,44.754]],[[5.119,44.754],[5.119,44.754],[5.119,44.754],[5.119,44.754]]],[[[5.134,44.758],[5.132,44.756],[5.131,44.756],[5.133,44.758],[5.134,44.758]]],[[[5.151,44.761],[5.142,44.755],[5.139,44.755],[5.135,44.755],[5.137,44.756],[5.14,44.755],[5.145,44.759],[5.151,44.761]]],[[[5.116,44.762],[5.117,44.761],[5.116,44.761],[5.116,44.762]]],[[[5.12,44.765],[5.118,44.766],[5.117,44.763],[5.114,44.767],[5.112,44.768],[5.11,44.766],[5.112,44.763],[5.114,44.761],[5.113,44.76],[5.116,44.758],[5.117,44.756],[5.112,44.76],[5.11,44.759],[5.108,44.761],[5.106,44.762],[5.105,44.762],[5.106,44.76],[5.103,44.762],[5.102,44.761],[5.101,44.761],[5.1,44.762],[5.1,44.763],[5.102,44.762],[5.104,44.762],[5.104,44.763],[5.104,44.763],[5.104,44.765],[5.108,44.766],[5.11,44.771],[5.111,44.77],[5.112,44.77],[5.112,44.771],[5.114,44.771],[5.114,44.77],[5.117,44.768],[5.117,44.769],[5.118,44.769],[5.119,44.767],[5.119,44.768],[5.12,44.768],[5.121,44.766],[5.12,44.765]]],[[[5.128,44.77],[5.129,44.769],[5.129,44.769],[5.129,44.772],[5.129,44.775],[5.132,44.775],[5.132,44.777],[5.133,44.779],[5.137,44.781],[5.142,44.783],[5.142,44.787],[5.144,44.791],[5.144,44.791],[5.146,44.788],[5.145,44.786],[5.144,44.786],[5.145,44.784],[5.147,44.784],[5.147,44.782],[5.146,44.782],[5.147,44.781],[5.144,44.778],[5.143,44.779],[5.142,44.777],[5.142,44.775],[5.14,44.774],[5.139,44.771],[5.138,44.773],[5.136,44.773],[5.136,44.772],[5.133,44.771],[5.134,44.77],[5.133,44.769],[5.133,44.769],[5.132,44.77],[5.133,44.769],[5.135,44.767],[5.137,44.768],[5.138,44.764],[5.138,44.761],[5.137,44.76],[5.134,44.759],[5.134,44.758],[5.129,44.759],[5.127,44.764],[5.127,44.763],[5.124,44.762],[5.125,44.766],[5.128,44.77]],[[5.128,44.768],[5.128,44.768],[5.128,44.768],[5.128,44.768]],[[5.127,44.767],[5.127,44.768],[5.127,44.767],[5.127,44.767]],[[5.127,44.766],[5.127,44.766],[5.127,44.767],[5.127,44.766]],[[5.127,44.766],[5.127,44.766],[5.127,44.766],[5.127,44.766]],[[5.127,44.765],[5.127,44.765],[5.127,44.764],[5.127,44.765]]],[[[5.119,44.769],[5.115,44.772],[5.119,44.772],[5.119,44.77],[5.119,44.769]]],[[[5.123,44.775],[5.123,44.777],[5.124,44.776],[5.123,44.775]]],[[[5.17,44.674],[5.171,44.675],[5.171,44.674],[5.17,44.674]]],[[[5.156,44.676],[5.153,44.675],[5.152,44.678],[5.155,44.677],[5.155,44.676],[5.156,44.676]]],[[[5.244,44.678],[5.242,44.678],[5.241,44.679],[5.239,44.68],[5.239,44.679],[5.238,44.679],[5.24,44.677],[5.238,44.677],[5.237,44.678],[5.234,44.675],[5.233,44.676],[5.23,44.676],[5.23,44.678],[5.229,44.677],[5.228,44.677],[5.226,44.674],[5.224,44.675],[5.224,44.676],[5.226,44.677],[5.225,44.678],[5.223,44.676],[5.223,44.677],[5.227,44.681],[5.227,44.682],[5.225,44.682],[5.224,44.681],[5.221,44.685],[5.223,44.686],[5.225,44.686],[5.225,44.687],[5.227,44.687],[5.228,44.686],[5.228,44.687],[5.234,44.687],[5.24,44.684],[5.24,44.682],[5.243,44.68],[5.242,44.68],[5.244,44.678]]],[[[5.2,44.683],[5.198,44.681],[5.198,44.681],[5.2,44.684],[5.2,44.683]]],[[[5.18,44.682],[5.179,44.682],[5.178,44.684],[5.18,44.684],[5.18,44.682]]],[[[5.173,44.68],[5.173,44.678],[5.17,44.677],[5.169,44.676],[5.168,44.677],[5.168,44.678],[5.169,44.678],[5.168,44.678],[5.168,44.68],[5.169,44.68],[5.169,44.682],[5.17,44.682],[5.171,44.684],[5.167,44.68],[5.168,44.677],[5.167,44.675],[5.164,44.675],[5.164,44.676],[5.161,44.676],[5.16,44.676],[5.16,44.674],[5.158,44.674],[5.157,44.675],[5.155,44.677],[5.152,44.678],[5.152,44.679],[5.152,44.681],[5.152,44.682],[5.152,44.681],[5.152,44.679],[5.149,44.678],[5.148,44.676],[5.147,44.676],[5.145,44.677],[5.145,44.678],[5.141,44.682],[5.141,44.685],[5.14,44.685],[5.141,44.687],[5.141,44.687],[5.141,44.692],[5.151,44.692],[5.155,44.694],[5.154,44.692],[5.155,44.691],[5.154,44.692],[5.151,44.691],[5.147,44.691],[5.147,44.689],[5.148,44.689],[5.148,44.687],[5.154,44.688],[5.156,44.687],[5.155,44.685],[5.156,44.685],[5.157,44.686],[5.158,44.688],[5.155,44.692],[5.156,44.694],[5.159,44.694],[5.162,44.693],[5.167,44.692],[5.166,44.692],[5.167,44.691],[5.167,44.691],[5.163,44.691],[5.162,44.69],[5.165,44.689],[5.165,44.687],[5.162,44.688],[5.166,44.686],[5.163,44.685],[5.163,44.684],[5.162,44.683],[5.166,44.683],[5.165,44.684],[5.17,44.687],[5.17,44.688],[5.171,44.69],[5.171,44.691],[5.174,44.691],[5.175,44.688],[5.177,44.686],[5.176,44.685],[5.175,44.687],[5.174,44.687],[5.176,44.682],[5.173,44.68]],[[5.17,44.687],[5.17,44.687],[5.17,44.687],[5.17,44.687]],[[5.17,44.687],[5.17,44.687],[5.17,44.687],[5.17,44.687]],[[5.174,44.687],[5.174,44.687],[5.174,44.687],[5.174,44.687]],[[5.153,44.682],[5.153,44.684],[5.152,44.682],[5.153,44.682]],[[5.153,44.684],[5.154,44.684],[5.154,44.685],[5.154,44.685],[5.153,44.684]],[[5.154,44.685],[5.154,44.685],[5.154,44.685],[5.154,44.685]],[[5.154,44.685],[5.154,44.685],[5.154,44.685],[5.154,44.685]],[[5.154,44.685],[5.154,44.685],[5.155,44.685],[5.155,44.685],[5.155,44.685],[5.154,44.685]]],[[[5.203,44.693],[5.202,44.693],[5.199,44.69],[5.198,44.69],[5.198,44.684],[5.196,44.68],[5.194,44.679],[5.195,44.678],[5.194,44.678],[5.191,44.677],[5.191,44.675],[5.188,44.675],[5.188,44.677],[5.186,44.677],[5.186,44.678],[5.189,44.68],[5.19,44.685],[5.189,44.688],[5.187,44.687],[5.188,44.688],[5.187,44.69],[5.187,44.688],[5.186,44.689],[5.186,44.687],[5.183,44.689],[5.184,44.69],[5.182,44.689],[5.182,44.69],[5.175,44.692],[5.175,44.692],[5.181,44.691],[5.181,44.692],[5.187,44.693],[5.189,44.691],[5.191,44.694],[5.197,44.694],[5.202,44.696],[5.203,44.693]]],[[[5.204,44.685],[5.202,44.686],[5.201,44.686],[5.2,44.684],[5.199,44.684],[5.2,44.69],[5.203,44.692],[5.203,44.688],[5.206,44.686],[5.204,44.685]]],[[[5.24,44.688],[5.238,44.687],[5.239,44.689],[5.24,44.688]]],[[[5.237,44.69],[5.229,44.689],[5.218,44.691],[5.216,44.692],[5.218,44.692],[5.218,44.694],[5.22,44.694],[5.219,44.697],[5.221,44.697],[5.222,44.695],[5.224,44.696],[5.225,44.694],[5.226,44.694],[5.227,44.696],[5.227,44.695],[5.228,44.696],[5.229,44.694],[5.23,44.694],[5.228,44.692],[5.232,44.69],[5.237,44.69]]],[[[5.212,44.69],[5.204,44.692],[5.205,44.694],[5.204,44.696],[5.206,44.697],[5.209,44.697],[5.209,44.696],[5.208,44.695],[5.209,44.694],[5.207,44.693],[5.21,44.691],[5.212,44.691],[5.212,44.69]]],[[[5.246,44.696],[5.243,44.694],[5.242,44.694],[5.246,44.696]]],[[[5.245,44.697],[5.244,44.697],[5.245,44.697],[5.245,44.697]]],[[[5.247,44.697],[5.245,44.697],[5.247,44.697],[5.247,44.697]]],[[[5.245,44.698],[5.243,44.697],[5.243,44.698],[5.245,44.698]]],[[[5.242,44.697],[5.243,44.697],[5.241,44.7],[5.243,44.698],[5.243,44.697],[5.242,44.697]]],[[[5.205,44.705],[5.2,44.704],[5.2,44.702],[5.203,44.697],[5.202,44.697],[5.2,44.697],[5.197,44.699],[5.198,44.7],[5.198,44.699],[5.199,44.7],[5.198,44.7],[5.198,44.704],[5.197,44.706],[5.197,44.707],[5.2,44.708],[5.204,44.708],[5.205,44.705]]],[[[5.249,44.698],[5.245,44.697],[5.247,44.698],[5.247,44.699],[5.245,44.699],[5.244,44.701],[5.244,44.702],[5.244,44.703],[5.242,44.706],[5.242,44.706],[5.248,44.704],[5.248,44.703],[5.25,44.701],[5.249,44.7],[5.25,44.699],[5.25,44.699],[5.249,44.698],[5.248,44.698],[5.249,44.698],[5.25,44.699],[5.25,44.698],[5.249,44.698]],[[5.248,44.698],[5.248,44.698],[5.248,44.698],[5.248,44.698]],[[5.247,44.699],[5.247,44.699],[5.247,44.699],[5.247,44.699]]],[[[5.146,44.704],[5.144,44.704],[5.143,44.706],[5.146,44.706],[5.146,44.704]]],[[[5.243,44.701],[5.242,44.702],[5.243,44.701],[5.239,44.703],[5.24,44.704],[5.239,44.705],[5.24,44.705],[5.239,44.706],[5.242,44.706],[5.242,44.706],[5.244,44.702],[5.243,44.701]]],[[[5.248,44.705],[5.242,44.706],[5.242,44.707],[5.244,44.707],[5.246,44.706],[5.247,44.706],[5.247,44.705],[5.248,44.705],[5.248,44.705]]],[[[5.242,44.707],[5.24,44.706],[5.239,44.706],[5.242,44.707]]],[[[5.242,44.708],[5.24,44.707],[5.239,44.708],[5.241,44.708],[5.241,44.708],[5.242,44.708]]],[[[5.243,44.708],[5.242,44.707],[5.241,44.708],[5.241,44.708],[5.239,44.708],[5.243,44.708]]],[[[5.248,44.708],[5.247,44.708],[5.248,44.708],[5.248,44.708]]],[[[5.247,44.706],[5.243,44.707],[5.242,44.707],[5.243,44.708],[5.243,44.709],[5.243,44.711],[5.243,44.711],[5.243,44.711],[5.243,44.71],[5.244,44.709],[5.245,44.708],[5.246,44.707],[5.246,44.707],[5.247,44.706]]],[[[5.248,44.707],[5.247,44.706],[5.247,44.707],[5.247,44.707],[5.246,44.708],[5.244,44.709],[5.244,44.71],[5.243,44.711],[5.244,44.71],[5.244,44.71],[5.245,44.71],[5.245,44.71],[5.246,44.71],[5.247,44.71],[5.247,44.709],[5.247,44.709],[5.247,44.708],[5.247,44.708],[5.248,44.708],[5.248,44.707]]],[[[5.243,44.709],[5.242,44.708],[5.243,44.709],[5.243,44.709]]],[[[5.249,44.711],[5.249,44.71],[5.25,44.71],[5.251,44.709],[5.251,44.709],[5.251,44.709],[5.251,44.709],[5.249,44.71],[5.249,44.71],[5.248,44.709],[5.247,44.71],[5.245,44.71],[5.245,44.71],[5.244,44.71],[5.247,44.71],[5.248,44.711],[5.249,44.711],[5.249,44.711]],[[5.249,44.711],[5.249,44.711],[5.249,44.711],[5.249,44.711]],[[5.249,44.711],[5.249,44.711],[5.249,44.711],[5.249,44.711]]],[[[5.242,44.709],[5.241,44.71],[5.24,44.711],[5.242,44.711],[5.243,44.709],[5.243,44.709],[5.242,44.709]]],[[[5.248,44.711],[5.247,44.711],[5.245,44.711],[5.245,44.711],[5.247,44.711],[5.249,44.711],[5.248,44.711]]],[[[5.16,44.715],[5.158,44.711],[5.155,44.711],[5.153,44.713],[5.153,44.714],[5.154,44.714],[5.156,44.712],[5.157,44.715],[5.16,44.715]]],[[[5.247,44.713],[5.246,44.713],[5.246,44.713],[5.247,44.713]]],[[[5.245,44.713],[5.245,44.713],[5.245,44.713],[5.245,44.713]]],[[[5.153,44.714],[5.153,44.715],[5.154,44.714],[5.153,44.714]]],[[[5.245,44.713],[5.245,44.713],[5.245,44.713],[5.245,44.713]]],[[[5.152,44.716],[5.151,44.714],[5.147,44.714],[5.147,44.714],[5.147,44.716],[5.149,44.715],[5.152,44.716]]],[[[5.247,44.711],[5.244,44.711],[5.243,44.711],[5.243,44.713],[5.242,44.714],[5.244,44.715],[5.245,44.714],[5.245,44.714],[5.245,44.715],[5.246,44.715],[5.245,44.714],[5.245,44.713],[5.245,44.713],[5.245,44.713],[5.245,44.713],[5.246,44.712],[5.246,44.711],[5.247,44.711],[5.247,44.711]]],[[[5.246,44.713],[5.245,44.713],[5.245,44.714],[5.246,44.713]]],[[[5.246,44.714],[5.245,44.713],[5.246,44.713],[5.246,44.714],[5.246,44.714]]],[[[5.246,44.714],[5.245,44.714],[5.245,44.714],[5.246,44.714]]],[[[5.245,44.715],[5.245,44.714],[5.244,44.715],[5.245,44.715]]],[[[5.208,44.728],[5.206,44.727],[5.205,44.727],[5.203,44.729],[5.205,44.73],[5.205,44.73],[5.207,44.729],[5.207,44.729],[5.208,44.728]]],[[[5.158,44.731],[5.154,44.734],[5.155,44.735],[5.158,44.732],[5.158,44.731]]],[[[5.152,44.733],[5.149,44.732],[5.149,44.734],[5.152,44.734],[5.152,44.733]]],[[[5.149,44.739],[5.146,44.74],[5.145,44.742],[5.149,44.741],[5.149,44.739]]],[[[5.142,44.741],[5.141,44.743],[5.143,44.743],[5.143,44.742],[5.144,44.742],[5.142,44.741]]],[[[5.255,44.754],[5.252,44.754],[5.25,44.754],[5.248,44.754],[5.243,44.753],[5.244,44.755],[5.245,44.754],[5.25,44.755],[5.255,44.754]]],[[[5.158,44.762],[5.153,44.762],[5.153,44.761],[5.152,44.761],[5.158,44.762]]],[[[5.171,44.771],[5.17,44.767],[5.165,44.767],[5.17,44.768],[5.171,44.771]]],[[[5.145,44.772],[5.145,44.77],[5.142,44.77],[5.143,44.772],[5.145,44.772]]],[[[5.151,44.775],[5.149,44.775],[5.146,44.777],[5.151,44.778],[5.151,44.775]]],[[[5.15,44.778],[5.147,44.778],[5.147,44.778],[5.149,44.779],[5.15,44.778]]],[[[5.15,44.787],[5.148,44.786],[5.148,44.786],[5.148,44.788],[5.147,44.788],[5.149,44.791],[5.146,44.791],[5.146,44.793],[5.148,44.793],[5.149,44.791],[5.149,44.789],[5.15,44.787]]],[[[5.266,44.658],[5.263,44.658],[5.263,44.659],[5.266,44.658]]],[[[5.271,44.663],[5.269,44.661],[5.265,44.662],[5.266,44.661],[5.265,44.661],[5.263,44.661],[5.264,44.663],[5.266,44.664],[5.266,44.663],[5.27,44.664],[5.269,44.665],[5.268,44.665],[5.267,44.665],[5.269,44.666],[5.266,44.669],[5.267,44.67],[5.268,44.671],[5.268,44.669],[5.27,44.668],[5.269,44.666],[5.272,44.666],[5.271,44.665],[5.271,44.663]]],[[[5.276,44.673],[5.272,44.675],[5.27,44.674],[5.269,44.674],[5.267,44.676],[5.272,44.679],[5.276,44.673]]],[[[5.282,44.687],[5.281,44.686],[5.278,44.686],[5.28,44.687],[5.278,44.69],[5.275,44.689],[5.275,44.688],[5.269,44.688],[5.267,44.69],[5.265,44.689],[5.263,44.688],[5.262,44.689],[5.264,44.69],[5.264,44.692],[5.263,44.694],[5.271,44.694],[5.272,44.692],[5.273,44.692],[5.273,44.693],[5.275,44.692],[5.274,44.691],[5.275,44.691],[5.274,44.691],[5.276,44.692],[5.278,44.692],[5.279,44.691],[5.28,44.691],[5.28,44.689],[5.281,44.689],[5.28,44.687],[5.282,44.687]]],[[[5.258,44.694],[5.255,44.694],[5.254,44.694],[5.254,44.695],[5.25,44.696],[5.248,44.695],[5.246,44.696],[5.253,44.696],[5.258,44.694],[5.259,44.693],[5.258,44.694]]],[[[5.264,44.695],[5.265,44.696],[5.267,44.696],[5.264,44.695]]],[[[5.267,44.696],[5.269,44.696],[5.269,44.696],[5.267,44.696]]],[[[5.269,44.696],[5.267,44.697],[5.269,44.697],[5.269,44.696]]],[[[5.266,44.697],[5.264,44.697],[5.264,44.698],[5.263,44.697],[5.264,44.696],[5.261,44.696],[5.263,44.698],[5.264,44.698],[5.265,44.698],[5.266,44.697]]],[[[5.25,44.699],[5.25,44.698],[5.25,44.698],[5.25,44.699]]],[[[5.25,44.699],[5.25,44.699],[5.253,44.701],[5.253,44.701],[5.253,44.7],[5.25,44.699]]],[[[5.25,44.701],[5.249,44.7],[5.25,44.7],[5.249,44.7],[5.25,44.701],[5.248,44.703],[5.248,44.704],[5.248,44.703],[5.25,44.701]]],[[[5.251,44.703],[5.25,44.702],[5.25,44.7],[5.25,44.701],[5.248,44.704],[5.249,44.705],[5.251,44.704],[5.251,44.704],[5.251,44.704],[5.25,44.705],[5.252,44.705],[5.251,44.704],[5.251,44.704],[5.251,44.703]]],[[[5.27,44.705],[5.267,44.702],[5.267,44.702],[5.265,44.702],[5.27,44.705]]],[[[5.255,44.705],[5.258,44.706],[5.254,44.703],[5.252,44.702],[5.252,44.702],[5.251,44.702],[5.251,44.703],[5.251,44.703],[5.251,44.702],[5.252,44.702],[5.25,44.699],[5.252,44.704],[5.252,44.706],[5.253,44.706],[5.256,44.709],[5.256,44.71],[5.257,44.71],[5.259,44.711],[5.26,44.71],[5.261,44.711],[5.258,44.706],[5.255,44.705]],[[5.255,44.706],[5.255,44.706],[5.255,44.705],[5.255,44.706]]],[[[5.248,44.704],[5.248,44.705],[5.247,44.706],[5.248,44.707],[5.248,44.706],[5.248,44.705],[5.248,44.704]]],[[[5.25,44.705],[5.25,44.706],[5.248,44.704],[5.249,44.705],[5.248,44.708],[5.248,44.708],[5.249,44.708],[5.248,44.708],[5.248,44.709],[5.247,44.71],[5.247,44.71],[5.248,44.709],[5.251,44.709],[5.251,44.709],[5.251,44.709],[5.251,44.709],[5.251,44.71],[5.252,44.709],[5.253,44.708],[5.252,44.706],[5.252,44.705],[5.25,44.705]]],[[[5.256,44.709],[5.252,44.706],[5.253,44.708],[5.253,44.711],[5.256,44.709]]],[[[5.253,44.708],[5.252,44.709],[5.251,44.711],[5.25,44.711],[5.253,44.711],[5.253,44.708]]],[[[5.256,44.71],[5.257,44.71],[5.257,44.71],[5.256,44.71]]],[[[5.25,44.71],[5.25,44.71],[5.25,44.711],[5.25,44.71]]],[[[5.257,44.71],[5.256,44.71],[5.257,44.711],[5.257,44.71]]],[[[5.25,44.711],[5.25,44.711],[5.25,44.71],[5.25,44.711]]],[[[5.25,44.711],[5.25,44.711],[5.25,44.711],[5.25,44.711]]],[[[5.256,44.71],[5.256,44.711],[5.256,44.711],[5.256,44.71]]],[[[5.256,44.712],[5.256,44.71],[5.253,44.711],[5.253,44.712],[5.254,44.712],[5.255,44.712],[5.256,44.712],[5.256,44.712]]],[[[5.25,44.711],[5.25,44.711],[5.25,44.711],[5.25,44.711]]],[[[5.25,44.711],[5.25,44.711],[5.25,44.711],[5.25,44.711]]],[[[5.262,44.711],[5.26,44.711],[5.26,44.711],[5.26,44.71],[5.259,44.711],[5.257,44.71],[5.257,44.712],[5.256,44.712],[5.256,44.712],[5.256,44.712],[5.257,44.711],[5.258,44.712],[5.259,44.712],[5.259,44.711],[5.261,44.711],[5.261,44.711],[5.263,44.712],[5.262,44.711]]],[[[5.253,44.711],[5.25,44.711],[5.25,44.712],[5.251,44.712],[5.254,44.712],[5.253,44.711]],[[5.253,44.711],[5.253,44.711],[5.253,44.711],[5.253,44.711]],[[5.25,44.712],[5.25,44.712],[5.25,44.712],[5.25,44.712]]],[[[5.255,44.712],[5.255,44.712],[5.254,44.712],[5.255,44.712]]],[[[5.253,44.712],[5.249,44.713],[5.251,44.714],[5.253,44.712]]],[[[5.25,44.716],[5.251,44.715],[5.249,44.713],[5.25,44.711],[5.25,44.711],[5.246,44.711],[5.247,44.713],[5.246,44.713],[5.245,44.713],[5.246,44.714],[5.246,44.714],[5.246,44.715],[5.247,44.714],[5.248,44.714],[5.248,44.714],[5.246,44.715],[5.247,44.715],[5.25,44.716]],[[5.249,44.714],[5.249,44.714],[5.249,44.713],[5.249,44.714]],[[5.248,44.715],[5.249,44.716],[5.248,44.715],[5.248,44.715]],[[5.248,44.715],[5.248,44.715],[5.249,44.715],[5.248,44.715]],[[5.249,44.715],[5.248,44.715],[5.249,44.715],[5.249,44.715],[5.249,44.715]],[[5.249,44.713],[5.249,44.713],[5.249,44.713],[5.249,44.713]]],[[[5.267,44.724],[5.265,44.72],[5.265,44.719],[5.264,44.719],[5.263,44.719],[5.265,44.719],[5.263,44.716],[5.265,44.718],[5.264,44.715],[5.263,44.716],[5.264,44.715],[5.263,44.711],[5.257,44.703],[5.256,44.702],[5.255,44.703],[5.256,44.702],[5.253,44.7],[5.253,44.701],[5.253,44.701],[5.253,44.702],[5.253,44.703],[5.26,44.707],[5.258,44.706],[5.261,44.71],[5.261,44.711],[5.261,44.71],[5.261,44.709],[5.261,44.709],[5.261,44.711],[5.262,44.711],[5.263,44.711],[5.263,44.712],[5.261,44.711],[5.259,44.712],[5.257,44.712],[5.255,44.712],[5.259,44.713],[5.259,44.714],[5.259,44.714],[5.261,44.714],[5.261,44.714],[5.26,44.715],[5.262,44.715],[5.262,44.716],[5.262,44.716],[5.26,44.716],[5.26,44.716],[5.259,44.716],[5.259,44.717],[5.259,44.716],[5.258,44.716],[5.255,44.716],[5.255,44.717],[5.255,44.716],[5.256,44.717],[5.256,44.717],[5.258,44.717],[5.259,44.718],[5.259,44.718],[5.256,44.717],[5.255,44.717],[5.253,44.718],[5.252,44.718],[5.252,44.718],[5.253,44.718],[5.254,44.718],[5.254,44.718],[5.252,44.719],[5.254,44.719],[5.255,44.719],[5.255,44.719],[5.255,44.72],[5.256,44.719],[5.257,44.719],[5.259,44.719],[5.259,44.72],[5.26,44.719],[5.261,44.719],[5.262,44.719],[5.262,44.719],[5.263,44.719],[5.263,44.719],[5.263,44.719],[5.259,44.72],[5.253,44.72],[5.254,44.72],[5.256,44.72],[5.257,44.721],[5.259,44.724],[5.259,44.725],[5.259,44.725],[5.261,44.725],[5.265,44.725],[5.263,44.724],[5.261,44.723],[5.263,44.724],[5.266,44.725],[5.266,44.725],[5.261,44.725],[5.259,44.725],[5.259,44.725],[5.259,44.725],[5.261,44.725],[5.262,44.725],[5.262,44.725],[5.263,44.726],[5.263,44.727],[5.264,44.728],[5.265,44.728],[5.265,44.728],[5.266,44.725],[5.267,44.724]],[[5.262,44.717],[5.261,44.717],[5.261,44.717],[5.26,44.718],[5.262,44.717]],[[5.263,44.723],[5.264,44.722],[5.264,44.722],[5.263,44.723]]],[[[5.262,44.715],[5.26,44.715],[5.261,44.714],[5.259,44.714],[5.259,44.713],[5.255,44.712],[5.256,44.714],[5.255,44.716],[5.255,44.717],[5.255,44.716],[5.256,44.716],[5.259,44.716],[5.261,44.716],[5.262,44.716],[5.262,44.715]]],[[[5.256,44.714],[5.255,44.712],[5.253,44.712],[5.251,44.714],[5.252,44.715],[5.252,44.716],[5.252,44.717],[5.252,44.718],[5.255,44.717],[5.254,44.716],[5.256,44.714]]],[[[5.248,44.716],[5.25,44.717],[5.248,44.716],[5.248,44.716]]],[[[5.252,44.716],[5.251,44.715],[5.251,44.715],[5.25,44.716],[5.249,44.717],[5.25,44.717],[5.249,44.717],[5.25,44.719],[5.25,44.717],[5.252,44.716]]],[[[5.274,44.715],[5.273,44.717],[5.273,44.718],[5.274,44.716],[5.274,44.715]]],[[[5.252,44.716],[5.251,44.717],[5.25,44.718],[5.251,44.718],[5.251,44.718],[5.251,44.718],[5.252,44.717],[5.252,44.716]]],[[[5.254,44.718],[5.252,44.718],[5.251,44.718],[5.251,44.718],[5.25,44.718],[5.254,44.718]]],[[[5.266,44.719],[5.265,44.718],[5.265,44.719],[5.266,44.719]]],[[[5.266,44.721],[5.265,44.72],[5.265,44.719],[5.265,44.719],[5.265,44.72],[5.266,44.721]]],[[[5.273,44.72],[5.273,44.721],[5.273,44.722],[5.274,44.723],[5.273,44.722],[5.275,44.722],[5.273,44.721],[5.275,44.721],[5.276,44.721],[5.273,44.72]]],[[[5.268,44.725],[5.268,44.723],[5.266,44.721],[5.268,44.724],[5.267,44.725],[5.268,44.725]]],[[[5.259,44.725],[5.258,44.725],[5.259,44.724],[5.257,44.723],[5.258,44.724],[5.256,44.721],[5.253,44.72],[5.254,44.72],[5.254,44.721],[5.253,44.72],[5.25,44.721],[5.251,44.721],[5.251,44.722],[5.251,44.724],[5.251,44.724],[5.251,44.725],[5.253,44.725],[5.253,44.726],[5.258,44.725],[5.256,44.726],[5.257,44.727],[5.256,44.728],[5.258,44.728],[5.257,44.729],[5.259,44.728],[5.259,44.728],[5.259,44.727],[5.26,44.726],[5.259,44.725]],[[5.258,44.725],[5.258,44.725],[5.258,44.725],[5.258,44.725]],[[5.258,44.725],[5.258,44.725],[5.258,44.725],[5.258,44.725]],[[5.255,44.723],[5.255,44.723],[5.255,44.724],[5.255,44.723]],[[5.255,44.722],[5.255,44.722],[5.255,44.721],[5.255,44.722],[5.255,44.722]]],[[[5.273,44.725],[5.274,44.725],[5.273,44.725],[5.273,44.725]]],[[[5.267,44.725],[5.266,44.726],[5.267,44.725],[5.267,44.725]]],[[[5.263,44.726],[5.259,44.725],[5.26,44.726],[5.259,44.728],[5.261,44.727],[5.263,44.727],[5.263,44.726]]],[[[5.266,44.729],[5.266,44.727],[5.265,44.729],[5.265,44.728],[5.264,44.728],[5.263,44.727],[5.261,44.727],[5.257,44.729],[5.257,44.729],[5.26,44.73],[5.261,44.731],[5.262,44.731],[5.262,44.732],[5.264,44.732],[5.266,44.735],[5.265,44.736],[5.261,44.734],[5.261,44.736],[5.263,44.737],[5.262,44.738],[5.263,44.74],[5.264,44.742],[5.263,44.742],[5.264,44.743],[5.262,44.744],[5.262,44.747],[5.263,44.747],[5.263,44.748],[5.266,44.742],[5.266,44.736],[5.268,44.733],[5.266,44.729],[5.266,44.729],[5.265,44.729],[5.265,44.729],[5.264,44.729],[5.264,44.729],[5.263,44.729],[5.263,44.729],[5.261,44.729],[5.26,44.729],[5.257,44.729],[5.261,44.729],[5.263,44.729],[5.263,44.729],[5.264,44.729],[5.265,44.729],[5.266,44.729]]],[[[5.273,44.733],[5.271,44.735],[5.271,44.736],[5.273,44.736],[5.273,44.736],[5.271,44.736],[5.265,44.748],[5.269,44.743],[5.27,44.743],[5.27,44.742],[5.273,44.741],[5.271,44.739],[5.272,44.737],[5.273,44.737],[5.279,44.739],[5.281,44.737],[5.282,44.737],[5.281,44.736],[5.283,44.735],[5.278,44.733],[5.279,44.731],[5.287,44.735],[5.29,44.734],[5.291,44.736],[5.289,44.737],[5.292,44.738],[5.291,44.736],[5.291,44.733],[5.292,44.732],[5.291,44.731],[5.283,44.73],[5.274,44.73],[5.273,44.733]],[[5.279,44.736],[5.28,44.737],[5.28,44.737],[5.279,44.736]],[[5.273,44.733],[5.273,44.733],[5.273,44.733],[5.273,44.733]]],[[[5.275,44.761],[5.274,44.759],[5.274,44.757],[5.271,44.756],[5.27,44.754],[5.268,44.755],[5.268,44.756],[5.27,44.757],[5.272,44.761],[5.274,44.763],[5.275,44.761]]],[[[5.269,44.767],[5.268,44.764],[5.264,44.761],[5.263,44.759],[5.262,44.755],[5.263,44.753],[5.262,44.753],[5.262,44.752],[5.26,44.752],[5.26,44.754],[5.258,44.754],[5.257,44.755],[5.26,44.754],[5.259,44.755],[5.257,44.762],[5.257,44.762],[5.259,44.763],[5.258,44.764],[5.26,44.764],[5.259,44.767],[5.262,44.767],[5.261,44.769],[5.264,44.769],[5.266,44.767],[5.268,44.768],[5.269,44.767]]],[[[5.256,44.762],[5.255,44.764],[5.256,44.765],[5.257,44.763],[5.256,44.762]]],[[[5.286,44.764],[5.273,44.769],[5.274,44.77],[5.271,44.773],[5.271,44.772],[5.27,44.771],[5.266,44.771],[5.267,44.773],[5.264,44.772],[5.262,44.774],[5.263,44.776],[5.26,44.778],[5.261,44.78],[5.262,44.78],[5.261,44.778],[5.263,44.778],[5.265,44.777],[5.268,44.777],[5.27,44.778],[5.276,44.772],[5.278,44.771],[5.279,44.772],[5.28,44.77],[5.284,44.769],[5.284,44.767],[5.284,44.767],[5.286,44.764]]],[[[5.283,44.778],[5.28,44.777],[5.279,44.776],[5.275,44.78],[5.273,44.781],[5.274,44.782],[5.276,44.78],[5.277,44.782],[5.277,44.781],[5.279,44.782],[5.28,44.781],[5.278,44.779],[5.278,44.779],[5.28,44.779],[5.281,44.779],[5.283,44.78],[5.282,44.78],[5.284,44.779],[5.283,44.778]]],[[[5.278,44.654],[5.277,44.654],[5.279,44.656],[5.278,44.654]]],[[[5.275,44.657],[5.276,44.658],[5.276,44.656],[5.275,44.657],[5.275,44.657]]],[[[5.366,44.659],[5.358,44.658],[5.353,44.657],[5.352,44.658],[5.354,44.658],[5.353,44.66],[5.36,44.66],[5.361,44.661],[5.366,44.659]]],[[[5.277,44.662],[5.272,44.662],[5.272,44.664],[5.277,44.662],[5.277,44.662]]],[[[5.28,44.668],[5.276,44.667],[5.277,44.666],[5.277,44.665],[5.277,44.665],[5.274,44.664],[5.273,44.665],[5.272,44.665],[5.274,44.667],[5.274,44.669],[5.274,44.669],[5.275,44.669],[5.274,44.67],[5.276,44.671],[5.28,44.668]]],[[[5.298,44.684],[5.295,44.683],[5.294,44.681],[5.289,44.682],[5.287,44.689],[5.287,44.689],[5.284,44.688],[5.285,44.686],[5.282,44.686],[5.281,44.688],[5.282,44.688],[5.283,44.688],[5.284,44.689],[5.282,44.69],[5.281,44.689],[5.281,44.69],[5.282,44.691],[5.28,44.692],[5.284,44.692],[5.286,44.69],[5.287,44.691],[5.289,44.691],[5.292,44.693],[5.295,44.693],[5.295,44.691],[5.298,44.684]]],[[[5.301,44.693],[5.297,44.691],[5.296,44.688],[5.295,44.692],[5.297,44.692],[5.297,44.691],[5.299,44.692],[5.299,44.694],[5.3,44.695],[5.301,44.695],[5.301,44.693]]],[[[5.286,44.693],[5.285,44.692],[5.285,44.692],[5.286,44.693]]],[[[5.282,44.695],[5.279,44.693],[5.274,44.695],[5.272,44.697],[5.272,44.699],[5.268,44.701],[5.269,44.702],[5.27,44.701],[5.274,44.7],[5.273,44.701],[5.273,44.703],[5.274,44.704],[5.276,44.702],[5.275,44.7],[5.276,44.699],[5.276,44.697],[5.278,44.698],[5.278,44.699],[5.278,44.699],[5.281,44.699],[5.28,44.699],[5.282,44.696],[5.282,44.695]]],[[[5.307,44.702],[5.308,44.703],[5.31,44.702],[5.309,44.702],[5.307,44.702]]],[[[5.283,44.693],[5.282,44.695],[5.286,44.697],[5.284,44.698],[5.284,44.7],[5.285,44.701],[5.285,44.7],[5.286,44.701],[5.288,44.702],[5.284,44.706],[5.286,44.706],[5.288,44.704],[5.291,44.703],[5.29,44.707],[5.285,44.708],[5.284,44.708],[5.283,44.709],[5.276,44.712],[5.276,44.713],[5.275,44.713],[5.278,44.715],[5.278,44.717],[5.279,44.716],[5.281,44.717],[5.279,44.721],[5.281,44.721],[5.281,44.719],[5.283,44.719],[5.283,44.718],[5.284,44.719],[5.284,44.718],[5.289,44.719],[5.29,44.719],[5.288,44.717],[5.285,44.717],[5.286,44.715],[5.284,44.715],[5.288,44.713],[5.296,44.712],[5.294,44.71],[5.295,44.71],[5.295,44.711],[5.296,44.711],[5.295,44.71],[5.296,44.709],[5.297,44.71],[5.299,44.711],[5.299,44.709],[5.304,44.709],[5.305,44.708],[5.299,44.707],[5.298,44.705],[5.296,44.705],[5.297,44.703],[5.293,44.702],[5.295,44.701],[5.293,44.698],[5.294,44.697],[5.295,44.698],[5.297,44.698],[5.295,44.699],[5.296,44.7],[5.297,44.699],[5.298,44.699],[5.299,44.701],[5.301,44.701],[5.301,44.7],[5.301,44.699],[5.301,44.698],[5.302,44.698],[5.304,44.701],[5.306,44.702],[5.307,44.702],[5.307,44.701],[5.309,44.7],[5.307,44.698],[5.309,44.698],[5.311,44.7],[5.312,44.7],[5.313,44.701],[5.314,44.7],[5.313,44.699],[5.314,44.696],[5.311,44.697],[5.304,44.696],[5.301,44.696],[5.3,44.695],[5.301,44.697],[5.299,44.698],[5.297,44.696],[5.298,44.694],[5.296,44.695],[5.295,44.693],[5.288,44.694],[5.288,44.696],[5.287,44.695],[5.286,44.696],[5.286,44.696],[5.285,44.696],[5.287,44.694],[5.283,44.693]],[[5.284,44.694],[5.284,44.694],[5.284,44.694],[5.284,44.694]]],[[[5.277,44.706],[5.277,44.705],[5.275,44.705],[5.276,44.708],[5.273,44.709],[5.271,44.708],[5.273,44.713],[5.276,44.713],[5.276,44.712],[5.277,44.711],[5.277,44.709],[5.279,44.709],[5.278,44.708],[5.28,44.706],[5.277,44.706]]],[[[5.316,44.713],[5.312,44.71],[5.309,44.711],[5.303,44.71],[5.306,44.712],[5.303,44.712],[5.304,44.714],[5.304,44.715],[5.305,44.714],[5.307,44.715],[5.306,44.713],[5.307,44.712],[5.309,44.712],[5.31,44.711],[5.312,44.711],[5.307,44.714],[5.308,44.716],[5.309,44.716],[5.306,44.718],[5.309,44.717],[5.31,44.718],[5.311,44.716],[5.313,44.717],[5.315,44.715],[5.313,44.715],[5.313,44.714],[5.316,44.713]]],[[[5.305,44.716],[5.304,44.715],[5.301,44.716],[5.302,44.719],[5.3,44.72],[5.302,44.72],[5.304,44.718],[5.304,44.716],[5.306,44.717],[5.306,44.716],[5.305,44.715],[5.305,44.716]]],[[[5.31,44.719],[5.311,44.72],[5.312,44.72],[5.313,44.719],[5.31,44.719]]],[[[5.31,44.72],[5.306,44.718],[5.299,44.722],[5.291,44.724],[5.288,44.724],[5.287,44.724],[5.289,44.726],[5.301,44.725],[5.306,44.723],[5.302,44.722],[5.302,44.723],[5.301,44.723],[5.3,44.722],[5.304,44.722],[5.306,44.723],[5.31,44.722],[5.31,44.72]]],[[[5.291,44.723],[5.292,44.722],[5.292,44.722],[5.291,44.723]]],[[[5.291,44.727],[5.289,44.727],[5.289,44.728],[5.291,44.727]]],[[[5.279,44.729],[5.279,44.729],[5.281,44.729],[5.28,44.729],[5.279,44.729]]],[[[5.303,44.734],[5.3,44.733],[5.3,44.73],[5.299,44.729],[5.289,44.728],[5.287,44.725],[5.285,44.725],[5.275,44.726],[5.272,44.726],[5.273,44.727],[5.273,44.729],[5.276,44.73],[5.277,44.73],[5.277,44.729],[5.279,44.728],[5.284,44.728],[5.284,44.726],[5.286,44.726],[5.287,44.728],[5.286,44.728],[5.286,44.729],[5.282,44.728],[5.281,44.729],[5.291,44.731],[5.296,44.734],[5.303,44.734]]],[[[5.308,44.733],[5.305,44.733],[5.306,44.734],[5.308,44.733]]],[[[5.298,44.739],[5.296,44.736],[5.295,44.735],[5.292,44.733],[5.292,44.737],[5.294,44.736],[5.295,44.738],[5.295,44.737],[5.297,44.739],[5.298,44.739]]],[[[5.305,44.739],[5.301,44.736],[5.304,44.736],[5.304,44.733],[5.303,44.734],[5.299,44.734],[5.3,44.735],[5.301,44.736],[5.302,44.737],[5.302,44.738],[5.304,44.738],[5.305,44.739]]],[[[5.304,44.739],[5.302,44.738],[5.299,44.734],[5.296,44.734],[5.291,44.731],[5.301,44.74],[5.301,44.739],[5.302,44.739],[5.302,44.74],[5.303,44.739],[5.303,44.741],[5.304,44.741],[5.304,44.739]]],[[[5.292,44.737],[5.292,44.738],[5.292,44.738],[5.292,44.737]]],[[[5.361,44.75],[5.359,44.75],[5.36,44.751],[5.361,44.75]]],[[[5.359,44.75],[5.358,44.752],[5.359,44.752],[5.36,44.751],[5.359,44.75]]],[[[5.35,44.757],[5.35,44.758],[5.351,44.758],[5.351,44.757],[5.351,44.758],[5.35,44.757]]],[[[5.351,44.759],[5.35,44.758],[5.35,44.757],[5.347,44.758],[5.348,44.758],[5.349,44.759],[5.351,44.759]]],[[[5.349,44.76],[5.345,44.757],[5.345,44.758],[5.345,44.759],[5.344,44.759],[5.344,44.759],[5.344,44.759],[5.345,44.759],[5.345,44.758],[5.346,44.761],[5.347,44.761],[5.349,44.76]]],[[[5.342,44.759],[5.341,44.76],[5.342,44.76],[5.342,44.759]]],[[[5.345,44.761],[5.344,44.76],[5.343,44.758],[5.342,44.76],[5.343,44.761],[5.345,44.761]]],[[[5.342,44.76],[5.342,44.761],[5.342,44.762],[5.343,44.761],[5.343,44.761],[5.343,44.761],[5.342,44.76]]],[[[5.342,44.76],[5.339,44.76],[5.34,44.761],[5.337,44.762],[5.337,44.764],[5.339,44.764],[5.342,44.762],[5.342,44.76],[5.342,44.76]]],[[[5.336,44.764],[5.336,44.761],[5.334,44.762],[5.336,44.762],[5.334,44.763],[5.335,44.764],[5.336,44.764]]],[[[5.298,44.765],[5.295,44.764],[5.293,44.764],[5.295,44.764],[5.296,44.767],[5.298,44.765]]],[[[5.309,44.767],[5.305,44.764],[5.298,44.764],[5.297,44.767],[5.293,44.77],[5.295,44.77],[5.295,44.769],[5.298,44.767],[5.299,44.765],[5.305,44.765],[5.309,44.767]]],[[[5.288,44.768],[5.286,44.766],[5.285,44.766],[5.284,44.767],[5.284,44.769],[5.286,44.77],[5.288,44.768]]],[[[5.352,44.77],[5.349,44.772],[5.35,44.772],[5.353,44.772],[5.352,44.77]]],[[[5.34,44.771],[5.341,44.772],[5.341,44.772],[5.342,44.773],[5.342,44.774],[5.343,44.773],[5.343,44.773],[5.34,44.771]]],[[[5.29,44.77],[5.285,44.772],[5.283,44.771],[5.283,44.773],[5.279,44.776],[5.283,44.778],[5.284,44.779],[5.284,44.778],[5.286,44.778],[5.287,44.778],[5.289,44.778],[5.289,44.776],[5.287,44.775],[5.289,44.775],[5.29,44.773],[5.289,44.771],[5.29,44.77]]],[[[5.343,44.773],[5.342,44.774],[5.342,44.774],[5.343,44.773]]],[[[5.319,44.771],[5.317,44.771],[5.31,44.767],[5.309,44.767],[5.311,44.77],[5.31,44.77],[5.312,44.771],[5.312,44.771],[5.312,44.772],[5.312,44.773],[5.316,44.774],[5.319,44.774],[5.316,44.775],[5.316,44.776],[5.314,44.777],[5.315,44.777],[5.311,44.78],[5.315,44.782],[5.317,44.78],[5.319,44.774],[5.32,44.773],[5.32,44.772],[5.319,44.772],[5.319,44.771]]],[[[5.342,44.774],[5.341,44.775],[5.34,44.775],[5.34,44.775],[5.34,44.775],[5.341,44.774],[5.341,44.774],[5.34,44.773],[5.34,44.774],[5.338,44.774],[5.339,44.777],[5.338,44.774],[5.34,44.773],[5.342,44.774],[5.34,44.771],[5.339,44.771],[5.339,44.771],[5.337,44.772],[5.337,44.772],[5.336,44.773],[5.336,44.773],[5.336,44.773],[5.336,44.773],[5.336,44.773],[5.335,44.773],[5.335,44.774],[5.335,44.773],[5.339,44.771],[5.339,44.77],[5.335,44.772],[5.334,44.771],[5.333,44.773],[5.334,44.775],[5.333,44.773],[5.331,44.773],[5.33,44.771],[5.321,44.773],[5.32,44.778],[5.317,44.78],[5.318,44.781],[5.317,44.785],[5.315,44.785],[5.313,44.789],[5.311,44.79],[5.309,44.789],[5.306,44.794],[5.308,44.794],[5.308,44.795],[5.309,44.794],[5.31,44.795],[5.311,44.794],[5.312,44.795],[5.314,44.794],[5.315,44.792],[5.315,44.792],[5.317,44.791],[5.319,44.789],[5.317,44.788],[5.318,44.788],[5.32,44.786],[5.323,44.786],[5.323,44.785],[5.325,44.786],[5.327,44.785],[5.326,44.783],[5.327,44.782],[5.327,44.781],[5.328,44.781],[5.331,44.779],[5.331,44.779],[5.332,44.779],[5.331,44.777],[5.333,44.777],[5.333,44.776],[5.336,44.776],[5.336,44.777],[5.337,44.777],[5.335,44.778],[5.335,44.778],[5.337,44.779],[5.339,44.777],[5.342,44.776],[5.342,44.774]],[[5.334,44.776],[5.334,44.775],[5.334,44.775],[5.334,44.776]]],[[[5.359,44.775],[5.356,44.773],[5.355,44.774],[5.356,44.773],[5.354,44.772],[5.353,44.772],[5.353,44.777],[5.358,44.777],[5.358,44.775],[5.359,44.775]]],[[[5.363,44.775],[5.362,44.774],[5.363,44.776],[5.363,44.776],[5.364,44.776],[5.364,44.776],[5.363,44.775]]],[[[5.342,44.774],[5.342,44.776],[5.341,44.778],[5.342,44.777],[5.343,44.776],[5.344,44.775],[5.345,44.774],[5.343,44.773],[5.342,44.774]]],[[[5.359,44.775],[5.358,44.777],[5.359,44.777],[5.36,44.775],[5.359,44.775]]],[[[5.349,44.781],[5.348,44.778],[5.347,44.779],[5.346,44.78],[5.346,44.78],[5.345,44.78],[5.348,44.778],[5.348,44.777],[5.347,44.777],[5.345,44.778],[5.348,44.777],[5.347,44.775],[5.346,44.775],[5.345,44.777],[5.345,44.777],[5.346,44.775],[5.345,44.774],[5.341,44.778],[5.344,44.779],[5.343,44.78],[5.345,44.781],[5.345,44.782],[5.347,44.782],[5.349,44.781]]],[[[5.351,44.778],[5.352,44.779],[5.352,44.778],[5.351,44.778]]],[[[5.351,44.779],[5.351,44.78],[5.352,44.78],[5.352,44.78],[5.351,44.779]]],[[[5.354,44.782],[5.352,44.781],[5.352,44.783],[5.353,44.783],[5.354,44.782]]],[[[5.348,44.781],[5.347,44.782],[5.349,44.784],[5.349,44.784],[5.348,44.781]]],[[[5.314,44.782],[5.311,44.784],[5.307,44.784],[5.307,44.785],[5.31,44.785],[5.312,44.786],[5.312,44.784],[5.315,44.783],[5.314,44.782]]],[[[5.307,44.792],[5.304,44.794],[5.303,44.796],[5.305,44.795],[5.307,44.792]]],[[[5.38,44.656],[5.379,44.657],[5.38,44.659],[5.38,44.656]]],[[[5.395,44.673],[5.389,44.667],[5.383,44.664],[5.375,44.662],[5.372,44.66],[5.369,44.66],[5.367,44.659],[5.361,44.661],[5.359,44.661],[5.356,44.662],[5.358,44.665],[5.36,44.662],[5.361,44.664],[5.362,44.664],[5.365,44.665],[5.366,44.664],[5.369,44.666],[5.369,44.667],[5.376,44.667],[5.377,44.666],[5.379,44.667],[5.381,44.666],[5.385,44.667],[5.386,44.666],[5.386,44.669],[5.388,44.669],[5.389,44.67],[5.389,44.671],[5.392,44.673],[5.395,44.673]],[[5.378,44.663],[5.373,44.663],[5.371,44.662],[5.369,44.662],[5.375,44.663],[5.379,44.663],[5.378,44.663]]],[[[5.365,44.674],[5.364,44.674],[5.365,44.674],[5.365,44.674]]],[[[5.363,44.676],[5.363,44.675],[5.362,44.676],[5.362,44.677],[5.363,44.676]]],[[[5.386,44.681],[5.382,44.679],[5.379,44.676],[5.375,44.675],[5.372,44.675],[5.372,44.676],[5.375,44.678],[5.375,44.681],[5.377,44.681],[5.377,44.681],[5.38,44.682],[5.381,44.682],[5.386,44.681]]],[[[5.386,44.687],[5.382,44.687],[5.381,44.688],[5.384,44.688],[5.386,44.687]]],[[[5.39,44.696],[5.386,44.696],[5.386,44.695],[5.382,44.695],[5.382,44.696],[5.384,44.696],[5.384,44.698],[5.381,44.698],[5.38,44.699],[5.389,44.699],[5.39,44.696]]],[[[5.38,44.7],[5.378,44.701],[5.378,44.702],[5.382,44.701],[5.38,44.7]]],[[[5.38,44.708],[5.382,44.709],[5.384,44.708],[5.384,44.708],[5.38,44.708]]],[[[5.393,44.71],[5.391,44.709],[5.391,44.708],[5.39,44.708],[5.385,44.709],[5.382,44.709],[5.381,44.71],[5.375,44.71],[5.376,44.71],[5.374,44.712],[5.376,44.713],[5.379,44.711],[5.386,44.712],[5.392,44.711],[5.393,44.71]]],[[[5.383,44.715],[5.381,44.715],[5.38,44.716],[5.384,44.716],[5.383,44.715]]],[[[5.386,44.716],[5.384,44.716],[5.384,44.717],[5.386,44.717],[5.386,44.716]]],[[[5.377,44.72],[5.375,44.721],[5.378,44.721],[5.377,44.72]]],[[[5.377,44.721],[5.375,44.721],[5.376,44.722],[5.377,44.721]]],[[[5.378,44.721],[5.377,44.721],[5.378,44.722],[5.38,44.722],[5.378,44.721]]],[[[5.377,44.722],[5.377,44.722],[5.376,44.722],[5.377,44.722]]],[[[5.383,44.722],[5.381,44.721],[5.385,44.724],[5.387,44.725],[5.383,44.722]]],[[[5.382,44.726],[5.381,44.727],[5.382,44.729],[5.385,44.729],[5.385,44.727],[5.383,44.727],[5.382,44.726]]],[[[5.381,44.739],[5.381,44.739],[5.381,44.739],[5.381,44.739]]],[[[5.381,44.739],[5.378,44.74],[5.38,44.741],[5.381,44.739]]],[[[5.388,44.748],[5.386,44.747],[5.384,44.749],[5.386,44.749],[5.387,44.749],[5.387,44.749],[5.387,44.748],[5.388,44.748],[5.39,44.749],[5.388,44.748]]],[[[5.384,44.749],[5.385,44.749],[5.385,44.749],[5.384,44.749]]],[[[5.382,44.751],[5.38,44.751],[5.381,44.752],[5.382,44.751],[5.382,44.751]]],[[[5.386,44.751],[5.387,44.751],[5.387,44.751],[5.387,44.751],[5.386,44.751]]],[[[5.385,44.753],[5.382,44.751],[5.381,44.752],[5.382,44.753],[5.384,44.754],[5.385,44.753]]],[[[5.388,44.754],[5.385,44.753],[5.384,44.754],[5.386,44.755],[5.387,44.755],[5.387,44.755],[5.388,44.755],[5.388,44.754]]],[[[5.39,44.756],[5.387,44.755],[5.387,44.755],[5.386,44.755],[5.385,44.754],[5.385,44.755],[5.387,44.756],[5.39,44.756]]],[[[5.375,44.755],[5.373,44.756],[5.374,44.756],[5.374,44.756],[5.373,44.756],[5.373,44.757],[5.375,44.757],[5.375,44.755]]],[[[5.372,44.757],[5.371,44.756],[5.37,44.758],[5.372,44.759],[5.373,44.757],[5.372,44.757]]],[[[5.384,44.763],[5.381,44.76],[5.38,44.761],[5.38,44.761],[5.381,44.76],[5.375,44.755],[5.377,44.758],[5.375,44.756],[5.374,44.757],[5.377,44.759],[5.377,44.761],[5.378,44.761],[5.379,44.761],[5.379,44.761],[5.379,44.761],[5.378,44.761],[5.381,44.764],[5.381,44.765],[5.382,44.765],[5.383,44.764],[5.385,44.763],[5.384,44.763]]],[[[5.378,44.761],[5.378,44.761],[5.378,44.761],[5.378,44.761]]],[[[5.371,44.763],[5.369,44.761],[5.367,44.763],[5.369,44.762],[5.371,44.763],[5.371,44.763]]],[[[5.374,44.764],[5.374,44.762],[5.374,44.761],[5.373,44.761],[5.372,44.76],[5.371,44.761],[5.372,44.761],[5.373,44.762],[5.373,44.763],[5.373,44.763],[5.373,44.764],[5.372,44.761],[5.371,44.761],[5.371,44.761],[5.372,44.76],[5.369,44.759],[5.369,44.761],[5.371,44.761],[5.373,44.764],[5.372,44.763],[5.371,44.764],[5.371,44.764],[5.37,44.764],[5.37,44.764],[5.371,44.763],[5.369,44.764],[5.368,44.763],[5.369,44.764],[5.372,44.764],[5.373,44.764],[5.374,44.764],[5.374,44.764]]],[[[5.378,44.763],[5.376,44.761],[5.376,44.762],[5.376,44.762],[5.376,44.762],[5.376,44.762],[5.375,44.763],[5.376,44.764],[5.377,44.764],[5.378,44.763]]],[[[5.375,44.762],[5.374,44.761],[5.375,44.764],[5.375,44.764],[5.375,44.763],[5.376,44.761],[5.375,44.761],[5.375,44.762]]],[[[5.369,44.763],[5.368,44.763],[5.369,44.763],[5.369,44.763],[5.369,44.763]]],[[[5.367,44.763],[5.368,44.763],[5.368,44.763],[5.367,44.763]]],[[[5.37,44.763],[5.369,44.763],[5.369,44.763],[5.37,44.763]]],[[[5.371,44.763],[5.371,44.763],[5.372,44.763],[5.371,44.763]]],[[[5.381,44.765],[5.379,44.764],[5.38,44.767],[5.382,44.765],[5.381,44.765]]],[[[5.384,44.765],[5.384,44.765],[5.383,44.765],[5.383,44.766],[5.383,44.766],[5.384,44.767],[5.386,44.765],[5.384,44.765]]],[[[5.383,44.766],[5.382,44.765],[5.381,44.766],[5.383,44.767],[5.384,44.767],[5.383,44.766]]],[[[5.389,44.766],[5.386,44.765],[5.388,44.766],[5.387,44.767],[5.386,44.765],[5.385,44.766],[5.386,44.767],[5.386,44.767],[5.388,44.768],[5.389,44.766]]],[[[5.385,44.766],[5.384,44.767],[5.386,44.767],[5.385,44.766]]],[[[5.383,44.771],[5.384,44.767],[5.383,44.767],[5.381,44.766],[5.38,44.767],[5.383,44.771]]],[[[5.365,44.771],[5.364,44.771],[5.365,44.77],[5.365,44.77],[5.365,44.77],[5.365,44.769],[5.365,44.768],[5.364,44.768],[5.362,44.767],[5.364,44.77],[5.364,44.771],[5.363,44.771],[5.363,44.772],[5.366,44.772],[5.365,44.771]]],[[[5.371,44.771],[5.368,44.769],[5.368,44.77],[5.369,44.77],[5.369,44.772],[5.369,44.77],[5.368,44.771],[5.368,44.769],[5.367,44.77],[5.366,44.768],[5.365,44.768],[5.365,44.77],[5.366,44.771],[5.366,44.771],[5.366,44.772],[5.37,44.773],[5.371,44.771]]],[[[5.376,44.772],[5.372,44.768],[5.371,44.769],[5.372,44.769],[5.372,44.769],[5.373,44.77],[5.371,44.768],[5.369,44.769],[5.37,44.771],[5.371,44.77],[5.374,44.774],[5.375,44.774],[5.375,44.772],[5.376,44.772]]],[[[5.373,44.773],[5.371,44.772],[5.372,44.773],[5.373,44.773]]],[[[5.366,44.773],[5.366,44.773],[5.366,44.774],[5.366,44.773]]],[[[5.366,44.773],[5.366,44.773],[5.367,44.773],[5.367,44.773],[5.367,44.773],[5.366,44.773]]],[[[5.385,44.772],[5.384,44.771],[5.383,44.775],[5.385,44.775],[5.385,44.772]]],[[[5.382,44.774],[5.378,44.773],[5.379,44.774],[5.38,44.775],[5.382,44.775],[5.382,44.774]]],[[[5.367,44.773],[5.366,44.773],[5.366,44.774],[5.366,44.774],[5.364,44.773],[5.363,44.773],[5.364,44.773],[5.365,44.773],[5.365,44.774],[5.363,44.773],[5.365,44.776],[5.365,44.776],[5.365,44.776],[5.366,44.776],[5.366,44.776],[5.367,44.775],[5.367,44.775],[5.367,44.776],[5.368,44.775],[5.367,44.775],[5.367,44.773]]],[[[5.367,44.775],[5.366,44.776],[5.366,44.776],[5.367,44.776],[5.367,44.775]]],[[[5.369,44.776],[5.368,44.776],[5.367,44.776],[5.367,44.776],[5.367,44.776],[5.365,44.776],[5.365,44.777],[5.365,44.778],[5.368,44.777],[5.368,44.776],[5.369,44.776]]],[[[5.365,44.778],[5.364,44.776],[5.363,44.776],[5.365,44.778]]],[[[5.416,44.642],[5.414,44.642],[5.41,44.643],[5.411,44.644],[5.415,44.643],[5.416,44.642]]],[[[5.41,44.65],[5.405,44.649],[5.404,44.649],[5.407,44.651],[5.41,44.65]]],[[[5.408,44.656],[5.407,44.655],[5.405,44.656],[5.405,44.657],[5.406,44.657],[5.408,44.657],[5.407,44.657],[5.408,44.656]]],[[[5.398,44.659],[5.398,44.658],[5.395,44.657],[5.397,44.66],[5.398,44.659]]],[[[5.387,44.658],[5.387,44.661],[5.389,44.662],[5.389,44.66],[5.388,44.659],[5.389,44.658],[5.387,44.658]]],[[[5.403,44.67],[5.402,44.668],[5.403,44.668],[5.4,44.666],[5.398,44.663],[5.398,44.664],[5.394,44.664],[5.402,44.67],[5.403,44.67]]],[[[5.415,44.673],[5.413,44.67],[5.409,44.672],[5.408,44.674],[5.41,44.675],[5.413,44.673],[5.415,44.673]]],[[[5.403,44.697],[5.405,44.697],[5.405,44.696],[5.403,44.697],[5.403,44.697]]],[[[5.415,44.697],[5.413,44.696],[5.412,44.696],[5.414,44.697],[5.414,44.698],[5.415,44.697]]],[[[5.412,44.696],[5.41,44.696],[5.406,44.699],[5.405,44.698],[5.404,44.698],[5.404,44.702],[5.406,44.702],[5.407,44.701],[5.406,44.699],[5.411,44.698],[5.411,44.697],[5.412,44.697],[5.412,44.696]]],[[[5.389,44.7],[5.386,44.699],[5.381,44.7],[5.383,44.702],[5.382,44.702],[5.387,44.701],[5.39,44.701],[5.389,44.7]]],[[[5.414,44.706],[5.414,44.705],[5.415,44.706],[5.415,44.705],[5.412,44.704],[5.408,44.705],[5.409,44.706],[5.411,44.705],[5.411,44.706],[5.412,44.705],[5.414,44.706]]],[[[5.413,44.711],[5.413,44.71],[5.409,44.708],[5.409,44.709],[5.411,44.711],[5.413,44.711]]],[[[5.395,44.711],[5.392,44.712],[5.393,44.713],[5.395,44.711]]],[[[5.416,44.711],[5.414,44.711],[5.415,44.712],[5.416,44.712],[5.416,44.711]]],[[[5.396,44.713],[5.396,44.711],[5.395,44.711],[5.395,44.713],[5.396,44.714],[5.396,44.715],[5.396,44.713]]],[[[5.386,44.716],[5.386,44.716],[5.388,44.717],[5.388,44.716],[5.386,44.716]]],[[[5.414,44.715],[5.413,44.715],[5.409,44.717],[5.41,44.717],[5.414,44.715]]],[[[5.387,44.717],[5.388,44.717],[5.386,44.716],[5.386,44.717],[5.387,44.717]]],[[[5.421,44.72],[5.42,44.719],[5.415,44.72],[5.412,44.719],[5.413,44.717],[5.411,44.719],[5.409,44.718],[5.406,44.719],[5.409,44.719],[5.41,44.72],[5.413,44.721],[5.416,44.723],[5.419,44.721],[5.421,44.722],[5.421,44.72]]],[[[5.407,44.722],[5.405,44.721],[5.405,44.721],[5.407,44.722]]],[[[5.404,44.721],[5.401,44.724],[5.401,44.725],[5.405,44.722],[5.404,44.721]]],[[[5.414,44.728],[5.412,44.725],[5.414,44.725],[5.412,44.724],[5.412,44.723],[5.408,44.723],[5.408,44.724],[5.407,44.723],[5.407,44.725],[5.403,44.724],[5.402,44.725],[5.408,44.725],[5.408,44.724],[5.409,44.723],[5.41,44.724],[5.409,44.726],[5.408,44.725],[5.408,44.727],[5.406,44.727],[5.406,44.726],[5.401,44.726],[5.399,44.727],[5.396,44.727],[5.395,44.727],[5.398,44.727],[5.4,44.728],[5.402,44.727],[5.405,44.727],[5.405,44.727],[5.407,44.727],[5.408,44.729],[5.409,44.729],[5.411,44.728],[5.41,44.728],[5.411,44.727],[5.41,44.727],[5.411,44.726],[5.414,44.728]]],[[[5.408,44.738],[5.406,44.736],[5.406,44.737],[5.406,44.738],[5.407,44.738],[5.408,44.738],[5.408,44.738]]],[[[5.408,44.738],[5.406,44.738],[5.406,44.737],[5.405,44.738],[5.407,44.739],[5.408,44.738]]],[[[5.402,44.741],[5.401,44.739],[5.401,44.739],[5.4,44.74],[5.4,44.74],[5.4,44.74],[5.399,44.74],[5.402,44.739],[5.399,44.738],[5.398,44.74],[5.402,44.741]]],[[[5.397,44.738],[5.395,44.741],[5.396,44.741],[5.397,44.738]]],[[[5.409,44.739],[5.411,44.74],[5.411,44.739],[5.409,44.739]]],[[[5.411,44.74],[5.412,44.739],[5.411,44.739],[5.411,44.74]]],[[[5.408,44.739],[5.407,44.739],[5.406,44.741],[5.407,44.741],[5.408,44.739]]],[[[5.413,44.74],[5.412,44.74],[5.412,44.741],[5.413,44.741],[5.413,44.74],[5.413,44.74]]],[[[5.414,44.74],[5.413,44.741],[5.414,44.741],[5.414,44.74]]],[[[5.404,44.741],[5.404,44.74],[5.404,44.742],[5.404,44.741]]],[[[5.403,44.74],[5.402,44.741],[5.403,44.743],[5.404,44.74],[5.403,44.74]]],[[[5.405,44.743],[5.404,44.741],[5.404,44.742],[5.405,44.743]]],[[[5.395,44.745],[5.392,44.742],[5.391,44.742],[5.391,44.743],[5.392,44.742],[5.392,44.742],[5.395,44.745]]],[[[5.398,44.745],[5.396,44.744],[5.396,44.744],[5.397,44.744],[5.397,44.745],[5.398,44.746],[5.398,44.746],[5.398,44.746],[5.398,44.745]]],[[[5.396,44.745],[5.392,44.743],[5.392,44.744],[5.392,44.744],[5.392,44.744],[5.392,44.744],[5.392,44.744],[5.392,44.744],[5.393,44.745],[5.394,44.746],[5.394,44.747],[5.394,44.746],[5.392,44.744],[5.392,44.743],[5.392,44.743],[5.392,44.742],[5.385,44.746],[5.39,44.747],[5.394,44.747],[5.395,44.748],[5.396,44.745]]],[[[5.401,44.746],[5.398,44.746],[5.396,44.744],[5.395,44.744],[5.396,44.745],[5.396,44.746],[5.4,44.748],[5.401,44.746]]],[[[5.399,44.747],[5.398,44.747],[5.396,44.746],[5.396,44.745],[5.395,44.745],[5.396,44.745],[5.396,44.746],[5.398,44.747],[5.399,44.747]]],[[[5.399,44.747],[5.397,44.747],[5.398,44.748],[5.399,44.747],[5.399,44.747]]],[[[5.4,44.748],[5.399,44.747],[5.398,44.748],[5.4,44.749],[5.4,44.748]]],[[[5.397,44.747],[5.396,44.748],[5.396,44.749],[5.397,44.749],[5.397,44.749],[5.397,44.749],[5.398,44.75],[5.397,44.749],[5.397,44.749],[5.397,44.749],[5.398,44.748],[5.397,44.747]]],[[[5.399,44.749],[5.397,44.749],[5.398,44.75],[5.399,44.749]]],[[[5.397,44.749],[5.395,44.748],[5.393,44.749],[5.391,44.749],[5.392,44.75],[5.392,44.749],[5.393,44.749],[5.393,44.75],[5.393,44.75],[5.395,44.749],[5.398,44.75],[5.397,44.749]]],[[[5.393,44.751],[5.393,44.75],[5.392,44.75],[5.392,44.75],[5.39,44.749],[5.388,44.748],[5.387,44.749],[5.387,44.749],[5.386,44.749],[5.383,44.751],[5.384,44.751],[5.384,44.751],[5.385,44.75],[5.386,44.75],[5.384,44.751],[5.39,44.75],[5.392,44.751],[5.393,44.751]]],[[[5.4,44.75],[5.398,44.75],[5.399,44.751],[5.4,44.75]]],[[[5.398,44.75],[5.395,44.749],[5.395,44.751],[5.393,44.75],[5.393,44.751],[5.392,44.751],[5.392,44.751],[5.391,44.751],[5.393,44.752],[5.395,44.751],[5.393,44.752],[5.392,44.751],[5.39,44.75],[5.388,44.751],[5.391,44.752],[5.398,44.753],[5.398,44.752],[5.397,44.752],[5.398,44.751],[5.398,44.75]],[[5.398,44.75],[5.398,44.75],[5.398,44.75],[5.398,44.75]]],[[[5.396,44.753],[5.397,44.754],[5.398,44.753],[5.396,44.753]]],[[[5.394,44.754],[5.39,44.754],[5.388,44.753],[5.391,44.755],[5.392,44.755],[5.392,44.754],[5.392,44.754],[5.393,44.754],[5.393,44.754],[5.393,44.754],[5.394,44.754]]],[[[5.399,44.755],[5.394,44.754],[5.393,44.754],[5.393,44.754],[5.392,44.754],[5.392,44.755],[5.394,44.754],[5.397,44.755],[5.398,44.755],[5.399,44.755]]],[[[5.391,44.757],[5.39,44.758],[5.39,44.758],[5.392,44.758],[5.391,44.757]]],[[[5.391,44.758],[5.39,44.758],[5.389,44.76],[5.392,44.76],[5.392,44.758],[5.391,44.758]]],[[[5.391,44.767],[5.389,44.766],[5.389,44.766],[5.389,44.767],[5.391,44.767]]],[[[5.391,44.768],[5.391,44.767],[5.391,44.767],[5.391,44.767],[5.391,44.767],[5.391,44.768],[5.392,44.768],[5.391,44.768]]],[[[5.395,44.769],[5.393,44.767],[5.391,44.767],[5.392,44.768],[5.393,44.768],[5.393,44.768],[5.392,44.768],[5.392,44.769],[5.393,44.77],[5.393,44.77],[5.394,44.771],[5.396,44.77],[5.395,44.769]]],[[[5.436,44.618],[5.426,44.607],[5.424,44.606],[5.422,44.604],[5.42,44.604],[5.419,44.607],[5.422,44.606],[5.423,44.607],[5.422,44.609],[5.425,44.609],[5.426,44.612],[5.433,44.618],[5.435,44.617],[5.435,44.618],[5.435,44.619],[5.436,44.618]]],[[[5.461,44.617],[5.46,44.616],[5.456,44.615],[5.455,44.616],[5.454,44.617],[5.454,44.618],[5.456,44.618],[5.456,44.617],[5.46,44.618],[5.461,44.617]]],[[[5.423,44.619],[5.418,44.617],[5.418,44.617],[5.422,44.619],[5.423,44.619]]],[[[5.426,44.622],[5.425,44.62],[5.423,44.621],[5.423,44.621],[5.425,44.622],[5.426,44.622]]],[[[5.426,44.625],[5.423,44.622],[5.421,44.622],[5.421,44.623],[5.416,44.622],[5.413,44.623],[5.412,44.625],[5.424,44.626],[5.426,44.625]]],[[[5.415,44.628],[5.412,44.628],[5.413,44.629],[5.414,44.629],[5.415,44.628]]],[[[5.424,44.631],[5.422,44.629],[5.42,44.628],[5.419,44.629],[5.422,44.63],[5.422,44.632],[5.424,44.632],[5.425,44.631],[5.424,44.631]]],[[[5.447,44.633],[5.446,44.631],[5.445,44.631],[5.446,44.633],[5.447,44.633]]],[[[5.418,44.637],[5.416,44.636],[5.415,44.636],[5.416,44.637],[5.418,44.637]]],[[[5.42,44.637],[5.421,44.637],[5.422,44.637],[5.419,44.637],[5.42,44.637]]],[[[5.459,44.646],[5.455,44.647],[5.455,44.649],[5.459,44.646]]],[[[5.469,44.648],[5.468,44.65],[5.469,44.652],[5.471,44.651],[5.47,44.65],[5.471,44.648],[5.469,44.648]]],[[[5.452,44.653],[5.45,44.651],[5.448,44.65],[5.443,44.651],[5.43,44.652],[5.43,44.653],[5.431,44.653],[5.431,44.652],[5.434,44.652],[5.434,44.653],[5.436,44.653],[5.437,44.652],[5.438,44.654],[5.443,44.654],[5.446,44.653],[5.446,44.652],[5.451,44.652],[5.451,44.653],[5.452,44.653]]],[[[5.464,44.652],[5.465,44.652],[5.464,44.652],[5.464,44.652]]],[[[5.428,44.653],[5.43,44.654],[5.43,44.654],[5.428,44.653]]],[[[5.465,44.653],[5.466,44.653],[5.467,44.653],[5.465,44.653]]],[[[5.462,44.652],[5.455,44.653],[5.453,44.654],[5.453,44.655],[5.454,44.655],[5.453,44.656],[5.453,44.657],[5.452,44.656],[5.451,44.657],[5.453,44.657],[5.454,44.656],[5.455,44.656],[5.454,44.655],[5.457,44.654],[5.456,44.653],[5.458,44.654],[5.459,44.653],[5.46,44.654],[5.461,44.654],[5.461,44.653],[5.462,44.653],[5.462,44.652],[5.464,44.652],[5.462,44.652]]],[[[5.469,44.655],[5.47,44.654],[5.469,44.654],[5.469,44.655]]],[[[5.468,44.657],[5.47,44.657],[5.47,44.656],[5.468,44.656],[5.468,44.657]]],[[[5.465,44.657],[5.466,44.658],[5.466,44.657],[5.466,44.657],[5.465,44.657]]],[[[5.465,44.657],[5.463,44.657],[5.46,44.659],[5.463,44.658],[5.465,44.657]]],[[[5.474,44.657],[5.469,44.657],[5.468,44.658],[5.47,44.659],[5.47,44.658],[5.472,44.658],[5.474,44.657]]],[[[5.437,44.66],[5.437,44.66],[5.44,44.66],[5.439,44.659],[5.437,44.66]]],[[[5.451,44.658],[5.45,44.657],[5.446,44.66],[5.444,44.661],[5.444,44.663],[5.445,44.662],[5.446,44.663],[5.446,44.66],[5.451,44.659],[5.451,44.658]]],[[[5.421,44.662],[5.42,44.66],[5.418,44.66],[5.42,44.661],[5.419,44.661],[5.421,44.662]]],[[[5.473,44.66],[5.471,44.66],[5.472,44.662],[5.473,44.66]]],[[[5.445,44.662],[5.44,44.663],[5.44,44.663],[5.44,44.664],[5.441,44.664],[5.442,44.664],[5.442,44.663],[5.443,44.664],[5.447,44.663],[5.445,44.662]]],[[[5.475,44.663],[5.475,44.662],[5.474,44.661],[5.472,44.662],[5.473,44.665],[5.476,44.665],[5.475,44.663]]],[[[5.437,44.667],[5.437,44.664],[5.436,44.664],[5.432,44.665],[5.43,44.666],[5.43,44.667],[5.431,44.668],[5.432,44.667],[5.434,44.667],[5.435,44.666],[5.437,44.667]]],[[[5.462,44.665],[5.46,44.664],[5.454,44.665],[5.449,44.664],[5.446,44.665],[5.446,44.666],[5.446,44.666],[5.447,44.665],[5.448,44.666],[5.448,44.665],[5.45,44.665],[5.451,44.665],[5.451,44.667],[5.453,44.666],[5.453,44.665],[5.455,44.666],[5.456,44.666],[5.456,44.668],[5.456,44.668],[5.46,44.665],[5.462,44.665]]],[[[5.472,44.666],[5.475,44.666],[5.474,44.665],[5.471,44.665],[5.472,44.666]]],[[[5.442,44.667],[5.444,44.667],[5.444,44.666],[5.442,44.667]]],[[[5.44,44.667],[5.438,44.668],[5.44,44.669],[5.441,44.667],[5.442,44.667],[5.44,44.667]]],[[[5.425,44.668],[5.422,44.666],[5.421,44.666],[5.422,44.669],[5.423,44.67],[5.427,44.671],[5.427,44.67],[5.427,44.67],[5.427,44.669],[5.427,44.669],[5.427,44.671],[5.426,44.671],[5.428,44.672],[5.431,44.67],[5.43,44.668],[5.429,44.669],[5.427,44.668],[5.427,44.669],[5.427,44.669],[5.427,44.669],[5.427,44.668],[5.428,44.668],[5.425,44.667],[5.425,44.668]]],[[[5.492,44.666],[5.492,44.666],[5.488,44.668],[5.489,44.668],[5.493,44.666],[5.492,44.666]]],[[[5.48,44.669],[5.478,44.671],[5.478,44.672],[5.48,44.669]]],[[[5.483,44.672],[5.481,44.673],[5.481,44.673],[5.481,44.673],[5.483,44.672]]],[[[5.498,44.67],[5.497,44.671],[5.492,44.671],[5.489,44.672],[5.487,44.672],[5.483,44.672],[5.483,44.674],[5.487,44.674],[5.488,44.677],[5.491,44.677],[5.496,44.672],[5.496,44.671],[5.497,44.671],[5.498,44.671],[5.499,44.671],[5.498,44.67],[5.5,44.671],[5.5,44.67],[5.498,44.67]]],[[[5.448,44.674],[5.447,44.674],[5.448,44.675],[5.449,44.674],[5.448,44.674]]],[[[5.474,44.671],[5.466,44.672],[5.464,44.673],[5.465,44.674],[5.459,44.673],[5.454,44.676],[5.452,44.678],[5.46,44.675],[5.464,44.675],[5.465,44.675],[5.465,44.676],[5.467,44.673],[5.473,44.673],[5.474,44.672],[5.474,44.671]]],[[[5.481,44.673],[5.474,44.675],[5.47,44.68],[5.469,44.683],[5.471,44.685],[5.472,44.684],[5.471,44.685],[5.472,44.686],[5.473,44.685],[5.474,44.684],[5.476,44.684],[5.473,44.683],[5.476,44.681],[5.475,44.68],[5.478,44.678],[5.477,44.677],[5.48,44.677],[5.48,44.677],[5.481,44.677],[5.48,44.676],[5.48,44.675],[5.48,44.674],[5.481,44.675],[5.48,44.674],[5.481,44.674],[5.481,44.673]]],[[[5.438,44.684],[5.434,44.683],[5.433,44.684],[5.431,44.686],[5.429,44.687],[5.43,44.688],[5.428,44.689],[5.428,44.687],[5.428,44.684],[5.427,44.683],[5.419,44.681],[5.416,44.682],[5.417,44.681],[5.412,44.681],[5.41,44.682],[5.411,44.684],[5.412,44.682],[5.414,44.681],[5.42,44.683],[5.42,44.684],[5.422,44.685],[5.422,44.684],[5.423,44.683],[5.426,44.684],[5.426,44.686],[5.427,44.686],[5.423,44.688],[5.424,44.688],[5.421,44.688],[5.422,44.69],[5.421,44.691],[5.421,44.693],[5.423,44.692],[5.423,44.69],[5.425,44.692],[5.428,44.689],[5.429,44.689],[5.433,44.687],[5.432,44.686],[5.434,44.685],[5.437,44.685],[5.438,44.684]]],[[[5.418,44.688],[5.419,44.688],[5.418,44.688],[5.418,44.688]]],[[[5.448,44.687],[5.446,44.685],[5.442,44.685],[5.438,44.686],[5.436,44.687],[5.436,44.689],[5.434,44.689],[5.435,44.691],[5.439,44.69],[5.441,44.691],[5.436,44.692],[5.436,44.693],[5.433,44.693],[5.431,44.694],[5.435,44.695],[5.435,44.696],[5.436,44.696],[5.437,44.697],[5.437,44.695],[5.44,44.695],[5.44,44.694],[5.441,44.695],[5.442,44.694],[5.442,44.695],[5.444,44.694],[5.445,44.696],[5.452,44.694],[5.451,44.696],[5.453,44.698],[5.455,44.697],[5.455,44.7],[5.456,44.7],[5.456,44.699],[5.458,44.699],[5.457,44.696],[5.458,44.695],[5.458,44.694],[5.461,44.695],[5.461,44.698],[5.463,44.697],[5.465,44.695],[5.469,44.695],[5.469,44.694],[5.472,44.695],[5.472,44.694],[5.474,44.694],[5.474,44.693],[5.477,44.693],[5.477,44.694],[5.478,44.694],[5.476,44.694],[5.476,44.695],[5.474,44.696],[5.474,44.697],[5.476,44.697],[5.476,44.698],[5.479,44.697],[5.48,44.696],[5.482,44.696],[5.481,44.695],[5.482,44.695],[5.481,44.693],[5.477,44.692],[5.468,44.692],[5.467,44.692],[5.467,44.691],[5.462,44.691],[5.462,44.689],[5.457,44.687],[5.454,44.687],[5.451,44.688],[5.45,44.69],[5.449,44.687],[5.448,44.687],[5.448,44.687],[5.447,44.687],[5.448,44.687]],[[5.448,44.695],[5.448,44.695],[5.448,44.695],[5.448,44.695]],[[5.448,44.694],[5.448,44.694],[5.448,44.694],[5.448,44.694]],[[5.446,44.693],[5.446,44.693],[5.446,44.693],[5.446,44.693]],[[5.446,44.693],[5.446,44.693],[5.445,44.693],[5.446,44.693]],[[5.445,44.693],[5.442,44.692],[5.442,44.689],[5.44,44.689],[5.442,44.689],[5.443,44.688],[5.444,44.688],[5.445,44.687],[5.446,44.687],[5.446,44.687],[5.445,44.688],[5.446,44.689],[5.445,44.693]],[[5.447,44.687],[5.447,44.687],[5.447,44.687],[5.447,44.687]]],[[[5.512,44.691],[5.503,44.691],[5.5,44.692],[5.504,44.692],[5.509,44.692],[5.512,44.691]]],[[[5.441,44.699],[5.439,44.697],[5.438,44.698],[5.437,44.697],[5.435,44.696],[5.43,44.695],[5.429,44.699],[5.427,44.697],[5.424,44.698],[5.427,44.701],[5.429,44.7],[5.428,44.702],[5.43,44.703],[5.432,44.701],[5.43,44.7],[5.43,44.698],[5.431,44.699],[5.43,44.7],[5.434,44.698],[5.435,44.7],[5.436,44.699],[5.436,44.698],[5.438,44.699],[5.441,44.699]]],[[[5.422,44.699],[5.42,44.699],[5.42,44.7],[5.422,44.7],[5.422,44.699]]],[[[5.442,44.702],[5.437,44.701],[5.435,44.702],[5.435,44.702],[5.433,44.702],[5.435,44.704],[5.435,44.703],[5.439,44.704],[5.441,44.703],[5.442,44.702]]],[[[5.429,44.706],[5.425,44.706],[5.426,44.707],[5.425,44.707],[5.424,44.708],[5.43,44.709],[5.433,44.712],[5.434,44.712],[5.434,44.712],[5.433,44.713],[5.435,44.713],[5.435,44.714],[5.436,44.713],[5.436,44.712],[5.434,44.712],[5.437,44.711],[5.435,44.711],[5.435,44.71],[5.437,44.708],[5.436,44.708],[5.435,44.707],[5.435,44.707],[5.432,44.707],[5.434,44.706],[5.436,44.708],[5.438,44.707],[5.44,44.708],[5.441,44.705],[5.436,44.704],[5.435,44.704],[5.429,44.706]],[[5.438,44.706],[5.436,44.705],[5.437,44.706],[5.434,44.706],[5.434,44.705],[5.438,44.706]]],[[[5.429,44.712],[5.423,44.711],[5.42,44.711],[5.422,44.712],[5.424,44.711],[5.425,44.712],[5.427,44.713],[5.429,44.712]]],[[[5.424,44.717],[5.421,44.714],[5.416,44.713],[5.415,44.713],[5.418,44.714],[5.416,44.715],[5.417,44.716],[5.42,44.717],[5.424,44.717]]],[[[5.433,44.716],[5.433,44.715],[5.432,44.715],[5.43,44.714],[5.428,44.714],[5.427,44.715],[5.425,44.715],[5.424,44.718],[5.426,44.719],[5.426,44.718],[5.425,44.717],[5.426,44.717],[5.427,44.718],[5.428,44.716],[5.43,44.719],[5.432,44.718],[5.433,44.718],[5.433,44.716]]]]}},{"type":"Feature","properties":{"id_app":272,"app":"Côte Rôtie","denom":"Côte Rôtie","hierarchy":"AOC","dt":"Valence","dept":"69"},"geometry":{"type":"MultiPolygon","coordinates":[[[[4.776,45.472],[4.778,45.473],[4.776,45.472],[4.776,45.472]]],[[[4.776,45.472],[4.776,45.473],[4.777,45.473],[4.777,45.473],[4.776,45.472]]],[[[4.776,45.473],[4.775,45.473],[4.775,45.473],[4.776,45.473]]],[[[4.774,45.474],[4.776,45.472],[4.773,45.474],[4.774,45.475],[4.774,45.474]]],[[[4.774,45.475],[4.775,45.474],[4.777,45.474],[4.776,45.473],[4.774,45.475]]],[[[4.776,45.474],[4.774,45.475],[4.775,45.476],[4.776,45.474]]],[[[4.776,45.474],[4.775,45.475],[4.775,45.476],[4.776,45.476],[4.776,45.476],[4.776,45.476],[4.776,45.475],[4.776,45.474]]],[[[4.772,45.478],[4.772,45.477],[4.773,45.477],[4.773,45.478],[4.775,45.477],[4.775,45.477],[4.775,45.477],[4.775,45.476],[4.775,45.476],[4.773,45.475],[4.773,45.476],[4.771,45.476],[4.773,45.475],[4.774,45.475],[4.773,45.474],[4.772,45.475],[4.77,45.475],[4.77,45.477],[4.772,45.478]]],[[[4.775,45.477],[4.776,45.477],[4.775,45.476],[4.775,45.477]]],[[[4.776,45.475],[4.777,45.476],[4.775,45.476],[4.777,45.477],[4.777,45.477],[4.777,45.478],[4.778,45.478],[4.778,45.479],[4.779,45.479],[4.779,45.478],[4.779,45.478],[4.779,45.478],[4.783,45.48],[4.78,45.476],[4.777,45.478],[4.78,45.476],[4.778,45.473],[4.776,45.473],[4.777,45.474],[4.776,45.475]]],[[[4.776,45.477],[4.777,45.477],[4.777,45.477],[4.777,45.477],[4.776,45.477]]],[[[4.777,45.477],[4.774,45.478],[4.776,45.478],[4.777,45.479],[4.777,45.479],[4.777,45.477]]],[[[4.778,45.478],[4.777,45.478],[4.778,45.478],[4.778,45.478]]],[[[4.778,45.479],[4.778,45.478],[4.778,45.478],[4.778,45.479]]],[[[4.776,45.478],[4.774,45.478],[4.773,45.478],[4.772,45.478],[4.773,45.479],[4.775,45.478],[4.777,45.479],[4.776,45.478]]],[[[4.77,45.479],[4.769,45.479],[4.77,45.479],[4.77,45.478],[4.77,45.479],[4.772,45.478],[4.77,45.479]]],[[[4.782,45.48],[4.779,45.478],[4.779,45.479],[4.779,45.479],[4.778,45.479],[4.778,45.48],[4.782,45.48]]],[[[4.777,45.481],[4.778,45.48],[4.778,45.479],[4.777,45.481],[4.777,45.481]]],[[[4.779,45.481],[4.78,45.481],[4.78,45.481],[4.778,45.481],[4.779,45.481]]],[[[4.783,45.48],[4.78,45.481],[4.78,45.481],[4.781,45.481],[4.781,45.482],[4.782,45.482],[4.782,45.483],[4.782,45.481],[4.784,45.481],[4.783,45.48]]],[[[4.786,45.482],[4.784,45.481],[4.783,45.481],[4.782,45.483],[4.783,45.482],[4.785,45.483],[4.786,45.482]]],[[[4.777,45.481],[4.777,45.481],[4.777,45.482],[4.776,45.481],[4.776,45.482],[4.776,45.482],[4.778,45.483],[4.778,45.482],[4.778,45.483],[4.778,45.483],[4.777,45.483],[4.779,45.485],[4.78,45.484],[4.78,45.485],[4.782,45.482],[4.781,45.481],[4.78,45.482],[4.777,45.481]],[[4.78,45.484],[4.78,45.484],[4.78,45.484],[4.78,45.484]],[[4.78,45.482],[4.78,45.482],[4.78,45.482],[4.78,45.482]]],[[[4.788,45.483],[4.785,45.483],[4.785,45.483],[4.784,45.483],[4.786,45.483],[4.787,45.484],[4.787,45.484],[4.787,45.485],[4.787,45.485],[4.786,45.483],[4.788,45.484],[4.788,45.483]]],[[[4.786,45.483],[4.787,45.484],[4.787,45.484],[4.788,45.484],[4.786,45.483]]],[[[4.787,45.484],[4.784,45.483],[4.784,45.484],[4.783,45.484],[4.783,45.484],[4.785,45.484],[4.785,45.484],[4.786,45.485],[4.786,45.484],[4.787,45.484]]],[[[4.783,45.482],[4.78,45.485],[4.782,45.486],[4.782,45.485],[4.782,45.485],[4.781,45.484],[4.781,45.484],[4.782,45.484],[4.783,45.484],[4.783,45.484],[4.784,45.483],[4.784,45.483],[4.783,45.482]]],[[[4.79,45.484],[4.79,45.484],[4.789,45.485],[4.789,45.484],[4.789,45.484],[4.788,45.484],[4.787,45.487],[4.788,45.485],[4.785,45.485],[4.785,45.485],[4.784,45.485],[4.783,45.486],[4.783,45.486],[4.788,45.485],[4.788,45.484],[4.788,45.484],[4.788,45.485],[4.787,45.485],[4.782,45.484],[4.781,45.484],[4.782,45.485],[4.782,45.485],[4.782,45.486],[4.785,45.488],[4.787,45.489],[4.787,45.488],[4.788,45.488],[4.788,45.489],[4.789,45.488],[4.792,45.487],[4.792,45.485],[4.792,45.485],[4.792,45.484],[4.791,45.485],[4.791,45.485],[4.791,45.484],[4.79,45.484]],[[4.785,45.488],[4.785,45.488],[4.785,45.488],[4.785,45.488]]],[[[4.788,45.483],[4.788,45.484],[4.788,45.484],[4.789,45.484],[4.789,45.484],[4.789,45.484],[4.788,45.483]]],[[[4.789,45.484],[4.789,45.484],[4.789,45.484],[4.788,45.484],[4.789,45.484],[4.789,45.484]]],[[[4.797,45.488],[4.797,45.488],[4.797,45.488],[4.797,45.488]]],[[[4.798,45.487],[4.792,45.485],[4.793,45.487],[4.789,45.491],[4.79,45.491],[4.788,45.491],[4.788,45.492],[4.792,45.491],[4.793,45.489],[4.793,45.491],[4.794,45.491],[4.796,45.49],[4.796,45.489],[4.796,45.489],[4.797,45.489],[4.797,45.489],[4.797,45.489],[4.796,45.489],[4.795,45.489],[4.795,45.489],[4.795,45.489],[4.795,45.49],[4.795,45.49],[4.795,45.489],[4.795,45.489],[4.796,45.489],[4.796,45.489],[4.797,45.488],[4.796,45.488],[4.795,45.488],[4.796,45.488],[4.797,45.488],[4.797,45.488],[4.796,45.488],[4.795,45.487],[4.797,45.488],[4.798,45.487]]],[[[4.804,45.489],[4.804,45.489],[4.805,45.489],[4.804,45.489]]],[[[4.805,45.49],[4.804,45.489],[4.804,45.49],[4.803,45.49],[4.805,45.49]]],[[[4.803,45.49],[4.802,45.49],[4.802,45.49],[4.802,45.49],[4.802,45.491],[4.803,45.49]]],[[[4.805,45.489],[4.798,45.487],[4.795,45.491],[4.795,45.49],[4.793,45.491],[4.792,45.493],[4.795,45.493],[4.796,45.492],[4.798,45.491],[4.798,45.49],[4.795,45.491],[4.798,45.49],[4.797,45.49],[4.798,45.49],[4.798,45.49],[4.799,45.489],[4.801,45.489],[4.802,45.49],[4.804,45.49],[4.804,45.489],[4.805,45.489]]],[[[4.802,45.49],[4.799,45.489],[4.798,45.491],[4.8,45.49],[4.801,45.49],[4.802,45.491],[4.802,45.49]]],[[[4.805,45.491],[4.805,45.491],[4.805,45.49],[4.805,45.491]]],[[[4.805,45.491],[4.805,45.491],[4.805,45.491],[4.805,45.491]]],[[[4.805,45.491],[4.804,45.491],[4.805,45.491],[4.805,45.491]]],[[[4.806,45.49],[4.804,45.489],[4.805,45.49],[4.805,45.491],[4.805,45.491],[4.805,45.49],[4.802,45.49],[4.801,45.489],[4.803,45.49],[4.803,45.49],[4.799,45.491],[4.797,45.493],[4.798,45.493],[4.798,45.492],[4.799,45.492],[4.8,45.491],[4.801,45.491],[4.803,45.492],[4.805,45.491],[4.805,45.491],[4.806,45.49]]],[[[4.804,45.491],[4.803,45.492],[4.804,45.491],[4.804,45.491]]],[[[4.801,45.49],[4.796,45.492],[4.796,45.494],[4.799,45.491],[4.802,45.491],[4.801,45.49]]],[[[4.795,45.493],[4.793,45.493],[4.793,45.495],[4.795,45.493]]],[[[4.803,45.492],[4.8,45.491],[4.799,45.492],[4.798,45.493],[4.796,45.496],[4.792,45.497],[4.797,45.496],[4.797,45.495],[4.798,45.495],[4.799,45.493],[4.801,45.493],[4.801,45.494],[4.802,45.493],[4.802,45.492],[4.802,45.492],[4.803,45.492],[4.803,45.492],[4.803,45.492]]],[[[4.803,45.492],[4.803,45.492],[4.801,45.494],[4.801,45.493],[4.8,45.493],[4.796,45.496],[4.798,45.497],[4.798,45.496],[4.799,45.495],[4.801,45.494],[4.802,45.494],[4.803,45.493],[4.803,45.492],[4.803,45.492]]],[[[4.796,45.493],[4.794,45.494],[4.793,45.495],[4.791,45.495],[4.791,45.496],[4.795,45.495],[4.796,45.493]]],[[[4.808,45.491],[4.806,45.49],[4.805,45.491],[4.804,45.491],[4.804,45.491],[4.804,45.492],[4.804,45.492],[4.804,45.492],[4.803,45.493],[4.804,45.492],[4.804,45.491],[4.803,45.492],[4.803,45.492],[4.802,45.494],[4.799,45.496],[4.797,45.498],[4.798,45.499],[4.799,45.499],[4.799,45.498],[4.799,45.498],[4.8,45.497],[4.801,45.496],[4.799,45.499],[4.801,45.499],[4.804,45.496],[4.803,45.496],[4.803,45.496],[4.802,45.496],[4.801,45.496],[4.803,45.496],[4.804,45.496],[4.805,45.494],[4.807,45.493],[4.807,45.492],[4.807,45.492],[4.807,45.491],[4.807,45.491],[4.807,45.491],[4.807,45.491],[4.808,45.491]]],[[[4.807,45.492],[4.805,45.494],[4.803,45.498],[4.804,45.498],[4.805,45.496],[4.807,45.492]]],[[[4.797,45.496],[4.797,45.496],[4.797,45.496],[4.797,45.496]]],[[[4.797,45.496],[4.792,45.497],[4.793,45.499],[4.797,45.496]]],[[[4.804,45.5],[4.801,45.5],[4.803,45.5],[4.804,45.5]]],[[[4.805,45.501],[4.805,45.501],[4.805,45.501],[4.805,45.501]]],[[[4.803,45.501],[4.802,45.502],[4.8,45.504],[4.803,45.501]]],[[[4.807,45.504],[4.806,45.506],[4.805,45.507],[4.807,45.506],[4.807,45.504]]],[[[4.808,45.49],[4.808,45.491],[4.809,45.491],[4.809,45.491],[4.808,45.49]]],[[[4.812,45.491],[4.808,45.49],[4.809,45.491],[4.808,45.491],[4.807,45.491],[4.807,45.491],[4.807,45.492],[4.807,45.492],[4.808,45.492],[4.809,45.492],[4.809,45.492],[4.81,45.492],[4.81,45.491],[4.812,45.491]]],[[[4.812,45.492],[4.81,45.492],[4.81,45.492],[4.812,45.492]]],[[[4.813,45.491],[4.811,45.493],[4.812,45.493],[4.812,45.494],[4.813,45.493],[4.814,45.492],[4.813,45.491]]],[[[4.812,45.491],[4.81,45.491],[4.81,45.492],[4.809,45.492],[4.806,45.495],[4.807,45.495],[4.809,45.492],[4.812,45.491]]],[[[4.811,45.494],[4.812,45.493],[4.811,45.493],[4.811,45.494]]],[[[4.811,45.492],[4.809,45.492],[4.807,45.495],[4.809,45.493],[4.811,45.492]]],[[[4.811,45.493],[4.809,45.493],[4.807,45.496],[4.81,45.493],[4.81,45.493],[4.811,45.494],[4.811,45.494],[4.811,45.493]]],[[[4.813,45.494],[4.812,45.494],[4.812,45.494],[4.813,45.494]]],[[[4.824,45.498],[4.818,45.493],[4.816,45.492],[4.817,45.493],[4.819,45.494],[4.82,45.496],[4.817,45.493],[4.818,45.495],[4.82,45.497],[4.82,45.497],[4.82,45.498],[4.821,45.498],[4.821,45.498],[4.824,45.498]]],[[[4.821,45.498],[4.82,45.498],[4.817,45.494],[4.817,45.493],[4.817,45.493],[4.817,45.493],[4.817,45.493],[4.818,45.495],[4.819,45.496],[4.819,45.497],[4.82,45.498],[4.82,45.498],[4.821,45.498]]],[[[4.817,45.496],[4.816,45.496],[4.816,45.497],[4.816,45.496],[4.817,45.496],[4.817,45.496],[4.818,45.496],[4.817,45.496]]],[[[4.814,45.492],[4.813,45.492],[4.813,45.493],[4.814,45.493],[4.814,45.494],[4.814,45.495],[4.813,45.492],[4.812,45.494],[4.813,45.494],[4.811,45.494],[4.812,45.495],[4.812,45.495],[4.812,45.495],[4.812,45.495],[4.811,45.496],[4.812,45.495],[4.81,45.494],[4.81,45.494],[4.809,45.496],[4.809,45.496],[4.809,45.496],[4.807,45.498],[4.807,45.501],[4.806,45.501],[4.805,45.502],[4.806,45.502],[4.805,45.502],[4.805,45.503],[4.806,45.503],[4.808,45.502],[4.808,45.501],[4.808,45.501],[4.808,45.498],[4.81,45.498],[4.814,45.495],[4.814,45.495],[4.814,45.494],[4.814,45.494],[4.814,45.493],[4.814,45.492]]],[[[4.81,45.493],[4.806,45.497],[4.805,45.5],[4.802,45.502],[4.803,45.501],[4.805,45.501],[4.807,45.498],[4.81,45.494],[4.811,45.494],[4.81,45.493]]],[[[4.821,45.498],[4.82,45.498],[4.817,45.496],[4.816,45.497],[4.816,45.498],[4.817,45.498],[4.817,45.498],[4.817,45.498],[4.818,45.499],[4.817,45.498],[4.816,45.5],[4.818,45.5],[4.821,45.498]]],[[[4.819,45.497],[4.816,45.493],[4.817,45.493],[4.815,45.492],[4.815,45.492],[4.814,45.493],[4.815,45.494],[4.815,45.494],[4.815,45.494],[4.814,45.493],[4.815,45.492],[4.815,45.492],[4.814,45.493],[4.814,45.494],[4.813,45.496],[4.814,45.497],[4.81,45.5],[4.81,45.504],[4.811,45.504],[4.812,45.503],[4.812,45.503],[4.811,45.502],[4.811,45.501],[4.811,45.5],[4.812,45.5],[4.812,45.5],[4.811,45.502],[4.814,45.502],[4.814,45.5],[4.814,45.499],[4.816,45.497],[4.813,45.498],[4.816,45.497],[4.816,45.495],[4.817,45.496],[4.819,45.497],[4.819,45.497]]],[[[4.816,45.498],[4.814,45.499],[4.814,45.5],[4.816,45.5],[4.816,45.499],[4.817,45.498],[4.816,45.498]]],[[[4.829,45.502],[4.825,45.499],[4.823,45.501],[4.825,45.499],[4.823,45.498],[4.821,45.502],[4.82,45.503],[4.82,45.504],[4.821,45.505],[4.821,45.504],[4.822,45.503],[4.823,45.503],[4.823,45.503],[4.824,45.503],[4.823,45.503],[4.824,45.502],[4.824,45.502],[4.824,45.501],[4.824,45.5],[4.825,45.501],[4.826,45.501],[4.827,45.501],[4.828,45.502],[4.828,45.501],[4.829,45.502]]],[[[4.831,45.504],[4.829,45.503],[4.825,45.505],[4.829,45.503],[4.824,45.501],[4.824,45.502],[4.824,45.503],[4.825,45.504],[4.825,45.505],[4.825,45.505],[4.825,45.504],[4.825,45.503],[4.825,45.504],[4.825,45.505],[4.826,45.505],[4.827,45.505],[4.829,45.505],[4.83,45.505],[4.829,45.504],[4.829,45.504],[4.831,45.504],[4.831,45.505],[4.831,45.504]]],[[[4.823,45.503],[4.822,45.503],[4.823,45.503],[4.823,45.505],[4.823,45.503]]],[[[4.819,45.505],[4.818,45.503],[4.816,45.506],[4.816,45.506],[4.817,45.506],[4.818,45.505],[4.819,45.505],[4.819,45.505]]],[[[4.829,45.505],[4.828,45.505],[4.827,45.505],[4.828,45.505],[4.828,45.506],[4.829,45.505]]],[[[4.827,45.505],[4.825,45.505],[4.824,45.504],[4.824,45.504],[4.823,45.505],[4.824,45.506],[4.824,45.507],[4.827,45.505]]],[[[4.819,45.505],[4.817,45.506],[4.817,45.506],[4.819,45.506],[4.819,45.505]]],[[[4.821,45.507],[4.82,45.505],[4.819,45.507],[4.821,45.507]]],[[[4.828,45.505],[4.827,45.505],[4.826,45.506],[4.824,45.507],[4.825,45.508],[4.828,45.505]]],[[[4.831,45.507],[4.831,45.505],[4.825,45.508],[4.826,45.51],[4.828,45.508],[4.83,45.507],[4.831,45.507]]],[[[4.832,45.504],[4.832,45.504],[4.832,45.504],[4.833,45.504],[4.832,45.504]]],[[[4.835,45.504],[4.834,45.504],[4.835,45.505],[4.835,45.504]]],[[[4.83,45.505],[4.831,45.504],[4.829,45.504],[4.83,45.505]]],[[[4.836,45.505],[4.835,45.505],[4.835,45.505],[4.835,45.506],[4.835,45.506],[4.836,45.506],[4.836,45.505],[4.836,45.505],[4.836,45.505]]],[[[4.832,45.505],[4.832,45.505],[4.832,45.505],[4.832,45.506],[4.832,45.505]]],[[[4.835,45.506],[4.834,45.504],[4.832,45.504],[4.832,45.505],[4.832,45.505],[4.832,45.505],[4.832,45.505],[4.833,45.507],[4.835,45.506],[4.835,45.506],[4.835,45.506]]],[[[4.838,45.506],[4.836,45.507],[4.837,45.506],[4.837,45.506],[4.837,45.505],[4.837,45.505],[4.837,45.505],[4.836,45.506],[4.836,45.506],[4.835,45.507],[4.836,45.508],[4.837,45.508],[4.837,45.508],[4.837,45.507],[4.837,45.507],[4.837,45.507],[4.838,45.507],[4.838,45.507],[4.838,45.506]]],[[[4.833,45.508],[4.832,45.505],[4.832,45.506],[4.832,45.506],[4.832,45.505],[4.832,45.505],[4.832,45.505],[4.831,45.505],[4.832,45.506],[4.831,45.507],[4.83,45.508],[4.832,45.509],[4.833,45.508],[4.833,45.508]]],[[[4.836,45.504],[4.835,45.506],[4.834,45.507],[4.833,45.508],[4.834,45.508],[4.833,45.508],[4.834,45.509],[4.835,45.508],[4.835,45.507],[4.836,45.506],[4.836,45.506],[4.837,45.505],[4.836,45.504]]],[[[4.842,45.508],[4.841,45.506],[4.837,45.505],[4.837,45.506],[4.838,45.506],[4.838,45.506],[4.838,45.508],[4.837,45.507],[4.837,45.508],[4.839,45.509],[4.842,45.508]]],[[[4.843,45.507],[4.843,45.507],[4.843,45.507],[4.843,45.507]]],[[[4.845,45.51],[4.845,45.509],[4.845,45.51],[4.845,45.51]]],[[[4.847,45.51],[4.845,45.508],[4.847,45.511],[4.847,45.51]]],[[[4.845,45.509],[4.843,45.507],[4.84,45.508],[4.841,45.509],[4.84,45.509],[4.84,45.511],[4.839,45.513],[4.841,45.512],[4.841,45.511],[4.841,45.51],[4.841,45.511],[4.842,45.51],[4.842,45.509],[4.843,45.509],[4.845,45.509]]],[[[4.832,45.509],[4.83,45.509],[4.829,45.512],[4.829,45.513],[4.831,45.513],[4.831,45.511],[4.833,45.511],[4.834,45.51],[4.832,45.509]]],[[[4.835,45.51],[4.835,45.51],[4.834,45.512],[4.835,45.512],[4.835,45.51]]],[[[4.849,45.512],[4.845,45.51],[4.843,45.509],[4.843,45.51],[4.847,45.511],[4.844,45.511],[4.844,45.513],[4.844,45.514],[4.844,45.512],[4.845,45.513],[4.846,45.514],[4.844,45.513],[4.845,45.515],[4.846,45.517],[4.847,45.517],[4.847,45.516],[4.846,45.516],[4.85,45.513],[4.849,45.512]]],[[[4.843,45.514],[4.844,45.513],[4.843,45.513],[4.843,45.514]]],[[[4.844,45.514],[4.844,45.514],[4.845,45.514],[4.844,45.514]]],[[[4.855,45.515],[4.851,45.514],[4.849,45.515],[4.849,45.514],[4.848,45.517],[4.85,45.517],[4.851,45.516],[4.852,45.516],[4.852,45.515],[4.851,45.515],[4.852,45.515],[4.855,45.515]]],[[[4.839,45.517],[4.837,45.515],[4.836,45.515],[4.836,45.517],[4.839,45.517]]],[[[4.858,45.517],[4.855,45.515],[4.853,45.517],[4.853,45.517],[4.855,45.517],[4.856,45.517],[4.856,45.517],[4.854,45.518],[4.854,45.52],[4.856,45.519],[4.855,45.518],[4.857,45.519],[4.857,45.519],[4.858,45.519],[4.858,45.517]]],[[[4.859,45.518],[4.859,45.518],[4.859,45.518],[4.859,45.518]]],[[[4.854,45.521],[4.851,45.52],[4.851,45.521],[4.853,45.521],[4.854,45.521]]]]}},{"type":"Feature","properties":{"id_app":289,"app":"Côtes du Vivarais","denom":"Côtes du Vivarais","hierarchy":"AOC","dt":"Valence","dept":"07"},"geometry":{"type":"MultiPolygon","coordinates":[[[[4.325,44.527],[4.325,44.527],[4.326,44.527],[4.325,44.527]]],[[[4.329,44.528],[4.332,44.525],[4.331,44.526],[4.329,44.528]]],[[[4.33,44.528],[4.33,44.529],[4.331,44.529],[4.33,44.528]]],[[[4.329,44.528],[4.328,44.528],[4.328,44.528],[4.326,44.527],[4.325,44.527],[4.325,44.529],[4.326,44.53],[4.326,44.531],[4.327,44.532],[4.327,44.534],[4.33,44.533],[4.33,44.531],[4.33,44.53],[4.33,44.528],[4.329,44.528]]],[[[4.326,44.532],[4.324,44.533],[4.324,44.533],[4.325,44.533],[4.325,44.533],[4.325,44.533],[4.326,44.533],[4.327,44.533],[4.326,44.532]]],[[[4.332,44.534],[4.333,44.533],[4.332,44.533],[4.332,44.533],[4.332,44.534]]],[[[4.33,44.533],[4.328,44.534],[4.329,44.534],[4.33,44.533]]],[[[4.327,44.533],[4.325,44.533],[4.325,44.533],[4.324,44.533],[4.324,44.534],[4.324,44.534],[4.325,44.534],[4.325,44.535],[4.326,44.535],[4.327,44.534],[4.327,44.534],[4.327,44.533]]],[[[4.327,44.534],[4.327,44.535],[4.326,44.536],[4.328,44.534],[4.327,44.534]]],[[[4.33,44.535],[4.33,44.536],[4.332,44.535],[4.332,44.535],[4.332,44.534],[4.33,44.535]]],[[[4.328,44.535],[4.327,44.535],[4.327,44.536],[4.327,44.536],[4.327,44.536],[4.329,44.536],[4.328,44.535]]],[[[4.325,44.535],[4.324,44.534],[4.326,44.537],[4.326,44.536],[4.326,44.536],[4.326,44.536],[4.325,44.535]]],[[[4.325,44.536],[4.323,44.535],[4.322,44.536],[4.321,44.536],[4.319,44.536],[4.32,44.536],[4.321,44.536],[4.321,44.537],[4.323,44.537],[4.323,44.537],[4.323,44.538],[4.323,44.537],[4.322,44.537],[4.322,44.536],[4.322,44.536],[4.322,44.536],[4.323,44.537],[4.323,44.536],[4.324,44.537],[4.325,44.536],[4.325,44.536]]],[[[4.331,44.536],[4.329,44.536],[4.329,44.536],[4.329,44.537],[4.329,44.537],[4.331,44.537],[4.332,44.536],[4.331,44.536]]],[[[4.321,44.536],[4.321,44.537],[4.321,44.536],[4.321,44.536]]],[[[4.331,44.537],[4.33,44.537],[4.33,44.538],[4.332,44.536],[4.331,44.537]]],[[[4.328,44.536],[4.329,44.537],[4.329,44.537],[4.329,44.537],[4.328,44.536]]],[[[4.325,44.537],[4.324,44.537],[4.324,44.538],[4.325,44.537],[4.326,44.538],[4.325,44.537]]],[[[4.327,44.538],[4.327,44.536],[4.326,44.536],[4.326,44.539],[4.327,44.538]]],[[[4.323,44.538],[4.324,44.537],[4.323,44.537],[4.323,44.538]]],[[[4.322,44.537],[4.32,44.536],[4.319,44.536],[4.318,44.536],[4.316,44.537],[4.312,44.538],[4.312,44.538],[4.312,44.539],[4.313,44.539],[4.314,44.539],[4.316,44.538],[4.318,44.538],[4.317,44.538],[4.318,44.538],[4.321,44.537],[4.323,44.537],[4.322,44.537]]],[[[4.324,44.538],[4.324,44.538],[4.324,44.538],[4.324,44.538]]],[[[4.323,44.538],[4.324,44.538],[4.324,44.537],[4.323,44.538]]],[[[4.323,44.538],[4.323,44.538],[4.323,44.537],[4.323,44.538]]],[[[4.332,44.536],[4.331,44.538],[4.33,44.538],[4.33,44.537],[4.328,44.538],[4.329,44.538],[4.329,44.538],[4.328,44.539],[4.329,44.539],[4.329,44.54],[4.331,44.539],[4.331,44.538],[4.331,44.538],[4.33,44.538],[4.329,44.538],[4.332,44.538],[4.332,44.536],[4.333,44.536],[4.332,44.536]]],[[[4.311,44.538],[4.312,44.539],[4.312,44.539],[4.312,44.538],[4.311,44.538]]],[[[4.325,44.538],[4.324,44.538],[4.324,44.538],[4.324,44.538],[4.324,44.538],[4.324,44.539],[4.325,44.539],[4.325,44.538]]],[[[4.323,44.539],[4.323,44.538],[4.322,44.538],[4.321,44.537],[4.322,44.538],[4.322,44.538],[4.322,44.538],[4.322,44.54],[4.323,44.54],[4.323,44.539]]],[[[4.324,44.539],[4.323,44.538],[4.323,44.539],[4.324,44.539],[4.324,44.539],[4.324,44.539]]],[[[4.322,44.538],[4.32,44.538],[4.315,44.539],[4.316,44.54],[4.318,44.54],[4.319,44.54],[4.321,44.54],[4.322,44.54],[4.322,44.538]]],[[[4.328,44.538],[4.326,44.539],[4.326,44.539],[4.327,44.54],[4.329,44.54],[4.328,44.538]]],[[[4.324,44.539],[4.324,44.539],[4.324,44.539],[4.324,44.539]]],[[[4.323,44.539],[4.323,44.54],[4.324,44.54],[4.324,44.54],[4.323,44.539]]],[[[4.33,44.54],[4.331,44.541],[4.331,44.54],[4.331,44.539],[4.33,44.54]]],[[[4.332,44.539],[4.331,44.54],[4.331,44.541],[4.332,44.541],[4.333,44.54],[4.333,44.54],[4.332,44.539]]],[[[4.316,44.54],[4.318,44.54],[4.318,44.54],[4.318,44.54],[4.316,44.54]]],[[[4.327,44.541],[4.326,44.539],[4.326,44.539],[4.326,44.541],[4.326,44.541],[4.327,44.541]]],[[[4.318,44.54],[4.318,44.54],[4.318,44.54],[4.318,44.54]]],[[[4.324,44.54],[4.322,44.54],[4.322,44.541],[4.324,44.54]]],[[[4.329,44.54],[4.33,44.54],[4.33,44.54],[4.33,44.54],[4.329,44.54]]],[[[4.329,44.54],[4.328,44.54],[4.329,44.54],[4.329,44.54]]],[[[4.325,44.54],[4.325,44.539],[4.324,44.54],[4.323,44.54],[4.324,44.54],[4.321,44.542],[4.324,44.541],[4.325,44.54]]],[[[4.322,44.54],[4.32,44.54],[4.321,44.541],[4.322,44.54]]],[[[4.317,44.54],[4.316,44.54],[4.315,44.539],[4.313,44.539],[4.312,44.539],[4.313,44.542],[4.317,44.541],[4.316,44.541],[4.318,44.542],[4.318,44.542],[4.317,44.54]]],[[[4.33,44.54],[4.329,44.541],[4.327,44.54],[4.327,44.541],[4.33,44.541],[4.33,44.54]]],[[[4.331,44.541],[4.331,44.541],[4.331,44.541],[4.331,44.541]]],[[[4.333,44.541],[4.331,44.541],[4.331,44.541],[4.331,44.541],[4.332,44.541],[4.332,44.542],[4.332,44.541],[4.333,44.541]]],[[[4.334,44.54],[4.332,44.542],[4.333,44.542],[4.333,44.541],[4.334,44.54]]],[[[4.324,44.542],[4.324,44.542],[4.324,44.542],[4.324,44.542]]],[[[4.329,44.541],[4.327,44.542],[4.327,44.541],[4.327,44.542],[4.327,44.542],[4.328,44.542],[4.329,44.542],[4.328,44.543],[4.329,44.542],[4.329,44.541]]],[[[4.321,44.542],[4.319,44.54],[4.319,44.541],[4.319,44.541],[4.318,44.541],[4.319,44.541],[4.319,44.54],[4.318,44.54],[4.318,44.543],[4.32,44.543],[4.321,44.544],[4.321,44.542],[4.321,44.542],[4.321,44.542],[4.321,44.542]]],[[[4.326,44.543],[4.327,44.542],[4.327,44.541],[4.326,44.541],[4.326,44.543]]],[[[4.33,44.541],[4.329,44.541],[4.33,44.542],[4.329,44.542],[4.328,44.543],[4.328,44.543],[4.328,44.543],[4.329,44.543],[4.33,44.543],[4.33,44.543],[4.33,44.541]]],[[[4.333,44.542],[4.332,44.542],[4.332,44.542],[4.331,44.541],[4.331,44.542],[4.332,44.542],[4.331,44.542],[4.332,44.543],[4.332,44.543],[4.333,44.542]]],[[[4.331,44.542],[4.33,44.541],[4.33,44.543],[4.33,44.543],[4.328,44.543],[4.328,44.543],[4.329,44.544],[4.33,44.545],[4.331,44.544],[4.331,44.543],[4.332,44.543],[4.331,44.542]]],[[[4.326,44.546],[4.325,44.543],[4.325,44.542],[4.325,44.54],[4.325,44.541],[4.324,44.542],[4.324,44.543],[4.324,44.543],[4.324,44.543],[4.324,44.543],[4.324,44.543],[4.324,44.542],[4.323,44.544],[4.324,44.544],[4.325,44.545],[4.325,44.545],[4.326,44.545],[4.326,44.546]]],[[[4.326,44.544],[4.326,44.544],[4.326,44.544],[4.326,44.544]]],[[[4.334,44.542],[4.333,44.542],[4.331,44.544],[4.33,44.545],[4.331,44.545],[4.331,44.546],[4.335,44.543],[4.335,44.543],[4.335,44.543],[4.334,44.542]]],[[[4.33,44.545],[4.329,44.544],[4.328,44.544],[4.328,44.543],[4.327,44.545],[4.326,44.545],[4.326,44.545],[4.327,44.544],[4.326,44.544],[4.328,44.543],[4.326,44.543],[4.325,44.542],[4.326,44.544],[4.326,44.545],[4.326,44.546],[4.328,44.546],[4.328,44.545],[4.329,44.545],[4.329,44.545],[4.33,44.545]]],[[[4.319,44.544],[4.319,44.545],[4.32,44.545],[4.319,44.544],[4.319,44.544],[4.319,44.544],[4.321,44.544],[4.319,44.544]]],[[[4.324,44.542],[4.321,44.542],[4.321,44.544],[4.321,44.544],[4.319,44.544],[4.32,44.545],[4.32,44.548],[4.322,44.549],[4.324,44.548],[4.323,44.547],[4.323,44.547],[4.323,44.547],[4.322,44.547],[4.323,44.547],[4.323,44.543],[4.323,44.542],[4.324,44.542]]],[[[4.329,44.545],[4.328,44.545],[4.328,44.546],[4.33,44.545],[4.329,44.545]]],[[[4.331,44.546],[4.33,44.545],[4.328,44.546],[4.331,44.546]]],[[[4.332,44.545],[4.331,44.546],[4.333,44.545],[4.332,44.545]]],[[[4.327,44.546],[4.326,44.546],[4.327,44.546],[4.327,44.546]]],[[[4.326,44.547],[4.325,44.545],[4.323,44.545],[4.324,44.548],[4.326,44.547],[4.326,44.547]]],[[[4.331,44.546],[4.332,44.547],[4.333,44.546],[4.331,44.546]]],[[[4.333,44.547],[4.332,44.547],[4.333,44.547],[4.333,44.547],[4.333,44.547]]],[[[4.331,44.546],[4.326,44.546],[4.327,44.549],[4.328,44.547],[4.329,44.547],[4.331,44.546]]],[[[4.329,44.547],[4.327,44.549],[4.327,44.549],[4.328,44.549],[4.328,44.549],[4.329,44.549],[4.329,44.549],[4.329,44.548],[4.33,44.547],[4.331,44.547],[4.329,44.547]]],[[[4.331,44.547],[4.329,44.549],[4.328,44.549],[4.328,44.55],[4.328,44.55],[4.329,44.55],[4.33,44.548],[4.331,44.548],[4.332,44.547],[4.331,44.546],[4.331,44.547],[4.331,44.547]]],[[[4.333,44.549],[4.333,44.549],[4.333,44.549],[4.333,44.549]]],[[[4.328,44.55],[4.327,44.55],[4.327,44.55],[4.328,44.55],[4.328,44.549],[4.327,44.549],[4.327,44.548],[4.326,44.547],[4.325,44.548],[4.325,44.549],[4.326,44.55],[4.328,44.551],[4.328,44.552],[4.329,44.551],[4.328,44.55]]],[[[4.332,44.547],[4.33,44.548],[4.33,44.55],[4.329,44.55],[4.329,44.55],[4.329,44.551],[4.329,44.551],[4.329,44.551],[4.329,44.552],[4.33,44.552],[4.33,44.551],[4.33,44.551],[4.33,44.551],[4.33,44.55],[4.331,44.55],[4.331,44.548],[4.332,44.548],[4.332,44.547]]],[[[4.33,44.552],[4.332,44.55],[4.332,44.549],[4.333,44.548],[4.333,44.548],[4.333,44.548],[4.332,44.547],[4.332,44.548],[4.331,44.55],[4.33,44.551],[4.33,44.551],[4.33,44.552]]],[[[4.328,44.55],[4.329,44.551],[4.329,44.55],[4.328,44.55]]],[[[4.333,44.548],[4.33,44.553],[4.331,44.554],[4.333,44.552],[4.332,44.552],[4.333,44.549],[4.332,44.55],[4.333,44.548]]],[[[4.329,44.556],[4.332,44.556],[4.331,44.555],[4.332,44.555],[4.331,44.555],[4.331,44.555],[4.331,44.554],[4.334,44.554],[4.334,44.553],[4.334,44.552],[4.333,44.552],[4.333,44.552],[4.333,44.552],[4.333,44.552],[4.332,44.553],[4.331,44.554],[4.33,44.553],[4.329,44.552],[4.329,44.552],[4.329,44.552],[4.329,44.551],[4.328,44.552],[4.329,44.555],[4.331,44.554],[4.329,44.555],[4.328,44.555],[4.325,44.555],[4.325,44.559],[4.327,44.558],[4.33,44.557],[4.329,44.557],[4.327,44.557],[4.329,44.556]]],[[[4.334,44.556],[4.332,44.556],[4.332,44.556],[4.333,44.556],[4.333,44.556],[4.333,44.556],[4.334,44.556]]],[[[4.331,44.557],[4.332,44.557],[4.332,44.556],[4.332,44.556],[4.329,44.556],[4.33,44.557],[4.331,44.557]]],[[[4.335,44.556],[4.333,44.556],[4.331,44.557],[4.331,44.557],[4.331,44.557],[4.331,44.558],[4.332,44.558],[4.332,44.557],[4.332,44.557],[4.334,44.556],[4.335,44.556],[4.335,44.556],[4.335,44.556],[4.335,44.556]]],[[[4.33,44.557],[4.331,44.557],[4.331,44.557],[4.33,44.557]]],[[[4.329,44.558],[4.33,44.557],[4.329,44.558],[4.329,44.558]]],[[[4.328,44.558],[4.329,44.558],[4.328,44.558],[4.328,44.558]]],[[[4.332,44.559],[4.331,44.557],[4.33,44.558],[4.33,44.558],[4.329,44.558],[4.329,44.558],[4.328,44.558],[4.328,44.561],[4.328,44.56],[4.331,44.561],[4.331,44.561],[4.332,44.559]]],[[[4.325,44.56],[4.325,44.559],[4.323,44.559],[4.325,44.56]]],[[[4.328,44.558],[4.325,44.559],[4.327,44.561],[4.328,44.558]]],[[[4.333,44.561],[4.333,44.56],[4.332,44.559],[4.331,44.561],[4.332,44.561],[4.333,44.561]]],[[[4.328,44.56],[4.328,44.56],[4.328,44.561],[4.328,44.56]]],[[[4.331,44.561],[4.329,44.561],[4.329,44.561],[4.33,44.561],[4.331,44.561],[4.333,44.561],[4.331,44.561]]],[[[4.325,44.56],[4.324,44.56],[4.321,44.562],[4.324,44.563],[4.324,44.562],[4.326,44.562],[4.325,44.56]]],[[[4.329,44.561],[4.329,44.562],[4.33,44.562],[4.33,44.562],[4.33,44.561],[4.329,44.561],[4.329,44.561]]],[[[4.333,44.561],[4.33,44.561],[4.33,44.562],[4.33,44.562],[4.333,44.563],[4.333,44.561]]],[[[4.329,44.563],[4.328,44.562],[4.325,44.56],[4.326,44.562],[4.326,44.563],[4.326,44.563],[4.327,44.564],[4.327,44.564],[4.326,44.564],[4.326,44.564],[4.327,44.564],[4.329,44.563]]],[[[4.33,44.562],[4.329,44.562],[4.329,44.563],[4.33,44.563],[4.33,44.562],[4.33,44.562]]],[[[4.33,44.562],[4.33,44.563],[4.332,44.563],[4.331,44.563],[4.33,44.562]]],[[[4.326,44.564],[4.326,44.562],[4.324,44.563],[4.326,44.564]]],[[[4.351,44.277],[4.35,44.274],[4.349,44.274],[4.347,44.275],[4.347,44.276],[4.348,44.276],[4.347,44.276],[4.347,44.276],[4.347,44.277],[4.347,44.278],[4.347,44.278],[4.347,44.278],[4.348,44.278],[4.351,44.277]]],[[[4.347,44.275],[4.345,44.276],[4.343,44.276],[4.345,44.28],[4.345,44.28],[4.346,44.278],[4.347,44.278],[4.347,44.278],[4.346,44.278],[4.346,44.277],[4.347,44.275]],[[4.346,44.278],[4.346,44.278],[4.346,44.278],[4.346,44.278]]],[[[4.347,44.277],[4.346,44.278],[4.347,44.278],[4.347,44.277]]],[[[4.35,44.278],[4.347,44.278],[4.349,44.28],[4.349,44.28],[4.35,44.28],[4.35,44.28],[4.35,44.278]]],[[[4.357,44.279],[4.356,44.279],[4.353,44.278],[4.352,44.277],[4.35,44.277],[4.35,44.281],[4.352,44.281],[4.353,44.279],[4.354,44.28],[4.355,44.28],[4.357,44.282],[4.358,44.281],[4.357,44.279]]],[[[4.346,44.28],[4.346,44.281],[4.347,44.281],[4.346,44.28]]],[[[4.349,44.28],[4.347,44.278],[4.345,44.28],[4.346,44.28],[4.347,44.281],[4.348,44.281],[4.349,44.281],[4.349,44.282],[4.35,44.282],[4.35,44.28],[4.349,44.28]]],[[[4.35,44.281],[4.352,44.281],[4.352,44.282],[4.352,44.281],[4.35,44.281]]],[[[4.348,44.281],[4.349,44.282],[4.349,44.282],[4.348,44.281],[4.348,44.281]]],[[[4.352,44.281],[4.35,44.281],[4.35,44.282],[4.352,44.283],[4.352,44.281]]],[[[4.354,44.284],[4.352,44.281],[4.352,44.281],[4.353,44.283],[4.353,44.284],[4.354,44.284]]],[[[4.335,44.282],[4.332,44.283],[4.334,44.284],[4.334,44.283],[4.336,44.282],[4.335,44.282]]],[[[4.356,44.283],[4.354,44.283],[4.355,44.284],[4.355,44.284],[4.356,44.283]]],[[[4.337,44.285],[4.336,44.283],[4.334,44.283],[4.335,44.283],[4.336,44.285],[4.337,44.285]]],[[[4.346,44.286],[4.347,44.286],[4.347,44.285],[4.346,44.285],[4.346,44.286]]],[[[4.338,44.286],[4.336,44.286],[4.338,44.285],[4.337,44.285],[4.335,44.285],[4.336,44.287],[4.338,44.286]]],[[[4.343,44.285],[4.342,44.286],[4.345,44.287],[4.345,44.286],[4.343,44.285]]],[[[4.356,44.288],[4.355,44.287],[4.355,44.288],[4.353,44.289],[4.353,44.29],[4.354,44.289],[4.356,44.289],[4.357,44.289],[4.356,44.288]]],[[[4.345,44.29],[4.343,44.289],[4.338,44.288],[4.338,44.289],[4.34,44.288],[4.342,44.29],[4.345,44.29]]],[[[4.352,44.288],[4.351,44.288],[4.351,44.29],[4.353,44.29],[4.353,44.289],[4.352,44.288]]],[[[4.349,44.288],[4.348,44.29],[4.349,44.29],[4.349,44.288]]],[[[4.34,44.29],[4.338,44.29],[4.339,44.29],[4.34,44.29]]],[[[4.348,44.29],[4.346,44.29],[4.347,44.291],[4.349,44.291],[4.348,44.29]]],[[[4.352,44.291],[4.353,44.29],[4.35,44.29],[4.348,44.29],[4.352,44.294],[4.353,44.294],[4.352,44.291]]],[[[4.342,44.292],[4.339,44.291],[4.338,44.291],[4.34,44.295],[4.342,44.294],[4.342,44.292]]],[[[4.36,44.297],[4.359,44.294],[4.359,44.294],[4.359,44.293],[4.359,44.292],[4.358,44.291],[4.358,44.291],[4.358,44.291],[4.358,44.29],[4.354,44.289],[4.354,44.291],[4.353,44.29],[4.353,44.294],[4.355,44.297],[4.354,44.297],[4.354,44.298],[4.353,44.297],[4.353,44.297],[4.353,44.298],[4.353,44.299],[4.355,44.298],[4.356,44.298],[4.356,44.299],[4.356,44.298],[4.357,44.299],[4.357,44.299],[4.357,44.298],[4.358,44.298],[4.358,44.298],[4.36,44.297]]],[[[4.353,44.296],[4.351,44.295],[4.35,44.293],[4.348,44.293],[4.349,44.294],[4.348,44.296],[4.348,44.296],[4.348,44.297],[4.35,44.296],[4.351,44.297],[4.35,44.298],[4.352,44.299],[4.353,44.299],[4.353,44.299],[4.353,44.296]]],[[[4.348,44.296],[4.347,44.297],[4.348,44.298],[4.348,44.296]]],[[[4.352,44.299],[4.35,44.299],[4.35,44.3],[4.353,44.301],[4.353,44.301],[4.353,44.3],[4.353,44.299],[4.352,44.299]]],[[[4.358,44.301],[4.356,44.301],[4.357,44.3],[4.358,44.3],[4.357,44.3],[4.358,44.3],[4.357,44.3],[4.357,44.299],[4.355,44.299],[4.353,44.299],[4.353,44.301],[4.353,44.301],[4.356,44.303],[4.358,44.301]]],[[[4.34,44.524],[4.34,44.525],[4.344,44.524],[4.34,44.524]]],[[[4.34,44.526],[4.34,44.526],[4.341,44.526],[4.34,44.526]]],[[[4.341,44.526],[4.341,44.527],[4.342,44.526],[4.341,44.526]]],[[[4.335,44.526],[4.334,44.527],[4.336,44.527],[4.335,44.526]]],[[[4.343,44.528],[4.34,44.527],[4.341,44.529],[4.343,44.528]]],[[[4.342,44.529],[4.342,44.529],[4.342,44.529],[4.342,44.529]]],[[[4.337,44.53],[4.336,44.528],[4.334,44.529],[4.336,44.528],[4.336,44.527],[4.334,44.527],[4.332,44.529],[4.331,44.529],[4.33,44.529],[4.33,44.529],[4.33,44.532],[4.331,44.532],[4.33,44.532],[4.33,44.533],[4.333,44.532],[4.333,44.531],[4.333,44.531],[4.333,44.531],[4.337,44.53]]],[[[4.341,44.531],[4.338,44.528],[4.338,44.528],[4.338,44.531],[4.34,44.532],[4.341,44.531]]],[[[4.344,44.53],[4.342,44.53],[4.341,44.529],[4.342,44.531],[4.344,44.53]]],[[[4.337,44.53],[4.335,44.531],[4.335,44.531],[4.334,44.531],[4.334,44.531],[4.334,44.531],[4.336,44.532],[4.337,44.531],[4.337,44.53]]],[[[4.335,44.531],[4.333,44.531],[4.333,44.532],[4.335,44.531]]],[[[4.338,44.532],[4.337,44.531],[4.335,44.532],[4.337,44.533],[4.338,44.532]]],[[[4.338,44.533],[4.338,44.532],[4.337,44.533],[4.338,44.533]]],[[[4.338,44.533],[4.339,44.533],[4.339,44.532],[4.338,44.533]]],[[[4.341,44.532],[4.34,44.532],[4.341,44.534],[4.343,44.533],[4.341,44.532]]],[[[4.343,44.533],[4.342,44.534],[4.342,44.534],[4.344,44.534],[4.343,44.533]]],[[[4.334,44.533],[4.333,44.534],[4.332,44.536],[4.335,44.535],[4.334,44.533]]],[[[4.347,44.535],[4.345,44.534],[4.346,44.533],[4.346,44.533],[4.344,44.533],[4.346,44.535],[4.346,44.535],[4.349,44.535],[4.346,44.535],[4.347,44.537],[4.348,44.536],[4.349,44.536],[4.348,44.535],[4.35,44.535],[4.349,44.534],[4.346,44.535],[4.347,44.535]]],[[[4.341,44.536],[4.339,44.533],[4.338,44.533],[4.338,44.533],[4.339,44.534],[4.339,44.534],[4.339,44.534],[4.339,44.535],[4.338,44.536],[4.337,44.536],[4.34,44.535],[4.337,44.536],[4.337,44.537],[4.338,44.537],[4.339,44.537],[4.34,44.536],[4.34,44.537],[4.34,44.536],[4.34,44.536],[4.341,44.537],[4.341,44.536]]],[[[4.335,44.537],[4.338,44.533],[4.336,44.532],[4.335,44.533],[4.335,44.534],[4.335,44.535],[4.335,44.535],[4.333,44.538],[4.333,44.538],[4.334,44.538],[4.334,44.538],[4.335,44.537],[4.335,44.537]]],[[[4.334,44.538],[4.339,44.534],[4.338,44.533],[4.338,44.534],[4.337,44.535],[4.334,44.538]]],[[[4.335,44.534],[4.335,44.535],[4.333,44.536],[4.332,44.538],[4.332,44.538],[4.331,44.538],[4.333,44.539],[4.332,44.538],[4.335,44.535],[4.335,44.534]]],[[[4.346,44.537],[4.344,44.535],[4.341,44.534],[4.341,44.535],[4.341,44.535],[4.342,44.536],[4.342,44.536],[4.342,44.536],[4.344,44.538],[4.346,44.538],[4.348,44.54],[4.346,44.537]]],[[[4.344,44.538],[4.342,44.536],[4.341,44.536],[4.342,44.537],[4.342,44.539],[4.345,44.538],[4.344,44.538]]],[[[4.34,44.539],[4.34,44.536],[4.339,44.537],[4.339,44.537],[4.337,44.538],[4.336,44.539],[4.336,44.54],[4.337,44.538],[4.339,44.537],[4.34,44.536],[4.34,44.537],[4.34,44.536],[4.339,44.537],[4.339,44.537],[4.338,44.537],[4.337,44.536],[4.334,44.54],[4.336,44.54],[4.337,44.54],[4.337,44.54],[4.337,44.539],[4.337,44.539],[4.338,44.538],[4.337,44.54],[4.34,44.539],[4.34,44.539]]],[[[4.335,44.538],[4.333,44.538],[4.333,44.539],[4.333,44.539],[4.333,44.539],[4.333,44.539],[4.334,44.54],[4.336,44.537],[4.335,44.538]]],[[[4.341,44.538],[4.34,44.54],[4.341,44.54],[4.341,44.539],[4.341,44.539],[4.341,44.538]]],[[[4.333,44.54],[4.333,44.539],[4.333,44.539],[4.333,44.54]]],[[[4.333,44.539],[4.334,44.54],[4.333,44.539],[4.333,44.539]]],[[[4.333,44.54],[4.334,44.54],[4.333,44.539],[4.333,44.54]]],[[[4.353,44.544],[4.352,44.54],[4.351,44.54],[4.352,44.539],[4.351,44.538],[4.348,44.538],[4.346,44.536],[4.35,44.541],[4.35,44.54],[4.351,44.541],[4.352,44.541],[4.351,44.541],[4.35,44.541],[4.353,44.544]]],[[[4.349,44.541],[4.345,44.538],[4.342,44.539],[4.343,44.541],[4.344,44.541],[4.346,44.542],[4.348,44.542],[4.349,44.541]]],[[[4.342,44.541],[4.341,44.539],[4.341,44.54],[4.342,44.541],[4.342,44.541]]],[[[4.341,44.54],[4.341,44.54],[4.341,44.541],[4.341,44.541],[4.341,44.541],[4.341,44.54]]],[[[4.342,44.541],[4.341,44.541],[4.342,44.541],[4.342,44.541]]],[[[4.342,44.541],[4.342,44.541],[4.341,44.541],[4.342,44.541]]],[[[4.338,44.539],[4.336,44.54],[4.334,44.54],[4.335,44.542],[4.335,44.543],[4.338,44.54],[4.34,44.54],[4.338,44.539]]],[[[4.341,44.541],[4.341,44.541],[4.341,44.542],[4.341,44.541]]],[[[4.342,44.541],[4.342,44.542],[4.342,44.541],[4.342,44.541]]],[[[4.35,44.546],[4.352,44.545],[4.352,44.545],[4.353,44.546],[4.354,44.546],[4.352,44.544],[4.353,44.544],[4.348,44.54],[4.346,44.536],[4.351,44.544],[4.349,44.541],[4.348,44.542],[4.346,44.542],[4.343,44.541],[4.344,44.544],[4.346,44.544],[4.348,44.545],[4.352,44.544],[4.349,44.545],[4.352,44.545],[4.349,44.545],[4.35,44.546],[4.35,44.546]]],[[[4.342,44.541],[4.342,44.542],[4.343,44.542],[4.343,44.542],[4.342,44.541],[4.342,44.541],[4.342,44.541]]],[[[4.334,44.541],[4.333,44.542],[4.335,44.543],[4.335,44.541],[4.334,44.541]]],[[[4.337,44.542],[4.337,44.541],[4.337,44.542],[4.337,44.542]]],[[[4.342,44.542],[4.34,44.542],[4.342,44.543],[4.342,44.542],[4.342,44.542]]],[[[4.342,44.542],[4.342,44.542],[4.342,44.543],[4.342,44.542],[4.342,44.542],[4.342,44.542],[4.342,44.542]]],[[[4.344,44.544],[4.344,44.543],[4.343,44.543],[4.344,44.544]]],[[[4.346,44.545],[4.344,44.544],[4.343,44.545],[4.344,44.544],[4.342,44.541],[4.342,44.542],[4.342,44.544],[4.342,44.548],[4.343,44.546],[4.343,44.546],[4.344,44.546],[4.345,44.546],[4.346,44.545]]],[[[4.353,44.544],[4.353,44.545],[4.353,44.544],[4.353,44.544]]],[[[4.347,44.545],[4.347,44.545],[4.347,44.545],[4.347,44.545]]],[[[4.341,44.546],[4.342,44.545],[4.342,44.545],[4.341,44.546]]],[[[4.347,44.545],[4.348,44.545],[4.347,44.545],[4.347,44.545]]],[[[4.348,44.545],[4.348,44.545],[4.349,44.545],[4.349,44.545],[4.348,44.545]]],[[[4.354,44.546],[4.354,44.545],[4.353,44.545],[4.354,44.546]]],[[[4.349,44.545],[4.348,44.545],[4.348,44.545],[4.347,44.545],[4.348,44.546],[4.349,44.547],[4.35,44.546],[4.349,44.545]]],[[[4.354,44.548],[4.352,44.545],[4.351,44.546],[4.351,44.547],[4.351,44.547],[4.351,44.546],[4.35,44.546],[4.349,44.547],[4.35,44.547],[4.351,44.548],[4.354,44.548]]],[[[4.351,44.549],[4.349,44.547],[4.347,44.545],[4.347,44.546],[4.347,44.548],[4.349,44.548],[4.348,44.548],[4.348,44.549],[4.349,44.549],[4.349,44.549],[4.351,44.549]]],[[[4.348,44.548],[4.346,44.549],[4.348,44.548],[4.347,44.547],[4.347,44.547],[4.347,44.546],[4.346,44.545],[4.346,44.545],[4.346,44.545],[4.346,44.545],[4.346,44.545],[4.345,44.546],[4.345,44.546],[4.344,44.546],[4.344,44.548],[4.344,44.546],[4.343,44.546],[4.344,44.546],[4.345,44.546],[4.345,44.545],[4.346,44.545],[4.346,44.545],[4.346,44.545],[4.345,44.545],[4.345,44.546],[4.344,44.546],[4.343,44.546],[4.343,44.546],[4.342,44.548],[4.343,44.549],[4.343,44.551],[4.345,44.551],[4.345,44.552],[4.346,44.552],[4.346,44.551],[4.347,44.55],[4.348,44.549],[4.348,44.549],[4.348,44.548]]],[[[4.334,44.551],[4.333,44.548],[4.333,44.549],[4.333,44.549],[4.333,44.55],[4.332,44.552],[4.333,44.552],[4.334,44.551]]],[[[4.348,44.549],[4.347,44.55],[4.346,44.551],[4.349,44.549],[4.348,44.549]]],[[[4.345,44.552],[4.343,44.551],[4.343,44.549],[4.343,44.55],[4.342,44.55],[4.342,44.55],[4.342,44.549],[4.341,44.549],[4.342,44.554],[4.345,44.552]]],[[[4.336,44.553],[4.334,44.552],[4.335,44.554],[4.336,44.553]]],[[[4.341,44.55],[4.339,44.554],[4.338,44.555],[4.336,44.555],[4.338,44.556],[4.339,44.557],[4.341,44.553],[4.341,44.55]]],[[[4.337,44.553],[4.335,44.554],[4.336,44.555],[4.338,44.555],[4.337,44.553]]],[[[4.335,44.554],[4.331,44.555],[4.332,44.556],[4.334,44.555],[4.335,44.556],[4.336,44.555],[4.335,44.554]]],[[[4.339,44.557],[4.336,44.555],[4.335,44.556],[4.336,44.558],[4.339,44.557]]],[[[4.335,44.56],[4.335,44.557],[4.334,44.558],[4.334,44.556],[4.332,44.557],[4.332,44.558],[4.333,44.56],[4.333,44.558],[4.335,44.56]]],[[[4.336,44.562],[4.333,44.561],[4.333,44.563],[4.335,44.562],[4.336,44.562]]],[[[4.365,44.282],[4.366,44.281],[4.365,44.282],[4.365,44.282]]],[[[4.386,44.279],[4.384,44.28],[4.384,44.28],[4.384,44.28],[4.379,44.284],[4.38,44.286],[4.381,44.287],[4.382,44.288],[4.386,44.287],[4.383,44.287],[4.381,44.283],[4.382,44.283],[4.383,44.284],[4.386,44.283],[4.386,44.282],[4.386,44.281],[4.386,44.28],[4.386,44.28],[4.386,44.279]]],[[[4.374,44.281],[4.369,44.281],[4.369,44.28],[4.366,44.281],[4.366,44.282],[4.368,44.282],[4.367,44.283],[4.368,44.284],[4.369,44.281],[4.372,44.282],[4.374,44.281]]],[[[4.383,44.28],[4.384,44.28],[4.382,44.279],[4.379,44.281],[4.378,44.285],[4.384,44.28],[4.383,44.28]]],[[[4.373,44.282],[4.372,44.283],[4.375,44.283],[4.373,44.282]]],[[[4.369,44.283],[4.369,44.284],[4.369,44.283],[4.369,44.283]]],[[[4.36,44.282],[4.356,44.283],[4.357,44.284],[4.357,44.284],[4.357,44.285],[4.358,44.285],[4.359,44.285],[4.359,44.284],[4.36,44.284],[4.36,44.284],[4.361,44.284],[4.36,44.282]]],[[[4.357,44.284],[4.355,44.284],[4.355,44.285],[4.357,44.285],[4.357,44.284]]],[[[4.357,44.285],[4.357,44.285],[4.357,44.285],[4.357,44.285]]],[[[4.363,44.286],[4.363,44.285],[4.362,44.285],[4.361,44.285],[4.363,44.286]]],[[[4.366,44.287],[4.365,44.285],[4.363,44.285],[4.362,44.284],[4.362,44.284],[4.362,44.284],[4.362,44.285],[4.361,44.283],[4.359,44.285],[4.357,44.285],[4.361,44.285],[4.362,44.285],[4.363,44.285],[4.365,44.287],[4.366,44.287]],[[4.361,44.284],[4.361,44.284],[4.361,44.284],[4.361,44.284]]],[[[4.361,44.285],[4.361,44.285],[4.361,44.285],[4.361,44.285]]],[[[4.363,44.286],[4.361,44.286],[4.362,44.286],[4.362,44.287],[4.363,44.286]]],[[[4.361,44.287],[4.36,44.286],[4.36,44.286],[4.36,44.286],[4.358,44.286],[4.361,44.287]]],[[[4.355,44.286],[4.356,44.287],[4.356,44.287],[4.356,44.287],[4.356,44.287],[4.357,44.287],[4.357,44.286],[4.357,44.286],[4.355,44.286]]],[[[4.361,44.286],[4.361,44.286],[4.362,44.287],[4.361,44.287],[4.358,44.286],[4.358,44.286],[4.357,44.287],[4.359,44.287],[4.359,44.288],[4.362,44.288],[4.361,44.286]]],[[[4.375,44.287],[4.376,44.287],[4.375,44.286],[4.375,44.287]]],[[[4.363,44.286],[4.362,44.288],[4.364,44.288],[4.363,44.286]]],[[[4.382,44.289],[4.379,44.284],[4.379,44.285],[4.378,44.285],[4.379,44.288],[4.378,44.288],[4.377,44.288],[4.377,44.289],[4.379,44.289],[4.38,44.289],[4.382,44.289]]],[[[4.357,44.287],[4.357,44.288],[4.358,44.287],[4.357,44.287]]],[[[4.368,44.287],[4.365,44.287],[4.365,44.288],[4.368,44.289],[4.368,44.287]]],[[[4.372,44.288],[4.37,44.29],[4.372,44.29],[4.373,44.29],[4.372,44.288]]],[[[4.383,44.29],[4.383,44.289],[4.383,44.289],[4.382,44.289],[4.383,44.29]]],[[[4.368,44.29],[4.369,44.29],[4.368,44.289],[4.368,44.29]]],[[[4.38,44.289],[4.378,44.289],[4.377,44.29],[4.377,44.29],[4.378,44.29],[4.379,44.291],[4.38,44.29],[4.381,44.289],[4.38,44.289]]],[[[4.366,44.289],[4.365,44.291],[4.366,44.291],[4.368,44.291],[4.368,44.289],[4.366,44.289]]],[[[4.377,44.291],[4.377,44.29],[4.376,44.29],[4.376,44.292],[4.377,44.293],[4.379,44.291],[4.377,44.291]]],[[[4.36,44.292],[4.36,44.29],[4.358,44.29],[4.359,44.294],[4.361,44.294],[4.361,44.295],[4.361,44.295],[4.362,44.292],[4.362,44.292],[4.36,44.292]]],[[[4.379,44.294],[4.381,44.296],[4.383,44.295],[4.38,44.291],[4.381,44.291],[4.382,44.292],[4.385,44.293],[4.382,44.289],[4.381,44.289],[4.38,44.29],[4.379,44.291],[4.377,44.293],[4.376,44.293],[4.378,44.294],[4.379,44.294]]],[[[4.375,44.295],[4.371,44.294],[4.373,44.293],[4.372,44.292],[4.374,44.292],[4.372,44.291],[4.374,44.29],[4.371,44.29],[4.371,44.291],[4.371,44.291],[4.371,44.291],[4.371,44.291],[4.371,44.291],[4.371,44.29],[4.369,44.29],[4.366,44.293],[4.367,44.296],[4.369,44.295],[4.37,44.297],[4.375,44.295]]],[[[4.377,44.294],[4.376,44.293],[4.375,44.294],[4.377,44.295],[4.377,44.294]]],[[[4.365,44.292],[4.363,44.296],[4.362,44.296],[4.364,44.298],[4.367,44.298],[4.366,44.293],[4.368,44.291],[4.365,44.292]]],[[[4.364,44.293],[4.361,44.296],[4.361,44.296],[4.363,44.295],[4.364,44.293]]],[[[4.361,44.296],[4.357,44.299],[4.361,44.296],[4.361,44.296]]],[[[4.369,44.295],[4.367,44.296],[4.367,44.298],[4.365,44.298],[4.366,44.299],[4.37,44.297],[4.369,44.295]]],[[[4.374,44.295],[4.367,44.299],[4.369,44.3],[4.369,44.3],[4.37,44.301],[4.37,44.298],[4.37,44.299],[4.371,44.299],[4.373,44.297],[4.375,44.298],[4.374,44.295]]],[[[4.365,44.3],[4.361,44.296],[4.358,44.299],[4.359,44.3],[4.365,44.3]]],[[[4.365,44.298],[4.364,44.299],[4.365,44.299],[4.365,44.298]]],[[[4.364,44.299],[4.365,44.3],[4.366,44.299],[4.365,44.299],[4.364,44.299]]],[[[4.357,44.3],[4.358,44.299],[4.357,44.299],[4.357,44.3]]],[[[4.381,44.298],[4.381,44.299],[4.381,44.3],[4.383,44.3],[4.383,44.298],[4.381,44.298]]],[[[4.371,44.299],[4.37,44.3],[4.371,44.301],[4.372,44.3],[4.371,44.299]]],[[[4.359,44.3],[4.358,44.3],[4.358,44.299],[4.358,44.3],[4.359,44.3]]],[[[4.379,44.3],[4.38,44.3],[4.38,44.299],[4.379,44.3]]],[[[4.371,44.301],[4.369,44.3],[4.368,44.3],[4.367,44.299],[4.366,44.299],[4.366,44.3],[4.366,44.303],[4.366,44.303],[4.369,44.303],[4.371,44.303],[4.371,44.301]]],[[[4.359,44.301],[4.358,44.3],[4.358,44.3],[4.358,44.301],[4.357,44.302],[4.359,44.301]]],[[[4.385,44.301],[4.383,44.3],[4.382,44.3],[4.38,44.3],[4.381,44.302],[4.385,44.303],[4.385,44.301]]],[[[4.379,44.302],[4.379,44.301],[4.378,44.301],[4.378,44.302],[4.379,44.302]]],[[[4.366,44.303],[4.366,44.299],[4.365,44.3],[4.363,44.3],[4.359,44.3],[4.358,44.303],[4.36,44.304],[4.362,44.305],[4.362,44.304],[4.361,44.302],[4.361,44.302],[4.362,44.305],[4.363,44.305],[4.365,44.304],[4.366,44.303]]],[[[4.378,44.303],[4.376,44.302],[4.378,44.304],[4.378,44.303]]],[[[4.369,44.303],[4.367,44.303],[4.366,44.303],[4.37,44.304],[4.369,44.303]]],[[[4.372,44.305],[4.372,44.302],[4.371,44.302],[4.371,44.303],[4.37,44.303],[4.371,44.304],[4.371,44.305],[4.372,44.305]]],[[[4.366,44.303],[4.364,44.305],[4.363,44.305],[4.362,44.305],[4.363,44.305],[4.364,44.306],[4.365,44.306],[4.366,44.306],[4.366,44.304],[4.366,44.303]]],[[[4.362,44.305],[4.358,44.303],[4.359,44.304],[4.356,44.306],[4.357,44.307],[4.358,44.307],[4.362,44.305]]],[[[4.371,44.305],[4.37,44.304],[4.366,44.303],[4.367,44.307],[4.368,44.307],[4.37,44.308],[4.371,44.308],[4.371,44.307],[4.371,44.307],[4.371,44.306],[4.371,44.305]]],[[[4.367,44.306],[4.365,44.306],[4.363,44.307],[4.364,44.306],[4.362,44.305],[4.357,44.307],[4.358,44.308],[4.359,44.308],[4.363,44.308],[4.363,44.308],[4.367,44.308],[4.367,44.306]]],[[[4.373,44.307],[4.372,44.305],[4.371,44.305],[4.371,44.306],[4.371,44.308],[4.373,44.308],[4.374,44.309],[4.375,44.308],[4.376,44.307],[4.373,44.307]]],[[[4.361,44.308],[4.362,44.309],[4.363,44.309],[4.363,44.308],[4.361,44.308]]],[[[4.36,44.308],[4.356,44.309],[4.356,44.309],[4.358,44.309],[4.36,44.31],[4.359,44.309],[4.36,44.308]]],[[[4.362,44.309],[4.361,44.308],[4.36,44.308],[4.36,44.31],[4.361,44.31],[4.363,44.31],[4.363,44.309],[4.362,44.309]]],[[[4.374,44.309],[4.37,44.308],[4.367,44.307],[4.368,44.309],[4.369,44.309],[4.37,44.309],[4.368,44.309],[4.368,44.309],[4.367,44.309],[4.367,44.31],[4.368,44.311],[4.368,44.311],[4.368,44.312],[4.369,44.311],[4.369,44.311],[4.37,44.311],[4.371,44.311],[4.373,44.311],[4.374,44.309]]],[[[4.368,44.312],[4.367,44.31],[4.367,44.308],[4.363,44.308],[4.363,44.309],[4.364,44.309],[4.364,44.309],[4.365,44.31],[4.365,44.311],[4.366,44.311],[4.366,44.311],[4.366,44.311],[4.368,44.312]]],[[[4.364,44.309],[4.363,44.309],[4.363,44.31],[4.364,44.31],[4.365,44.31],[4.364,44.309]]],[[[4.365,44.311],[4.365,44.31],[4.364,44.31],[4.365,44.31],[4.365,44.311]]],[[[4.36,44.31],[4.36,44.31],[4.357,44.309],[4.357,44.31],[4.358,44.311],[4.358,44.311],[4.357,44.31],[4.357,44.31],[4.357,44.309],[4.356,44.309],[4.357,44.312],[4.358,44.312],[4.358,44.312],[4.359,44.312],[4.359,44.313],[4.36,44.312],[4.36,44.31]]],[[[4.36,44.31],[4.36,44.31],[4.36,44.311],[4.362,44.312],[4.363,44.31],[4.36,44.31]]],[[[4.366,44.311],[4.365,44.312],[4.366,44.311],[4.366,44.311]]],[[[4.365,44.31],[4.363,44.31],[4.365,44.313],[4.365,44.311],[4.365,44.311],[4.365,44.31]]],[[[4.368,44.311],[4.369,44.312],[4.37,44.312],[4.369,44.311],[4.368,44.311]]],[[[4.357,44.312],[4.358,44.312],[4.359,44.312],[4.357,44.312]]],[[[4.36,44.313],[4.36,44.313],[4.36,44.312],[4.36,44.313]]],[[[4.382,44.435],[4.381,44.434],[4.38,44.434],[4.379,44.433],[4.378,44.432],[4.377,44.434],[4.379,44.434],[4.378,44.435],[4.382,44.435],[4.382,44.435]]],[[[4.387,44.435],[4.384,44.435],[4.384,44.434],[4.382,44.434],[4.379,44.432],[4.379,44.433],[4.382,44.435],[4.383,44.434],[4.383,44.434],[4.383,44.434],[4.383,44.434],[4.382,44.435],[4.383,44.436],[4.384,44.436],[4.385,44.437],[4.387,44.435],[4.387,44.435]]],[[[4.386,44.436],[4.386,44.436],[4.386,44.436],[4.386,44.436],[4.386,44.436]]],[[[4.382,44.435],[4.379,44.436],[4.377,44.435],[4.378,44.436],[4.377,44.436],[4.378,44.437],[4.38,44.436],[4.381,44.436],[4.383,44.437],[4.383,44.438],[4.384,44.438],[4.384,44.437],[4.384,44.437],[4.383,44.437],[4.385,44.437],[4.385,44.437],[4.382,44.435]]],[[[4.386,44.436],[4.385,44.437],[4.386,44.438],[4.386,44.436]]],[[[4.387,44.435],[4.386,44.437],[4.389,44.437],[4.386,44.438],[4.388,44.439],[4.389,44.439],[4.39,44.437],[4.387,44.435]]],[[[4.388,44.439],[4.385,44.437],[4.384,44.438],[4.384,44.438],[4.383,44.438],[4.383,44.437],[4.382,44.437],[4.381,44.436],[4.382,44.439],[4.383,44.437],[4.383,44.438],[4.384,44.438],[4.384,44.438],[4.385,44.438],[4.384,44.438],[4.384,44.439],[4.385,44.439],[4.386,44.439],[4.388,44.44],[4.388,44.439],[4.389,44.439],[4.388,44.439]]],[[[4.389,44.443],[4.388,44.44],[4.389,44.439],[4.387,44.441],[4.383,44.441],[4.387,44.443],[4.388,44.443],[4.388,44.443],[4.389,44.443],[4.389,44.443]]],[[[4.383,44.443],[4.379,44.441],[4.38,44.441],[4.382,44.442],[4.382,44.443],[4.383,44.443]]],[[[4.383,44.443],[4.383,44.444],[4.384,44.444],[4.383,44.443]]],[[[4.384,44.446],[4.382,44.442],[4.38,44.441],[4.385,44.447],[4.385,44.447],[4.385,44.447],[4.384,44.446]]],[[[4.377,44.446],[4.379,44.446],[4.379,44.445],[4.377,44.446]]],[[[4.385,44.445],[4.385,44.447],[4.385,44.447],[4.385,44.445]]],[[[4.375,44.448],[4.375,44.447],[4.374,44.447],[4.375,44.448]]],[[[4.387,44.448],[4.387,44.448],[4.387,44.447],[4.386,44.448],[4.387,44.448]]],[[[4.388,44.449],[4.385,44.447],[4.385,44.447],[4.385,44.449],[4.387,44.449],[4.388,44.449]]],[[[4.382,44.449],[4.381,44.447],[4.379,44.447],[4.38,44.449],[4.381,44.45],[4.382,44.449]]],[[[4.37,44.448],[4.368,44.448],[4.367,44.449],[4.368,44.45],[4.368,44.45],[4.37,44.45],[4.37,44.449],[4.371,44.449],[4.37,44.448]]],[[[4.382,44.449],[4.382,44.449],[4.382,44.449],[4.382,44.449]]],[[[4.381,44.45],[4.379,44.448],[4.38,44.451],[4.381,44.451],[4.381,44.45]]],[[[4.378,44.449],[4.375,44.449],[4.378,44.45],[4.378,44.449]]],[[[4.382,44.45],[4.382,44.45],[4.382,44.449],[4.382,44.45]]],[[[4.366,44.449],[4.364,44.45],[4.364,44.451],[4.368,44.45],[4.366,44.449]]],[[[4.383,44.449],[4.383,44.45],[4.382,44.45],[4.383,44.451],[4.385,44.45],[4.383,44.449]]],[[[4.413,44.278],[4.414,44.279],[4.415,44.278],[4.414,44.278],[4.413,44.278]]],[[[4.387,44.283],[4.388,44.281],[4.386,44.281],[4.387,44.285],[4.39,44.284],[4.389,44.283],[4.387,44.283]]],[[[4.409,44.284],[4.41,44.284],[4.409,44.284],[4.409,44.284]]],[[[4.413,44.285],[4.413,44.284],[4.413,44.284],[4.413,44.285]]],[[[4.412,44.284],[4.411,44.285],[4.41,44.284],[4.409,44.285],[4.412,44.286],[4.412,44.284]]],[[[4.413,44.285],[4.412,44.286],[4.413,44.285],[4.413,44.285]]],[[[4.388,44.285],[4.389,44.286],[4.39,44.285],[4.389,44.285],[4.388,44.285]]],[[[4.39,44.286],[4.39,44.287],[4.392,44.287],[4.392,44.286],[4.39,44.286]]],[[[4.408,44.284],[4.406,44.284],[4.407,44.285],[4.406,44.286],[4.407,44.287],[4.406,44.288],[4.406,44.288],[4.408,44.288],[4.408,44.287],[4.409,44.286],[4.409,44.285],[4.409,44.285],[4.408,44.285],[4.408,44.284]]],[[[4.412,44.286],[4.409,44.285],[4.409,44.286],[4.408,44.288],[4.412,44.288],[4.412,44.287],[4.412,44.287],[4.412,44.286]]],[[[4.414,44.286],[4.412,44.286],[4.412,44.288],[4.416,44.288],[4.414,44.286]]],[[[4.394,44.287],[4.39,44.287],[4.392,44.289],[4.392,44.287],[4.394,44.287]]],[[[4.385,44.287],[4.386,44.29],[4.387,44.289],[4.387,44.287],[4.385,44.287]]],[[[4.413,44.291],[4.412,44.289],[4.411,44.288],[4.409,44.288],[4.409,44.289],[4.411,44.29],[4.413,44.291],[4.413,44.291]]],[[[4.414,44.292],[4.408,44.289],[4.409,44.294],[4.41,44.294],[4.41,44.293],[4.411,44.292],[4.411,44.292],[4.41,44.294],[4.414,44.292]]],[[[4.405,44.292],[4.406,44.292],[4.405,44.291],[4.402,44.29],[4.401,44.292],[4.404,44.294],[4.403,44.294],[4.403,44.294],[4.403,44.295],[4.404,44.296],[4.404,44.297],[4.404,44.296],[4.405,44.296],[4.405,44.295],[4.404,44.295],[4.404,44.294],[4.404,44.294],[4.404,44.295],[4.405,44.295],[4.405,44.296],[4.407,44.295],[4.405,44.292]]],[[[4.414,44.292],[4.412,44.294],[4.411,44.294],[4.412,44.295],[4.416,44.293],[4.414,44.292]]],[[[4.401,44.295],[4.402,44.295],[4.401,44.294],[4.4,44.294],[4.401,44.295]]],[[[4.408,44.295],[4.408,44.295],[4.408,44.295],[4.408,44.295]]],[[[4.408,44.295],[4.408,44.295],[4.408,44.295],[4.408,44.295]]],[[[4.403,44.295],[4.403,44.295],[4.403,44.294],[4.403,44.295]]],[[[4.403,44.297],[4.403,44.295],[4.401,44.296],[4.401,44.298],[4.403,44.297]]],[[[4.408,44.295],[4.407,44.296],[4.408,44.295],[4.404,44.296],[4.405,44.298],[4.405,44.297],[4.406,44.297],[4.406,44.297],[4.405,44.299],[4.409,44.297],[4.407,44.296],[4.409,44.296],[4.408,44.295]]],[[[4.41,44.296],[4.41,44.297],[4.412,44.296],[4.411,44.296],[4.41,44.296]]],[[[4.402,44.298],[4.398,44.297],[4.401,44.297],[4.4,44.295],[4.398,44.296],[4.397,44.296],[4.397,44.297],[4.399,44.297],[4.401,44.299],[4.402,44.298]]],[[[4.405,44.299],[4.404,44.297],[4.403,44.297],[4.402,44.298],[4.401,44.299],[4.405,44.299]]],[[[4.385,44.297],[4.384,44.299],[4.387,44.299],[4.386,44.298],[4.385,44.298],[4.385,44.297]]],[[[4.407,44.298],[4.405,44.299],[4.406,44.299],[4.409,44.298],[4.407,44.298]]],[[[4.412,44.296],[4.41,44.297],[4.41,44.298],[4.41,44.298],[4.408,44.299],[4.411,44.301],[4.413,44.3],[4.414,44.297],[4.412,44.296]]],[[[4.405,44.299],[4.405,44.299],[4.405,44.299],[4.405,44.299]]],[[[4.407,44.299],[4.405,44.3],[4.406,44.3],[4.406,44.3],[4.407,44.299]]],[[[4.407,44.303],[4.405,44.3],[4.405,44.3],[4.404,44.3],[4.405,44.299],[4.401,44.299],[4.399,44.298],[4.399,44.3],[4.402,44.3],[4.404,44.301],[4.404,44.302],[4.407,44.303]]],[[[4.411,44.301],[4.408,44.299],[4.406,44.3],[4.409,44.303],[4.409,44.303],[4.409,44.302],[4.411,44.301]]],[[[4.414,44.303],[4.415,44.302],[4.414,44.302],[4.414,44.303]]],[[[4.415,44.303],[4.414,44.304],[4.416,44.305],[4.415,44.303],[4.415,44.303]]],[[[4.408,44.306],[4.406,44.304],[4.406,44.305],[4.404,44.306],[4.404,44.307],[4.405,44.307],[4.406,44.307],[4.407,44.307],[4.408,44.307],[4.408,44.306]]],[[[4.41,44.306],[4.408,44.305],[4.409,44.306],[4.408,44.307],[4.409,44.307],[4.41,44.306]]],[[[4.402,44.308],[4.403,44.308],[4.402,44.307],[4.401,44.307],[4.402,44.308]]],[[[4.407,44.307],[4.406,44.307],[4.404,44.307],[4.405,44.309],[4.408,44.309],[4.41,44.307],[4.409,44.307],[4.407,44.307]]],[[[4.41,44.311],[4.411,44.31],[4.409,44.31],[4.409,44.312],[4.41,44.311]]],[[[4.411,44.312],[4.412,44.311],[4.412,44.311],[4.411,44.312]]],[[[4.412,44.311],[4.412,44.312],[4.411,44.313],[4.413,44.313],[4.412,44.311]]],[[[4.414,44.314],[4.414,44.312],[4.414,44.312],[4.413,44.313],[4.414,44.314]]],[[[4.405,44.315],[4.406,44.314],[4.406,44.313],[4.405,44.313],[4.405,44.315]]],[[[4.413,44.313],[4.413,44.315],[4.415,44.315],[4.414,44.314],[4.413,44.313]]],[[[4.409,44.314],[4.41,44.314],[4.409,44.313],[4.41,44.316],[4.411,44.315],[4.409,44.314]]],[[[4.397,44.345],[4.396,44.345],[4.397,44.346],[4.397,44.348],[4.398,44.347],[4.397,44.345]]],[[[4.388,44.348],[4.387,44.348],[4.387,44.349],[4.388,44.349],[4.388,44.348]]],[[[4.391,44.347],[4.388,44.348],[4.388,44.349],[4.388,44.349],[4.388,44.35],[4.389,44.35],[4.389,44.351],[4.39,44.351],[4.39,44.348],[4.392,44.348],[4.391,44.347]]],[[[4.416,44.354],[4.412,44.351],[4.412,44.354],[4.414,44.354],[4.415,44.354],[4.416,44.354]]],[[[4.412,44.353],[4.41,44.353],[4.41,44.354],[4.412,44.354],[4.412,44.353]]],[[[4.401,44.354],[4.399,44.354],[4.397,44.355],[4.4,44.355],[4.402,44.356],[4.401,44.354]]],[[[4.413,44.354],[4.413,44.355],[4.413,44.356],[4.415,44.354],[4.413,44.354]]],[[[4.411,44.356],[4.412,44.357],[4.414,44.356],[4.411,44.356]]],[[[4.391,44.36],[4.39,44.358],[4.387,44.358],[4.385,44.357],[4.383,44.357],[4.389,44.36],[4.39,44.36],[4.389,44.36],[4.391,44.36]]],[[[4.409,44.411],[4.407,44.411],[4.408,44.412],[4.409,44.413],[4.409,44.411]]],[[[4.412,44.413],[4.413,44.414],[4.414,44.414],[4.413,44.413],[4.412,44.413]]],[[[4.409,44.416],[4.409,44.414],[4.409,44.413],[4.407,44.411],[4.404,44.415],[4.404,44.416],[4.406,44.416],[4.406,44.417],[4.407,44.417],[4.409,44.417],[4.41,44.417],[4.409,44.416]]],[[[4.412,44.416],[4.411,44.414],[4.411,44.414],[4.411,44.413],[4.409,44.413],[4.409,44.416],[4.411,44.418],[4.413,44.417],[4.412,44.416]]],[[[4.414,44.414],[4.413,44.414],[4.411,44.413],[4.411,44.414],[4.413,44.417],[4.414,44.417],[4.414,44.415],[4.416,44.415],[4.414,44.414]]],[[[4.411,44.422],[4.408,44.417],[4.406,44.417],[4.406,44.416],[4.404,44.416],[4.404,44.418],[4.406,44.421],[4.407,44.421],[4.407,44.421],[4.406,44.42],[4.405,44.421],[4.405,44.423],[4.405,44.422],[4.406,44.421],[4.408,44.423],[4.411,44.422]]],[[[4.404,44.419],[4.404,44.42],[4.404,44.42],[4.404,44.42],[4.405,44.422],[4.405,44.421],[4.406,44.42],[4.404,44.419]]],[[[4.405,44.422],[4.404,44.42],[4.404,44.42],[4.405,44.424],[4.405,44.422]]],[[[4.407,44.424],[4.406,44.421],[4.405,44.423],[4.406,44.424],[4.407,44.424]]],[[[4.404,44.423],[4.401,44.422],[4.402,44.423],[4.402,44.423],[4.402,44.424],[4.401,44.424],[4.401,44.424],[4.401,44.424],[4.402,44.424],[4.404,44.423]]],[[[4.404,44.423],[4.404,44.423],[4.402,44.424],[4.402,44.424],[4.4,44.425],[4.399,44.425],[4.399,44.426],[4.401,44.426],[4.402,44.425],[4.405,44.424],[4.404,44.423]]],[[[4.422,44.425],[4.418,44.422],[4.416,44.42],[4.415,44.421],[4.415,44.422],[4.415,44.423],[4.415,44.423],[4.415,44.423],[4.415,44.424],[4.415,44.423],[4.415,44.421],[4.413,44.421],[4.414,44.424],[4.417,44.426],[4.419,44.424],[4.417,44.426],[4.419,44.426],[4.421,44.428],[4.422,44.425]]],[[[4.4,44.425],[4.401,44.424],[4.401,44.424],[4.401,44.424],[4.4,44.424],[4.4,44.425]]],[[[4.403,44.425],[4.401,44.426],[4.401,44.426],[4.402,44.426],[4.402,44.426],[4.404,44.426],[4.403,44.425]],[[4.402,44.426],[4.401,44.426],[4.402,44.426],[4.402,44.426]]],[[[4.405,44.427],[4.404,44.426],[4.404,44.426],[4.403,44.428],[4.403,44.428],[4.403,44.428],[4.403,44.428],[4.403,44.427],[4.404,44.426],[4.404,44.426],[4.402,44.426],[4.402,44.427],[4.401,44.427],[4.402,44.429],[4.403,44.428],[4.406,44.427],[4.406,44.426],[4.405,44.427]]],[[[4.421,44.428],[4.416,44.425],[4.415,44.426],[4.416,44.427],[4.416,44.427],[4.416,44.428],[4.416,44.428],[4.417,44.428],[4.417,44.427],[4.419,44.429],[4.421,44.428]]],[[[4.415,44.427],[4.414,44.427],[4.416,44.429],[4.416,44.428],[4.415,44.427]]],[[[4.419,44.429],[4.417,44.428],[4.417,44.429],[4.419,44.429]]],[[[4.407,44.428],[4.406,44.427],[4.406,44.427],[4.406,44.427],[4.406,44.427],[4.406,44.428],[4.407,44.429],[4.406,44.427],[4.403,44.428],[4.401,44.429],[4.402,44.43],[4.407,44.429],[4.407,44.428]]],[[[4.417,44.429],[4.416,44.427],[4.416,44.428],[4.416,44.43],[4.417,44.429]]],[[[4.409,44.432],[4.407,44.429],[4.401,44.43],[4.401,44.431],[4.401,44.431],[4.402,44.431],[4.402,44.431],[4.402,44.431],[4.402,44.431],[4.402,44.431],[4.402,44.431],[4.404,44.431],[4.405,44.431],[4.405,44.432],[4.406,44.432],[4.407,44.432],[4.407,44.432],[4.407,44.432],[4.409,44.432]]],[[[4.407,44.433],[4.404,44.432],[4.404,44.431],[4.402,44.431],[4.402,44.431],[4.401,44.431],[4.401,44.431],[4.401,44.431],[4.402,44.431],[4.403,44.432],[4.403,44.432],[4.405,44.432],[4.405,44.432],[4.405,44.433],[4.407,44.433]]],[[[4.405,44.433],[4.405,44.433],[4.405,44.432],[4.403,44.432],[4.401,44.432],[4.401,44.433],[4.401,44.433],[4.402,44.432],[4.403,44.433],[4.403,44.433],[4.404,44.433],[4.404,44.433],[4.405,44.433],[4.405,44.433],[4.406,44.433],[4.405,44.433]]],[[[4.409,44.432],[4.409,44.432],[4.409,44.432],[4.409,44.432]]],[[[4.407,44.433],[4.407,44.432],[4.407,44.433],[4.407,44.433],[4.406,44.433],[4.406,44.433],[4.407,44.433],[4.407,44.433],[4.407,44.433],[4.409,44.432],[4.407,44.433]]],[[[4.404,44.433],[4.403,44.433],[4.402,44.432],[4.401,44.433],[4.402,44.434],[4.403,44.434],[4.403,44.434],[4.403,44.434],[4.403,44.433],[4.404,44.433],[4.405,44.433],[4.404,44.433]]],[[[4.409,44.433],[4.407,44.433],[4.407,44.433],[4.406,44.433],[4.405,44.433],[4.403,44.434],[4.402,44.434],[4.403,44.435],[4.406,44.433],[4.407,44.433],[4.407,44.433],[4.407,44.433],[4.408,44.433],[4.408,44.433],[4.408,44.433],[4.408,44.433],[4.409,44.433],[4.409,44.433]]],[[[4.407,44.434],[4.408,44.434],[4.409,44.434],[4.407,44.434]]],[[[4.409,44.433],[4.403,44.435],[4.403,44.436],[4.405,44.435],[4.405,44.434],[4.407,44.434],[4.409,44.434],[4.409,44.433],[4.409,44.433]]],[[[4.41,44.436],[4.406,44.437],[4.406,44.438],[4.41,44.436]]],[[[4.41,44.436],[4.406,44.438],[4.406,44.439],[4.41,44.437],[4.41,44.436]]],[[[4.392,44.44],[4.392,44.441],[4.391,44.439],[4.392,44.438],[4.389,44.439],[4.388,44.44],[4.389,44.443],[4.392,44.441],[4.392,44.441],[4.392,44.441],[4.392,44.44]]],[[[4.392,44.441],[4.39,44.442],[4.392,44.442],[4.389,44.443],[4.39,44.444],[4.392,44.443],[4.392,44.441]]],[[[4.39,44.444],[4.389,44.443],[4.387,44.443],[4.387,44.444],[4.39,44.444]]],[[[4.408,44.444],[4.408,44.444],[4.408,44.444],[4.408,44.444]]],[[[4.392,44.444],[4.39,44.445],[4.391,44.445],[4.391,44.445],[4.392,44.444]]],[[[4.41,44.446],[4.41,44.445],[4.409,44.445],[4.407,44.445],[4.409,44.445],[4.41,44.445],[4.41,44.443],[4.408,44.444],[4.406,44.445],[4.407,44.446],[4.408,44.446],[4.41,44.446]]],[[[4.389,44.445],[4.389,44.446],[4.391,44.445],[4.389,44.445]]],[[[4.397,44.451],[4.395,44.447],[4.395,44.449],[4.392,44.449],[4.393,44.45],[4.396,44.45],[4.396,44.451],[4.397,44.451]]],[[[4.418,44.449],[4.419,44.45],[4.419,44.45],[4.419,44.448],[4.418,44.449]]],[[[4.418,44.452],[4.419,44.453],[4.42,44.452],[4.419,44.452],[4.418,44.452]]],[[[4.42,44.464],[4.419,44.459],[4.418,44.462],[4.42,44.464]]],[[[4.427,44.269],[4.425,44.268],[4.424,44.269],[4.424,44.269],[4.424,44.27],[4.423,44.271],[4.427,44.269]]],[[[4.427,44.269],[4.426,44.27],[4.427,44.27],[4.427,44.269]]],[[[4.424,44.269],[4.421,44.271],[4.419,44.272],[4.423,44.27],[4.424,44.269]]],[[[4.419,44.273],[4.421,44.274],[4.421,44.273],[4.419,44.273],[4.419,44.273]]],[[[4.428,44.277],[4.426,44.276],[4.426,44.276],[4.425,44.276],[4.423,44.272],[4.422,44.272],[4.422,44.272],[4.423,44.274],[4.422,44.274],[4.423,44.275],[4.423,44.276],[4.423,44.277],[4.422,44.278],[4.423,44.281],[4.424,44.281],[4.424,44.281],[4.425,44.281],[4.425,44.28],[4.428,44.278],[4.429,44.277],[4.428,44.277]]],[[[4.423,44.277],[4.419,44.275],[4.416,44.276],[4.416,44.277],[4.414,44.28],[4.416,44.279],[4.415,44.28],[4.415,44.281],[4.418,44.281],[4.418,44.281],[4.418,44.28],[4.418,44.279],[4.418,44.279],[4.418,44.279],[4.418,44.279],[4.418,44.278],[4.417,44.277],[4.418,44.278],[4.418,44.279],[4.418,44.279],[4.418,44.28],[4.418,44.281],[4.418,44.281],[4.419,44.281],[4.421,44.28],[4.422,44.279],[4.422,44.278],[4.423,44.277]]],[[[4.424,44.282],[4.422,44.279],[4.418,44.281],[4.421,44.281],[4.421,44.282],[4.424,44.282]]],[[[4.43,44.282],[4.429,44.282],[4.429,44.281],[4.429,44.281],[4.428,44.281],[4.428,44.281],[4.428,44.28],[4.429,44.28],[4.43,44.279],[4.43,44.279],[4.431,44.278],[4.429,44.277],[4.429,44.278],[4.428,44.279],[4.425,44.28],[4.424,44.281],[4.425,44.281],[4.425,44.282],[4.425,44.281],[4.424,44.281],[4.424,44.282],[4.424,44.283],[4.423,44.285],[4.422,44.286],[4.421,44.287],[4.423,44.287],[4.423,44.287],[4.424,44.287],[4.426,44.286],[4.427,44.286],[4.43,44.284],[4.431,44.284],[4.43,44.282]]],[[[4.419,44.283],[4.421,44.284],[4.42,44.285],[4.421,44.285],[4.42,44.286],[4.42,44.285],[4.418,44.286],[4.419,44.288],[4.422,44.286],[4.424,44.282],[4.421,44.282],[4.422,44.283],[4.419,44.283]]],[[[4.421,44.287],[4.421,44.287],[4.421,44.287],[4.421,44.287]]],[[[4.424,44.289],[4.423,44.288],[4.423,44.287],[4.421,44.288],[4.423,44.287],[4.421,44.287],[4.418,44.291],[4.42,44.291],[4.421,44.291],[4.423,44.291],[4.422,44.29],[4.423,44.289],[4.423,44.292],[4.424,44.291],[4.426,44.291],[4.426,44.29],[4.423,44.29],[4.424,44.289]]],[[[4.421,44.287],[4.418,44.288],[4.411,44.288],[4.413,44.291],[4.413,44.291],[4.414,44.292],[4.419,44.289],[4.42,44.288],[4.42,44.288],[4.421,44.287]]],[[[4.42,44.288],[4.416,44.291],[4.415,44.292],[4.417,44.293],[4.418,44.29],[4.42,44.288]]],[[[4.423,44.291],[4.418,44.291],[4.418,44.293],[4.418,44.292],[4.42,44.292],[4.421,44.292],[4.423,44.292],[4.423,44.291]]],[[[4.423,44.292],[4.42,44.292],[4.423,44.293],[4.423,44.292],[4.423,44.292]]],[[[4.423,44.292],[4.423,44.293],[4.425,44.293],[4.424,44.292],[4.426,44.292],[4.424,44.291],[4.423,44.292]]],[[[4.419,44.292],[4.417,44.293],[4.418,44.295],[4.419,44.295],[4.42,44.294],[4.419,44.292]]],[[[4.417,44.294],[4.417,44.296],[4.419,44.297],[4.419,44.296],[4.419,44.296],[4.417,44.294]]],[[[4.425,44.295],[4.424,44.296],[4.423,44.294],[4.419,44.295],[4.42,44.297],[4.422,44.301],[4.424,44.299],[4.424,44.298],[4.424,44.297],[4.424,44.298],[4.427,44.297],[4.425,44.295]]],[[[4.422,44.301],[4.42,44.297],[4.419,44.296],[4.419,44.3],[4.42,44.302],[4.42,44.302],[4.42,44.303],[4.422,44.303],[4.423,44.303],[4.424,44.302],[4.422,44.301]],[[4.421,44.299],[4.421,44.299],[4.422,44.3],[4.421,44.299]]],[[[4.427,44.297],[4.424,44.298],[4.424,44.298],[4.424,44.299],[4.422,44.301],[4.424,44.302],[4.427,44.3],[4.426,44.299],[4.427,44.299],[4.427,44.299],[4.428,44.298],[4.428,44.298],[4.427,44.297]]],[[[4.42,44.303],[4.418,44.3],[4.419,44.297],[4.418,44.297],[4.418,44.298],[4.417,44.298],[4.418,44.299],[4.417,44.3],[4.416,44.299],[4.418,44.301],[4.416,44.301],[4.415,44.302],[4.42,44.303]]],[[[4.427,44.299],[4.427,44.3],[4.425,44.302],[4.427,44.301],[4.427,44.299],[4.429,44.298],[4.427,44.299]]],[[[4.422,44.303],[4.421,44.303],[4.42,44.303],[4.423,44.303],[4.422,44.303]]],[[[4.415,44.302],[4.415,44.303],[4.416,44.305],[4.419,44.303],[4.415,44.302]]],[[[4.428,44.302],[4.424,44.302],[4.426,44.303],[4.428,44.304],[4.428,44.305],[4.429,44.304],[4.428,44.302]]],[[[4.423,44.303],[4.423,44.303],[4.422,44.304],[4.422,44.304],[4.423,44.304],[4.423,44.304],[4.424,44.303],[4.424,44.303],[4.423,44.302],[4.423,44.303]]],[[[4.426,44.303],[4.424,44.302],[4.424,44.303],[4.423,44.304],[4.427,44.306],[4.428,44.305],[4.428,44.305],[4.426,44.303]]],[[[4.416,44.305],[4.415,44.305],[4.416,44.306],[4.416,44.305]]],[[[4.42,44.305],[4.419,44.303],[4.416,44.305],[4.417,44.306],[4.417,44.306],[4.418,44.307],[4.421,44.308],[4.42,44.308],[4.42,44.306],[4.42,44.305]]],[[[4.416,44.305],[4.416,44.306],[4.417,44.307],[4.417,44.306],[4.416,44.305]]],[[[4.423,44.305],[4.42,44.303],[4.421,44.309],[4.422,44.308],[4.423,44.305],[4.423,44.305],[4.423,44.305]]],[[[4.427,44.308],[4.426,44.306],[4.426,44.305],[4.423,44.304],[4.423,44.305],[4.423,44.305],[4.422,44.308],[4.421,44.309],[4.422,44.311],[4.424,44.311],[4.425,44.31],[4.425,44.31],[4.426,44.309],[4.427,44.309],[4.427,44.309],[4.427,44.308]]],[[[4.422,44.311],[4.42,44.311],[4.42,44.31],[4.419,44.31],[4.42,44.31],[4.422,44.311],[4.421,44.308],[4.418,44.308],[4.417,44.307],[4.418,44.309],[4.417,44.309],[4.416,44.308],[4.414,44.309],[4.417,44.311],[4.418,44.313],[4.422,44.313],[4.422,44.312],[4.422,44.312],[4.422,44.311]]],[[[4.427,44.309],[4.425,44.31],[4.424,44.31],[4.424,44.311],[4.424,44.311],[4.427,44.309]]],[[[4.423,44.311],[4.422,44.311],[4.422,44.311],[4.422,44.312],[4.423,44.311]]],[[[4.427,44.311],[4.427,44.312],[4.428,44.311],[4.427,44.311]]],[[[4.423,44.311],[4.422,44.312],[4.423,44.312],[4.423,44.312],[4.424,44.311],[4.423,44.311]]],[[[4.423,44.312],[4.424,44.312],[4.424,44.312],[4.423,44.312]]],[[[4.424,44.312],[4.425,44.312],[4.424,44.311],[4.424,44.312]]],[[[4.425,44.314],[4.425,44.314],[4.426,44.314],[4.426,44.313],[4.425,44.314]]],[[[4.426,44.347],[4.423,44.347],[4.421,44.345],[4.421,44.348],[4.421,44.348],[4.423,44.348],[4.425,44.348],[4.425,44.348],[4.426,44.347]]],[[[4.421,44.348],[4.419,44.348],[4.419,44.349],[4.422,44.349],[4.421,44.348]]],[[[4.431,44.351],[4.425,44.348],[4.425,44.35],[4.431,44.351]]],[[[4.428,44.351],[4.419,44.349],[4.419,44.351],[4.42,44.35],[4.419,44.352],[4.42,44.352],[4.42,44.352],[4.421,44.351],[4.422,44.351],[4.424,44.351],[4.428,44.351]]],[[[4.426,44.351],[4.421,44.351],[4.418,44.354],[4.421,44.354],[4.421,44.352],[4.422,44.352],[4.426,44.352],[4.426,44.351]]],[[[4.425,44.416],[4.423,44.415],[4.422,44.415],[4.423,44.416],[4.424,44.416],[4.425,44.416],[4.427,44.415],[4.425,44.416]]],[[[4.423,44.416],[4.423,44.417],[4.425,44.416],[4.424,44.416],[4.423,44.416]]],[[[4.428,44.419],[4.429,44.42],[4.429,44.419],[4.428,44.419],[4.428,44.419]]],[[[4.428,44.419],[4.427,44.42],[4.427,44.421],[4.427,44.421],[4.428,44.42],[4.429,44.42],[4.428,44.419]]],[[[4.426,44.42],[4.425,44.42],[4.425,44.422],[4.426,44.422],[4.427,44.421],[4.426,44.42]]],[[[4.426,44.422],[4.425,44.422],[4.426,44.422],[4.426,44.422]]],[[[4.426,44.422],[4.426,44.422],[4.427,44.422],[4.426,44.422]]],[[[4.431,44.423],[4.432,44.422],[4.432,44.422],[4.429,44.42],[4.429,44.42],[4.426,44.422],[4.428,44.422],[4.429,44.421],[4.428,44.422],[4.428,44.422],[4.428,44.423],[4.428,44.423],[4.429,44.423],[4.429,44.424],[4.43,44.423],[4.431,44.424],[4.434,44.424],[4.431,44.423]]],[[[4.43,44.426],[4.429,44.423],[4.426,44.422],[4.428,44.423],[4.43,44.426],[4.43,44.426],[4.43,44.426]]],[[[4.423,44.426],[4.421,44.428],[4.422,44.429],[4.424,44.427],[4.425,44.426],[4.423,44.426]]],[[[4.426,44.43],[4.426,44.427],[4.425,44.426],[4.422,44.429],[4.424,44.43],[4.425,44.43],[4.426,44.43]]],[[[4.432,44.435],[4.431,44.432],[4.431,44.432],[4.431,44.431],[4.431,44.43],[4.431,44.43],[4.428,44.43],[4.428,44.432],[4.427,44.432],[4.428,44.434],[4.43,44.435],[4.432,44.435]]],[[[4.427,44.434],[4.426,44.432],[4.426,44.432],[4.426,44.433],[4.426,44.434],[4.427,44.434]]],[[[4.428,44.435],[4.426,44.434],[4.425,44.43],[4.423,44.436],[4.425,44.437],[4.425,44.437],[4.426,44.436],[4.427,44.436],[4.428,44.435]]],[[[4.428,44.435],[4.425,44.437],[4.426,44.438],[4.426,44.437],[4.428,44.436],[4.428,44.435]]],[[[4.419,44.437],[4.418,44.44],[4.42,44.44],[4.421,44.437],[4.419,44.437]]],[[[4.418,44.44],[4.419,44.441],[4.42,44.441],[4.418,44.44]]],[[[4.423,44.445],[4.422,44.446],[4.424,44.446],[4.424,44.446],[4.424,44.446],[4.425,44.446],[4.423,44.445]]],[[[4.423,44.446],[4.422,44.446],[4.422,44.446],[4.423,44.446]]],[[[4.424,44.446],[4.425,44.446],[4.425,44.446],[4.424,44.446]]],[[[4.422,44.446],[4.422,44.447],[4.422,44.446],[4.423,44.446],[4.422,44.446],[4.422,44.446]]],[[[4.421,44.447],[4.422,44.446],[4.422,44.446],[4.422,44.446],[4.421,44.447]]],[[[4.424,44.446],[4.423,44.446],[4.424,44.447],[4.424,44.446]]],[[[4.424,44.447],[4.425,44.446],[4.424,44.446],[4.424,44.447]]],[[[4.42,44.447],[4.421,44.447],[4.421,44.447],[4.42,44.447]]],[[[4.421,44.446],[4.418,44.447],[4.42,44.447],[4.418,44.447],[4.418,44.448],[4.42,44.448],[4.421,44.447],[4.42,44.447],[4.42,44.447],[4.421,44.446]]],[[[4.422,44.446],[4.42,44.448],[4.42,44.448],[4.42,44.449],[4.421,44.448],[4.422,44.446]]],[[[4.42,44.448],[4.419,44.449],[4.42,44.45],[4.42,44.448]]],[[[4.42,44.449],[4.42,44.449],[4.421,44.45],[4.421,44.448],[4.42,44.449]]],[[[4.42,44.452],[4.42,44.449],[4.418,44.452],[4.42,44.452],[4.42,44.452]]],[[[4.423,44.474],[4.424,44.475],[4.424,44.473],[4.424,44.473],[4.423,44.474]]],[[[4.424,44.475],[4.421,44.473],[4.421,44.474],[4.423,44.476],[4.424,44.475]]],[[[4.427,44.476],[4.426,44.476],[4.427,44.477],[4.427,44.476]]],[[[4.427,44.477],[4.426,44.476],[4.425,44.477],[4.428,44.478],[4.427,44.477]]],[[[4.427,44.478],[4.427,44.478],[4.428,44.478],[4.427,44.478]]],[[[4.428,44.478],[4.428,44.478],[4.428,44.478],[4.428,44.478]]],[[[4.425,44.477],[4.422,44.477],[4.423,44.481],[4.424,44.48],[4.425,44.48],[4.424,44.479],[4.425,44.478],[4.425,44.477]]],[[[4.43,44.481],[4.428,44.478],[4.427,44.478],[4.43,44.481]]],[[[4.424,44.48],[4.424,44.481],[4.425,44.48],[4.425,44.48],[4.424,44.48]]],[[[4.429,44.481],[4.43,44.481],[4.43,44.481],[4.429,44.481]]],[[[4.427,44.482],[4.427,44.483],[4.429,44.483],[4.428,44.482],[4.427,44.482]]],[[[4.43,44.483],[4.43,44.482],[4.43,44.483],[4.43,44.483]]],[[[4.43,44.483],[4.43,44.483],[4.43,44.483],[4.43,44.483]]],[[[4.43,44.483],[4.43,44.483],[4.43,44.483],[4.43,44.483]]],[[[4.43,44.482],[4.43,44.483],[4.429,44.484],[4.429,44.484],[4.43,44.482]]],[[[4.431,44.482],[4.43,44.485],[4.431,44.486],[4.431,44.484],[4.431,44.482]]],[[[4.429,44.485],[4.428,44.485],[4.427,44.485],[4.428,44.485],[4.429,44.485]]],[[[4.429,44.485],[4.429,44.485],[4.429,44.485],[4.429,44.485],[4.429,44.485],[4.429,44.485],[4.429,44.485],[4.429,44.485]]],[[[4.424,44.486],[4.424,44.486],[4.424,44.486],[4.424,44.486]]],[[[4.429,44.485],[4.429,44.486],[4.429,44.485],[4.428,44.486],[4.428,44.485],[4.426,44.486],[4.426,44.486],[4.427,44.486],[4.426,44.486],[4.426,44.488],[4.427,44.487],[4.428,44.487],[4.428,44.487],[4.429,44.486],[4.429,44.485]]],[[[4.424,44.487],[4.424,44.487],[4.425,44.486],[4.424,44.487]]],[[[4.44,44.261],[4.44,44.262],[4.44,44.262],[4.441,44.261],[4.441,44.261],[4.44,44.261]]],[[[4.435,44.261],[4.431,44.26],[4.431,44.261],[4.433,44.262],[4.433,44.263],[4.435,44.263],[4.435,44.261]]],[[[4.443,44.262],[4.441,44.26],[4.44,44.263],[4.443,44.262]]],[[[4.448,44.263],[4.444,44.261],[4.442,44.263],[4.447,44.262],[4.448,44.263]]],[[[4.448,44.263],[4.447,44.262],[4.446,44.263],[4.448,44.263]]],[[[4.448,44.265],[4.448,44.263],[4.446,44.263],[4.445,44.263],[4.445,44.264],[4.445,44.263],[4.442,44.263],[4.443,44.264],[4.444,44.264],[4.445,44.265],[4.446,44.264],[4.448,44.265]]],[[[4.444,44.265],[4.443,44.264],[4.441,44.263],[4.44,44.264],[4.44,44.266],[4.441,44.265],[4.443,44.265],[4.444,44.265]]],[[[4.44,44.264],[4.437,44.266],[4.437,44.267],[4.44,44.265],[4.44,44.264]]],[[[4.44,44.265],[4.438,44.266],[4.44,44.266],[4.44,44.265]]],[[[4.43,44.266],[4.43,44.267],[4.429,44.267],[4.43,44.268],[4.432,44.266],[4.431,44.265],[4.43,44.266]]],[[[4.451,44.269],[4.446,44.264],[4.443,44.267],[4.443,44.267],[4.444,44.267],[4.445,44.268],[4.448,44.268],[4.451,44.269]]],[[[4.444,44.265],[4.443,44.265],[4.441,44.266],[4.44,44.266],[4.441,44.268],[4.443,44.267],[4.443,44.267],[4.444,44.265]]],[[[4.444,44.267],[4.443,44.267],[4.444,44.267],[4.444,44.267]]],[[[4.43,44.268],[4.428,44.267],[4.429,44.268],[4.43,44.268]]],[[[4.427,44.267],[4.425,44.268],[4.427,44.269],[4.428,44.269],[4.427,44.267]]],[[[4.435,44.269],[4.435,44.27],[4.436,44.27],[4.435,44.269]]],[[[4.436,44.27],[4.435,44.27],[4.432,44.27],[4.433,44.271],[4.434,44.271],[4.436,44.27]]],[[[4.432,44.275],[4.432,44.272],[4.431,44.272],[4.431,44.273],[4.429,44.273],[4.43,44.277],[4.43,44.276],[4.43,44.274],[4.43,44.277],[4.431,44.278],[4.434,44.277],[4.432,44.275]],[[4.43,44.274],[4.431,44.274],[4.431,44.274],[4.43,44.274]]],[[[4.43,44.277],[4.429,44.276],[4.428,44.276],[4.429,44.277],[4.43,44.277]]],[[[4.426,44.276],[4.428,44.277],[4.429,44.277],[4.427,44.276],[4.426,44.276]]],[[[4.446,44.277],[4.447,44.277],[4.448,44.277],[4.447,44.276],[4.446,44.277]]],[[[4.447,44.278],[4.445,44.276],[4.446,44.276],[4.443,44.276],[4.445,44.276],[4.445,44.277],[4.445,44.278],[4.445,44.278],[4.447,44.278]]],[[[4.43,44.277],[4.429,44.277],[4.43,44.278],[4.43,44.277]]],[[[4.431,44.278],[4.43,44.279],[4.429,44.28],[4.429,44.281],[4.432,44.279],[4.431,44.278]]],[[[4.428,44.281],[4.429,44.281],[4.429,44.28],[4.428,44.281]]],[[[4.431,44.283],[4.432,44.282],[4.43,44.282],[4.431,44.283]]],[[[4.433,44.282],[4.431,44.283],[4.433,44.283],[4.433,44.282]]],[[[4.43,44.285],[4.429,44.284],[4.427,44.286],[4.429,44.285],[4.429,44.285],[4.43,44.285]]],[[[4.43,44.284],[4.429,44.284],[4.43,44.285],[4.43,44.285],[4.429,44.285],[4.428,44.285],[4.427,44.286],[4.426,44.286],[4.423,44.287],[4.426,44.288],[4.427,44.287],[4.429,44.287],[4.43,44.286],[4.431,44.285],[4.43,44.284]]],[[[4.442,44.287],[4.441,44.285],[4.44,44.287],[4.44,44.288],[4.44,44.288],[4.442,44.287]]],[[[4.438,44.289],[4.438,44.286],[4.437,44.29],[4.438,44.291],[4.439,44.29],[4.438,44.289]]],[[[4.442,44.288],[4.441,44.288],[4.442,44.29],[4.443,44.289],[4.442,44.288]]],[[[4.435,44.288],[4.434,44.287],[4.433,44.289],[4.434,44.289],[4.434,44.29],[4.433,44.29],[4.435,44.292],[4.436,44.291],[4.437,44.29],[4.436,44.29],[4.436,44.289],[4.437,44.29],[4.437,44.289],[4.435,44.288],[4.435,44.288]]],[[[4.44,44.291],[4.439,44.29],[4.44,44.29],[4.439,44.29],[4.44,44.289],[4.438,44.288],[4.438,44.289],[4.439,44.29],[4.439,44.29],[4.439,44.291],[4.438,44.291],[4.439,44.292],[4.441,44.293],[4.441,44.291],[4.44,44.291]]],[[[4.442,44.29],[4.442,44.292],[4.444,44.292],[4.444,44.291],[4.442,44.29]]],[[[4.432,44.293],[4.43,44.291],[4.427,44.292],[4.428,44.294],[4.43,44.293],[4.43,44.293],[4.432,44.294],[4.432,44.293]]],[[[4.444,44.292],[4.443,44.293],[4.445,44.295],[4.445,44.294],[4.444,44.292]]],[[[4.442,44.295],[4.44,44.293],[4.44,44.294],[4.442,44.295]]],[[[4.428,44.295],[4.429,44.294],[4.427,44.294],[4.428,44.295]]],[[[4.431,44.295],[4.429,44.295],[4.429,44.295],[4.431,44.295]]],[[[4.442,44.293],[4.443,44.296],[4.443,44.296],[4.445,44.297],[4.445,44.296],[4.445,44.295],[4.442,44.293]]],[[[4.426,44.295],[4.426,44.294],[4.425,44.294],[4.425,44.295],[4.427,44.297],[4.427,44.297],[4.429,44.296],[4.429,44.296],[4.429,44.296],[4.426,44.295]]],[[[4.436,44.296],[4.434,44.293],[4.434,44.295],[4.434,44.299],[4.434,44.298],[4.435,44.297],[4.436,44.296]]],[[[4.44,44.296],[4.441,44.297],[4.443,44.296],[4.44,44.296]]],[[[4.436,44.297],[4.437,44.296],[4.436,44.296],[4.436,44.296],[4.436,44.297]]],[[[4.435,44.298],[4.436,44.298],[4.436,44.297],[4.436,44.297],[4.435,44.298]]],[[[4.429,44.297],[4.43,44.296],[4.427,44.297],[4.428,44.298],[4.428,44.298],[4.428,44.297],[4.429,44.297],[4.428,44.298],[4.429,44.298],[4.429,44.299],[4.431,44.299],[4.431,44.298],[4.429,44.297]]],[[[4.444,44.297],[4.441,44.298],[4.443,44.299],[4.443,44.298],[4.444,44.298],[4.444,44.297]]],[[[4.449,44.3],[4.448,44.297],[4.448,44.297],[4.445,44.295],[4.445,44.297],[4.448,44.298],[4.446,44.3],[4.445,44.297],[4.444,44.298],[4.443,44.298],[4.444,44.3],[4.446,44.301],[4.447,44.301],[4.447,44.301],[4.449,44.3]]],[[[4.43,44.3],[4.431,44.301],[4.431,44.3],[4.43,44.3]]],[[[4.438,44.3],[4.435,44.299],[4.434,44.301],[4.434,44.301],[4.434,44.302],[4.436,44.302],[4.437,44.3],[4.438,44.3]]],[[[4.434,44.301],[4.431,44.3],[4.431,44.301],[4.432,44.301],[4.432,44.301],[4.434,44.302],[4.434,44.301],[4.434,44.301],[4.434,44.301]]],[[[4.429,44.3],[4.429,44.301],[4.43,44.302],[4.43,44.301],[4.431,44.301],[4.429,44.3]]],[[[4.434,44.302],[4.431,44.301],[4.432,44.302],[4.432,44.302],[4.433,44.302],[4.434,44.302]]],[[[4.435,44.302],[4.435,44.302],[4.434,44.302],[4.435,44.302]]],[[[4.437,44.302],[4.436,44.302],[4.436,44.302],[4.437,44.302],[4.437,44.302]]],[[[4.432,44.302],[4.432,44.303],[4.433,44.302],[4.433,44.302],[4.432,44.302]]],[[[4.449,44.304],[4.449,44.301],[4.449,44.3],[4.446,44.301],[4.447,44.302],[4.447,44.302],[4.447,44.302],[4.448,44.302],[4.447,44.304],[4.447,44.304],[4.447,44.304],[4.449,44.304]]],[[[4.447,44.303],[4.446,44.301],[4.447,44.303],[4.447,44.303]]],[[[4.436,44.302],[4.435,44.302],[4.435,44.303],[4.436,44.304],[4.436,44.304],[4.437,44.304],[4.437,44.304],[4.436,44.303],[4.436,44.302]]],[[[4.432,44.303],[4.432,44.303],[4.432,44.304],[4.433,44.304],[4.432,44.303]]],[[[4.436,44.303],[4.437,44.304],[4.438,44.304],[4.437,44.303],[4.436,44.303]]],[[[4.433,44.306],[4.431,44.304],[4.432,44.304],[4.431,44.301],[4.43,44.302],[4.431,44.303],[4.43,44.303],[4.431,44.304],[4.431,44.306],[4.43,44.306],[4.43,44.306],[4.433,44.306]]],[[[4.433,44.304],[4.433,44.304],[4.433,44.304],[4.433,44.304]]],[[[4.436,44.304],[4.434,44.302],[4.433,44.302],[4.433,44.304],[4.435,44.304],[4.435,44.304],[4.435,44.304],[4.435,44.304],[4.435,44.304],[4.435,44.304],[4.435,44.304],[4.432,44.304],[4.433,44.306],[4.433,44.306],[4.435,44.306],[4.436,44.305],[4.436,44.304]]],[[[4.447,44.304],[4.447,44.304],[4.447,44.304],[4.447,44.304]]],[[[4.437,44.304],[4.435,44.306],[4.436,44.307],[4.437,44.307],[4.437,44.306],[4.437,44.305],[4.438,44.305],[4.437,44.304]]],[[[4.432,44.305],[4.433,44.306],[4.433,44.305],[4.432,44.305]]],[[[4.438,44.305],[4.438,44.305],[4.437,44.306],[4.437,44.307],[4.439,44.306],[4.438,44.305]]],[[[4.446,44.307],[4.444,44.305],[4.443,44.305],[4.446,44.307],[4.446,44.307]]],[[[4.429,44.306],[4.429,44.307],[4.429,44.308],[4.43,44.308],[4.432,44.306],[4.43,44.306],[4.429,44.306]]],[[[4.444,44.306],[4.445,44.307],[4.445,44.307],[4.444,44.306]]],[[[4.429,44.309],[4.428,44.306],[4.427,44.306],[4.426,44.305],[4.426,44.306],[4.427,44.309],[4.427,44.309],[4.427,44.309],[4.429,44.309]]],[[[4.436,44.307],[4.433,44.306],[4.433,44.307],[4.434,44.307],[4.434,44.307],[4.433,44.306],[4.432,44.308],[4.435,44.308],[4.436,44.307]],[[4.434,44.308],[4.434,44.307],[4.434,44.307],[4.434,44.308]]],[[[4.449,44.306],[4.447,44.308],[4.447,44.308],[4.448,44.308],[4.447,44.307],[4.448,44.308],[4.45,44.307],[4.449,44.306]]],[[[4.433,44.306],[4.431,44.306],[4.43,44.308],[4.432,44.309],[4.433,44.306]]],[[[4.436,44.346],[4.435,44.345],[4.433,44.344],[4.43,44.346],[4.426,44.344],[4.426,44.346],[4.426,44.347],[4.425,44.348],[4.428,44.348],[4.431,44.347],[4.431,44.347],[4.432,44.349],[4.435,44.349],[4.435,44.348],[4.435,44.348],[4.435,44.347],[4.436,44.346]]],[[[4.436,44.349],[4.435,44.348],[4.436,44.35],[4.439,44.35],[4.436,44.349]]],[[[4.441,44.35],[4.44,44.35],[4.439,44.35],[4.44,44.351],[4.441,44.35]]],[[[4.433,44.35],[4.434,44.351],[4.433,44.35],[4.433,44.35]]],[[[4.434,44.351],[4.434,44.352],[4.435,44.351],[4.435,44.351],[4.434,44.351]]],[[[4.429,44.351],[4.43,44.352],[4.43,44.351],[4.429,44.351]]],[[[4.432,44.352],[4.431,44.351],[4.43,44.351],[4.43,44.352],[4.43,44.352],[4.431,44.353],[4.433,44.353],[4.433,44.353],[4.433,44.352],[4.434,44.352],[4.432,44.352]]],[[[4.443,44.353],[4.444,44.352],[4.443,44.351],[4.442,44.352],[4.443,44.353]]],[[[4.438,44.351],[4.435,44.351],[4.434,44.352],[4.434,44.352],[4.434,44.352],[4.433,44.352],[4.433,44.355],[4.433,44.356],[4.436,44.355],[4.435,44.354],[4.436,44.353],[4.437,44.351],[4.438,44.351]]],[[[4.433,44.356],[4.432,44.354],[4.432,44.355],[4.433,44.356]]],[[[4.432,44.356],[4.431,44.356],[4.433,44.357],[4.433,44.357],[4.433,44.356],[4.432,44.356]]],[[[4.436,44.356],[4.433,44.356],[4.433,44.356],[4.433,44.357],[4.434,44.358],[4.436,44.356]]],[[[4.431,44.419],[4.43,44.419],[4.431,44.418],[4.431,44.419]]],[[[4.433,44.422],[4.43,44.419],[4.429,44.42],[4.432,44.422],[4.433,44.422]]],[[[4.435,44.425],[4.431,44.424],[4.429,44.424],[4.43,44.424],[4.43,44.424],[4.431,44.424],[4.431,44.424],[4.431,44.425],[4.433,44.424],[4.435,44.425],[4.435,44.425]]],[[[4.432,44.425],[4.43,44.424],[4.429,44.424],[4.43,44.426],[4.432,44.425]]],[[[4.438,44.433],[4.437,44.43],[4.436,44.431],[4.435,44.429],[4.431,44.43],[4.433,44.435],[4.433,44.434],[4.435,44.434],[4.438,44.433]]],[[[4.438,44.435],[4.437,44.433],[4.433,44.435],[4.43,44.435],[4.437,44.436],[4.436,44.435],[4.438,44.435]]],[[[4.437,44.436],[4.438,44.436],[4.438,44.436],[4.437,44.436]]],[[[4.454,44.469],[4.449,44.469],[4.449,44.469],[4.452,44.47],[4.454,44.469]]],[[[4.451,44.47],[4.452,44.47],[4.45,44.47],[4.451,44.47]]],[[[4.482,44.267],[4.48,44.266],[4.479,44.266],[4.478,44.266],[4.479,44.267],[4.482,44.267]]],[[[4.47,44.268],[4.47,44.268],[4.469,44.267],[4.468,44.265],[4.468,44.265],[4.468,44.269],[4.472,44.269],[4.47,44.268]]],[[[4.471,44.266],[4.469,44.267],[4.47,44.268],[4.473,44.268],[4.471,44.266]]],[[[4.484,44.266],[4.478,44.268],[4.478,44.269],[4.484,44.267],[4.484,44.266]]],[[[4.479,44.27],[4.477,44.268],[4.476,44.269],[4.477,44.27],[4.479,44.27]]],[[[4.47,44.269],[4.472,44.27],[4.472,44.27],[4.472,44.269],[4.47,44.269]]],[[[4.467,44.27],[4.465,44.269],[4.465,44.271],[4.467,44.27]]],[[[4.465,44.271],[4.461,44.272],[4.46,44.273],[4.465,44.272],[4.465,44.271]]],[[[4.481,44.273],[4.479,44.273],[4.481,44.273],[4.481,44.273]]],[[[4.479,44.273],[4.478,44.274],[4.478,44.274],[4.479,44.273]]],[[[4.481,44.274],[4.479,44.273],[4.478,44.275],[4.48,44.275],[4.481,44.274]]],[[[4.473,44.273],[4.472,44.275],[4.473,44.275],[4.474,44.274],[4.473,44.273]]],[[[4.472,44.275],[4.471,44.276],[4.47,44.276],[4.47,44.276],[4.472,44.275],[4.47,44.275],[4.469,44.275],[4.468,44.277],[4.47,44.278],[4.473,44.276],[4.472,44.275]]],[[[4.478,44.275],[4.478,44.275],[4.478,44.275],[4.476,44.276],[4.475,44.276],[4.475,44.277],[4.476,44.277],[4.476,44.279],[4.48,44.276],[4.478,44.275]]],[[[4.478,44.278],[4.479,44.278],[4.479,44.277],[4.479,44.277],[4.478,44.278]]],[[[4.481,44.275],[4.479,44.277],[4.479,44.277],[4.479,44.278],[4.48,44.278],[4.479,44.281],[4.479,44.282],[4.481,44.281],[4.481,44.275]]],[[[4.478,44.284],[4.476,44.284],[4.475,44.285],[4.475,44.285],[4.475,44.285],[4.477,44.285],[4.478,44.284]]],[[[4.476,44.284],[4.474,44.284],[4.471,44.285],[4.472,44.286],[4.474,44.286],[4.475,44.285],[4.476,44.284]]],[[[4.481,44.286],[4.48,44.286],[4.48,44.287],[4.481,44.286]]],[[[4.481,44.286],[4.479,44.287],[4.48,44.288],[4.483,44.286],[4.481,44.286]]],[[[4.456,44.291],[4.456,44.292],[4.457,44.293],[4.456,44.291]]],[[[4.466,44.292],[4.464,44.292],[4.465,44.291],[4.463,44.29],[4.463,44.291],[4.463,44.29],[4.461,44.292],[4.465,44.294],[4.466,44.293],[4.466,44.292]]],[[[4.457,44.293],[4.454,44.292],[4.453,44.292],[4.455,44.294],[4.454,44.294],[4.455,44.294],[4.456,44.294],[4.455,44.294],[4.456,44.294],[4.457,44.294],[4.457,44.293]]],[[[4.479,44.293],[4.478,44.293],[4.478,44.293],[4.479,44.293]]],[[[4.479,44.292],[4.479,44.293],[4.479,44.294],[4.48,44.293],[4.481,44.294],[4.482,44.292],[4.479,44.292]]],[[[4.461,44.292],[4.458,44.294],[4.459,44.295],[4.463,44.294],[4.463,44.293],[4.461,44.292]]],[[[4.471,44.293],[4.472,44.294],[4.471,44.295],[4.472,44.295],[4.473,44.294],[4.473,44.293],[4.471,44.293]]],[[[4.455,44.294],[4.449,44.291],[4.448,44.291],[4.448,44.293],[4.451,44.296],[4.449,44.295],[4.448,44.295],[4.446,44.293],[4.445,44.295],[4.453,44.298],[4.453,44.295],[4.451,44.295],[4.451,44.295],[4.451,44.294],[4.451,44.295],[4.453,44.295],[4.453,44.295],[4.455,44.294]],[[4.453,44.298],[4.453,44.298],[4.453,44.298],[4.453,44.298]]],[[[4.466,44.295],[4.466,44.294],[4.466,44.294],[4.466,44.295]]],[[[4.475,44.294],[4.473,44.295],[4.473,44.295],[4.472,44.295],[4.472,44.296],[4.474,44.295],[4.475,44.294]]],[[[4.466,44.295],[4.464,44.294],[4.463,44.294],[4.463,44.294],[4.461,44.295],[4.458,44.296],[4.459,44.297],[4.462,44.298],[4.462,44.297],[4.461,44.296],[4.461,44.296],[4.461,44.296],[4.462,44.296],[4.462,44.297],[4.466,44.295],[4.465,44.296],[4.466,44.295]]],[[[4.467,44.295],[4.465,44.296],[4.466,44.297],[4.467,44.295]]],[[[4.478,44.295],[4.476,44.296],[4.477,44.296],[4.477,44.296],[4.478,44.296],[4.478,44.296],[4.478,44.295]]],[[[4.456,44.295],[4.453,44.295],[4.453,44.298],[4.457,44.296],[4.457,44.294],[4.456,44.295]]],[[[4.466,44.297],[4.465,44.296],[4.464,44.296],[4.462,44.298],[4.467,44.297],[4.466,44.297]]],[[[4.477,44.297],[4.477,44.296],[4.477,44.297],[4.477,44.297]]],[[[4.469,44.297],[4.469,44.296],[4.468,44.297],[4.469,44.297]]],[[[4.462,44.298],[4.459,44.297],[4.458,44.296],[4.457,44.296],[4.457,44.297],[4.458,44.298],[4.462,44.298]]],[[[4.457,44.296],[4.454,44.298],[4.453,44.298],[4.458,44.298],[4.457,44.296]]],[[[4.475,44.298],[4.473,44.298],[4.473,44.296],[4.473,44.296],[4.472,44.295],[4.47,44.296],[4.47,44.296],[4.468,44.297],[4.475,44.299],[4.475,44.298]]],[[[4.483,44.296],[4.481,44.295],[4.481,44.295],[4.48,44.295],[4.477,44.298],[4.477,44.298],[4.478,44.298],[4.478,44.297],[4.479,44.297],[4.481,44.296],[4.482,44.297],[4.479,44.298],[4.478,44.297],[4.479,44.298],[4.477,44.298],[4.477,44.299],[4.478,44.299],[4.481,44.298],[4.48,44.3],[4.483,44.299],[4.481,44.298],[4.482,44.297],[4.483,44.298],[4.484,44.297],[4.483,44.297],[4.483,44.296]]],[[[4.449,44.297],[4.45,44.297],[4.45,44.298],[4.45,44.298],[4.45,44.299],[4.45,44.299],[4.45,44.3],[4.451,44.299],[4.452,44.298],[4.452,44.298],[4.449,44.297]]],[[[4.45,44.299],[4.448,44.297],[4.449,44.3],[4.45,44.299]]],[[[4.452,44.298],[4.451,44.299],[4.454,44.298],[4.453,44.298],[4.452,44.298]]],[[[4.467,44.298],[4.465,44.298],[4.467,44.299],[4.468,44.299],[4.467,44.298]]],[[[4.475,44.298],[4.475,44.299],[4.477,44.299],[4.477,44.298],[4.475,44.298]]],[[[4.475,44.299],[4.468,44.297],[4.468,44.298],[4.468,44.299],[4.468,44.299],[4.469,44.299],[4.472,44.3],[4.475,44.299],[4.475,44.299]]],[[[4.458,44.298],[4.454,44.298],[4.454,44.299],[4.457,44.3],[4.458,44.298]]],[[[4.467,44.299],[4.468,44.299],[4.468,44.299],[4.467,44.299]]],[[[4.475,44.299],[4.476,44.299],[4.475,44.299],[4.475,44.299]]],[[[4.465,44.299],[4.465,44.298],[4.462,44.298],[4.463,44.299],[4.462,44.301],[4.467,44.299],[4.465,44.299]]],[[[4.475,44.3],[4.477,44.3],[4.477,44.299],[4.477,44.299],[4.475,44.3]]],[[[4.468,44.301],[4.468,44.299],[4.467,44.299],[4.468,44.301]]],[[[4.469,44.299],[4.469,44.301],[4.469,44.301],[4.469,44.299]]],[[[4.462,44.301],[4.462,44.298],[4.458,44.298],[4.458,44.299],[4.457,44.3],[4.458,44.3],[4.458,44.301],[4.459,44.301],[4.459,44.303],[4.461,44.303],[4.462,44.301]]],[[[4.475,44.3],[4.472,44.3],[4.471,44.3],[4.471,44.3],[4.471,44.3],[4.469,44.299],[4.469,44.3],[4.47,44.3],[4.47,44.301],[4.47,44.301],[4.471,44.301],[4.471,44.302],[4.473,44.302],[4.473,44.301],[4.475,44.3],[4.475,44.3]]],[[[4.478,44.3],[4.477,44.3],[4.478,44.301],[4.477,44.302],[4.479,44.301],[4.48,44.3],[4.478,44.299],[4.478,44.3]]],[[[4.454,44.298],[4.45,44.3],[4.451,44.301],[4.45,44.3],[4.449,44.3],[4.449,44.304],[4.45,44.304],[4.454,44.303],[4.454,44.302],[4.456,44.3],[4.454,44.299],[4.454,44.298]]],[[[4.47,44.302],[4.469,44.301],[4.467,44.3],[4.467,44.299],[4.462,44.301],[4.461,44.302],[4.463,44.303],[4.464,44.303],[4.467,44.303],[4.467,44.303],[4.468,44.302],[4.47,44.302]]],[[[4.471,44.302],[4.469,44.3],[4.47,44.302],[4.471,44.302]]],[[[4.459,44.301],[4.458,44.301],[4.458,44.3],[4.457,44.3],[4.456,44.3],[4.454,44.303],[4.459,44.303],[4.459,44.301]]],[[[4.469,44.302],[4.468,44.302],[4.467,44.303],[4.469,44.302],[4.469,44.302],[4.47,44.303],[4.469,44.302]]],[[[4.464,44.303],[4.465,44.303],[4.465,44.303],[4.464,44.303]]],[[[4.467,44.303],[4.467,44.303],[4.466,44.303],[4.467,44.303]]],[[[4.463,44.303],[4.462,44.304],[4.463,44.304],[4.463,44.303],[4.464,44.303],[4.464,44.303],[4.464,44.303],[4.464,44.303],[4.463,44.303]]],[[[4.47,44.303],[4.47,44.304],[4.471,44.304],[4.47,44.303]]],[[[4.471,44.305],[4.469,44.303],[4.468,44.303],[4.468,44.303],[4.468,44.303],[4.468,44.303],[4.469,44.304],[4.469,44.304],[4.469,44.305],[4.471,44.305]]],[[[4.462,44.304],[4.462,44.305],[4.462,44.304],[4.461,44.303],[4.458,44.306],[4.462,44.305],[4.462,44.304]]],[[[4.449,44.304],[4.45,44.305],[4.451,44.304],[4.449,44.304]]],[[[4.449,44.305],[4.448,44.304],[4.447,44.305],[4.448,44.305],[4.449,44.305]]],[[[4.472,44.306],[4.47,44.305],[4.47,44.305],[4.469,44.305],[4.469,44.304],[4.467,44.303],[4.467,44.303],[4.467,44.303],[4.465,44.303],[4.465,44.303],[4.464,44.303],[4.463,44.304],[4.463,44.304],[4.463,44.304],[4.464,44.306],[4.465,44.306],[4.466,44.306],[4.466,44.306],[4.47,44.306],[4.47,44.305],[4.47,44.305],[4.471,44.306],[4.472,44.306]]],[[[4.479,44.305],[4.475,44.302],[4.474,44.303],[4.475,44.305],[4.475,44.305],[4.474,44.305],[4.475,44.306],[4.475,44.307],[4.479,44.305]]],[[[4.449,44.305],[4.448,44.305],[4.449,44.306],[4.449,44.305]]],[[[4.478,44.306],[4.48,44.306],[4.48,44.305],[4.479,44.305],[4.479,44.305],[4.479,44.305],[4.479,44.306],[4.478,44.306]]],[[[4.461,44.303],[4.454,44.304],[4.455,44.304],[4.455,44.305],[4.454,44.307],[4.454,44.307],[4.454,44.308],[4.456,44.308],[4.456,44.307],[4.458,44.306],[4.461,44.303]]],[[[4.475,44.307],[4.474,44.306],[4.474,44.307],[4.475,44.307]]],[[[4.454,44.304],[4.451,44.304],[4.45,44.305],[4.449,44.305],[4.45,44.308],[4.45,44.309],[4.454,44.31],[4.454,44.307],[4.454,44.307],[4.455,44.304],[4.454,44.304]]],[[[4.472,44.307],[4.464,44.306],[4.463,44.304],[4.461,44.305],[4.458,44.306],[4.458,44.307],[4.459,44.307],[4.461,44.307],[4.461,44.307],[4.459,44.307],[4.458,44.307],[4.457,44.308],[4.458,44.308],[4.459,44.308],[4.46,44.308],[4.461,44.308],[4.461,44.307],[4.463,44.307],[4.464,44.307],[4.463,44.309],[4.466,44.309],[4.466,44.309],[4.47,44.309],[4.47,44.308],[4.468,44.308],[4.468,44.308],[4.462,44.307],[4.468,44.308],[4.472,44.307]]],[[[4.457,44.307],[4.456,44.308],[4.454,44.308],[4.454,44.309],[4.457,44.309],[4.458,44.306],[4.458,44.306],[4.457,44.307]]],[[[4.476,44.307],[4.474,44.307],[4.474,44.307],[4.472,44.308],[4.474,44.308],[4.476,44.307]]],[[[4.462,44.309],[4.461,44.308],[4.46,44.308],[4.46,44.309],[4.462,44.309]]],[[[4.473,44.308],[4.47,44.309],[4.47,44.31],[4.472,44.311],[4.473,44.308]]],[[[4.482,44.392],[4.476,44.391],[4.475,44.393],[4.478,44.394],[4.481,44.393],[4.481,44.392],[4.482,44.393],[4.482,44.392],[4.482,44.392]]],[[[4.482,44.393],[4.482,44.393],[4.483,44.394],[4.484,44.394],[4.484,44.394],[4.484,44.392],[4.482,44.393]]],[[[4.489,44.395],[4.486,44.394],[4.484,44.394],[4.482,44.394],[4.482,44.394],[4.482,44.394],[4.482,44.394],[4.482,44.394],[4.482,44.395],[4.482,44.394],[4.482,44.394],[4.478,44.394],[4.478,44.395],[4.482,44.398],[4.486,44.395],[4.489,44.395]]],[[[4.478,44.395],[4.477,44.396],[4.481,44.398],[4.481,44.398],[4.478,44.395]]],[[[4.483,44.397],[4.481,44.398],[4.481,44.398],[4.483,44.397]]],[[[4.481,44.401],[4.48,44.4],[4.481,44.399],[4.481,44.399],[4.481,44.398],[4.48,44.399],[4.477,44.398],[4.477,44.398],[4.477,44.399],[4.477,44.4],[4.478,44.4],[4.478,44.4],[4.478,44.4],[4.479,44.401],[4.479,44.401],[4.48,44.401],[4.48,44.401],[4.481,44.401],[4.482,44.402],[4.481,44.401]]],[[[4.48,44.401],[4.478,44.4],[4.477,44.399],[4.477,44.398],[4.476,44.401],[4.482,44.402],[4.48,44.401]]],[[[4.484,44.403],[4.482,44.402],[4.484,44.403],[4.484,44.403]]],[[[4.486,44.454],[4.486,44.454],[4.486,44.454],[4.485,44.454],[4.486,44.454]]],[[[4.481,44.455],[4.48,44.456],[4.479,44.457],[4.484,44.454],[4.481,44.455]]],[[[4.484,44.453],[4.48,44.455],[4.478,44.458],[4.479,44.458],[4.479,44.457],[4.48,44.456],[4.481,44.455],[4.484,44.454],[4.485,44.454],[4.486,44.454],[4.484,44.453]]],[[[4.478,44.458],[4.478,44.462],[4.478,44.462],[4.478,44.458]]],[[[4.479,44.462],[4.478,44.464],[4.478,44.464],[4.479,44.462]]],[[[4.454,44.474],[4.454,44.469],[4.452,44.469],[4.453,44.471],[4.453,44.474],[4.454,44.474]]],[[[4.492,44.273],[4.492,44.273],[4.492,44.273],[4.492,44.273]]],[[[4.49,44.274],[4.486,44.273],[4.484,44.273],[4.486,44.274],[4.487,44.275],[4.487,44.275],[4.487,44.275],[4.488,44.275],[4.489,44.274],[4.49,44.274]]],[[[4.496,44.275],[4.493,44.273],[4.492,44.274],[4.49,44.274],[4.491,44.274],[4.496,44.275]]],[[[4.492,44.274],[4.49,44.274],[4.488,44.275],[4.488,44.275],[4.49,44.276],[4.49,44.275],[4.491,44.275],[4.492,44.276],[4.492,44.274]]],[[[4.486,44.274],[4.483,44.275],[4.485,44.277],[4.487,44.275],[4.486,44.274]]],[[[4.488,44.276],[4.487,44.275],[4.485,44.276],[4.487,44.278],[4.486,44.279],[4.489,44.279],[4.49,44.278],[4.488,44.276]]],[[[4.49,44.277],[4.489,44.277],[4.49,44.278],[4.49,44.277],[4.49,44.277]]],[[[4.485,44.284],[4.483,44.282],[4.48,44.283],[4.481,44.283],[4.482,44.284],[4.482,44.284],[4.484,44.283],[4.485,44.284]]],[[[4.486,44.285],[4.484,44.284],[4.482,44.284],[4.48,44.283],[4.478,44.285],[4.481,44.284],[4.481,44.285],[4.48,44.286],[4.48,44.286],[4.482,44.286],[4.482,44.286],[4.483,44.285],[4.483,44.285],[4.484,44.285],[4.485,44.285],[4.486,44.285]]],[[[4.492,44.286],[4.491,44.285],[4.49,44.284],[4.489,44.283],[4.487,44.282],[4.485,44.284],[4.485,44.284],[4.486,44.285],[4.488,44.285],[4.491,44.288],[4.493,44.288],[4.494,44.287],[4.492,44.286]]],[[[4.485,44.285],[4.482,44.286],[4.484,44.287],[4.486,44.286],[4.486,44.285],[4.485,44.285]]],[[[4.491,44.285],[4.494,44.287],[4.495,44.286],[4.491,44.285]]],[[[4.535,44.364],[4.532,44.362],[4.531,44.357],[4.53,44.357],[4.529,44.362],[4.53,44.364],[4.53,44.365],[4.534,44.366],[4.533,44.365],[4.533,44.365],[4.534,44.366],[4.536,44.365],[4.535,44.365],[4.535,44.364]]],[[[4.536,44.363],[4.535,44.364],[4.535,44.364],[4.536,44.363]]],[[[4.537,44.367],[4.537,44.365],[4.536,44.366],[4.536,44.366],[4.537,44.367],[4.536,44.367],[4.537,44.367]]],[[[4.536,44.367],[4.536,44.366],[4.536,44.366],[4.535,44.367],[4.536,44.367]]],[[[4.54,44.37],[4.538,44.367],[4.535,44.368],[4.536,44.368],[4.538,44.371],[4.539,44.371],[4.54,44.372],[4.54,44.37]]],[[[4.538,44.371],[4.536,44.368],[4.535,44.367],[4.537,44.371],[4.538,44.372],[4.539,44.371],[4.538,44.371]]],[[[4.517,44.384],[4.518,44.384],[4.517,44.384],[4.517,44.384]]],[[[4.518,44.385],[4.515,44.383],[4.515,44.384],[4.518,44.385]]],[[[4.511,44.383],[4.509,44.384],[4.51,44.386],[4.513,44.384],[4.511,44.383]]],[[[4.511,44.388],[4.506,44.382],[4.505,44.382],[4.508,44.386],[4.51,44.388],[4.511,44.388]]],[[[4.521,44.385],[4.521,44.386],[4.523,44.386],[4.521,44.384],[4.52,44.385],[4.521,44.385]]],[[[4.515,44.384],[4.513,44.384],[4.513,44.384],[4.512,44.385],[4.513,44.386],[4.515,44.387],[4.517,44.385],[4.515,44.384]]],[[[4.519,44.386],[4.518,44.385],[4.517,44.385],[4.519,44.386]]],[[[4.513,44.386],[4.512,44.385],[4.51,44.386],[4.512,44.389],[4.514,44.387],[4.513,44.387],[4.514,44.387],[4.515,44.387],[4.514,44.386],[4.513,44.386]]],[[[4.521,44.387],[4.522,44.388],[4.523,44.388],[4.522,44.386],[4.521,44.387]]],[[[4.52,44.388],[4.519,44.386],[4.519,44.386],[4.517,44.385],[4.515,44.387],[4.516,44.388],[4.514,44.387],[4.513,44.388],[4.513,44.388],[4.515,44.388],[4.516,44.388],[4.517,44.389],[4.513,44.388],[4.514,44.39],[4.514,44.39],[4.52,44.39],[4.52,44.388]]],[[[4.501,44.389],[4.497,44.386],[4.495,44.387],[4.495,44.389],[4.499,44.391],[4.499,44.391],[4.5,44.39],[4.499,44.39],[4.498,44.39],[4.5,44.39],[4.501,44.389]]],[[[4.525,44.389],[4.527,44.388],[4.525,44.389],[4.525,44.389]]],[[[4.523,44.388],[4.522,44.388],[4.522,44.39],[4.523,44.389],[4.523,44.39],[4.524,44.389],[4.525,44.389],[4.525,44.388],[4.523,44.388]]],[[[4.501,44.389],[4.499,44.391],[4.501,44.391],[4.502,44.39],[4.502,44.392],[4.503,44.39],[4.501,44.389]]],[[[4.521,44.389],[4.52,44.39],[4.514,44.39],[4.513,44.391],[4.515,44.391],[4.518,44.391],[4.519,44.391],[4.52,44.392],[4.522,44.39],[4.521,44.389]]],[[[4.527,44.394],[4.522,44.391],[4.519,44.392],[4.521,44.393],[4.52,44.392],[4.519,44.391],[4.518,44.391],[4.511,44.392],[4.511,44.391],[4.506,44.392],[4.51,44.393],[4.514,44.394],[4.518,44.395],[4.519,44.395],[4.526,44.394],[4.527,44.394]]],[[[4.487,44.393],[4.484,44.394],[4.487,44.395],[4.487,44.393]]],[[[4.491,44.395],[4.489,44.393],[4.488,44.393],[4.487,44.395],[4.491,44.395]]],[[[4.513,44.394],[4.509,44.393],[4.509,44.394],[4.513,44.395],[4.513,44.394]]],[[[4.513,44.395],[4.514,44.395],[4.514,44.394],[4.513,44.394],[4.513,44.395]]],[[[4.498,44.395],[4.498,44.397],[4.5,44.397],[4.5,44.395],[4.498,44.395]]],[[[4.527,44.397],[4.525,44.395],[4.522,44.395],[4.519,44.395],[4.518,44.395],[4.525,44.399],[4.526,44.398],[4.526,44.398],[4.526,44.398],[4.527,44.397]]],[[[4.535,44.397],[4.53,44.396],[4.528,44.395],[4.529,44.396],[4.53,44.396],[4.531,44.397],[4.532,44.397],[4.532,44.397],[4.533,44.397],[4.534,44.397],[4.535,44.398],[4.535,44.397]]],[[[4.523,44.398],[4.518,44.395],[4.517,44.396],[4.517,44.397],[4.518,44.395],[4.514,44.394],[4.514,44.396],[4.516,44.397],[4.516,44.399],[4.518,44.399],[4.517,44.4],[4.519,44.401],[4.52,44.399],[4.521,44.398],[4.522,44.398],[4.519,44.396],[4.521,44.398],[4.523,44.398]]],[[[4.534,44.398],[4.528,44.396],[4.528,44.397],[4.528,44.398],[4.53,44.398],[4.531,44.398],[4.531,44.398],[4.532,44.398],[4.532,44.398],[4.534,44.398],[4.534,44.398]]],[[[4.495,44.395],[4.486,44.396],[4.483,44.398],[4.481,44.398],[4.481,44.401],[4.482,44.399],[4.483,44.4],[4.486,44.401],[4.486,44.4],[4.487,44.4],[4.488,44.399],[4.487,44.398],[4.487,44.398],[4.488,44.399],[4.49,44.398],[4.491,44.397],[4.491,44.397],[4.492,44.397],[4.492,44.397],[4.495,44.395]]],[[[4.506,44.397],[4.501,44.397],[4.502,44.397],[4.501,44.398],[4.504,44.398],[4.502,44.398],[4.503,44.399],[4.503,44.399],[4.504,44.399],[4.503,44.4],[4.504,44.4],[4.504,44.399],[4.505,44.398],[4.506,44.397],[4.506,44.397]]],[[[4.526,44.398],[4.525,44.399],[4.528,44.399],[4.53,44.4],[4.532,44.401],[4.534,44.398],[4.53,44.398],[4.526,44.398],[4.526,44.398]]],[[[4.496,44.395],[4.492,44.397],[4.492,44.397],[4.489,44.398],[4.489,44.398],[4.489,44.399],[4.489,44.399],[4.49,44.399],[4.491,44.399],[4.489,44.399],[4.489,44.398],[4.487,44.399],[4.488,44.4],[4.487,44.399],[4.487,44.4],[4.487,44.4],[4.486,44.401],[4.492,44.402],[4.491,44.404],[4.492,44.403],[4.494,44.404],[4.495,44.403],[4.495,44.403],[4.494,44.4],[4.495,44.399],[4.494,44.399],[4.493,44.4],[4.492,44.4],[4.492,44.4],[4.493,44.4],[4.494,44.399],[4.495,44.399],[4.496,44.395]]],[[[4.539,44.399],[4.538,44.401],[4.538,44.401],[4.538,44.401],[4.539,44.4],[4.539,44.399],[4.535,44.397],[4.535,44.398],[4.534,44.398],[4.534,44.398],[4.535,44.399],[4.536,44.399],[4.537,44.4],[4.536,44.399],[4.534,44.398],[4.532,44.401],[4.533,44.401],[4.534,44.402],[4.535,44.403],[4.536,44.403],[4.537,44.403],[4.54,44.399],[4.539,44.399]]],[[[4.508,44.399],[4.506,44.402],[4.507,44.402],[4.508,44.402],[4.509,44.401],[4.509,44.4],[4.508,44.399]]],[[[4.507,44.398],[4.506,44.399],[4.506,44.399],[4.507,44.398],[4.506,44.397],[4.505,44.398],[4.504,44.4],[4.503,44.4],[4.503,44.399],[4.503,44.399],[4.502,44.399],[4.501,44.398],[4.501,44.399],[4.502,44.401],[4.503,44.401],[4.503,44.401],[4.504,44.402],[4.505,44.402],[4.504,44.403],[4.504,44.402],[4.502,44.401],[4.502,44.402],[4.502,44.402],[4.502,44.402],[4.502,44.402],[4.502,44.404],[4.504,44.405],[4.508,44.399],[4.507,44.398]]],[[[4.525,44.401],[4.522,44.398],[4.518,44.402],[4.521,44.403],[4.521,44.402],[4.524,44.403],[4.521,44.402],[4.521,44.403],[4.524,44.404],[4.527,44.404],[4.527,44.401],[4.526,44.401],[4.525,44.401]]],[[[4.539,44.404],[4.537,44.403],[4.535,44.402],[4.532,44.401],[4.525,44.398],[4.523,44.398],[4.523,44.398],[4.529,44.401],[4.53,44.4],[4.532,44.402],[4.534,44.405],[4.539,44.406],[4.539,44.404]]],[[[4.515,44.407],[4.514,44.406],[4.511,44.408],[4.514,44.406],[4.512,44.403],[4.509,44.406],[4.512,44.403],[4.51,44.401],[4.51,44.402],[4.508,44.404],[4.51,44.401],[4.51,44.4],[4.508,44.403],[4.506,44.402],[4.505,44.403],[4.507,44.404],[4.505,44.403],[4.504,44.405],[4.506,44.407],[4.502,44.404],[4.501,44.404],[4.502,44.405],[4.501,44.406],[4.501,44.404],[4.502,44.402],[4.501,44.402],[4.501,44.4],[4.499,44.402],[4.5,44.403],[4.5,44.403],[4.499,44.402],[4.501,44.4],[4.501,44.399],[4.5,44.399],[4.5,44.4],[4.499,44.401],[4.499,44.401],[4.498,44.401],[4.5,44.399],[4.501,44.399],[4.501,44.397],[4.5,44.397],[4.497,44.397],[4.498,44.394],[4.496,44.395],[4.497,44.396],[4.496,44.396],[4.495,44.399],[4.494,44.4],[4.495,44.403],[4.498,44.404],[4.498,44.405],[4.5,44.404],[4.5,44.405],[4.499,44.406],[4.5,44.408],[4.506,44.409],[4.506,44.41],[4.507,44.409],[4.505,44.411],[4.508,44.412],[4.516,44.409],[4.515,44.407]]],[[[4.54,44.403],[4.539,44.404],[4.541,44.405],[4.541,44.404],[4.54,44.403]]],[[[4.52,44.406],[4.522,44.404],[4.514,44.404],[4.519,44.407],[4.519,44.407],[4.52,44.406]]],[[[4.519,44.407],[4.522,44.405],[4.525,44.405],[4.522,44.404],[4.521,44.405],[4.519,44.407]]],[[[4.523,44.409],[4.515,44.405],[4.513,44.404],[4.516,44.409],[4.519,44.408],[4.521,44.409],[4.524,44.41],[4.523,44.409]]],[[[4.521,44.408],[4.522,44.408],[4.522,44.408],[4.523,44.408],[4.525,44.407],[4.523,44.406],[4.521,44.408]]],[[[4.526,44.407],[4.525,44.406],[4.522,44.408],[4.527,44.411],[4.531,44.412],[4.532,44.412],[4.532,44.411],[4.53,44.411],[4.53,44.41],[4.535,44.41],[4.536,44.409],[4.534,44.408],[4.533,44.409],[4.53,44.409],[4.531,44.407],[4.531,44.407],[4.532,44.406],[4.531,44.405],[4.529,44.407],[4.529,44.406],[4.526,44.407]],[[4.531,44.408],[4.53,44.407],[4.531,44.408],[4.531,44.408]],[[4.53,44.407],[4.53,44.407],[4.53,44.407],[4.53,44.407]]],[[[4.514,44.412],[4.514,44.413],[4.515,44.413],[4.514,44.412]]],[[[4.523,44.414],[4.518,44.411],[4.516,44.409],[4.514,44.412],[4.518,44.416],[4.519,44.415],[4.523,44.414]]],[[[4.529,44.413],[4.532,44.413],[4.532,44.412],[4.531,44.412],[4.529,44.413]]],[[[4.521,44.42],[4.519,44.421],[4.519,44.421],[4.519,44.422],[4.521,44.421],[4.521,44.42]]],[[[4.527,44.42],[4.522,44.421],[4.524,44.421],[4.523,44.42],[4.522,44.421],[4.522,44.421],[4.523,44.422],[4.524,44.422],[4.524,44.422],[4.525,44.422],[4.525,44.422],[4.528,44.422],[4.527,44.42]]],[[[4.521,44.421],[4.518,44.422],[4.52,44.422],[4.521,44.421]]],[[[4.522,44.422],[4.521,44.42],[4.521,44.421],[4.521,44.421],[4.52,44.422],[4.518,44.422],[4.518,44.424],[4.516,44.425],[4.519,44.424],[4.518,44.424],[4.52,44.423],[4.52,44.422],[4.521,44.422],[4.522,44.422],[4.523,44.422],[4.522,44.422]]],[[[4.53,44.423],[4.529,44.423],[4.531,44.423],[4.532,44.423],[4.532,44.423],[4.53,44.423]]],[[[4.529,44.423],[4.528,44.422],[4.525,44.422],[4.524,44.422],[4.524,44.422],[4.523,44.422],[4.526,44.425],[4.529,44.423]]],[[[4.53,44.423],[4.528,44.424],[4.527,44.424],[4.528,44.424],[4.528,44.424],[4.529,44.424],[4.531,44.423],[4.532,44.423],[4.53,44.423]]],[[[4.519,44.424],[4.518,44.424],[4.518,44.424],[4.519,44.424]]],[[[4.524,44.423],[4.523,44.423],[4.522,44.424],[4.523,44.423],[4.524,44.423],[4.523,44.422],[4.523,44.422],[4.522,44.422],[4.521,44.423],[4.52,44.422],[4.52,44.423],[4.52,44.423],[4.519,44.423],[4.519,44.424],[4.518,44.424],[4.519,44.424],[4.517,44.425],[4.518,44.427],[4.518,44.426],[4.518,44.426],[4.519,44.426],[4.52,44.425],[4.52,44.425],[4.525,44.425],[4.524,44.423]]],[[[4.55,44.424],[4.547,44.424],[4.55,44.426],[4.55,44.425],[4.55,44.424]]],[[[4.535,44.424],[4.532,44.423],[4.529,44.424],[4.528,44.424],[4.526,44.425],[4.526,44.425],[4.525,44.425],[4.527,44.428],[4.527,44.427],[4.528,44.427],[4.529,44.428],[4.529,44.428],[4.53,44.428],[4.53,44.426],[4.53,44.428],[4.533,44.428],[4.535,44.424]]],[[[4.547,44.424],[4.543,44.425],[4.541,44.424],[4.54,44.424],[4.54,44.424],[4.54,44.424],[4.539,44.424],[4.539,44.429],[4.542,44.428],[4.546,44.425],[4.547,44.424]]],[[[4.539,44.424],[4.535,44.424],[4.533,44.428],[4.539,44.429],[4.539,44.424]]],[[[4.528,44.429],[4.525,44.425],[4.521,44.425],[4.518,44.427],[4.518,44.427],[4.521,44.427],[4.522,44.427],[4.523,44.428],[4.528,44.429]]],[[[4.551,44.429],[4.55,44.426],[4.55,44.426],[4.547,44.424],[4.546,44.425],[4.543,44.428],[4.548,44.43],[4.551,44.429]]],[[[4.53,44.428],[4.527,44.428],[4.529,44.429],[4.53,44.428],[4.53,44.428]]],[[[4.524,44.43],[4.523,44.429],[4.523,44.429],[4.523,44.428],[4.523,44.428],[4.521,44.427],[4.518,44.427],[4.516,44.427],[4.519,44.427],[4.519,44.428],[4.521,44.429],[4.523,44.431],[4.525,44.432],[4.524,44.43]]],[[[4.529,44.429],[4.531,44.43],[4.531,44.429],[4.532,44.429],[4.53,44.429],[4.529,44.429]]],[[[4.528,44.429],[4.524,44.428],[4.523,44.429],[4.526,44.432],[4.528,44.432],[4.526,44.432],[4.526,44.431],[4.528,44.432],[4.529,44.431],[4.528,44.43],[4.528,44.429]]],[[[4.538,44.431],[4.532,44.429],[4.531,44.43],[4.536,44.431],[4.538,44.431]]],[[[4.545,44.429],[4.539,44.43],[4.539,44.432],[4.544,44.432],[4.545,44.431],[4.545,44.429]]],[[[4.538,44.431],[4.536,44.431],[4.539,44.432],[4.539,44.43],[4.538,44.431]]],[[[4.551,44.43],[4.545,44.429],[4.545,44.431],[4.55,44.432],[4.55,44.433],[4.552,44.434],[4.553,44.432],[4.551,44.43]]],[[[4.532,44.433],[4.529,44.431],[4.528,44.432],[4.529,44.433],[4.532,44.433],[4.532,44.433]]],[[[4.538,44.436],[4.536,44.437],[4.537,44.436],[4.539,44.437],[4.538,44.436]]],[[[4.541,44.437],[4.541,44.436],[4.539,44.436],[4.539,44.437],[4.542,44.437],[4.542,44.438],[4.541,44.437]]],[[[4.537,44.437],[4.535,44.437],[4.535,44.438],[4.538,44.437],[4.541,44.437],[4.537,44.437]]],[[[4.535,44.437],[4.533,44.437],[4.531,44.438],[4.535,44.438],[4.535,44.437]]],[[[4.544,44.44],[4.543,44.437],[4.541,44.436],[4.544,44.44]]],[[[4.546,44.44],[4.546,44.441],[4.546,44.441],[4.546,44.44],[4.546,44.44]]],[[[4.553,44.446],[4.552,44.446],[4.552,44.446],[4.553,44.446]]],[[[4.548,44.448],[4.549,44.448],[4.549,44.447],[4.548,44.448]]],[[[4.549,44.476],[4.551,44.475],[4.552,44.474],[4.549,44.476]]],[[[4.551,44.478],[4.547,44.476],[4.546,44.476],[4.548,44.477],[4.547,44.478],[4.548,44.478],[4.551,44.478]]],[[[4.546,44.476],[4.544,44.478],[4.544,44.479],[4.548,44.477],[4.546,44.476]]],[[[4.563,44.356],[4.564,44.356],[4.565,44.356],[4.563,44.356],[4.563,44.356],[4.563,44.356]]],[[[4.565,44.356],[4.562,44.358],[4.561,44.358],[4.564,44.358],[4.565,44.356]]],[[[4.56,44.359],[4.561,44.358],[4.56,44.359],[4.56,44.359]]],[[[4.556,44.36],[4.56,44.361],[4.56,44.36],[4.56,44.359],[4.556,44.36]]],[[[4.555,44.361],[4.558,44.362],[4.559,44.361],[4.555,44.36],[4.555,44.361]]],[[[4.561,44.358],[4.56,44.359],[4.56,44.361],[4.56,44.36],[4.56,44.361],[4.559,44.362],[4.558,44.363],[4.558,44.364],[4.559,44.364],[4.563,44.358],[4.561,44.358]]],[[[4.555,44.425],[4.55,44.424],[4.55,44.427],[4.552,44.427],[4.554,44.428],[4.554,44.427],[4.556,44.425],[4.555,44.425]]],[[[4.563,44.426],[4.559,44.426],[4.559,44.425],[4.556,44.424],[4.556,44.425],[4.554,44.427],[4.56,44.429],[4.563,44.427],[4.563,44.426]]],[[[4.552,44.427],[4.55,44.427],[4.551,44.43],[4.554,44.428],[4.552,44.427]]],[[[4.574,44.428],[4.574,44.429],[4.574,44.428],[4.574,44.428]]],[[[4.615,44.429],[4.615,44.429],[4.614,44.428],[4.614,44.427],[4.612,44.428],[4.614,44.429],[4.614,44.429],[4.614,44.43],[4.616,44.43],[4.615,44.429]]],[[[4.613,44.43],[4.613,44.429],[4.612,44.428],[4.612,44.428],[4.611,44.428],[4.612,44.429],[4.611,44.43],[4.613,44.43]]],[[[4.562,44.429],[4.561,44.431],[4.562,44.431],[4.562,44.431],[4.563,44.43],[4.562,44.429]]],[[[4.575,44.431],[4.572,44.429],[4.57,44.429],[4.571,44.431],[4.574,44.431],[4.575,44.431]]],[[[4.557,44.428],[4.554,44.429],[4.553,44.43],[4.554,44.431],[4.553,44.433],[4.554,44.433],[4.555,44.433],[4.555,44.433],[4.555,44.433],[4.555,44.432],[4.557,44.432],[4.557,44.43],[4.558,44.429],[4.557,44.428]]],[[[4.559,44.429],[4.558,44.431],[4.558,44.431],[4.56,44.431],[4.559,44.431],[4.559,44.433],[4.56,44.432],[4.56,44.431],[4.559,44.43],[4.559,44.429]]],[[[4.566,44.43],[4.562,44.431],[4.562,44.432],[4.562,44.432],[4.566,44.431],[4.567,44.431],[4.566,44.43]]],[[[4.616,44.43],[4.613,44.431],[4.613,44.431],[4.613,44.431],[4.613,44.432],[4.614,44.432],[4.614,44.432],[4.617,44.431],[4.616,44.43]]],[[[4.557,44.432],[4.555,44.433],[4.557,44.432],[4.557,44.432]]],[[[4.613,44.432],[4.613,44.432],[4.613,44.431],[4.613,44.432]]],[[[4.557,44.432],[4.557,44.433],[4.557,44.433],[4.557,44.432]]],[[[4.613,44.432],[4.613,44.433],[4.613,44.432],[4.613,44.432]]],[[[4.555,44.433],[4.555,44.433],[4.554,44.433],[4.555,44.433]]],[[[4.572,44.434],[4.566,44.432],[4.566,44.434],[4.572,44.434]]],[[[4.618,44.432],[4.614,44.432],[4.613,44.433],[4.613,44.433],[4.614,44.432],[4.615,44.433],[4.615,44.433],[4.615,44.433],[4.617,44.433],[4.617,44.433],[4.618,44.432]]],[[[4.611,44.433],[4.61,44.434],[4.61,44.434],[4.61,44.434],[4.611,44.433]]],[[[4.609,44.434],[4.608,44.433],[4.607,44.434],[4.607,44.433],[4.607,44.434],[4.61,44.434],[4.61,44.434],[4.612,44.433],[4.609,44.434]]],[[[4.612,44.433],[4.611,44.434],[4.611,44.434],[4.611,44.434],[4.612,44.434],[4.612,44.433]]],[[[4.621,44.44],[4.62,44.439],[4.62,44.439],[4.619,44.439],[4.621,44.439],[4.621,44.439],[4.621,44.439],[4.621,44.439],[4.62,44.439],[4.62,44.438],[4.619,44.438],[4.618,44.436],[4.618,44.434],[4.616,44.433],[4.615,44.433],[4.615,44.433],[4.614,44.432],[4.612,44.433],[4.612,44.434],[4.613,44.434],[4.612,44.435],[4.613,44.437],[4.611,44.434],[4.608,44.434],[4.613,44.437],[4.615,44.437],[4.616,44.437],[4.615,44.441],[4.621,44.441],[4.621,44.44]],[[4.618,44.438],[4.619,44.438],[4.618,44.438],[4.618,44.438]]],[[[4.59,44.446],[4.587,44.447],[4.588,44.449],[4.592,44.448],[4.59,44.446]]],[[[4.557,44.45],[4.554,44.448],[4.554,44.447],[4.553,44.446],[4.552,44.446],[4.556,44.45],[4.557,44.45]]],[[[4.575,44.449],[4.576,44.449],[4.576,44.447],[4.574,44.449],[4.575,44.449]]],[[[4.599,44.448],[4.599,44.449],[4.599,44.448],[4.599,44.448]]],[[[4.603,44.45],[4.601,44.448],[4.601,44.447],[4.6,44.447],[4.599,44.449],[4.603,44.45],[4.603,44.45]]],[[[4.596,44.449],[4.597,44.449],[4.596,44.449],[4.596,44.449]]],[[[4.6,44.449],[4.6,44.449],[4.6,44.449],[4.6,44.449]]],[[[4.585,44.45],[4.584,44.45],[4.584,44.45],[4.584,44.45],[4.585,44.45]]],[[[4.589,44.452],[4.587,44.448],[4.586,44.449],[4.589,44.452]]],[[[4.602,44.45],[4.605,44.451],[4.606,44.45],[4.602,44.45]]],[[[4.603,44.451],[4.598,44.449],[4.598,44.449],[4.599,44.45],[4.599,44.451],[4.599,44.452],[4.598,44.449],[4.594,44.453],[4.591,44.454],[4.591,44.455],[4.593,44.455],[4.593,44.453],[4.596,44.455],[4.597,44.453],[4.599,44.453],[4.599,44.452],[4.6,44.453],[4.6,44.452],[4.601,44.453],[4.602,44.452],[4.604,44.453],[4.605,44.451],[4.603,44.451]]],[[[4.561,44.455],[4.559,44.451],[4.556,44.45],[4.558,44.451],[4.561,44.455],[4.562,44.456],[4.561,44.455]]],[[[4.619,44.457],[4.615,44.455],[4.615,44.455],[4.613,44.455],[4.615,44.456],[4.617,44.456],[4.617,44.457],[4.619,44.457]]],[[[4.613,44.455],[4.612,44.456],[4.613,44.458],[4.614,44.456],[4.613,44.455]]],[[[4.574,44.457],[4.574,44.457],[4.575,44.458],[4.574,44.457]]],[[[4.574,44.457],[4.575,44.457],[4.575,44.458],[4.575,44.457],[4.574,44.457]]],[[[4.574,44.458],[4.574,44.457],[4.574,44.457],[4.573,44.457],[4.574,44.458]]],[[[4.574,44.458],[4.573,44.458],[4.572,44.457],[4.572,44.457],[4.572,44.458],[4.573,44.458],[4.574,44.458],[4.574,44.458],[4.575,44.458],[4.575,44.458],[4.574,44.458]]],[[[4.562,44.457],[4.562,44.458],[4.564,44.459],[4.565,44.458],[4.562,44.457]]],[[[4.572,44.457],[4.572,44.457],[4.572,44.458],[4.572,44.458],[4.572,44.458],[4.572,44.457],[4.572,44.457]]],[[[4.575,44.458],[4.575,44.458],[4.575,44.458],[4.575,44.458]]],[[[4.567,44.459],[4.567,44.458],[4.562,44.456],[4.565,44.458],[4.568,44.46],[4.569,44.46],[4.567,44.459]]],[[[4.572,44.457],[4.569,44.457],[4.569,44.458],[4.567,44.458],[4.568,44.459],[4.569,44.46],[4.569,44.459],[4.57,44.459],[4.57,44.459],[4.571,44.459],[4.572,44.458],[4.572,44.457]]],[[[4.576,44.46],[4.575,44.457],[4.575,44.457],[4.576,44.46]]],[[[4.575,44.458],[4.575,44.458],[4.575,44.458],[4.575,44.458]]],[[[4.575,44.458],[4.574,44.458],[4.572,44.458],[4.573,44.46],[4.575,44.459],[4.575,44.458]]],[[[4.582,44.458],[4.578,44.458],[4.575,44.457],[4.577,44.459],[4.577,44.459],[4.579,44.459],[4.576,44.46],[4.576,44.46],[4.578,44.46],[4.578,44.461],[4.582,44.458]]],[[[4.572,44.458],[4.57,44.459],[4.569,44.46],[4.571,44.459],[4.573,44.46],[4.572,44.458]]],[[[4.569,44.46],[4.569,44.46],[4.569,44.459],[4.569,44.46]]],[[[4.568,44.46],[4.567,44.459],[4.567,44.459],[4.568,44.46]]],[[[4.576,44.46],[4.575,44.46],[4.576,44.46],[4.576,44.46]]],[[[4.568,44.46],[4.569,44.46],[4.569,44.46],[4.568,44.46]]],[[[4.575,44.46],[4.573,44.46],[4.571,44.459],[4.569,44.46],[4.569,44.46],[4.572,44.46],[4.573,44.46],[4.574,44.46],[4.575,44.461],[4.576,44.461],[4.575,44.46]]],[[[4.565,44.46],[4.565,44.461],[4.566,44.46],[4.565,44.46]]],[[[4.569,44.46],[4.566,44.46],[4.565,44.461],[4.565,44.461],[4.565,44.461],[4.566,44.461],[4.568,44.461],[4.569,44.461],[4.569,44.46]]],[[[4.57,44.46],[4.571,44.461],[4.572,44.46],[4.569,44.46],[4.569,44.461],[4.57,44.46]]],[[[4.574,44.46],[4.573,44.46],[4.576,44.461],[4.574,44.46]]],[[[4.578,44.461],[4.576,44.46],[4.576,44.46],[4.578,44.462],[4.578,44.461]]],[[[4.568,44.461],[4.566,44.461],[4.565,44.461],[4.567,44.462],[4.568,44.461]]],[[[4.589,44.463],[4.586,44.461],[4.585,44.463],[4.586,44.463],[4.589,44.463],[4.589,44.463]]],[[[4.581,44.463],[4.582,44.462],[4.581,44.462],[4.581,44.463]]],[[[4.578,44.462],[4.576,44.461],[4.576,44.462],[4.577,44.462],[4.58,44.464],[4.578,44.462]]],[[[4.58,44.462],[4.577,44.461],[4.576,44.461],[4.579,44.463],[4.581,44.464],[4.58,44.462]]],[[[4.585,44.463],[4.582,44.462],[4.581,44.463],[4.582,44.464],[4.585,44.463]]],[[[4.591,44.464],[4.588,44.463],[4.586,44.463],[4.583,44.464],[4.585,44.464],[4.583,44.464],[4.588,44.465],[4.589,44.466],[4.59,44.465],[4.59,44.464],[4.591,44.464],[4.59,44.464],[4.585,44.463],[4.591,44.464]]],[[[4.581,44.464],[4.582,44.464],[4.583,44.464],[4.583,44.464],[4.581,44.464]]],[[[4.595,44.466],[4.591,44.462],[4.591,44.463],[4.593,44.465],[4.595,44.466]]],[[[4.59,44.465],[4.59,44.464],[4.59,44.465],[4.59,44.465]]],[[[4.592,44.464],[4.591,44.464],[4.592,44.465],[4.593,44.466],[4.593,44.466],[4.594,44.466],[4.592,44.464]]],[[[4.59,44.464],[4.59,44.465],[4.591,44.465],[4.593,44.466],[4.59,44.464]]],[[[4.594,44.466],[4.594,44.466],[4.594,44.466],[4.594,44.466]]],[[[4.593,44.466],[4.593,44.466],[4.593,44.466],[4.593,44.466]]],[[[4.594,44.466],[4.594,44.466],[4.594,44.466],[4.594,44.466]]],[[[4.593,44.466],[4.594,44.466],[4.593,44.466],[4.593,44.466],[4.593,44.466]]],[[[4.593,44.466],[4.593,44.466],[4.593,44.466],[4.593,44.466]]],[[[4.594,44.469],[4.593,44.467],[4.593,44.466],[4.59,44.465],[4.589,44.466],[4.592,44.466],[4.593,44.469],[4.593,44.469],[4.594,44.469],[4.594,44.469]]],[[[4.596,44.467],[4.595,44.466],[4.595,44.466],[4.594,44.466],[4.595,44.467],[4.595,44.468],[4.596,44.468],[4.596,44.468],[4.596,44.468],[4.597,44.467],[4.596,44.467]]],[[[4.593,44.466],[4.593,44.467],[4.594,44.468],[4.593,44.466]]],[[[4.594,44.466],[4.593,44.466],[4.594,44.467],[4.594,44.469],[4.595,44.467],[4.594,44.466]]],[[[4.597,44.469],[4.597,44.468],[4.597,44.468],[4.597,44.469]]],[[[4.594,44.47],[4.595,44.469],[4.594,44.469],[4.594,44.47]]],[[[4.593,44.469],[4.593,44.47],[4.593,44.47],[4.594,44.47],[4.594,44.47],[4.594,44.469],[4.594,44.469],[4.593,44.469]]],[[[4.599,44.471],[4.597,44.468],[4.597,44.467],[4.596,44.468],[4.596,44.468],[4.595,44.468],[4.595,44.471],[4.596,44.472],[4.598,44.471],[4.598,44.472],[4.599,44.471]]],[[[4.595,44.47],[4.594,44.471],[4.595,44.471],[4.595,44.47]]],[[[4.594,44.47],[4.594,44.471],[4.594,44.471],[4.594,44.47]]],[[[4.636,44.408],[4.637,44.408],[4.637,44.408],[4.636,44.408]]],[[[4.637,44.408],[4.632,44.405],[4.631,44.408],[4.633,44.411],[4.632,44.414],[4.636,44.408],[4.637,44.408]]],[[[4.624,44.41],[4.626,44.411],[4.627,44.409],[4.624,44.409],[4.624,44.41]]],[[[4.625,44.412],[4.624,44.414],[4.624,44.415],[4.626,44.413],[4.625,44.412]]],[[[4.632,44.414],[4.631,44.414],[4.631,44.415],[4.632,44.414]]],[[[4.641,44.409],[4.637,44.408],[4.636,44.408],[4.635,44.411],[4.63,44.417],[4.632,44.417],[4.632,44.417],[4.632,44.419],[4.635,44.421],[4.635,44.422],[4.635,44.422],[4.635,44.423],[4.636,44.423],[4.636,44.423],[4.637,44.423],[4.634,44.419],[4.635,44.416],[4.636,44.415],[4.636,44.413],[4.641,44.409]]],[[[4.631,44.415],[4.631,44.415],[4.63,44.416],[4.63,44.416],[4.63,44.416],[4.63,44.416],[4.63,44.417],[4.631,44.415]]],[[[4.653,44.414],[4.651,44.414],[4.651,44.414],[4.651,44.414],[4.651,44.414],[4.651,44.414],[4.651,44.414],[4.653,44.414],[4.653,44.415],[4.651,44.412],[4.652,44.413],[4.65,44.414],[4.65,44.416],[4.649,44.418],[4.651,44.42],[4.652,44.419],[4.653,44.416],[4.652,44.418],[4.65,44.418],[4.652,44.418],[4.653,44.416],[4.653,44.414]]],[[[4.63,44.414],[4.628,44.416],[4.624,44.418],[4.624,44.419],[4.624,44.419],[4.625,44.419],[4.626,44.42],[4.627,44.42],[4.627,44.42],[4.627,44.42],[4.627,44.42],[4.627,44.422],[4.63,44.416],[4.631,44.415],[4.632,44.414],[4.63,44.414]]],[[[4.658,44.419],[4.657,44.415],[4.654,44.415],[4.653,44.423],[4.656,44.422],[4.655,44.419],[4.654,44.419],[4.655,44.418],[4.655,44.419],[4.658,44.419]]],[[[4.627,44.42],[4.625,44.419],[4.624,44.419],[4.624,44.418],[4.622,44.418],[4.621,44.42],[4.619,44.42],[4.619,44.422],[4.621,44.423],[4.621,44.424],[4.623,44.425],[4.623,44.425],[4.624,44.425],[4.626,44.425],[4.627,44.425],[4.626,44.423],[4.627,44.42],[4.625,44.42],[4.623,44.419],[4.627,44.42],[4.627,44.422],[4.627,44.42],[4.627,44.42]]],[[[4.644,44.423],[4.644,44.423],[4.643,44.423],[4.642,44.424],[4.641,44.424],[4.641,44.424],[4.636,44.423],[4.635,44.423],[4.635,44.422],[4.635,44.421],[4.632,44.419],[4.632,44.417],[4.63,44.417],[4.629,44.42],[4.627,44.422],[4.629,44.421],[4.629,44.421],[4.632,44.42],[4.634,44.421],[4.635,44.422],[4.634,44.425],[4.629,44.425],[4.628,44.425],[4.628,44.425],[4.629,44.426],[4.629,44.426],[4.631,44.426],[4.632,44.427],[4.633,44.427],[4.635,44.425],[4.636,44.425],[4.637,44.426],[4.64,44.424],[4.643,44.425],[4.645,44.424],[4.645,44.423],[4.644,44.423]],[[4.644,44.423],[4.645,44.423],[4.645,44.423],[4.644,44.423]]],[[[4.638,44.422],[4.64,44.423],[4.64,44.422],[4.638,44.422]]],[[[4.643,44.422],[4.642,44.423],[4.64,44.422],[4.641,44.424],[4.644,44.423],[4.644,44.423],[4.643,44.423],[4.643,44.422]]],[[[4.626,44.423],[4.627,44.424],[4.628,44.422],[4.627,44.422],[4.626,44.423]]],[[[4.652,44.42],[4.646,44.423],[4.645,44.427],[4.652,44.42]]],[[[4.653,44.419],[4.645,44.427],[4.645,44.427],[4.644,44.428],[4.646,44.429],[4.646,44.43],[4.65,44.43],[4.65,44.428],[4.65,44.427],[4.653,44.419]]],[[[4.63,44.427],[4.628,44.425],[4.628,44.425],[4.628,44.424],[4.626,44.424],[4.627,44.426],[4.625,44.428],[4.628,44.428],[4.63,44.427]]],[[[4.643,44.425],[4.642,44.425],[4.642,44.425],[4.641,44.425],[4.64,44.425],[4.638,44.427],[4.636,44.426],[4.634,44.427],[4.635,44.427],[4.636,44.427],[4.638,44.428],[4.641,44.428],[4.644,44.428],[4.645,44.424],[4.643,44.425]]],[[[4.627,44.426],[4.623,44.425],[4.624,44.427],[4.623,44.427],[4.622,44.428],[4.621,44.427],[4.622,44.429],[4.621,44.429],[4.619,44.428],[4.617,44.428],[4.618,44.429],[4.618,44.43],[4.618,44.431],[4.621,44.431],[4.624,44.428],[4.625,44.428],[4.627,44.426]]],[[[4.63,44.427],[4.629,44.428],[4.629,44.43],[4.629,44.429],[4.629,44.429],[4.63,44.428],[4.632,44.428],[4.63,44.427]]],[[[4.618,44.431],[4.617,44.429],[4.615,44.426],[4.615,44.428],[4.614,44.427],[4.614,44.428],[4.615,44.429],[4.617,44.43],[4.618,44.431]]],[[[4.652,44.427],[4.65,44.427],[4.65,44.43],[4.652,44.429],[4.652,44.427]]],[[[4.625,44.428],[4.624,44.428],[4.621,44.43],[4.624,44.43],[4.625,44.428]]],[[[4.629,44.428],[4.625,44.429],[4.625,44.431],[4.625,44.431],[4.627,44.43],[4.629,44.43],[4.629,44.428]]],[[[4.646,44.43],[4.644,44.428],[4.644,44.43],[4.645,44.43],[4.646,44.43]]],[[[4.647,44.43],[4.646,44.43],[4.647,44.43],[4.647,44.43]]],[[[4.653,44.429],[4.651,44.431],[4.653,44.43],[4.653,44.429]]],[[[4.65,44.43],[4.649,44.43],[4.648,44.43],[4.647,44.43],[4.647,44.43],[4.648,44.43],[4.648,44.43],[4.648,44.43],[4.649,44.43],[4.65,44.431],[4.65,44.431],[4.65,44.43]]],[[[4.617,44.431],[4.617,44.431],[4.618,44.431],[4.617,44.431]]],[[[4.651,44.431],[4.65,44.431],[4.65,44.431],[4.651,44.431]]],[[[4.65,44.431],[4.65,44.431],[4.65,44.431],[4.65,44.431]]],[[[4.642,44.428],[4.638,44.428],[4.635,44.427],[4.632,44.428],[4.635,44.427],[4.632,44.428],[4.629,44.429],[4.629,44.43],[4.629,44.43],[4.63,44.431],[4.631,44.432],[4.631,44.432],[4.632,44.433],[4.632,44.433],[4.633,44.434],[4.634,44.436],[4.641,44.433],[4.642,44.432],[4.643,44.43],[4.644,44.428],[4.642,44.428]]],[[[4.647,44.43],[4.644,44.43],[4.641,44.433],[4.639,44.434],[4.639,44.435],[4.64,44.435],[4.643,44.434],[4.645,44.431],[4.647,44.43]]],[[[4.645,44.431],[4.643,44.435],[4.645,44.433],[4.646,44.433],[4.645,44.431]]],[[[4.656,44.433],[4.653,44.433],[4.653,44.433],[4.655,44.433],[4.654,44.432],[4.656,44.432],[4.654,44.43],[4.651,44.431],[4.654,44.435],[4.657,44.435],[4.658,44.435],[4.656,44.434],[4.656,44.433]]],[[[4.625,44.428],[4.624,44.432],[4.623,44.433],[4.624,44.433],[4.623,44.434],[4.624,44.435],[4.624,44.436],[4.624,44.437],[4.625,44.438],[4.624,44.434],[4.625,44.428]]],[[[4.65,44.431],[4.648,44.43],[4.647,44.431],[4.647,44.433],[4.648,44.435],[4.648,44.436],[4.648,44.436],[4.648,44.436],[4.648,44.436],[4.65,44.436],[4.649,44.435],[4.65,44.434],[4.65,44.434],[4.649,44.433],[4.65,44.433],[4.65,44.432],[4.65,44.432],[4.65,44.431],[4.65,44.431]]],[[[4.65,44.433],[4.65,44.434],[4.65,44.433],[4.65,44.433],[4.65,44.433]]],[[[4.624,44.437],[4.624,44.435],[4.623,44.434],[4.624,44.433],[4.623,44.433],[4.624,44.43],[4.621,44.431],[4.62,44.433],[4.624,44.436],[4.624,44.437],[4.625,44.438],[4.624,44.437]],[[4.623,44.434],[4.622,44.433],[4.622,44.433],[4.623,44.433],[4.623,44.433],[4.623,44.433],[4.623,44.434]]],[[[4.657,44.436],[4.654,44.435],[4.653,44.434],[4.65,44.431],[4.65,44.434],[4.651,44.436],[4.65,44.434],[4.65,44.436],[4.651,44.436],[4.654,44.436],[4.655,44.437],[4.657,44.437],[4.657,44.436]]],[[[4.648,44.436],[4.647,44.434],[4.647,44.433],[4.647,44.432],[4.646,44.433],[4.643,44.435],[4.646,44.436],[4.646,44.437],[4.648,44.436]]],[[[4.634,44.436],[4.632,44.433],[4.631,44.434],[4.63,44.433],[4.632,44.433],[4.629,44.43],[4.627,44.43],[4.625,44.431],[4.625,44.436],[4.625,44.437],[4.625,44.437],[4.626,44.437],[4.625,44.437],[4.625,44.439],[4.625,44.439],[4.626,44.438],[4.627,44.438],[4.627,44.438],[4.627,44.439],[4.629,44.438],[4.629,44.437],[4.63,44.438],[4.632,44.437],[4.634,44.436]]],[[[4.639,44.434],[4.636,44.435],[4.636,44.436],[4.64,44.435],[4.639,44.434]]],[[[4.624,44.437],[4.621,44.434],[4.62,44.433],[4.621,44.431],[4.618,44.432],[4.617,44.433],[4.618,44.433],[4.618,44.434],[4.618,44.436],[4.621,44.438],[4.621,44.439],[4.622,44.439],[4.623,44.44],[4.625,44.439],[4.625,44.439],[4.624,44.437]]],[[[4.659,44.434],[4.657,44.436],[4.66,44.436],[4.661,44.436],[4.661,44.435],[4.661,44.435],[4.659,44.434]]],[[[4.646,44.437],[4.644,44.435],[4.644,44.437],[4.646,44.437]]],[[[4.66,44.436],[4.657,44.436],[4.657,44.437],[4.66,44.436]]],[[[4.667,44.437],[4.661,44.435],[4.661,44.436],[4.66,44.436],[4.667,44.438],[4.667,44.437]]],[[[4.641,44.436],[4.639,44.437],[4.642,44.438],[4.641,44.436]]],[[[4.635,44.436],[4.633,44.437],[4.633,44.437],[4.634,44.438],[4.636,44.438],[4.635,44.436]]],[[[4.633,44.437],[4.63,44.438],[4.631,44.439],[4.632,44.438],[4.634,44.438],[4.633,44.437]]],[[[4.621,44.439],[4.621,44.438],[4.62,44.439],[4.621,44.439]]],[[[4.644,44.438],[4.644,44.439],[4.644,44.439],[4.645,44.44],[4.645,44.438],[4.646,44.438],[4.645,44.438],[4.646,44.437],[4.644,44.438]]],[[[4.648,44.436],[4.648,44.438],[4.648,44.44],[4.649,44.44],[4.649,44.438],[4.649,44.436],[4.648,44.436]]],[[[4.648,44.44],[4.648,44.436],[4.646,44.437],[4.645,44.44],[4.645,44.44],[4.646,44.44],[4.647,44.44],[4.648,44.44]]],[[[4.642,44.438],[4.641,44.438],[4.639,44.437],[4.634,44.438],[4.636,44.439],[4.637,44.439],[4.639,44.439],[4.64,44.439],[4.642,44.439],[4.644,44.439],[4.644,44.437],[4.642,44.438]]],[[[4.625,44.439],[4.625,44.438],[4.625,44.438],[4.625,44.439]]],[[[4.625,44.439],[4.625,44.439],[4.625,44.438],[4.625,44.439]]],[[[4.627,44.439],[4.626,44.438],[4.626,44.44],[4.627,44.439],[4.628,44.439],[4.627,44.439]]],[[[4.621,44.439],[4.621,44.439],[4.621,44.439],[4.621,44.439]]],[[[4.639,44.439],[4.636,44.439],[4.634,44.438],[4.631,44.439],[4.63,44.438],[4.628,44.439],[4.634,44.441],[4.636,44.441],[4.64,44.442],[4.64,44.441],[4.64,44.44],[4.64,44.439],[4.64,44.439],[4.639,44.439]]],[[[4.644,44.439],[4.64,44.439],[4.64,44.442],[4.642,44.442],[4.644,44.439]]],[[[4.644,44.439],[4.642,44.442],[4.644,44.442],[4.644,44.442],[4.645,44.441],[4.645,44.44],[4.645,44.44],[4.644,44.439]]],[[[4.648,44.44],[4.648,44.441],[4.648,44.441],[4.649,44.441],[4.649,44.44],[4.648,44.44]]],[[[4.646,44.44],[4.645,44.44],[4.645,44.441],[4.644,44.442],[4.647,44.442],[4.648,44.44],[4.646,44.44]]],[[[4.667,44.438],[4.663,44.437],[4.663,44.442],[4.663,44.437],[4.661,44.437],[4.661,44.437],[4.66,44.439],[4.66,44.44],[4.66,44.44],[4.66,44.439],[4.661,44.437],[4.657,44.437],[4.658,44.438],[4.658,44.438],[4.656,44.441],[4.661,44.442],[4.661,44.443],[4.662,44.442],[4.661,44.444],[4.661,44.445],[4.664,44.446],[4.663,44.442],[4.667,44.444],[4.665,44.443],[4.667,44.442],[4.666,44.441],[4.667,44.438]],[[4.66,44.44],[4.66,44.44],[4.66,44.44],[4.66,44.44]]],[[[4.644,44.442],[4.639,44.442],[4.636,44.441],[4.634,44.442],[4.633,44.441],[4.634,44.442],[4.637,44.443],[4.641,44.444],[4.641,44.444],[4.642,44.443],[4.642,44.443],[4.643,44.443],[4.643,44.443],[4.644,44.442],[4.644,44.442],[4.644,44.442]]],[[[4.641,44.444],[4.637,44.443],[4.628,44.439],[4.626,44.44],[4.626,44.44],[4.625,44.441],[4.624,44.443],[4.625,44.442],[4.626,44.443],[4.629,44.444],[4.63,44.443],[4.633,44.445],[4.636,44.445],[4.636,44.444],[4.637,44.444],[4.638,44.446],[4.64,44.447],[4.64,44.446],[4.641,44.445],[4.641,44.444]]],[[[4.647,44.442],[4.644,44.442],[4.643,44.443],[4.642,44.444],[4.642,44.444],[4.644,44.445],[4.645,44.444],[4.646,44.443],[4.646,44.443],[4.646,44.442],[4.647,44.442]]],[[[4.657,44.437],[4.657,44.438],[4.656,44.438],[4.656,44.439],[4.656,44.44],[4.657,44.437],[4.655,44.437],[4.651,44.436],[4.649,44.436],[4.649,44.44],[4.652,44.441],[4.652,44.443],[4.652,44.441],[4.649,44.44],[4.649,44.441],[4.647,44.442],[4.647,44.445],[4.645,44.447],[4.645,44.447],[4.65,44.449],[4.65,44.449],[4.651,44.45],[4.651,44.45],[4.646,44.448],[4.646,44.448],[4.644,44.448],[4.648,44.45],[4.648,44.449],[4.649,44.45],[4.651,44.45],[4.652,44.451],[4.653,44.451],[4.651,44.448],[4.65,44.448],[4.65,44.448],[4.65,44.448],[4.651,44.448],[4.652,44.445],[4.652,44.445],[4.652,44.445],[4.653,44.444],[4.654,44.442],[4.654,44.442],[4.654,44.442],[4.654,44.442],[4.655,44.441],[4.655,44.441],[4.655,44.441],[4.655,44.441],[4.656,44.44],[4.655,44.441],[4.655,44.441],[4.655,44.441],[4.655,44.441],[4.656,44.441],[4.657,44.438],[4.657,44.437]]],[[[4.655,44.443],[4.654,44.445],[4.655,44.444],[4.656,44.442],[4.656,44.441],[4.655,44.441],[4.652,44.446],[4.653,44.445],[4.655,44.446],[4.655,44.445],[4.656,44.445],[4.655,44.443]]],[[[4.647,44.442],[4.645,44.444],[4.644,44.446],[4.644,44.446],[4.645,44.447],[4.647,44.445],[4.647,44.442]],[[4.645,44.445],[4.645,44.445],[4.645,44.445],[4.645,44.445]]],[[[4.644,44.446],[4.644,44.445],[4.644,44.445],[4.644,44.446]]],[[[4.644,44.446],[4.644,44.445],[4.641,44.444],[4.64,44.446],[4.641,44.446],[4.641,44.447],[4.643,44.448],[4.644,44.446],[4.644,44.446]]],[[[4.644,44.447],[4.644,44.448],[4.644,44.448],[4.644,44.448],[4.645,44.447],[4.644,44.447]]],[[[4.646,44.448],[4.646,44.448],[4.646,44.448],[4.646,44.448]]],[[[4.645,44.447],[4.645,44.448],[4.644,44.448],[4.646,44.448],[4.645,44.447]]],[[[4.644,44.448],[4.644,44.448],[4.645,44.448],[4.644,44.448]]],[[[4.644,44.448],[4.643,44.448],[4.644,44.448],[4.644,44.448]]],[[[4.653,44.451],[4.652,44.451],[4.653,44.452],[4.653,44.451]]],[[[4.626,44.452],[4.624,44.451],[4.626,44.453],[4.626,44.452]]],[[[4.655,44.451],[4.653,44.451],[4.653,44.452],[4.654,44.453],[4.655,44.451]]],[[[4.626,44.454],[4.624,44.451],[4.619,44.453],[4.619,44.454],[4.623,44.453],[4.623,44.452],[4.626,44.454]]],[[[4.662,44.453],[4.663,44.452],[4.661,44.451],[4.661,44.452],[4.662,44.453]]],[[[4.655,44.452],[4.654,44.453],[4.656,44.454],[4.656,44.453],[4.656,44.453],[4.656,44.452],[4.655,44.452]]],[[[4.659,44.455],[4.657,44.453],[4.656,44.453],[4.656,44.454],[4.659,44.455]]],[[[4.619,44.457],[4.619,44.453],[4.615,44.455],[4.619,44.457]]],[[[4.632,44.453],[4.631,44.452],[4.63,44.453],[4.63,44.454],[4.63,44.455],[4.63,44.455],[4.629,44.456],[4.63,44.455],[4.63,44.455],[4.63,44.454],[4.629,44.455],[4.629,44.454],[4.627,44.453],[4.626,44.453],[4.628,44.458],[4.628,44.458],[4.628,44.458],[4.629,44.458],[4.629,44.458],[4.63,44.457],[4.631,44.456],[4.63,44.456],[4.631,44.456],[4.633,44.455],[4.632,44.453]]],[[[4.623,44.456],[4.622,44.457],[4.624,44.457],[4.624,44.457],[4.623,44.456]]],[[[4.622,44.459],[4.621,44.458],[4.62,44.458],[4.62,44.457],[4.619,44.457],[4.62,44.459],[4.622,44.46],[4.622,44.459]]],[[[4.626,44.458],[4.62,44.457],[4.622,44.46],[4.622,44.458],[4.623,44.459],[4.624,44.459],[4.624,44.458],[4.624,44.459],[4.626,44.459],[4.626,44.458]]],[[[4.635,44.457],[4.634,44.455],[4.632,44.456],[4.633,44.458],[4.631,44.459],[4.631,44.46],[4.633,44.46],[4.634,44.461],[4.634,44.461],[4.628,44.458],[4.629,44.46],[4.63,44.46],[4.633,44.462],[4.634,44.462],[4.636,44.46],[4.635,44.457]]],[[[4.635,44.463],[4.633,44.462],[4.63,44.46],[4.63,44.46],[4.631,44.462],[4.63,44.463],[4.633,44.462],[4.635,44.463]]],[[[4.63,44.464],[4.629,44.461],[4.626,44.461],[4.626,44.463],[4.63,44.466],[4.63,44.465],[4.63,44.465],[4.63,44.464]]],[[[4.63,44.466],[4.63,44.462],[4.63,44.462],[4.63,44.463],[4.63,44.464],[4.63,44.465],[4.63,44.466]]]]}},{"type":"Feature","properties":{"id_app":279,"app":"Crémant de Die","denom":"Crémant de Die","hierarchy":"AOC","dt":"Valence","dept":"26"},"geometry":{"type":"MultiPolygon","coordinates":[[[[5.108,44.678],[5.107,44.675],[5.107,44.675],[5.107,44.676],[5.106,44.677],[5.108,44.678]]],[[[5.136,44.68],[5.136,44.68],[5.136,44.679],[5.135,44.68],[5.136,44.68]]],[[[5.119,44.682],[5.12,44.679],[5.119,44.678],[5.117,44.68],[5.118,44.682],[5.116,44.682],[5.116,44.685],[5.114,44.684],[5.113,44.685],[5.114,44.686],[5.116,44.685],[5.115,44.686],[5.116,44.686],[5.115,44.687],[5.116,44.687],[5.115,44.688],[5.114,44.688],[5.114,44.689],[5.114,44.689],[5.111,44.688],[5.109,44.691],[5.114,44.69],[5.11,44.695],[5.11,44.696],[5.112,44.696],[5.113,44.693],[5.114,44.694],[5.114,44.695],[5.115,44.695],[5.115,44.694],[5.116,44.694],[5.116,44.695],[5.117,44.694],[5.119,44.694],[5.119,44.694],[5.12,44.694],[5.119,44.692],[5.12,44.692],[5.121,44.691],[5.12,44.688],[5.12,44.683],[5.119,44.682]]],[[[5.14,44.683],[5.137,44.684],[5.138,44.681],[5.137,44.684],[5.133,44.684],[5.134,44.69],[5.136,44.692],[5.139,44.693],[5.14,44.69],[5.14,44.688],[5.139,44.687],[5.14,44.683]]],[[[5.134,44.692],[5.133,44.687],[5.13,44.686],[5.13,44.684],[5.129,44.683],[5.13,44.682],[5.13,44.681],[5.128,44.681],[5.121,44.683],[5.127,44.683],[5.127,44.684],[5.125,44.684],[5.126,44.685],[5.125,44.685],[5.123,44.693],[5.124,44.692],[5.125,44.693],[5.127,44.693],[5.127,44.694],[5.131,44.692],[5.134,44.692]]],[[[5.108,44.692],[5.103,44.686],[5.103,44.682],[5.1,44.68],[5.101,44.685],[5.101,44.686],[5.1,44.686],[5.099,44.689],[5.1,44.691],[5.101,44.693],[5.102,44.693],[5.101,44.691],[5.101,44.688],[5.101,44.688],[5.102,44.685],[5.103,44.688],[5.105,44.693],[5.104,44.695],[5.104,44.694],[5.101,44.694],[5.1,44.699],[5.101,44.699],[5.104,44.698],[5.105,44.698],[5.108,44.697],[5.107,44.695],[5.108,44.695],[5.108,44.692]]],[[[5.066,44.699],[5.064,44.697],[5.063,44.699],[5.064,44.7],[5.066,44.699]]],[[[5.097,44.699],[5.093,44.697],[5.092,44.698],[5.093,44.698],[5.091,44.7],[5.091,44.695],[5.09,44.695],[5.09,44.698],[5.087,44.7],[5.086,44.699],[5.085,44.699],[5.083,44.7],[5.083,44.699],[5.083,44.701],[5.081,44.701],[5.082,44.704],[5.088,44.702],[5.092,44.7],[5.097,44.699]]],[[[5.065,44.7],[5.061,44.701],[5.061,44.701],[5.063,44.701],[5.065,44.7]]],[[[5.141,44.698],[5.127,44.7],[5.128,44.701],[5.126,44.702],[5.127,44.703],[5.13,44.703],[5.129,44.701],[5.132,44.701],[5.134,44.701],[5.134,44.7],[5.133,44.7],[5.134,44.7],[5.14,44.699],[5.143,44.7],[5.143,44.699],[5.143,44.699],[5.147,44.7],[5.148,44.699],[5.148,44.7],[5.151,44.7],[5.151,44.701],[5.155,44.701],[5.158,44.703],[5.158,44.703],[5.163,44.705],[5.167,44.704],[5.17,44.704],[5.174,44.7],[5.177,44.699],[5.177,44.701],[5.178,44.701],[5.178,44.703],[5.177,44.703],[5.177,44.702],[5.174,44.703],[5.174,44.705],[5.173,44.707],[5.174,44.706],[5.176,44.708],[5.178,44.708],[5.18,44.705],[5.182,44.705],[5.18,44.707],[5.185,44.707],[5.185,44.71],[5.185,44.71],[5.188,44.709],[5.19,44.709],[5.193,44.707],[5.194,44.708],[5.197,44.703],[5.197,44.705],[5.197,44.704],[5.197,44.701],[5.195,44.7],[5.195,44.698],[5.194,44.698],[5.194,44.697],[5.191,44.697],[5.19,44.697],[5.19,44.696],[5.176,44.695],[5.172,44.694],[5.171,44.694],[5.165,44.696],[5.163,44.696],[5.159,44.697],[5.158,44.697],[5.155,44.697],[5.156,44.698],[5.153,44.699],[5.148,44.698],[5.146,44.698],[5.141,44.698]]],[[[5.142,44.701],[5.141,44.7],[5.14,44.704],[5.141,44.705],[5.142,44.701]]],[[[5.081,44.707],[5.079,44.703],[5.08,44.702],[5.078,44.703],[5.079,44.705],[5.078,44.705],[5.078,44.706],[5.081,44.707]]],[[[5.075,44.705],[5.072,44.705],[5.071,44.705],[5.074,44.705],[5.075,44.705]]],[[[5.063,44.704],[5.06,44.705],[5.059,44.707],[5.06,44.707],[5.06,44.705],[5.063,44.705],[5.063,44.704]]],[[[5.123,44.702],[5.118,44.705],[5.117,44.706],[5.118,44.708],[5.123,44.707],[5.121,44.704],[5.123,44.702]]],[[[5.057,44.706],[5.055,44.704],[5.053,44.705],[5.056,44.705],[5.054,44.706],[5.056,44.707],[5.052,44.708],[5.049,44.709],[5.055,44.709],[5.057,44.706]]],[[[5.141,44.712],[5.137,44.712],[5.132,44.709],[5.129,44.709],[5.128,44.71],[5.135,44.713],[5.136,44.712],[5.137,44.712],[5.141,44.712]]],[[[5.129,44.712],[5.126,44.712],[5.126,44.712],[5.123,44.711],[5.12,44.71],[5.116,44.708],[5.116,44.706],[5.114,44.706],[5.114,44.705],[5.113,44.704],[5.109,44.706],[5.105,44.706],[5.106,44.707],[5.094,44.71],[5.095,44.711],[5.092,44.711],[5.093,44.713],[5.097,44.714],[5.098,44.715],[5.103,44.713],[5.108,44.713],[5.11,44.712],[5.109,44.713],[5.111,44.714],[5.111,44.715],[5.111,44.715],[5.11,44.714],[5.11,44.715],[5.107,44.717],[5.103,44.717],[5.106,44.717],[5.105,44.718],[5.108,44.718],[5.112,44.716],[5.112,44.714],[5.113,44.714],[5.112,44.707],[5.109,44.706],[5.114,44.707],[5.117,44.711],[5.128,44.713],[5.126,44.714],[5.127,44.714],[5.128,44.715],[5.126,44.719],[5.128,44.719],[5.129,44.712]]],[[[5.086,44.715],[5.085,44.713],[5.084,44.714],[5.085,44.715],[5.086,44.715]]],[[[5.132,44.715],[5.131,44.714],[5.13,44.713],[5.13,44.714],[5.132,44.715]]],[[[5.055,44.717],[5.054,44.716],[5.053,44.716],[5.053,44.717],[5.053,44.717],[5.055,44.717]]],[[[5.053,44.717],[5.053,44.717],[5.053,44.717],[5.053,44.717]]],[[[5.088,44.716],[5.087,44.717],[5.089,44.718],[5.088,44.716]]],[[[5.086,44.722],[5.084,44.717],[5.084,44.714],[5.085,44.712],[5.082,44.712],[5.079,44.714],[5.077,44.715],[5.081,44.717],[5.084,44.721],[5.085,44.721],[5.086,44.722]]],[[[5.082,44.72],[5.08,44.72],[5.081,44.72],[5.08,44.717],[5.077,44.715],[5.074,44.715],[5.074,44.717],[5.068,44.717],[5.067,44.717],[5.063,44.716],[5.061,44.716],[5.062,44.716],[5.061,44.717],[5.063,44.72],[5.066,44.72],[5.065,44.721],[5.068,44.726],[5.07,44.725],[5.07,44.723],[5.075,44.721],[5.078,44.723],[5.078,44.723],[5.081,44.724],[5.081,44.723],[5.082,44.721],[5.082,44.72]]],[[[5.133,44.72],[5.134,44.721],[5.134,44.721],[5.133,44.72]]],[[[5.135,44.722],[5.134,44.721],[5.135,44.722],[5.135,44.722]]],[[[5.094,44.725],[5.092,44.721],[5.092,44.72],[5.089,44.718],[5.088,44.719],[5.089,44.72],[5.089,44.725],[5.092,44.727],[5.091,44.728],[5.092,44.726],[5.094,44.725]]],[[[5.063,44.726],[5.063,44.723],[5.058,44.719],[5.058,44.717],[5.052,44.717],[5.046,44.722],[5.045,44.72],[5.044,44.721],[5.042,44.722],[5.042,44.723],[5.039,44.725],[5.043,44.73],[5.047,44.731],[5.049,44.731],[5.053,44.731],[5.055,44.729],[5.057,44.731],[5.057,44.73],[5.058,44.729],[5.059,44.729],[5.061,44.727],[5.062,44.727],[5.063,44.726]]],[[[5.137,44.723],[5.136,44.723],[5.136,44.723],[5.136,44.724],[5.137,44.723]]],[[[5.141,44.725],[5.138,44.723],[5.137,44.724],[5.138,44.725],[5.141,44.725]]],[[[5.141,44.725],[5.14,44.726],[5.141,44.726],[5.141,44.725]]],[[[5.143,44.729],[5.137,44.725],[5.14,44.729],[5.143,44.729]]],[[[5.09,44.729],[5.089,44.728],[5.088,44.728],[5.089,44.729],[5.09,44.729]]],[[[5.092,44.729],[5.092,44.73],[5.093,44.73],[5.092,44.729]]],[[[5.113,44.731],[5.111,44.73],[5.105,44.728],[5.104,44.728],[5.105,44.728],[5.105,44.729],[5.106,44.73],[5.105,44.73],[5.107,44.731],[5.107,44.731],[5.11,44.734],[5.113,44.731]]],[[[5.091,44.73],[5.09,44.732],[5.091,44.733],[5.092,44.731],[5.091,44.73]]],[[[5.092,44.733],[5.094,44.733],[5.094,44.732],[5.093,44.732],[5.092,44.733]]],[[[5.118,44.735],[5.113,44.731],[5.111,44.733],[5.11,44.734],[5.111,44.735],[5.109,44.735],[5.109,44.736],[5.11,44.736],[5.112,44.737],[5.114,44.737],[5.114,44.737],[5.116,44.738],[5.117,44.736],[5.119,44.737],[5.118,44.735]]],[[[5.093,44.735],[5.095,44.735],[5.096,44.733],[5.098,44.733],[5.098,44.73],[5.096,44.73],[5.094,44.733],[5.09,44.734],[5.09,44.736],[5.089,44.737],[5.091,44.738],[5.09,44.739],[5.093,44.74],[5.095,44.74],[5.094,44.738],[5.097,44.738],[5.097,44.737],[5.096,44.737],[5.097,44.737],[5.098,44.736],[5.094,44.738],[5.091,44.736],[5.091,44.735],[5.093,44.735]],[[5.092,44.735],[5.092,44.735],[5.092,44.735],[5.092,44.735]]],[[[5.093,44.735],[5.093,44.736],[5.095,44.736],[5.093,44.735]]],[[[5.075,44.736],[5.074,44.734],[5.073,44.734],[5.074,44.737],[5.075,44.739],[5.077,44.739],[5.075,44.736]]],[[[5.113,44.739],[5.113,44.737],[5.113,44.739],[5.113,44.739]]],[[[5.097,44.739],[5.097,44.74],[5.098,44.739],[5.097,44.739]]],[[[5.119,44.739],[5.117,44.738],[5.117,44.739],[5.118,44.74],[5.119,44.739]]],[[[5.15,44.743],[5.141,44.745],[5.139,44.744],[5.137,44.745],[5.135,44.742],[5.131,44.74],[5.129,44.74],[5.128,44.741],[5.132,44.747],[5.134,44.747],[5.132,44.747],[5.133,44.748],[5.133,44.75],[5.136,44.75],[5.141,44.748],[5.142,44.748],[5.148,44.745],[5.149,44.747],[5.148,44.745],[5.15,44.743]]],[[[5.11,44.75],[5.112,44.752],[5.113,44.751],[5.112,44.749],[5.11,44.75]]],[[[5.139,44.752],[5.136,44.751],[5.133,44.752],[5.135,44.753],[5.138,44.752],[5.139,44.752]]],[[[5.119,44.754],[5.12,44.753],[5.117,44.751],[5.119,44.755],[5.12,44.761],[5.12,44.763],[5.121,44.761],[5.122,44.761],[5.122,44.759],[5.121,44.759],[5.121,44.758],[5.122,44.755],[5.12,44.755],[5.122,44.755],[5.123,44.753],[5.119,44.754]],[[5.119,44.754],[5.119,44.754],[5.119,44.754],[5.119,44.754]]],[[[5.134,44.758],[5.132,44.756],[5.131,44.756],[5.133,44.758],[5.134,44.758]]],[[[5.151,44.761],[5.142,44.755],[5.139,44.755],[5.135,44.755],[5.137,44.756],[5.14,44.755],[5.145,44.759],[5.151,44.761]]],[[[5.116,44.762],[5.117,44.761],[5.116,44.761],[5.116,44.762]]],[[[5.12,44.765],[5.118,44.766],[5.117,44.763],[5.114,44.767],[5.112,44.768],[5.11,44.766],[5.112,44.763],[5.114,44.761],[5.113,44.76],[5.116,44.758],[5.117,44.756],[5.112,44.76],[5.11,44.759],[5.108,44.761],[5.106,44.762],[5.105,44.762],[5.106,44.76],[5.103,44.762],[5.102,44.761],[5.101,44.761],[5.1,44.762],[5.1,44.763],[5.102,44.762],[5.104,44.762],[5.104,44.763],[5.104,44.763],[5.104,44.765],[5.108,44.766],[5.11,44.771],[5.111,44.77],[5.112,44.77],[5.112,44.771],[5.114,44.771],[5.114,44.77],[5.117,44.768],[5.117,44.769],[5.118,44.769],[5.119,44.767],[5.119,44.768],[5.12,44.768],[5.121,44.766],[5.12,44.765]]],[[[5.128,44.77],[5.129,44.769],[5.129,44.769],[5.129,44.772],[5.129,44.775],[5.132,44.775],[5.132,44.777],[5.133,44.779],[5.137,44.781],[5.142,44.783],[5.142,44.787],[5.144,44.791],[5.144,44.791],[5.146,44.788],[5.145,44.786],[5.144,44.786],[5.145,44.784],[5.147,44.784],[5.147,44.782],[5.146,44.782],[5.147,44.781],[5.144,44.778],[5.143,44.779],[5.142,44.777],[5.142,44.775],[5.14,44.774],[5.139,44.771],[5.138,44.773],[5.136,44.773],[5.136,44.772],[5.133,44.771],[5.134,44.77],[5.133,44.769],[5.133,44.769],[5.132,44.77],[5.133,44.769],[5.135,44.767],[5.137,44.768],[5.138,44.764],[5.138,44.761],[5.137,44.76],[5.134,44.759],[5.134,44.758],[5.129,44.759],[5.127,44.764],[5.127,44.763],[5.124,44.762],[5.125,44.766],[5.128,44.77]],[[5.128,44.768],[5.128,44.768],[5.128,44.768],[5.128,44.768]],[[5.127,44.767],[5.127,44.768],[5.127,44.767],[5.127,44.767]],[[5.127,44.766],[5.127,44.766],[5.127,44.767],[5.127,44.766]],[[5.127,44.766],[5.127,44.766],[5.127,44.766],[5.127,44.766]],[[5.127,44.765],[5.127,44.765],[5.127,44.764],[5.127,44.765]]],[[[5.119,44.769],[5.115,44.772],[5.119,44.772],[5.119,44.77],[5.119,44.769]]],[[[5.123,44.775],[5.123,44.777],[5.124,44.776],[5.123,44.775]]],[[[5.17,44.674],[5.171,44.675],[5.171,44.674],[5.17,44.674]]],[[[5.156,44.676],[5.153,44.675],[5.152,44.678],[5.155,44.677],[5.155,44.676],[5.156,44.676]]],[[[5.244,44.678],[5.242,44.678],[5.241,44.679],[5.239,44.68],[5.239,44.679],[5.238,44.679],[5.24,44.677],[5.238,44.677],[5.237,44.678],[5.234,44.675],[5.233,44.676],[5.23,44.676],[5.23,44.678],[5.229,44.677],[5.228,44.677],[5.226,44.674],[5.224,44.675],[5.224,44.676],[5.226,44.677],[5.225,44.678],[5.223,44.676],[5.223,44.677],[5.227,44.681],[5.227,44.682],[5.225,44.682],[5.224,44.681],[5.221,44.685],[5.223,44.686],[5.225,44.686],[5.225,44.687],[5.227,44.687],[5.228,44.686],[5.228,44.687],[5.234,44.687],[5.24,44.684],[5.24,44.682],[5.243,44.68],[5.242,44.68],[5.244,44.678]]],[[[5.2,44.683],[5.198,44.681],[5.198,44.681],[5.2,44.684],[5.2,44.683]]],[[[5.18,44.682],[5.179,44.682],[5.178,44.684],[5.18,44.684],[5.18,44.682]]],[[[5.173,44.68],[5.173,44.678],[5.17,44.677],[5.169,44.676],[5.168,44.677],[5.168,44.678],[5.169,44.678],[5.168,44.678],[5.168,44.68],[5.169,44.68],[5.169,44.682],[5.17,44.682],[5.171,44.684],[5.167,44.68],[5.168,44.677],[5.167,44.675],[5.164,44.675],[5.164,44.676],[5.161,44.676],[5.16,44.676],[5.16,44.674],[5.158,44.674],[5.157,44.675],[5.155,44.677],[5.152,44.678],[5.152,44.679],[5.152,44.681],[5.152,44.682],[5.152,44.681],[5.152,44.679],[5.149,44.678],[5.148,44.676],[5.147,44.676],[5.145,44.677],[5.145,44.678],[5.141,44.682],[5.141,44.685],[5.14,44.685],[5.141,44.687],[5.141,44.687],[5.141,44.692],[5.151,44.692],[5.155,44.694],[5.154,44.692],[5.155,44.691],[5.154,44.692],[5.151,44.691],[5.147,44.691],[5.147,44.689],[5.148,44.689],[5.148,44.687],[5.154,44.688],[5.156,44.687],[5.155,44.685],[5.156,44.685],[5.157,44.686],[5.158,44.688],[5.155,44.692],[5.156,44.694],[5.159,44.694],[5.162,44.693],[5.167,44.692],[5.166,44.692],[5.167,44.691],[5.167,44.691],[5.163,44.691],[5.162,44.69],[5.165,44.689],[5.165,44.687],[5.162,44.688],[5.166,44.686],[5.163,44.685],[5.163,44.684],[5.162,44.683],[5.166,44.683],[5.165,44.684],[5.17,44.687],[5.17,44.688],[5.171,44.69],[5.171,44.691],[5.174,44.691],[5.175,44.688],[5.177,44.686],[5.176,44.685],[5.175,44.687],[5.174,44.687],[5.176,44.682],[5.173,44.68]],[[5.17,44.687],[5.17,44.687],[5.17,44.687],[5.17,44.687]],[[5.17,44.687],[5.17,44.687],[5.17,44.687],[5.17,44.687]],[[5.174,44.687],[5.174,44.687],[5.174,44.687],[5.174,44.687]],[[5.153,44.682],[5.153,44.684],[5.152,44.682],[5.153,44.682]],[[5.153,44.684],[5.154,44.684],[5.154,44.685],[5.154,44.685],[5.153,44.684]],[[5.154,44.685],[5.154,44.685],[5.154,44.685],[5.154,44.685]],[[5.154,44.685],[5.154,44.685],[5.154,44.685],[5.154,44.685]],[[5.154,44.685],[5.154,44.685],[5.155,44.685],[5.155,44.685],[5.155,44.685],[5.154,44.685]]],[[[5.203,44.693],[5.202,44.693],[5.199,44.69],[5.198,44.69],[5.198,44.684],[5.196,44.68],[5.194,44.679],[5.195,44.678],[5.194,44.678],[5.191,44.677],[5.191,44.675],[5.188,44.675],[5.188,44.677],[5.186,44.677],[5.186,44.678],[5.189,44.68],[5.19,44.685],[5.189,44.688],[5.187,44.687],[5.188,44.688],[5.187,44.69],[5.187,44.688],[5.186,44.689],[5.186,44.687],[5.183,44.689],[5.184,44.69],[5.182,44.689],[5.182,44.69],[5.175,44.692],[5.175,44.692],[5.181,44.691],[5.181,44.692],[5.187,44.693],[5.189,44.691],[5.191,44.694],[5.197,44.694],[5.202,44.696],[5.203,44.693]]],[[[5.204,44.685],[5.202,44.686],[5.201,44.686],[5.2,44.684],[5.199,44.684],[5.2,44.69],[5.203,44.692],[5.203,44.688],[5.206,44.686],[5.204,44.685]]],[[[5.24,44.688],[5.238,44.687],[5.239,44.689],[5.24,44.688]]],[[[5.237,44.69],[5.229,44.689],[5.218,44.691],[5.216,44.692],[5.218,44.692],[5.218,44.694],[5.22,44.694],[5.219,44.697],[5.221,44.697],[5.222,44.695],[5.224,44.696],[5.225,44.694],[5.226,44.694],[5.227,44.696],[5.227,44.695],[5.228,44.696],[5.229,44.694],[5.23,44.694],[5.228,44.692],[5.232,44.69],[5.237,44.69]]],[[[5.212,44.69],[5.204,44.692],[5.205,44.694],[5.204,44.696],[5.206,44.697],[5.209,44.697],[5.209,44.696],[5.208,44.695],[5.209,44.694],[5.207,44.693],[5.21,44.691],[5.212,44.691],[5.212,44.69]]],[[[5.246,44.696],[5.243,44.694],[5.242,44.694],[5.246,44.696]]],[[[5.245,44.697],[5.244,44.697],[5.245,44.697],[5.245,44.697]]],[[[5.247,44.697],[5.245,44.697],[5.247,44.697],[5.247,44.697]]],[[[5.245,44.698],[5.243,44.697],[5.243,44.698],[5.245,44.698]]],[[[5.242,44.697],[5.243,44.697],[5.241,44.7],[5.243,44.698],[5.243,44.697],[5.242,44.697]]],[[[5.205,44.705],[5.2,44.704],[5.2,44.702],[5.203,44.697],[5.202,44.697],[5.2,44.697],[5.197,44.699],[5.198,44.7],[5.198,44.699],[5.199,44.7],[5.198,44.7],[5.198,44.704],[5.197,44.706],[5.197,44.707],[5.2,44.708],[5.204,44.708],[5.205,44.705]]],[[[5.249,44.698],[5.245,44.697],[5.247,44.698],[5.247,44.699],[5.245,44.699],[5.244,44.701],[5.244,44.702],[5.244,44.703],[5.242,44.706],[5.242,44.706],[5.248,44.704],[5.248,44.703],[5.25,44.701],[5.249,44.7],[5.25,44.699],[5.25,44.699],[5.249,44.698],[5.248,44.698],[5.249,44.698],[5.25,44.699],[5.25,44.698],[5.249,44.698]],[[5.248,44.698],[5.248,44.698],[5.248,44.698],[5.248,44.698]],[[5.247,44.699],[5.247,44.699],[5.247,44.699],[5.247,44.699]]],[[[5.146,44.704],[5.144,44.704],[5.143,44.706],[5.146,44.706],[5.146,44.704]]],[[[5.243,44.701],[5.242,44.702],[5.243,44.701],[5.239,44.703],[5.24,44.704],[5.239,44.705],[5.24,44.705],[5.239,44.706],[5.242,44.706],[5.242,44.706],[5.244,44.702],[5.243,44.701]]],[[[5.248,44.705],[5.242,44.706],[5.242,44.707],[5.244,44.707],[5.246,44.706],[5.247,44.706],[5.247,44.705],[5.248,44.705],[5.248,44.705]]],[[[5.242,44.707],[5.24,44.706],[5.239,44.706],[5.242,44.707]]],[[[5.242,44.708],[5.24,44.707],[5.239,44.708],[5.241,44.708],[5.241,44.708],[5.242,44.708]]],[[[5.243,44.708],[5.242,44.707],[5.241,44.708],[5.241,44.708],[5.239,44.708],[5.243,44.708]]],[[[5.248,44.708],[5.247,44.708],[5.248,44.708],[5.248,44.708]]],[[[5.247,44.706],[5.243,44.707],[5.242,44.707],[5.243,44.708],[5.243,44.709],[5.243,44.711],[5.243,44.711],[5.243,44.711],[5.243,44.71],[5.244,44.709],[5.245,44.708],[5.246,44.707],[5.246,44.707],[5.247,44.706]]],[[[5.248,44.707],[5.247,44.706],[5.247,44.707],[5.247,44.707],[5.246,44.708],[5.244,44.709],[5.244,44.71],[5.243,44.711],[5.244,44.71],[5.244,44.71],[5.245,44.71],[5.245,44.71],[5.246,44.71],[5.247,44.71],[5.247,44.709],[5.247,44.709],[5.247,44.708],[5.247,44.708],[5.248,44.708],[5.248,44.707]]],[[[5.243,44.709],[5.242,44.708],[5.243,44.709],[5.243,44.709]]],[[[5.249,44.711],[5.249,44.71],[5.25,44.71],[5.251,44.709],[5.251,44.709],[5.251,44.709],[5.251,44.709],[5.249,44.71],[5.249,44.71],[5.248,44.709],[5.247,44.71],[5.245,44.71],[5.245,44.71],[5.244,44.71],[5.247,44.71],[5.248,44.711],[5.249,44.711],[5.249,44.711]],[[5.249,44.711],[5.249,44.711],[5.249,44.711],[5.249,44.711]],[[5.249,44.711],[5.249,44.711],[5.249,44.711],[5.249,44.711]]],[[[5.242,44.709],[5.241,44.71],[5.24,44.711],[5.242,44.711],[5.243,44.709],[5.243,44.709],[5.242,44.709]]],[[[5.248,44.711],[5.247,44.711],[5.245,44.711],[5.245,44.711],[5.247,44.711],[5.249,44.711],[5.248,44.711]]],[[[5.16,44.715],[5.158,44.711],[5.155,44.711],[5.153,44.713],[5.153,44.714],[5.154,44.714],[5.156,44.712],[5.157,44.715],[5.16,44.715]]],[[[5.247,44.713],[5.246,44.713],[5.246,44.713],[5.247,44.713]]],[[[5.245,44.713],[5.245,44.713],[5.245,44.713],[5.245,44.713]]],[[[5.153,44.714],[5.153,44.715],[5.154,44.714],[5.153,44.714]]],[[[5.245,44.713],[5.245,44.713],[5.245,44.713],[5.245,44.713]]],[[[5.152,44.716],[5.151,44.714],[5.147,44.714],[5.147,44.714],[5.147,44.716],[5.149,44.715],[5.152,44.716]]],[[[5.247,44.711],[5.244,44.711],[5.243,44.711],[5.243,44.713],[5.242,44.714],[5.244,44.715],[5.245,44.714],[5.245,44.714],[5.245,44.715],[5.246,44.715],[5.245,44.714],[5.245,44.713],[5.245,44.713],[5.245,44.713],[5.245,44.713],[5.246,44.712],[5.246,44.711],[5.247,44.711],[5.247,44.711]]],[[[5.246,44.713],[5.245,44.713],[5.245,44.714],[5.246,44.713]]],[[[5.246,44.714],[5.245,44.713],[5.246,44.713],[5.246,44.714],[5.246,44.714]]],[[[5.246,44.714],[5.245,44.714],[5.245,44.714],[5.246,44.714]]],[[[5.245,44.715],[5.245,44.714],[5.244,44.715],[5.245,44.715]]],[[[5.208,44.728],[5.206,44.727],[5.205,44.727],[5.203,44.729],[5.205,44.73],[5.205,44.73],[5.207,44.729],[5.207,44.729],[5.208,44.728]]],[[[5.158,44.731],[5.154,44.734],[5.155,44.735],[5.158,44.732],[5.158,44.731]]],[[[5.152,44.733],[5.149,44.732],[5.149,44.734],[5.152,44.734],[5.152,44.733]]],[[[5.149,44.739],[5.146,44.74],[5.145,44.742],[5.149,44.741],[5.149,44.739]]],[[[5.142,44.741],[5.141,44.743],[5.143,44.743],[5.143,44.742],[5.144,44.742],[5.142,44.741]]],[[[5.255,44.754],[5.252,44.754],[5.25,44.754],[5.248,44.754],[5.243,44.753],[5.244,44.755],[5.245,44.754],[5.25,44.755],[5.255,44.754]]],[[[5.158,44.762],[5.153,44.762],[5.153,44.761],[5.152,44.761],[5.158,44.762]]],[[[5.171,44.771],[5.17,44.767],[5.165,44.767],[5.17,44.768],[5.171,44.771]]],[[[5.145,44.772],[5.145,44.77],[5.142,44.77],[5.143,44.772],[5.145,44.772]]],[[[5.151,44.775],[5.149,44.775],[5.146,44.777],[5.151,44.778],[5.151,44.775]]],[[[5.15,44.778],[5.147,44.778],[5.147,44.778],[5.149,44.779],[5.15,44.778]]],[[[5.15,44.787],[5.148,44.786],[5.148,44.786],[5.148,44.788],[5.147,44.788],[5.149,44.791],[5.146,44.791],[5.146,44.793],[5.148,44.793],[5.149,44.791],[5.149,44.789],[5.15,44.787]]],[[[5.266,44.658],[5.263,44.658],[5.263,44.659],[5.266,44.658]]],[[[5.271,44.663],[5.269,44.661],[5.265,44.662],[5.266,44.661],[5.265,44.661],[5.263,44.661],[5.264,44.663],[5.266,44.664],[5.266,44.663],[5.27,44.664],[5.269,44.665],[5.268,44.665],[5.267,44.665],[5.269,44.666],[5.266,44.669],[5.267,44.67],[5.268,44.671],[5.268,44.669],[5.27,44.668],[5.269,44.666],[5.272,44.666],[5.271,44.665],[5.271,44.663]]],[[[5.276,44.673],[5.272,44.675],[5.27,44.674],[5.269,44.674],[5.267,44.676],[5.272,44.679],[5.276,44.673]]],[[[5.282,44.687],[5.281,44.686],[5.278,44.686],[5.28,44.687],[5.278,44.69],[5.275,44.689],[5.275,44.688],[5.269,44.688],[5.267,44.69],[5.265,44.689],[5.263,44.688],[5.262,44.689],[5.264,44.69],[5.264,44.692],[5.263,44.694],[5.271,44.694],[5.272,44.692],[5.273,44.692],[5.273,44.693],[5.275,44.692],[5.274,44.691],[5.275,44.691],[5.274,44.691],[5.276,44.692],[5.278,44.692],[5.279,44.691],[5.28,44.691],[5.28,44.689],[5.281,44.689],[5.28,44.687],[5.282,44.687]]],[[[5.258,44.694],[5.255,44.694],[5.254,44.694],[5.254,44.695],[5.25,44.696],[5.248,44.695],[5.246,44.696],[5.253,44.696],[5.258,44.694],[5.259,44.693],[5.258,44.694]]],[[[5.264,44.695],[5.265,44.696],[5.267,44.696],[5.264,44.695]]],[[[5.267,44.696],[5.269,44.696],[5.269,44.696],[5.267,44.696]]],[[[5.269,44.696],[5.267,44.697],[5.269,44.697],[5.269,44.696]]],[[[5.266,44.697],[5.264,44.697],[5.264,44.698],[5.263,44.697],[5.264,44.696],[5.261,44.696],[5.263,44.698],[5.264,44.698],[5.265,44.698],[5.266,44.697]]],[[[5.25,44.699],[5.25,44.698],[5.25,44.698],[5.25,44.699]]],[[[5.25,44.699],[5.25,44.699],[5.253,44.701],[5.253,44.701],[5.253,44.7],[5.25,44.699]]],[[[5.25,44.701],[5.249,44.7],[5.25,44.7],[5.249,44.7],[5.25,44.701],[5.248,44.703],[5.248,44.704],[5.248,44.703],[5.25,44.701]]],[[[5.251,44.703],[5.25,44.702],[5.25,44.7],[5.25,44.701],[5.248,44.704],[5.249,44.705],[5.251,44.704],[5.251,44.704],[5.251,44.704],[5.25,44.705],[5.252,44.705],[5.251,44.704],[5.251,44.704],[5.251,44.703]]],[[[5.27,44.705],[5.267,44.702],[5.267,44.702],[5.265,44.702],[5.27,44.705]]],[[[5.255,44.705],[5.258,44.706],[5.254,44.703],[5.252,44.702],[5.252,44.702],[5.251,44.702],[5.251,44.703],[5.251,44.703],[5.251,44.702],[5.252,44.702],[5.25,44.699],[5.252,44.704],[5.252,44.706],[5.253,44.706],[5.256,44.709],[5.256,44.71],[5.257,44.71],[5.259,44.711],[5.26,44.71],[5.261,44.711],[5.258,44.706],[5.255,44.705]],[[5.255,44.706],[5.255,44.706],[5.255,44.705],[5.255,44.706]]],[[[5.248,44.704],[5.248,44.705],[5.247,44.706],[5.248,44.707],[5.248,44.706],[5.248,44.705],[5.248,44.704]]],[[[5.25,44.705],[5.25,44.706],[5.248,44.704],[5.249,44.705],[5.248,44.708],[5.248,44.708],[5.249,44.708],[5.248,44.708],[5.248,44.709],[5.247,44.71],[5.247,44.71],[5.248,44.709],[5.251,44.709],[5.251,44.709],[5.251,44.709],[5.251,44.709],[5.251,44.71],[5.252,44.709],[5.253,44.708],[5.252,44.706],[5.252,44.705],[5.25,44.705]]],[[[5.256,44.709],[5.252,44.706],[5.253,44.708],[5.253,44.711],[5.256,44.709]]],[[[5.253,44.708],[5.252,44.709],[5.251,44.711],[5.25,44.711],[5.253,44.711],[5.253,44.708]]],[[[5.256,44.71],[5.257,44.71],[5.257,44.71],[5.256,44.71]]],[[[5.25,44.71],[5.25,44.71],[5.25,44.711],[5.25,44.71]]],[[[5.257,44.71],[5.256,44.71],[5.257,44.711],[5.257,44.71]]],[[[5.25,44.711],[5.25,44.711],[5.25,44.71],[5.25,44.711]]],[[[5.25,44.711],[5.25,44.711],[5.25,44.711],[5.25,44.711]]],[[[5.256,44.71],[5.256,44.711],[5.256,44.711],[5.256,44.71]]],[[[5.256,44.712],[5.256,44.71],[5.253,44.711],[5.253,44.712],[5.254,44.712],[5.255,44.712],[5.256,44.712],[5.256,44.712]]],[[[5.25,44.711],[5.25,44.711],[5.25,44.711],[5.25,44.711]]],[[[5.25,44.711],[5.25,44.711],[5.25,44.711],[5.25,44.711]]],[[[5.262,44.711],[5.26,44.711],[5.26,44.711],[5.26,44.71],[5.259,44.711],[5.257,44.71],[5.257,44.712],[5.256,44.712],[5.256,44.712],[5.256,44.712],[5.257,44.711],[5.258,44.712],[5.259,44.712],[5.259,44.711],[5.261,44.711],[5.261,44.711],[5.263,44.712],[5.262,44.711]]],[[[5.253,44.711],[5.25,44.711],[5.25,44.712],[5.251,44.712],[5.254,44.712],[5.253,44.711]],[[5.253,44.711],[5.253,44.711],[5.253,44.711],[5.253,44.711]],[[5.25,44.712],[5.25,44.712],[5.25,44.712],[5.25,44.712]]],[[[5.255,44.712],[5.255,44.712],[5.254,44.712],[5.255,44.712]]],[[[5.253,44.712],[5.249,44.713],[5.251,44.714],[5.253,44.712]]],[[[5.25,44.716],[5.251,44.715],[5.249,44.713],[5.25,44.711],[5.25,44.711],[5.246,44.711],[5.247,44.713],[5.246,44.713],[5.245,44.713],[5.246,44.714],[5.246,44.714],[5.246,44.715],[5.247,44.714],[5.248,44.714],[5.248,44.714],[5.246,44.715],[5.247,44.715],[5.25,44.716]],[[5.249,44.714],[5.249,44.714],[5.249,44.713],[5.249,44.714]],[[5.248,44.715],[5.249,44.716],[5.248,44.715],[5.248,44.715]],[[5.248,44.715],[5.248,44.715],[5.249,44.715],[5.248,44.715]],[[5.249,44.715],[5.248,44.715],[5.249,44.715],[5.249,44.715],[5.249,44.715]],[[5.249,44.713],[5.249,44.713],[5.249,44.713],[5.249,44.713]]],[[[5.267,44.724],[5.265,44.72],[5.265,44.719],[5.264,44.719],[5.263,44.719],[5.265,44.719],[5.263,44.716],[5.265,44.718],[5.264,44.715],[5.263,44.716],[5.264,44.715],[5.263,44.711],[5.257,44.703],[5.256,44.702],[5.255,44.703],[5.256,44.702],[5.253,44.7],[5.253,44.701],[5.253,44.701],[5.253,44.702],[5.253,44.703],[5.26,44.707],[5.258,44.706],[5.261,44.71],[5.261,44.711],[5.261,44.71],[5.261,44.709],[5.261,44.709],[5.261,44.711],[5.262,44.711],[5.263,44.711],[5.263,44.712],[5.261,44.711],[5.259,44.712],[5.257,44.712],[5.255,44.712],[5.259,44.713],[5.259,44.714],[5.259,44.714],[5.261,44.714],[5.261,44.714],[5.26,44.715],[5.262,44.715],[5.262,44.716],[5.262,44.716],[5.26,44.716],[5.26,44.716],[5.259,44.716],[5.259,44.717],[5.259,44.716],[5.258,44.716],[5.255,44.716],[5.255,44.717],[5.255,44.716],[5.256,44.717],[5.256,44.717],[5.258,44.717],[5.259,44.718],[5.259,44.718],[5.256,44.717],[5.255,44.717],[5.253,44.718],[5.252,44.718],[5.252,44.718],[5.253,44.718],[5.254,44.718],[5.254,44.718],[5.252,44.719],[5.254,44.719],[5.255,44.719],[5.255,44.719],[5.255,44.72],[5.256,44.719],[5.257,44.719],[5.259,44.719],[5.259,44.72],[5.26,44.719],[5.261,44.719],[5.262,44.719],[5.262,44.719],[5.263,44.719],[5.263,44.719],[5.263,44.719],[5.259,44.72],[5.253,44.72],[5.254,44.72],[5.256,44.72],[5.257,44.721],[5.259,44.724],[5.259,44.725],[5.259,44.725],[5.261,44.725],[5.265,44.725],[5.263,44.724],[5.261,44.723],[5.263,44.724],[5.266,44.725],[5.266,44.725],[5.261,44.725],[5.259,44.725],[5.259,44.725],[5.259,44.725],[5.261,44.725],[5.262,44.725],[5.262,44.725],[5.263,44.726],[5.263,44.727],[5.264,44.728],[5.265,44.728],[5.265,44.728],[5.266,44.725],[5.267,44.724]],[[5.262,44.717],[5.261,44.717],[5.261,44.717],[5.26,44.718],[5.262,44.717]],[[5.263,44.723],[5.264,44.722],[5.264,44.722],[5.263,44.723]]],[[[5.262,44.715],[5.26,44.715],[5.261,44.714],[5.259,44.714],[5.259,44.713],[5.255,44.712],[5.256,44.714],[5.255,44.716],[5.255,44.717],[5.255,44.716],[5.256,44.716],[5.259,44.716],[5.261,44.716],[5.262,44.716],[5.262,44.715]]],[[[5.256,44.714],[5.255,44.712],[5.253,44.712],[5.251,44.714],[5.252,44.715],[5.252,44.716],[5.252,44.717],[5.252,44.718],[5.255,44.717],[5.254,44.716],[5.256,44.714]]],[[[5.248,44.716],[5.25,44.717],[5.248,44.716],[5.248,44.716]]],[[[5.252,44.716],[5.251,44.715],[5.251,44.715],[5.25,44.716],[5.249,44.717],[5.25,44.717],[5.249,44.717],[5.25,44.719],[5.25,44.717],[5.252,44.716]]],[[[5.274,44.715],[5.273,44.717],[5.273,44.718],[5.274,44.716],[5.274,44.715]]],[[[5.252,44.716],[5.251,44.717],[5.25,44.718],[5.251,44.718],[5.251,44.718],[5.251,44.718],[5.252,44.717],[5.252,44.716]]],[[[5.254,44.718],[5.252,44.718],[5.251,44.718],[5.251,44.718],[5.25,44.718],[5.254,44.718]]],[[[5.266,44.719],[5.265,44.718],[5.265,44.719],[5.266,44.719]]],[[[5.266,44.721],[5.265,44.72],[5.265,44.719],[5.265,44.719],[5.265,44.72],[5.266,44.721]]],[[[5.273,44.72],[5.273,44.721],[5.273,44.722],[5.274,44.723],[5.273,44.722],[5.275,44.722],[5.273,44.721],[5.275,44.721],[5.276,44.721],[5.273,44.72]]],[[[5.268,44.725],[5.268,44.723],[5.266,44.721],[5.268,44.724],[5.267,44.725],[5.268,44.725]]],[[[5.259,44.725],[5.258,44.725],[5.259,44.724],[5.257,44.723],[5.258,44.724],[5.256,44.721],[5.253,44.72],[5.254,44.72],[5.254,44.721],[5.253,44.72],[5.25,44.721],[5.251,44.721],[5.251,44.722],[5.251,44.724],[5.251,44.724],[5.251,44.725],[5.253,44.725],[5.253,44.726],[5.258,44.725],[5.256,44.726],[5.257,44.727],[5.256,44.728],[5.258,44.728],[5.257,44.729],[5.259,44.728],[5.259,44.728],[5.259,44.727],[5.26,44.726],[5.259,44.725]],[[5.258,44.725],[5.258,44.725],[5.258,44.725],[5.258,44.725]],[[5.258,44.725],[5.258,44.725],[5.258,44.725],[5.258,44.725]],[[5.255,44.723],[5.255,44.723],[5.255,44.724],[5.255,44.723]],[[5.255,44.722],[5.255,44.722],[5.255,44.721],[5.255,44.722],[5.255,44.722]]],[[[5.273,44.725],[5.274,44.725],[5.273,44.725],[5.273,44.725]]],[[[5.267,44.725],[5.266,44.726],[5.267,44.725],[5.267,44.725]]],[[[5.263,44.726],[5.259,44.725],[5.26,44.726],[5.259,44.728],[5.261,44.727],[5.263,44.727],[5.263,44.726]]],[[[5.266,44.729],[5.266,44.727],[5.265,44.729],[5.265,44.728],[5.264,44.728],[5.263,44.727],[5.261,44.727],[5.257,44.729],[5.257,44.729],[5.26,44.73],[5.261,44.731],[5.262,44.731],[5.262,44.732],[5.264,44.732],[5.266,44.735],[5.265,44.736],[5.261,44.734],[5.261,44.736],[5.263,44.737],[5.262,44.738],[5.263,44.74],[5.264,44.742],[5.263,44.742],[5.264,44.743],[5.262,44.744],[5.262,44.747],[5.263,44.747],[5.263,44.748],[5.266,44.742],[5.266,44.736],[5.268,44.733],[5.266,44.729],[5.266,44.729],[5.265,44.729],[5.265,44.729],[5.264,44.729],[5.264,44.729],[5.263,44.729],[5.263,44.729],[5.261,44.729],[5.26,44.729],[5.257,44.729],[5.261,44.729],[5.263,44.729],[5.263,44.729],[5.264,44.729],[5.265,44.729],[5.266,44.729]]],[[[5.273,44.733],[5.271,44.735],[5.271,44.736],[5.273,44.736],[5.273,44.736],[5.271,44.736],[5.265,44.748],[5.269,44.743],[5.27,44.743],[5.27,44.742],[5.273,44.741],[5.271,44.739],[5.272,44.737],[5.273,44.737],[5.279,44.739],[5.281,44.737],[5.282,44.737],[5.281,44.736],[5.283,44.735],[5.278,44.733],[5.279,44.731],[5.287,44.735],[5.29,44.734],[5.291,44.736],[5.289,44.737],[5.292,44.738],[5.291,44.736],[5.291,44.733],[5.292,44.732],[5.291,44.731],[5.283,44.73],[5.274,44.73],[5.273,44.733]],[[5.279,44.736],[5.28,44.737],[5.28,44.737],[5.279,44.736]],[[5.273,44.733],[5.273,44.733],[5.273,44.733],[5.273,44.733]]],[[[5.275,44.761],[5.274,44.759],[5.274,44.757],[5.271,44.756],[5.27,44.754],[5.268,44.755],[5.268,44.756],[5.27,44.757],[5.272,44.761],[5.274,44.763],[5.275,44.761]]],[[[5.269,44.767],[5.268,44.764],[5.264,44.761],[5.263,44.759],[5.262,44.755],[5.263,44.753],[5.262,44.753],[5.262,44.752],[5.26,44.752],[5.26,44.754],[5.258,44.754],[5.257,44.755],[5.26,44.754],[5.259,44.755],[5.257,44.762],[5.257,44.762],[5.259,44.763],[5.258,44.764],[5.26,44.764],[5.259,44.767],[5.262,44.767],[5.261,44.769],[5.264,44.769],[5.266,44.767],[5.268,44.768],[5.269,44.767]]],[[[5.256,44.762],[5.255,44.764],[5.256,44.765],[5.257,44.763],[5.256,44.762]]],[[[5.286,44.764],[5.273,44.769],[5.274,44.77],[5.271,44.773],[5.271,44.772],[5.27,44.771],[5.266,44.771],[5.267,44.773],[5.264,44.772],[5.262,44.774],[5.263,44.776],[5.26,44.778],[5.261,44.78],[5.262,44.78],[5.261,44.778],[5.263,44.778],[5.265,44.777],[5.268,44.777],[5.27,44.778],[5.276,44.772],[5.278,44.771],[5.279,44.772],[5.28,44.77],[5.284,44.769],[5.284,44.767],[5.284,44.767],[5.286,44.764]]],[[[5.283,44.778],[5.28,44.777],[5.279,44.776],[5.275,44.78],[5.273,44.781],[5.274,44.782],[5.276,44.78],[5.277,44.782],[5.277,44.781],[5.279,44.782],[5.28,44.781],[5.278,44.779],[5.278,44.779],[5.28,44.779],[5.281,44.779],[5.283,44.78],[5.282,44.78],[5.284,44.779],[5.283,44.778]]],[[[5.278,44.654],[5.277,44.654],[5.279,44.656],[5.278,44.654]]],[[[5.275,44.657],[5.276,44.658],[5.276,44.656],[5.275,44.657],[5.275,44.657]]],[[[5.366,44.659],[5.358,44.658],[5.353,44.657],[5.352,44.658],[5.354,44.658],[5.353,44.66],[5.36,44.66],[5.361,44.661],[5.366,44.659]]],[[[5.277,44.662],[5.272,44.662],[5.272,44.664],[5.277,44.662],[5.277,44.662]]],[[[5.28,44.668],[5.276,44.667],[5.277,44.666],[5.277,44.665],[5.277,44.665],[5.274,44.664],[5.273,44.665],[5.272,44.665],[5.274,44.667],[5.274,44.669],[5.274,44.669],[5.275,44.669],[5.274,44.67],[5.276,44.671],[5.28,44.668]]],[[[5.298,44.684],[5.295,44.683],[5.294,44.681],[5.289,44.682],[5.287,44.689],[5.287,44.689],[5.284,44.688],[5.285,44.686],[5.282,44.686],[5.281,44.688],[5.282,44.688],[5.283,44.688],[5.284,44.689],[5.282,44.69],[5.281,44.689],[5.281,44.69],[5.282,44.691],[5.28,44.692],[5.284,44.692],[5.286,44.69],[5.287,44.691],[5.289,44.691],[5.292,44.693],[5.295,44.693],[5.295,44.691],[5.298,44.684]]],[[[5.301,44.693],[5.297,44.691],[5.296,44.688],[5.295,44.692],[5.297,44.692],[5.297,44.691],[5.299,44.692],[5.299,44.694],[5.3,44.695],[5.301,44.695],[5.301,44.693]]],[[[5.286,44.693],[5.285,44.692],[5.285,44.692],[5.286,44.693]]],[[[5.282,44.695],[5.279,44.693],[5.274,44.695],[5.272,44.697],[5.272,44.699],[5.268,44.701],[5.269,44.702],[5.27,44.701],[5.274,44.7],[5.273,44.701],[5.273,44.703],[5.274,44.704],[5.276,44.702],[5.275,44.7],[5.276,44.699],[5.276,44.697],[5.278,44.698],[5.278,44.699],[5.278,44.699],[5.281,44.699],[5.28,44.699],[5.282,44.696],[5.282,44.695]]],[[[5.307,44.702],[5.308,44.703],[5.31,44.702],[5.309,44.702],[5.307,44.702]]],[[[5.283,44.693],[5.282,44.695],[5.286,44.697],[5.284,44.698],[5.284,44.7],[5.285,44.701],[5.285,44.7],[5.286,44.701],[5.288,44.702],[5.284,44.706],[5.286,44.706],[5.288,44.704],[5.291,44.703],[5.29,44.707],[5.285,44.708],[5.284,44.708],[5.283,44.709],[5.276,44.712],[5.276,44.713],[5.275,44.713],[5.278,44.715],[5.278,44.717],[5.279,44.716],[5.281,44.717],[5.279,44.721],[5.281,44.721],[5.281,44.719],[5.283,44.719],[5.283,44.718],[5.284,44.719],[5.284,44.718],[5.289,44.719],[5.29,44.719],[5.288,44.717],[5.285,44.717],[5.286,44.715],[5.284,44.715],[5.288,44.713],[5.296,44.712],[5.294,44.71],[5.295,44.71],[5.295,44.711],[5.296,44.711],[5.295,44.71],[5.296,44.709],[5.297,44.71],[5.299,44.711],[5.299,44.709],[5.304,44.709],[5.305,44.708],[5.299,44.707],[5.298,44.705],[5.296,44.705],[5.297,44.703],[5.293,44.702],[5.295,44.701],[5.293,44.698],[5.294,44.697],[5.295,44.698],[5.297,44.698],[5.295,44.699],[5.296,44.7],[5.297,44.699],[5.298,44.699],[5.299,44.701],[5.301,44.701],[5.301,44.7],[5.301,44.699],[5.301,44.698],[5.302,44.698],[5.304,44.701],[5.306,44.702],[5.307,44.702],[5.307,44.701],[5.309,44.7],[5.307,44.698],[5.309,44.698],[5.311,44.7],[5.312,44.7],[5.313,44.701],[5.314,44.7],[5.313,44.699],[5.314,44.696],[5.311,44.697],[5.304,44.696],[5.301,44.696],[5.3,44.695],[5.301,44.697],[5.299,44.698],[5.297,44.696],[5.298,44.694],[5.296,44.695],[5.295,44.693],[5.288,44.694],[5.288,44.696],[5.287,44.695],[5.286,44.696],[5.286,44.696],[5.285,44.696],[5.287,44.694],[5.283,44.693]],[[5.284,44.694],[5.284,44.694],[5.284,44.694],[5.284,44.694]]],[[[5.277,44.706],[5.277,44.705],[5.275,44.705],[5.276,44.708],[5.273,44.709],[5.271,44.708],[5.273,44.713],[5.276,44.713],[5.276,44.712],[5.277,44.711],[5.277,44.709],[5.279,44.709],[5.278,44.708],[5.28,44.706],[5.277,44.706]]],[[[5.316,44.713],[5.312,44.71],[5.309,44.711],[5.303,44.71],[5.306,44.712],[5.303,44.712],[5.304,44.714],[5.304,44.715],[5.305,44.714],[5.307,44.715],[5.306,44.713],[5.307,44.712],[5.309,44.712],[5.31,44.711],[5.312,44.711],[5.307,44.714],[5.308,44.716],[5.309,44.716],[5.306,44.718],[5.309,44.717],[5.31,44.718],[5.311,44.716],[5.313,44.717],[5.315,44.715],[5.313,44.715],[5.313,44.714],[5.316,44.713]]],[[[5.305,44.716],[5.304,44.715],[5.301,44.716],[5.302,44.719],[5.3,44.72],[5.302,44.72],[5.304,44.718],[5.304,44.716],[5.306,44.717],[5.306,44.716],[5.305,44.715],[5.305,44.716]]],[[[5.31,44.719],[5.311,44.72],[5.312,44.72],[5.313,44.719],[5.31,44.719]]],[[[5.31,44.72],[5.306,44.718],[5.299,44.722],[5.291,44.724],[5.288,44.724],[5.287,44.724],[5.289,44.726],[5.301,44.725],[5.306,44.723],[5.302,44.722],[5.302,44.723],[5.301,44.723],[5.3,44.722],[5.304,44.722],[5.306,44.723],[5.31,44.722],[5.31,44.72]]],[[[5.291,44.723],[5.292,44.722],[5.292,44.722],[5.291,44.723]]],[[[5.291,44.727],[5.289,44.727],[5.289,44.728],[5.291,44.727]]],[[[5.279,44.729],[5.279,44.729],[5.281,44.729],[5.28,44.729],[5.279,44.729]]],[[[5.303,44.734],[5.3,44.733],[5.3,44.73],[5.299,44.729],[5.289,44.728],[5.287,44.725],[5.285,44.725],[5.275,44.726],[5.272,44.726],[5.273,44.727],[5.273,44.729],[5.276,44.73],[5.277,44.73],[5.277,44.729],[5.279,44.728],[5.284,44.728],[5.284,44.726],[5.286,44.726],[5.287,44.728],[5.286,44.728],[5.286,44.729],[5.282,44.728],[5.281,44.729],[5.291,44.731],[5.296,44.734],[5.303,44.734]]],[[[5.308,44.733],[5.305,44.733],[5.306,44.734],[5.308,44.733]]],[[[5.298,44.739],[5.296,44.736],[5.295,44.735],[5.292,44.733],[5.292,44.737],[5.294,44.736],[5.295,44.738],[5.295,44.737],[5.297,44.739],[5.298,44.739]]],[[[5.305,44.739],[5.301,44.736],[5.304,44.736],[5.304,44.733],[5.303,44.734],[5.299,44.734],[5.3,44.735],[5.301,44.736],[5.302,44.737],[5.302,44.738],[5.304,44.738],[5.305,44.739]]],[[[5.304,44.739],[5.302,44.738],[5.299,44.734],[5.296,44.734],[5.291,44.731],[5.301,44.74],[5.301,44.739],[5.302,44.739],[5.302,44.74],[5.303,44.739],[5.303,44.741],[5.304,44.741],[5.304,44.739]]],[[[5.292,44.737],[5.292,44.738],[5.292,44.738],[5.292,44.737]]],[[[5.361,44.75],[5.359,44.75],[5.36,44.751],[5.361,44.75]]],[[[5.359,44.75],[5.358,44.752],[5.359,44.752],[5.36,44.751],[5.359,44.75]]],[[[5.35,44.757],[5.35,44.758],[5.351,44.758],[5.351,44.757],[5.351,44.758],[5.35,44.757]]],[[[5.351,44.759],[5.35,44.758],[5.35,44.757],[5.347,44.758],[5.348,44.758],[5.349,44.759],[5.351,44.759]]],[[[5.349,44.76],[5.345,44.757],[5.345,44.758],[5.345,44.759],[5.344,44.759],[5.344,44.759],[5.344,44.759],[5.345,44.759],[5.345,44.758],[5.346,44.761],[5.347,44.761],[5.349,44.76]]],[[[5.342,44.759],[5.341,44.76],[5.342,44.76],[5.342,44.759]]],[[[5.345,44.761],[5.344,44.76],[5.343,44.758],[5.342,44.76],[5.343,44.761],[5.345,44.761]]],[[[5.342,44.76],[5.342,44.761],[5.342,44.762],[5.343,44.761],[5.343,44.761],[5.343,44.761],[5.342,44.76]]],[[[5.342,44.76],[5.339,44.76],[5.34,44.761],[5.337,44.762],[5.337,44.764],[5.339,44.764],[5.342,44.762],[5.342,44.76],[5.342,44.76]]],[[[5.336,44.764],[5.336,44.761],[5.334,44.762],[5.336,44.762],[5.334,44.763],[5.335,44.764],[5.336,44.764]]],[[[5.298,44.765],[5.295,44.764],[5.293,44.764],[5.295,44.764],[5.296,44.767],[5.298,44.765]]],[[[5.309,44.767],[5.305,44.764],[5.298,44.764],[5.297,44.767],[5.293,44.77],[5.295,44.77],[5.295,44.769],[5.298,44.767],[5.299,44.765],[5.305,44.765],[5.309,44.767]]],[[[5.288,44.768],[5.286,44.766],[5.285,44.766],[5.284,44.767],[5.284,44.769],[5.286,44.77],[5.288,44.768]]],[[[5.352,44.77],[5.349,44.772],[5.35,44.772],[5.353,44.772],[5.352,44.77]]],[[[5.34,44.771],[5.341,44.772],[5.341,44.772],[5.342,44.773],[5.342,44.774],[5.343,44.773],[5.343,44.773],[5.34,44.771]]],[[[5.29,44.77],[5.285,44.772],[5.283,44.771],[5.283,44.773],[5.279,44.776],[5.283,44.778],[5.284,44.779],[5.284,44.778],[5.286,44.778],[5.287,44.778],[5.289,44.778],[5.289,44.776],[5.287,44.775],[5.289,44.775],[5.29,44.773],[5.289,44.771],[5.29,44.77]]],[[[5.343,44.773],[5.342,44.774],[5.342,44.774],[5.343,44.773]]],[[[5.319,44.771],[5.317,44.771],[5.31,44.767],[5.309,44.767],[5.311,44.77],[5.31,44.77],[5.312,44.771],[5.312,44.771],[5.312,44.772],[5.312,44.773],[5.316,44.774],[5.319,44.774],[5.316,44.775],[5.316,44.776],[5.314,44.777],[5.315,44.777],[5.311,44.78],[5.315,44.782],[5.317,44.78],[5.319,44.774],[5.32,44.773],[5.32,44.772],[5.319,44.772],[5.319,44.771]]],[[[5.342,44.774],[5.341,44.775],[5.34,44.775],[5.34,44.775],[5.34,44.775],[5.341,44.774],[5.341,44.774],[5.34,44.773],[5.34,44.774],[5.338,44.774],[5.339,44.777],[5.338,44.774],[5.34,44.773],[5.342,44.774],[5.34,44.771],[5.339,44.771],[5.339,44.771],[5.337,44.772],[5.337,44.772],[5.336,44.773],[5.336,44.773],[5.336,44.773],[5.336,44.773],[5.336,44.773],[5.335,44.773],[5.335,44.774],[5.335,44.773],[5.339,44.771],[5.339,44.77],[5.335,44.772],[5.334,44.771],[5.333,44.773],[5.334,44.775],[5.333,44.773],[5.331,44.773],[5.33,44.771],[5.321,44.773],[5.32,44.778],[5.317,44.78],[5.318,44.781],[5.317,44.785],[5.315,44.785],[5.313,44.789],[5.311,44.79],[5.309,44.789],[5.306,44.794],[5.308,44.794],[5.308,44.795],[5.309,44.794],[5.31,44.795],[5.311,44.794],[5.312,44.795],[5.314,44.794],[5.315,44.792],[5.315,44.792],[5.317,44.791],[5.319,44.789],[5.317,44.788],[5.318,44.788],[5.32,44.786],[5.323,44.786],[5.323,44.785],[5.325,44.786],[5.327,44.785],[5.326,44.783],[5.327,44.782],[5.327,44.781],[5.328,44.781],[5.331,44.779],[5.331,44.779],[5.332,44.779],[5.331,44.777],[5.333,44.777],[5.333,44.776],[5.336,44.776],[5.336,44.777],[5.337,44.777],[5.335,44.778],[5.335,44.778],[5.337,44.779],[5.339,44.777],[5.342,44.776],[5.342,44.774]],[[5.334,44.776],[5.334,44.775],[5.334,44.775],[5.334,44.776]]],[[[5.359,44.775],[5.356,44.773],[5.355,44.774],[5.356,44.773],[5.354,44.772],[5.353,44.772],[5.353,44.777],[5.358,44.777],[5.358,44.775],[5.359,44.775]]],[[[5.363,44.775],[5.362,44.774],[5.363,44.776],[5.363,44.776],[5.364,44.776],[5.364,44.776],[5.363,44.775]]],[[[5.342,44.774],[5.342,44.776],[5.341,44.778],[5.342,44.777],[5.343,44.776],[5.344,44.775],[5.345,44.774],[5.343,44.773],[5.342,44.774]]],[[[5.359,44.775],[5.358,44.777],[5.359,44.777],[5.36,44.775],[5.359,44.775]]],[[[5.349,44.781],[5.348,44.778],[5.347,44.779],[5.346,44.78],[5.346,44.78],[5.345,44.78],[5.348,44.778],[5.348,44.777],[5.347,44.777],[5.345,44.778],[5.348,44.777],[5.347,44.775],[5.346,44.775],[5.345,44.777],[5.345,44.777],[5.346,44.775],[5.345,44.774],[5.341,44.778],[5.344,44.779],[5.343,44.78],[5.345,44.781],[5.345,44.782],[5.347,44.782],[5.349,44.781]]],[[[5.351,44.778],[5.352,44.779],[5.352,44.778],[5.351,44.778]]],[[[5.351,44.779],[5.351,44.78],[5.352,44.78],[5.352,44.78],[5.351,44.779]]],[[[5.354,44.782],[5.352,44.781],[5.352,44.783],[5.353,44.783],[5.354,44.782]]],[[[5.348,44.781],[5.347,44.782],[5.349,44.784],[5.349,44.784],[5.348,44.781]]],[[[5.314,44.782],[5.311,44.784],[5.307,44.784],[5.307,44.785],[5.31,44.785],[5.312,44.786],[5.312,44.784],[5.315,44.783],[5.314,44.782]]],[[[5.307,44.792],[5.304,44.794],[5.303,44.796],[5.305,44.795],[5.307,44.792]]],[[[5.38,44.656],[5.379,44.657],[5.38,44.659],[5.38,44.656]]],[[[5.395,44.673],[5.389,44.667],[5.383,44.664],[5.375,44.662],[5.372,44.66],[5.369,44.66],[5.367,44.659],[5.361,44.661],[5.359,44.661],[5.356,44.662],[5.358,44.665],[5.36,44.662],[5.361,44.664],[5.362,44.664],[5.365,44.665],[5.366,44.664],[5.369,44.666],[5.369,44.667],[5.376,44.667],[5.377,44.666],[5.379,44.667],[5.381,44.666],[5.385,44.667],[5.386,44.666],[5.386,44.669],[5.388,44.669],[5.389,44.67],[5.389,44.671],[5.392,44.673],[5.395,44.673]],[[5.378,44.663],[5.373,44.663],[5.371,44.662],[5.369,44.662],[5.375,44.663],[5.379,44.663],[5.378,44.663]]],[[[5.365,44.674],[5.364,44.674],[5.365,44.674],[5.365,44.674]]],[[[5.363,44.676],[5.363,44.675],[5.362,44.676],[5.362,44.677],[5.363,44.676]]],[[[5.386,44.681],[5.382,44.679],[5.379,44.676],[5.375,44.675],[5.372,44.675],[5.372,44.676],[5.375,44.678],[5.375,44.681],[5.377,44.681],[5.377,44.681],[5.38,44.682],[5.381,44.682],[5.386,44.681]]],[[[5.386,44.687],[5.382,44.687],[5.381,44.688],[5.384,44.688],[5.386,44.687]]],[[[5.39,44.696],[5.386,44.696],[5.386,44.695],[5.382,44.695],[5.382,44.696],[5.384,44.696],[5.384,44.698],[5.381,44.698],[5.38,44.699],[5.389,44.699],[5.39,44.696]]],[[[5.38,44.7],[5.378,44.701],[5.378,44.702],[5.382,44.701],[5.38,44.7]]],[[[5.38,44.708],[5.382,44.709],[5.384,44.708],[5.384,44.708],[5.38,44.708]]],[[[5.393,44.71],[5.391,44.709],[5.391,44.708],[5.39,44.708],[5.385,44.709],[5.382,44.709],[5.381,44.71],[5.375,44.71],[5.376,44.71],[5.374,44.712],[5.376,44.713],[5.379,44.711],[5.386,44.712],[5.392,44.711],[5.393,44.71]]],[[[5.383,44.715],[5.381,44.715],[5.38,44.716],[5.384,44.716],[5.383,44.715]]],[[[5.386,44.716],[5.384,44.716],[5.384,44.717],[5.386,44.717],[5.386,44.716]]],[[[5.377,44.72],[5.375,44.721],[5.378,44.721],[5.377,44.72]]],[[[5.377,44.721],[5.375,44.721],[5.376,44.722],[5.377,44.721]]],[[[5.378,44.721],[5.377,44.721],[5.378,44.722],[5.38,44.722],[5.378,44.721]]],[[[5.377,44.722],[5.377,44.722],[5.376,44.722],[5.377,44.722]]],[[[5.383,44.722],[5.381,44.721],[5.385,44.724],[5.387,44.725],[5.383,44.722]]],[[[5.382,44.726],[5.381,44.727],[5.382,44.729],[5.385,44.729],[5.385,44.727],[5.383,44.727],[5.382,44.726]]],[[[5.381,44.739],[5.381,44.739],[5.381,44.739],[5.381,44.739]]],[[[5.381,44.739],[5.378,44.74],[5.38,44.741],[5.381,44.739]]],[[[5.388,44.748],[5.386,44.747],[5.384,44.749],[5.386,44.749],[5.387,44.749],[5.387,44.749],[5.387,44.748],[5.388,44.748],[5.39,44.749],[5.388,44.748]]],[[[5.384,44.749],[5.385,44.749],[5.385,44.749],[5.384,44.749]]],[[[5.382,44.751],[5.38,44.751],[5.381,44.752],[5.382,44.751],[5.382,44.751]]],[[[5.386,44.751],[5.387,44.751],[5.387,44.751],[5.387,44.751],[5.386,44.751]]],[[[5.385,44.753],[5.382,44.751],[5.381,44.752],[5.382,44.753],[5.384,44.754],[5.385,44.753]]],[[[5.388,44.754],[5.385,44.753],[5.384,44.754],[5.386,44.755],[5.387,44.755],[5.387,44.755],[5.388,44.755],[5.388,44.754]]],[[[5.39,44.756],[5.387,44.755],[5.387,44.755],[5.386,44.755],[5.385,44.754],[5.385,44.755],[5.387,44.756],[5.39,44.756]]],[[[5.375,44.755],[5.373,44.756],[5.374,44.756],[5.374,44.756],[5.373,44.756],[5.373,44.757],[5.375,44.757],[5.375,44.755]]],[[[5.372,44.757],[5.371,44.756],[5.37,44.758],[5.372,44.759],[5.373,44.757],[5.372,44.757]]],[[[5.384,44.763],[5.381,44.76],[5.38,44.761],[5.38,44.761],[5.381,44.76],[5.375,44.755],[5.377,44.758],[5.375,44.756],[5.374,44.757],[5.377,44.759],[5.377,44.761],[5.378,44.761],[5.379,44.761],[5.379,44.761],[5.379,44.761],[5.378,44.761],[5.381,44.764],[5.381,44.765],[5.382,44.765],[5.383,44.764],[5.385,44.763],[5.384,44.763]]],[[[5.378,44.761],[5.378,44.761],[5.378,44.761],[5.378,44.761]]],[[[5.371,44.763],[5.369,44.761],[5.367,44.763],[5.369,44.762],[5.371,44.763],[5.371,44.763]]],[[[5.374,44.764],[5.374,44.762],[5.374,44.761],[5.373,44.761],[5.372,44.76],[5.371,44.761],[5.372,44.761],[5.373,44.762],[5.373,44.763],[5.373,44.763],[5.373,44.764],[5.372,44.761],[5.371,44.761],[5.371,44.761],[5.372,44.76],[5.369,44.759],[5.369,44.761],[5.371,44.761],[5.373,44.764],[5.372,44.763],[5.371,44.764],[5.371,44.764],[5.37,44.764],[5.37,44.764],[5.371,44.763],[5.369,44.764],[5.368,44.763],[5.369,44.764],[5.372,44.764],[5.373,44.764],[5.374,44.764],[5.374,44.764]]],[[[5.378,44.763],[5.376,44.761],[5.376,44.762],[5.376,44.762],[5.376,44.762],[5.376,44.762],[5.375,44.763],[5.376,44.764],[5.377,44.764],[5.378,44.763]]],[[[5.375,44.762],[5.374,44.761],[5.375,44.764],[5.375,44.764],[5.375,44.763],[5.376,44.761],[5.375,44.761],[5.375,44.762]]],[[[5.369,44.763],[5.368,44.763],[5.369,44.763],[5.369,44.763],[5.369,44.763]]],[[[5.367,44.763],[5.368,44.763],[5.368,44.763],[5.367,44.763]]],[[[5.37,44.763],[5.369,44.763],[5.369,44.763],[5.37,44.763]]],[[[5.371,44.763],[5.371,44.763],[5.372,44.763],[5.371,44.763]]],[[[5.381,44.765],[5.379,44.764],[5.38,44.767],[5.382,44.765],[5.381,44.765]]],[[[5.384,44.765],[5.384,44.765],[5.383,44.765],[5.383,44.766],[5.383,44.766],[5.384,44.767],[5.386,44.765],[5.384,44.765]]],[[[5.383,44.766],[5.382,44.765],[5.381,44.766],[5.383,44.767],[5.384,44.767],[5.383,44.766]]],[[[5.389,44.766],[5.386,44.765],[5.388,44.766],[5.387,44.767],[5.386,44.765],[5.385,44.766],[5.386,44.767],[5.386,44.767],[5.388,44.768],[5.389,44.766]]],[[[5.385,44.766],[5.384,44.767],[5.386,44.767],[5.385,44.766]]],[[[5.383,44.771],[5.384,44.767],[5.383,44.767],[5.381,44.766],[5.38,44.767],[5.383,44.771]]],[[[5.365,44.771],[5.364,44.771],[5.365,44.77],[5.365,44.77],[5.365,44.77],[5.365,44.769],[5.365,44.768],[5.364,44.768],[5.362,44.767],[5.364,44.77],[5.364,44.771],[5.363,44.771],[5.363,44.772],[5.366,44.772],[5.365,44.771]]],[[[5.371,44.771],[5.368,44.769],[5.368,44.77],[5.369,44.77],[5.369,44.772],[5.369,44.77],[5.368,44.771],[5.368,44.769],[5.367,44.77],[5.366,44.768],[5.365,44.768],[5.365,44.77],[5.366,44.771],[5.366,44.771],[5.366,44.772],[5.37,44.773],[5.371,44.771]]],[[[5.376,44.772],[5.372,44.768],[5.371,44.769],[5.372,44.769],[5.372,44.769],[5.373,44.77],[5.371,44.768],[5.369,44.769],[5.37,44.771],[5.371,44.77],[5.374,44.774],[5.375,44.774],[5.375,44.772],[5.376,44.772]]],[[[5.373,44.773],[5.371,44.772],[5.372,44.773],[5.373,44.773]]],[[[5.366,44.773],[5.366,44.773],[5.366,44.774],[5.366,44.773]]],[[[5.366,44.773],[5.366,44.773],[5.367,44.773],[5.367,44.773],[5.367,44.773],[5.366,44.773]]],[[[5.385,44.772],[5.384,44.771],[5.383,44.775],[5.385,44.775],[5.385,44.772]]],[[[5.382,44.774],[5.378,44.773],[5.379,44.774],[5.38,44.775],[5.382,44.775],[5.382,44.774]]],[[[5.367,44.773],[5.366,44.773],[5.366,44.774],[5.366,44.774],[5.364,44.773],[5.363,44.773],[5.364,44.773],[5.365,44.773],[5.365,44.774],[5.363,44.773],[5.365,44.776],[5.365,44.776],[5.365,44.776],[5.366,44.776],[5.366,44.776],[5.367,44.775],[5.367,44.775],[5.367,44.776],[5.368,44.775],[5.367,44.775],[5.367,44.773]]],[[[5.367,44.775],[5.366,44.776],[5.366,44.776],[5.367,44.776],[5.367,44.775]]],[[[5.369,44.776],[5.368,44.776],[5.367,44.776],[5.367,44.776],[5.367,44.776],[5.365,44.776],[5.365,44.777],[5.365,44.778],[5.368,44.777],[5.368,44.776],[5.369,44.776]]],[[[5.365,44.778],[5.364,44.776],[5.363,44.776],[5.365,44.778]]],[[[5.416,44.642],[5.414,44.642],[5.41,44.643],[5.411,44.644],[5.415,44.643],[5.416,44.642]]],[[[5.41,44.65],[5.405,44.649],[5.404,44.649],[5.407,44.651],[5.41,44.65]]],[[[5.408,44.656],[5.407,44.655],[5.405,44.656],[5.405,44.657],[5.406,44.657],[5.408,44.657],[5.407,44.657],[5.408,44.656]]],[[[5.398,44.659],[5.398,44.658],[5.395,44.657],[5.397,44.66],[5.398,44.659]]],[[[5.387,44.658],[5.387,44.661],[5.389,44.662],[5.389,44.66],[5.388,44.659],[5.389,44.658],[5.387,44.658]]],[[[5.403,44.67],[5.402,44.668],[5.403,44.668],[5.4,44.666],[5.398,44.663],[5.398,44.664],[5.394,44.664],[5.402,44.67],[5.403,44.67]]],[[[5.415,44.673],[5.413,44.67],[5.409,44.672],[5.408,44.674],[5.41,44.675],[5.413,44.673],[5.415,44.673]]],[[[5.403,44.697],[5.405,44.697],[5.405,44.696],[5.403,44.697],[5.403,44.697]]],[[[5.415,44.697],[5.413,44.696],[5.412,44.696],[5.414,44.697],[5.414,44.698],[5.415,44.697]]],[[[5.412,44.696],[5.41,44.696],[5.406,44.699],[5.405,44.698],[5.404,44.698],[5.404,44.702],[5.406,44.702],[5.407,44.701],[5.406,44.699],[5.411,44.698],[5.411,44.697],[5.412,44.697],[5.412,44.696]]],[[[5.389,44.7],[5.386,44.699],[5.381,44.7],[5.383,44.702],[5.382,44.702],[5.387,44.701],[5.39,44.701],[5.389,44.7]]],[[[5.414,44.706],[5.414,44.705],[5.415,44.706],[5.415,44.705],[5.412,44.704],[5.408,44.705],[5.409,44.706],[5.411,44.705],[5.411,44.706],[5.412,44.705],[5.414,44.706]]],[[[5.413,44.711],[5.413,44.71],[5.409,44.708],[5.409,44.709],[5.411,44.711],[5.413,44.711]]],[[[5.395,44.711],[5.392,44.712],[5.393,44.713],[5.395,44.711]]],[[[5.416,44.711],[5.414,44.711],[5.415,44.712],[5.416,44.712],[5.416,44.711]]],[[[5.396,44.713],[5.396,44.711],[5.395,44.711],[5.395,44.713],[5.396,44.714],[5.396,44.715],[5.396,44.713]]],[[[5.386,44.716],[5.386,44.716],[5.388,44.717],[5.388,44.716],[5.386,44.716]]],[[[5.414,44.715],[5.413,44.715],[5.409,44.717],[5.41,44.717],[5.414,44.715]]],[[[5.387,44.717],[5.388,44.717],[5.386,44.716],[5.386,44.717],[5.387,44.717]]],[[[5.421,44.72],[5.42,44.719],[5.415,44.72],[5.412,44.719],[5.413,44.717],[5.411,44.719],[5.409,44.718],[5.406,44.719],[5.409,44.719],[5.41,44.72],[5.413,44.721],[5.416,44.723],[5.419,44.721],[5.421,44.722],[5.421,44.72]]],[[[5.407,44.722],[5.405,44.721],[5.405,44.721],[5.407,44.722]]],[[[5.404,44.721],[5.401,44.724],[5.401,44.725],[5.405,44.722],[5.404,44.721]]],[[[5.414,44.728],[5.412,44.725],[5.414,44.725],[5.412,44.724],[5.412,44.723],[5.408,44.723],[5.408,44.724],[5.407,44.723],[5.407,44.725],[5.403,44.724],[5.402,44.725],[5.408,44.725],[5.408,44.724],[5.409,44.723],[5.41,44.724],[5.409,44.726],[5.408,44.725],[5.408,44.727],[5.406,44.727],[5.406,44.726],[5.401,44.726],[5.399,44.727],[5.396,44.727],[5.395,44.727],[5.398,44.727],[5.4,44.728],[5.402,44.727],[5.405,44.727],[5.405,44.727],[5.407,44.727],[5.408,44.729],[5.409,44.729],[5.411,44.728],[5.41,44.728],[5.411,44.727],[5.41,44.727],[5.411,44.726],[5.414,44.728]]],[[[5.408,44.738],[5.406,44.736],[5.406,44.737],[5.406,44.738],[5.407,44.738],[5.408,44.738],[5.408,44.738]]],[[[5.408,44.738],[5.406,44.738],[5.406,44.737],[5.405,44.738],[5.407,44.739],[5.408,44.738]]],[[[5.402,44.741],[5.401,44.739],[5.401,44.739],[5.4,44.74],[5.4,44.74],[5.4,44.74],[5.399,44.74],[5.402,44.739],[5.399,44.738],[5.398,44.74],[5.402,44.741]]],[[[5.397,44.738],[5.395,44.741],[5.396,44.741],[5.397,44.738]]],[[[5.409,44.739],[5.411,44.74],[5.411,44.739],[5.409,44.739]]],[[[5.411,44.74],[5.412,44.739],[5.411,44.739],[5.411,44.74]]],[[[5.408,44.739],[5.407,44.739],[5.406,44.741],[5.407,44.741],[5.408,44.739]]],[[[5.413,44.74],[5.412,44.74],[5.412,44.741],[5.413,44.741],[5.413,44.74],[5.413,44.74]]],[[[5.414,44.74],[5.413,44.741],[5.414,44.741],[5.414,44.74]]],[[[5.404,44.741],[5.404,44.74],[5.404,44.742],[5.404,44.741]]],[[[5.403,44.74],[5.402,44.741],[5.403,44.743],[5.404,44.74],[5.403,44.74]]],[[[5.405,44.743],[5.404,44.741],[5.404,44.742],[5.405,44.743]]],[[[5.395,44.745],[5.392,44.742],[5.391,44.742],[5.391,44.743],[5.392,44.742],[5.392,44.742],[5.395,44.745]]],[[[5.398,44.745],[5.396,44.744],[5.396,44.744],[5.397,44.744],[5.397,44.745],[5.398,44.746],[5.398,44.746],[5.398,44.746],[5.398,44.745]]],[[[5.396,44.745],[5.392,44.743],[5.392,44.744],[5.392,44.744],[5.392,44.744],[5.392,44.744],[5.392,44.744],[5.392,44.744],[5.393,44.745],[5.394,44.746],[5.394,44.747],[5.394,44.746],[5.392,44.744],[5.392,44.743],[5.392,44.743],[5.392,44.742],[5.385,44.746],[5.39,44.747],[5.394,44.747],[5.395,44.748],[5.396,44.745]]],[[[5.401,44.746],[5.398,44.746],[5.396,44.744],[5.395,44.744],[5.396,44.745],[5.396,44.746],[5.4,44.748],[5.401,44.746]]],[[[5.399,44.747],[5.398,44.747],[5.396,44.746],[5.396,44.745],[5.395,44.745],[5.396,44.745],[5.396,44.746],[5.398,44.747],[5.399,44.747]]],[[[5.399,44.747],[5.397,44.747],[5.398,44.748],[5.399,44.747],[5.399,44.747]]],[[[5.4,44.748],[5.399,44.747],[5.398,44.748],[5.4,44.749],[5.4,44.748]]],[[[5.397,44.747],[5.396,44.748],[5.396,44.749],[5.397,44.749],[5.397,44.749],[5.397,44.749],[5.398,44.75],[5.397,44.749],[5.397,44.749],[5.397,44.749],[5.398,44.748],[5.397,44.747]]],[[[5.399,44.749],[5.397,44.749],[5.398,44.75],[5.399,44.749]]],[[[5.397,44.749],[5.395,44.748],[5.393,44.749],[5.391,44.749],[5.392,44.75],[5.392,44.749],[5.393,44.749],[5.393,44.75],[5.393,44.75],[5.395,44.749],[5.398,44.75],[5.397,44.749]]],[[[5.393,44.751],[5.393,44.75],[5.392,44.75],[5.392,44.75],[5.39,44.749],[5.388,44.748],[5.387,44.749],[5.387,44.749],[5.386,44.749],[5.383,44.751],[5.384,44.751],[5.384,44.751],[5.385,44.75],[5.386,44.75],[5.384,44.751],[5.39,44.75],[5.392,44.751],[5.393,44.751]]],[[[5.4,44.75],[5.398,44.75],[5.399,44.751],[5.4,44.75]]],[[[5.398,44.75],[5.395,44.749],[5.395,44.751],[5.393,44.75],[5.393,44.751],[5.392,44.751],[5.392,44.751],[5.391,44.751],[5.393,44.752],[5.395,44.751],[5.393,44.752],[5.392,44.751],[5.39,44.75],[5.388,44.751],[5.391,44.752],[5.398,44.753],[5.398,44.752],[5.397,44.752],[5.398,44.751],[5.398,44.75]],[[5.398,44.75],[5.398,44.75],[5.398,44.75],[5.398,44.75]]],[[[5.396,44.753],[5.397,44.754],[5.398,44.753],[5.396,44.753]]],[[[5.394,44.754],[5.39,44.754],[5.388,44.753],[5.391,44.755],[5.392,44.755],[5.392,44.754],[5.392,44.754],[5.393,44.754],[5.393,44.754],[5.393,44.754],[5.394,44.754]]],[[[5.399,44.755],[5.394,44.754],[5.393,44.754],[5.393,44.754],[5.392,44.754],[5.392,44.755],[5.394,44.754],[5.397,44.755],[5.398,44.755],[5.399,44.755]]],[[[5.391,44.757],[5.39,44.758],[5.39,44.758],[5.392,44.758],[5.391,44.757]]],[[[5.391,44.758],[5.39,44.758],[5.389,44.76],[5.392,44.76],[5.392,44.758],[5.391,44.758]]],[[[5.391,44.767],[5.389,44.766],[5.389,44.766],[5.389,44.767],[5.391,44.767]]],[[[5.391,44.768],[5.391,44.767],[5.391,44.767],[5.391,44.767],[5.391,44.767],[5.391,44.768],[5.392,44.768],[5.391,44.768]]],[[[5.395,44.769],[5.393,44.767],[5.391,44.767],[5.392,44.768],[5.393,44.768],[5.393,44.768],[5.392,44.768],[5.392,44.769],[5.393,44.77],[5.393,44.77],[5.394,44.771],[5.396,44.77],[5.395,44.769]]],[[[5.436,44.618],[5.426,44.607],[5.424,44.606],[5.422,44.604],[5.42,44.604],[5.419,44.607],[5.422,44.606],[5.423,44.607],[5.422,44.609],[5.425,44.609],[5.426,44.612],[5.433,44.618],[5.435,44.617],[5.435,44.618],[5.435,44.619],[5.436,44.618]]],[[[5.461,44.617],[5.46,44.616],[5.456,44.615],[5.455,44.616],[5.454,44.617],[5.454,44.618],[5.456,44.618],[5.456,44.617],[5.46,44.618],[5.461,44.617]]],[[[5.423,44.619],[5.418,44.617],[5.418,44.617],[5.422,44.619],[5.423,44.619]]],[[[5.426,44.622],[5.425,44.62],[5.423,44.621],[5.423,44.621],[5.425,44.622],[5.426,44.622]]],[[[5.426,44.625],[5.423,44.622],[5.421,44.622],[5.421,44.623],[5.416,44.622],[5.413,44.623],[5.412,44.625],[5.424,44.626],[5.426,44.625]]],[[[5.415,44.628],[5.412,44.628],[5.413,44.629],[5.414,44.629],[5.415,44.628]]],[[[5.424,44.631],[5.422,44.629],[5.42,44.628],[5.419,44.629],[5.422,44.63],[5.422,44.632],[5.424,44.632],[5.425,44.631],[5.424,44.631]]],[[[5.447,44.633],[5.446,44.631],[5.445,44.631],[5.446,44.633],[5.447,44.633]]],[[[5.418,44.637],[5.416,44.636],[5.415,44.636],[5.416,44.637],[5.418,44.637]]],[[[5.42,44.637],[5.421,44.637],[5.422,44.637],[5.419,44.637],[5.42,44.637]]],[[[5.459,44.646],[5.455,44.647],[5.455,44.649],[5.459,44.646]]],[[[5.469,44.648],[5.468,44.65],[5.469,44.652],[5.471,44.651],[5.47,44.65],[5.471,44.648],[5.469,44.648]]],[[[5.452,44.653],[5.45,44.651],[5.448,44.65],[5.443,44.651],[5.43,44.652],[5.43,44.653],[5.431,44.653],[5.431,44.652],[5.434,44.652],[5.434,44.653],[5.436,44.653],[5.437,44.652],[5.438,44.654],[5.443,44.654],[5.446,44.653],[5.446,44.652],[5.451,44.652],[5.451,44.653],[5.452,44.653]]],[[[5.464,44.652],[5.465,44.652],[5.464,44.652],[5.464,44.652]]],[[[5.428,44.653],[5.43,44.654],[5.43,44.654],[5.428,44.653]]],[[[5.465,44.653],[5.466,44.653],[5.467,44.653],[5.465,44.653]]],[[[5.462,44.652],[5.455,44.653],[5.453,44.654],[5.453,44.655],[5.454,44.655],[5.453,44.656],[5.453,44.657],[5.452,44.656],[5.451,44.657],[5.453,44.657],[5.454,44.656],[5.455,44.656],[5.454,44.655],[5.457,44.654],[5.456,44.653],[5.458,44.654],[5.459,44.653],[5.46,44.654],[5.461,44.654],[5.461,44.653],[5.462,44.653],[5.462,44.652],[5.464,44.652],[5.462,44.652]]],[[[5.469,44.655],[5.47,44.654],[5.469,44.654],[5.469,44.655]]],[[[5.468,44.657],[5.47,44.657],[5.47,44.656],[5.468,44.656],[5.468,44.657]]],[[[5.465,44.657],[5.466,44.658],[5.466,44.657],[5.466,44.657],[5.465,44.657]]],[[[5.465,44.657],[5.463,44.657],[5.46,44.659],[5.463,44.658],[5.465,44.657]]],[[[5.474,44.657],[5.469,44.657],[5.468,44.658],[5.47,44.659],[5.47,44.658],[5.472,44.658],[5.474,44.657]]],[[[5.437,44.66],[5.437,44.66],[5.44,44.66],[5.439,44.659],[5.437,44.66]]],[[[5.451,44.658],[5.45,44.657],[5.446,44.66],[5.444,44.661],[5.444,44.663],[5.445,44.662],[5.446,44.663],[5.446,44.66],[5.451,44.659],[5.451,44.658]]],[[[5.421,44.662],[5.42,44.66],[5.418,44.66],[5.42,44.661],[5.419,44.661],[5.421,44.662]]],[[[5.473,44.66],[5.471,44.66],[5.472,44.662],[5.473,44.66]]],[[[5.445,44.662],[5.44,44.663],[5.44,44.663],[5.44,44.664],[5.441,44.664],[5.442,44.664],[5.442,44.663],[5.443,44.664],[5.447,44.663],[5.445,44.662]]],[[[5.475,44.663],[5.475,44.662],[5.474,44.661],[5.472,44.662],[5.473,44.665],[5.476,44.665],[5.475,44.663]]],[[[5.437,44.667],[5.437,44.664],[5.436,44.664],[5.432,44.665],[5.43,44.666],[5.43,44.667],[5.431,44.668],[5.432,44.667],[5.434,44.667],[5.435,44.666],[5.437,44.667]]],[[[5.462,44.665],[5.46,44.664],[5.454,44.665],[5.449,44.664],[5.446,44.665],[5.446,44.666],[5.446,44.666],[5.447,44.665],[5.448,44.666],[5.448,44.665],[5.45,44.665],[5.451,44.665],[5.451,44.667],[5.453,44.666],[5.453,44.665],[5.455,44.666],[5.456,44.666],[5.456,44.668],[5.456,44.668],[5.46,44.665],[5.462,44.665]]],[[[5.472,44.666],[5.475,44.666],[5.474,44.665],[5.471,44.665],[5.472,44.666]]],[[[5.442,44.667],[5.444,44.667],[5.444,44.666],[5.442,44.667]]],[[[5.44,44.667],[5.438,44.668],[5.44,44.669],[5.441,44.667],[5.442,44.667],[5.44,44.667]]],[[[5.425,44.668],[5.422,44.666],[5.421,44.666],[5.422,44.669],[5.423,44.67],[5.427,44.671],[5.427,44.67],[5.427,44.67],[5.427,44.669],[5.427,44.669],[5.427,44.671],[5.426,44.671],[5.428,44.672],[5.431,44.67],[5.43,44.668],[5.429,44.669],[5.427,44.668],[5.427,44.669],[5.427,44.669],[5.427,44.669],[5.427,44.668],[5.428,44.668],[5.425,44.667],[5.425,44.668]]],[[[5.492,44.666],[5.492,44.666],[5.488,44.668],[5.489,44.668],[5.493,44.666],[5.492,44.666]]],[[[5.48,44.669],[5.478,44.671],[5.478,44.672],[5.48,44.669]]],[[[5.483,44.672],[5.481,44.673],[5.481,44.673],[5.481,44.673],[5.483,44.672]]],[[[5.498,44.67],[5.497,44.671],[5.492,44.671],[5.489,44.672],[5.487,44.672],[5.483,44.672],[5.483,44.674],[5.487,44.674],[5.488,44.677],[5.491,44.677],[5.496,44.672],[5.496,44.671],[5.497,44.671],[5.498,44.671],[5.499,44.671],[5.498,44.67],[5.5,44.671],[5.5,44.67],[5.498,44.67]]],[[[5.448,44.674],[5.447,44.674],[5.448,44.675],[5.449,44.674],[5.448,44.674]]],[[[5.474,44.671],[5.466,44.672],[5.464,44.673],[5.465,44.674],[5.459,44.673],[5.454,44.676],[5.452,44.678],[5.46,44.675],[5.464,44.675],[5.465,44.675],[5.465,44.676],[5.467,44.673],[5.473,44.673],[5.474,44.672],[5.474,44.671]]],[[[5.481,44.673],[5.474,44.675],[5.47,44.68],[5.469,44.683],[5.471,44.685],[5.472,44.684],[5.471,44.685],[5.472,44.686],[5.473,44.685],[5.474,44.684],[5.476,44.684],[5.473,44.683],[5.476,44.681],[5.475,44.68],[5.478,44.678],[5.477,44.677],[5.48,44.677],[5.48,44.677],[5.481,44.677],[5.48,44.676],[5.48,44.675],[5.48,44.674],[5.481,44.675],[5.48,44.674],[5.481,44.674],[5.481,44.673]]],[[[5.438,44.684],[5.434,44.683],[5.433,44.684],[5.431,44.686],[5.429,44.687],[5.43,44.688],[5.428,44.689],[5.428,44.687],[5.428,44.684],[5.427,44.683],[5.419,44.681],[5.416,44.682],[5.417,44.681],[5.412,44.681],[5.41,44.682],[5.411,44.684],[5.412,44.682],[5.414,44.681],[5.42,44.683],[5.42,44.684],[5.422,44.685],[5.422,44.684],[5.423,44.683],[5.426,44.684],[5.426,44.686],[5.427,44.686],[5.423,44.688],[5.424,44.688],[5.421,44.688],[5.422,44.69],[5.421,44.691],[5.421,44.693],[5.423,44.692],[5.423,44.69],[5.425,44.692],[5.428,44.689],[5.429,44.689],[5.433,44.687],[5.432,44.686],[5.434,44.685],[5.437,44.685],[5.438,44.684]]],[[[5.418,44.688],[5.419,44.688],[5.418,44.688],[5.418,44.688]]],[[[5.448,44.687],[5.446,44.685],[5.442,44.685],[5.438,44.686],[5.436,44.687],[5.436,44.689],[5.434,44.689],[5.435,44.691],[5.439,44.69],[5.441,44.691],[5.436,44.692],[5.436,44.693],[5.433,44.693],[5.431,44.694],[5.435,44.695],[5.435,44.696],[5.436,44.696],[5.437,44.697],[5.437,44.695],[5.44,44.695],[5.44,44.694],[5.441,44.695],[5.442,44.694],[5.442,44.695],[5.444,44.694],[5.445,44.696],[5.452,44.694],[5.451,44.696],[5.453,44.698],[5.455,44.697],[5.455,44.7],[5.456,44.7],[5.456,44.699],[5.458,44.699],[5.457,44.696],[5.458,44.695],[5.458,44.694],[5.461,44.695],[5.461,44.698],[5.463,44.697],[5.465,44.695],[5.469,44.695],[5.469,44.694],[5.472,44.695],[5.472,44.694],[5.474,44.694],[5.474,44.693],[5.477,44.693],[5.477,44.694],[5.478,44.694],[5.476,44.694],[5.476,44.695],[5.474,44.696],[5.474,44.697],[5.476,44.697],[5.476,44.698],[5.479,44.697],[5.48,44.696],[5.482,44.696],[5.481,44.695],[5.482,44.695],[5.481,44.693],[5.477,44.692],[5.468,44.692],[5.467,44.692],[5.467,44.691],[5.462,44.691],[5.462,44.689],[5.457,44.687],[5.454,44.687],[5.451,44.688],[5.45,44.69],[5.449,44.687],[5.448,44.687],[5.448,44.687],[5.447,44.687],[5.448,44.687]],[[5.448,44.695],[5.448,44.695],[5.448,44.695],[5.448,44.695]],[[5.448,44.694],[5.448,44.694],[5.448,44.694],[5.448,44.694]],[[5.446,44.693],[5.446,44.693],[5.446,44.693],[5.446,44.693]],[[5.446,44.693],[5.446,44.693],[5.445,44.693],[5.446,44.693]],[[5.445,44.693],[5.442,44.692],[5.442,44.689],[5.44,44.689],[5.442,44.689],[5.443,44.688],[5.444,44.688],[5.445,44.687],[5.446,44.687],[5.446,44.687],[5.445,44.688],[5.446,44.689],[5.445,44.693]],[[5.447,44.687],[5.447,44.687],[5.447,44.687],[5.447,44.687]]],[[[5.512,44.691],[5.503,44.691],[5.5,44.692],[5.504,44.692],[5.509,44.692],[5.512,44.691]]],[[[5.441,44.699],[5.439,44.697],[5.438,44.698],[5.437,44.697],[5.435,44.696],[5.43,44.695],[5.429,44.699],[5.427,44.697],[5.424,44.698],[5.427,44.701],[5.429,44.7],[5.428,44.702],[5.43,44.703],[5.432,44.701],[5.43,44.7],[5.43,44.698],[5.431,44.699],[5.43,44.7],[5.434,44.698],[5.435,44.7],[5.436,44.699],[5.436,44.698],[5.438,44.699],[5.441,44.699]]],[[[5.422,44.699],[5.42,44.699],[5.42,44.7],[5.422,44.7],[5.422,44.699]]],[[[5.442,44.702],[5.437,44.701],[5.435,44.702],[5.435,44.702],[5.433,44.702],[5.435,44.704],[5.435,44.703],[5.439,44.704],[5.441,44.703],[5.442,44.702]]],[[[5.429,44.706],[5.425,44.706],[5.426,44.707],[5.425,44.707],[5.424,44.708],[5.43,44.709],[5.433,44.712],[5.434,44.712],[5.434,44.712],[5.433,44.713],[5.435,44.713],[5.435,44.714],[5.436,44.713],[5.436,44.712],[5.434,44.712],[5.437,44.711],[5.435,44.711],[5.435,44.71],[5.437,44.708],[5.436,44.708],[5.435,44.707],[5.435,44.707],[5.432,44.707],[5.434,44.706],[5.436,44.708],[5.438,44.707],[5.44,44.708],[5.441,44.705],[5.436,44.704],[5.435,44.704],[5.429,44.706]],[[5.438,44.706],[5.436,44.705],[5.437,44.706],[5.434,44.706],[5.434,44.705],[5.438,44.706]]],[[[5.429,44.712],[5.423,44.711],[5.42,44.711],[5.422,44.712],[5.424,44.711],[5.425,44.712],[5.427,44.713],[5.429,44.712]]],[[[5.424,44.717],[5.421,44.714],[5.416,44.713],[5.415,44.713],[5.418,44.714],[5.416,44.715],[5.417,44.716],[5.42,44.717],[5.424,44.717]]],[[[5.433,44.716],[5.433,44.715],[5.432,44.715],[5.43,44.714],[5.428,44.714],[5.427,44.715],[5.425,44.715],[5.424,44.718],[5.426,44.719],[5.426,44.718],[5.425,44.717],[5.426,44.717],[5.427,44.718],[5.428,44.716],[5.43,44.719],[5.432,44.718],[5.433,44.718],[5.433,44.716]]]]}},{"type":"Feature","properties":{"id_app":280,"app":"Crozes-Hermitage ou Crozes-Ermitage","denom":"Crozes-Hermitage ou Crozes-Ermitage","hierarchy":"AOC","dt":"Valence","dept":"26"},"geometry":{"type":"MultiPolygon","coordinates":[[[[4.833,45.103],[4.831,45.103],[4.829,45.106],[4.831,45.106],[4.832,45.106],[4.833,45.103],[4.834,45.103],[4.833,45.103],[4.833,45.103]]],[[[4.833,45.107],[4.832,45.107],[4.833,45.108],[4.833,45.107],[4.833,45.107]],[[4.833,45.107],[4.833,45.107],[4.833,45.107],[4.833,45.107]]],[[[4.832,45.108],[4.832,45.107],[4.832,45.108],[4.832,45.108]]],[[[4.832,45.108],[4.832,45.107],[4.832,45.108],[4.832,45.108]]],[[[4.833,45.108],[4.832,45.108],[4.832,45.108],[4.833,45.108]]],[[[4.833,45.108],[4.833,45.108],[4.833,45.108],[4.833,45.108]]],[[[4.832,45.108],[4.831,45.108],[4.832,45.108],[4.831,45.108],[4.832,45.108]]],[[[4.832,45.107],[4.833,45.107],[4.833,45.106],[4.832,45.107],[4.831,45.107],[4.833,45.106],[4.833,45.105],[4.833,45.104],[4.833,45.106],[4.833,45.107],[4.834,45.107],[4.834,45.107],[4.834,45.108],[4.836,45.108],[4.836,45.107],[4.836,45.107],[4.837,45.106],[4.837,45.106],[4.838,45.106],[4.838,45.106],[4.84,45.106],[4.841,45.107],[4.84,45.106],[4.84,45.107],[4.84,45.106],[4.838,45.106],[4.836,45.107],[4.836,45.108],[4.834,45.109],[4.835,45.109],[4.835,45.11],[4.837,45.11],[4.837,45.11],[4.837,45.11],[4.838,45.109],[4.84,45.109],[4.84,45.108],[4.841,45.109],[4.84,45.109],[4.84,45.11],[4.84,45.109],[4.838,45.109],[4.837,45.111],[4.838,45.112],[4.837,45.113],[4.839,45.113],[4.838,45.113],[4.839,45.114],[4.838,45.115],[4.841,45.115],[4.841,45.114],[4.843,45.114],[4.843,45.114],[4.844,45.115],[4.846,45.115],[4.847,45.117],[4.849,45.117],[4.849,45.118],[4.849,45.117],[4.847,45.114],[4.845,45.114],[4.846,45.114],[4.846,45.111],[4.845,45.111],[4.845,45.111],[4.845,45.111],[4.845,45.11],[4.844,45.111],[4.843,45.111],[4.843,45.11],[4.843,45.11],[4.844,45.111],[4.845,45.11],[4.845,45.11],[4.845,45.11],[4.845,45.11],[4.844,45.103],[4.845,45.105],[4.845,45.102],[4.848,45.101],[4.847,45.099],[4.848,45.098],[4.848,45.099],[4.848,45.099],[4.848,45.099],[4.849,45.098],[4.849,45.098],[4.849,45.098],[4.848,45.098],[4.847,45.097],[4.847,45.097],[4.847,45.096],[4.845,45.099],[4.846,45.099],[4.846,45.099],[4.846,45.1],[4.846,45.1],[4.846,45.1],[4.847,45.1],[4.847,45.101],[4.847,45.101],[4.847,45.101],[4.846,45.1],[4.846,45.1],[4.846,45.099],[4.845,45.099],[4.845,45.099],[4.844,45.099],[4.844,45.099],[4.844,45.1],[4.842,45.099],[4.843,45.099],[4.843,45.098],[4.843,45.098],[4.844,45.098],[4.844,45.098],[4.844,45.096],[4.843,45.096],[4.842,45.096],[4.842,45.096],[4.841,45.096],[4.84,45.096],[4.84,45.097],[4.842,45.096],[4.843,45.096],[4.84,45.097],[4.842,45.098],[4.841,45.1],[4.841,45.098],[4.841,45.098],[4.84,45.097],[4.839,45.096],[4.839,45.096],[4.839,45.096],[4.837,45.097],[4.837,45.097],[4.836,45.097],[4.839,45.095],[4.836,45.095],[4.836,45.096],[4.836,45.097],[4.836,45.097],[4.835,45.099],[4.835,45.1],[4.834,45.101],[4.835,45.101],[4.834,45.101],[4.834,45.103],[4.834,45.103],[4.833,45.105],[4.831,45.107],[4.829,45.106],[4.828,45.107],[4.829,45.107],[4.829,45.108],[4.83,45.108],[4.828,45.107],[4.828,45.109],[4.828,45.109],[4.828,45.109],[4.828,45.109],[4.827,45.11],[4.827,45.109],[4.826,45.112],[4.827,45.111],[4.826,45.112],[4.826,45.112],[4.827,45.113],[4.827,45.113],[4.828,45.111],[4.828,45.111],[4.827,45.111],[4.827,45.111],[4.828,45.111],[4.829,45.109],[4.829,45.109],[4.828,45.11],[4.828,45.11],[4.829,45.109],[4.831,45.108],[4.831,45.108],[4.832,45.107],[4.832,45.107]],[[4.831,45.107],[4.831,45.107],[4.832,45.107],[4.831,45.107]],[[4.833,45.105],[4.833,45.104],[4.833,45.104],[4.833,45.105]],[[4.83,45.108],[4.83,45.108],[4.83,45.108],[4.83,45.108]],[[4.833,45.107],[4.833,45.107],[4.833,45.107],[4.833,45.107]],[[4.832,45.107],[4.832,45.107],[4.832,45.107],[4.832,45.107]],[[4.832,45.107],[4.832,45.107],[4.832,45.107],[4.832,45.107]],[[4.839,45.105],[4.841,45.105],[4.839,45.105],[4.839,45.105]],[[4.839,45.105],[4.839,45.105],[4.839,45.105],[4.839,45.105]],[[4.839,45.104],[4.839,45.104],[4.839,45.104],[4.839,45.104]],[[4.841,45.103],[4.839,45.105],[4.838,45.105],[4.837,45.105],[4.835,45.104],[4.834,45.103],[4.837,45.105],[4.839,45.104],[4.839,45.104],[4.84,45.103],[4.841,45.103]],[[4.834,45.105],[4.834,45.105],[4.835,45.104],[4.834,45.105]],[[4.834,45.105],[4.834,45.105],[4.834,45.105],[4.834,45.105]],[[4.834,45.106],[4.834,45.106],[4.834,45.106],[4.834,45.106]],[[4.84,45.11],[4.84,45.112],[4.84,45.11],[4.84,45.11]],[[4.841,45.112],[4.841,45.112],[4.841,45.112],[4.841,45.112]],[[4.842,45.112],[4.842,45.112],[4.842,45.112],[4.842,45.112]],[[4.842,45.112],[4.842,45.113],[4.842,45.114],[4.842,45.112],[4.842,45.112]],[[4.843,45.114],[4.843,45.114],[4.843,45.114],[4.843,45.114]],[[4.845,45.112],[4.844,45.112],[4.843,45.111],[4.845,45.111],[4.845,45.112]],[[4.841,45.11],[4.841,45.11],[4.841,45.109],[4.841,45.11]],[[4.836,45.103],[4.835,45.103],[4.836,45.103],[4.836,45.103]],[[4.84,45.11],[4.84,45.109],[4.84,45.109],[4.84,45.11]],[[4.843,45.103],[4.843,45.103],[4.843,45.103],[4.843,45.103]],[[4.836,45.108],[4.835,45.108],[4.835,45.108],[4.836,45.108]],[[4.835,45.108],[4.835,45.108],[4.835,45.108],[4.835,45.108]]],[[[4.831,45.109],[4.829,45.109],[4.829,45.11],[4.83,45.109],[4.83,45.109],[4.83,45.109],[4.831,45.109]]],[[[4.833,45.111],[4.833,45.109],[4.833,45.109],[4.832,45.109],[4.833,45.111]]],[[[4.832,45.11],[4.831,45.109],[4.829,45.11],[4.829,45.111],[4.828,45.111],[4.829,45.111],[4.83,45.112],[4.83,45.112],[4.831,45.113],[4.831,45.113],[4.831,45.112],[4.831,45.112],[4.832,45.111],[4.832,45.11],[4.832,45.11]],[[4.832,45.11],[4.832,45.11],[4.832,45.11],[4.832,45.11]]],[[[4.831,45.113],[4.83,45.112],[4.828,45.111],[4.827,45.113],[4.828,45.113],[4.828,45.114],[4.828,45.114],[4.828,45.114],[4.829,45.114],[4.83,45.114],[4.83,45.114],[4.83,45.114],[4.83,45.113],[4.831,45.113],[4.831,45.113],[4.831,45.113]]],[[[4.827,45.113],[4.826,45.112],[4.825,45.115],[4.826,45.113],[4.826,45.113],[4.827,45.113]]],[[[4.826,45.112],[4.825,45.113],[4.824,45.114],[4.825,45.114],[4.826,45.112]]],[[[4.83,45.115],[4.828,45.114],[4.827,45.113],[4.827,45.113],[4.827,45.114],[4.828,45.115],[4.828,45.115],[4.829,45.115],[4.829,45.115],[4.829,45.115],[4.83,45.114],[4.83,45.114],[4.83,45.115],[4.831,45.115],[4.831,45.115],[4.831,45.115],[4.83,45.115]]],[[[4.832,45.114],[4.831,45.113],[4.83,45.114],[4.831,45.114],[4.831,45.115],[4.831,45.114],[4.832,45.114]]],[[[4.833,45.119],[4.831,45.116],[4.831,45.115],[4.83,45.115],[4.831,45.115],[4.83,45.115],[4.828,45.115],[4.828,45.116],[4.828,45.116],[4.829,45.117],[4.828,45.115],[4.827,45.113],[4.826,45.113],[4.825,45.117],[4.826,45.117],[4.826,45.117],[4.827,45.117],[4.826,45.117],[4.826,45.117],[4.825,45.117],[4.824,45.118],[4.826,45.119],[4.827,45.119],[4.827,45.118],[4.827,45.118],[4.827,45.118],[4.828,45.118],[4.828,45.118],[4.828,45.119],[4.827,45.118],[4.831,45.119],[4.832,45.12],[4.832,45.12],[4.833,45.12],[4.832,45.119],[4.832,45.119],[4.832,45.119],[4.831,45.118],[4.831,45.117],[4.831,45.117],[4.831,45.117],[4.832,45.119],[4.832,45.119],[4.833,45.12],[4.832,45.12],[4.833,45.12],[4.835,45.121],[4.835,45.121],[4.836,45.121],[4.836,45.121],[4.837,45.121],[4.836,45.122],[4.837,45.122],[4.839,45.125],[4.839,45.123],[4.837,45.12],[4.837,45.119],[4.837,45.119],[4.837,45.118],[4.836,45.119],[4.836,45.119],[4.836,45.118],[4.837,45.118],[4.836,45.118],[4.835,45.118],[4.835,45.118],[4.835,45.118],[4.835,45.119],[4.833,45.119],[4.833,45.119]],[[4.827,45.114],[4.827,45.114],[4.827,45.115],[4.827,45.115],[4.827,45.114],[4.827,45.114]],[[4.827,45.115],[4.828,45.116],[4.828,45.116],[4.827,45.115]],[[4.828,45.116],[4.828,45.116],[4.828,45.116],[4.828,45.116]],[[4.829,45.117],[4.829,45.117],[4.829,45.117],[4.829,45.117]],[[4.83,45.117],[4.829,45.117],[4.83,45.117],[4.83,45.117]],[[4.83,45.117],[4.831,45.117],[4.83,45.117],[4.83,45.117]],[[4.835,45.12],[4.835,45.12],[4.835,45.12],[4.835,45.12]],[[4.835,45.12],[4.836,45.12],[4.836,45.12],[4.835,45.12]]],[[[4.835,45.118],[4.832,45.116],[4.831,45.114],[4.83,45.114],[4.83,45.114],[4.83,45.114],[4.831,45.115],[4.831,45.116],[4.832,45.117],[4.832,45.117],[4.833,45.118],[4.835,45.119],[4.835,45.118]]],[[[4.833,45.118],[4.831,45.116],[4.831,45.116],[4.831,45.116],[4.833,45.118]]],[[[4.832,45.12],[4.828,45.119],[4.826,45.119],[4.825,45.119],[4.825,45.12],[4.826,45.12],[4.826,45.12],[4.827,45.12],[4.827,45.12],[4.828,45.12],[4.83,45.12],[4.828,45.12],[4.825,45.12],[4.824,45.121],[4.824,45.121],[4.826,45.121],[4.827,45.121],[4.828,45.121],[4.829,45.121],[4.829,45.121],[4.83,45.121],[4.831,45.121],[4.832,45.12],[4.832,45.12],[4.832,45.12],[4.832,45.12]]],[[[4.833,45.121],[4.834,45.121],[4.833,45.12],[4.832,45.121],[4.833,45.121]]],[[[4.832,45.12],[4.829,45.121],[4.832,45.122],[4.833,45.121],[4.832,45.121],[4.832,45.121],[4.832,45.12]]],[[[4.823,45.122],[4.822,45.122],[4.821,45.124],[4.821,45.123],[4.822,45.123],[4.823,45.122],[4.823,45.122]]],[[[4.832,45.122],[4.827,45.121],[4.824,45.122],[4.825,45.122],[4.828,45.124],[4.832,45.122]]],[[[4.826,45.126],[4.826,45.123],[4.825,45.124],[4.825,45.124],[4.825,45.125],[4.824,45.125],[4.824,45.126],[4.826,45.126]]],[[[4.825,45.123],[4.825,45.123],[4.825,45.123],[4.825,45.123],[4.823,45.122],[4.824,45.123],[4.823,45.122],[4.822,45.123],[4.824,45.123],[4.824,45.125],[4.824,45.125],[4.824,45.125],[4.824,45.123],[4.821,45.123],[4.821,45.124],[4.822,45.124],[4.822,45.124],[4.821,45.124],[4.821,45.123],[4.821,45.124],[4.82,45.128],[4.821,45.128],[4.821,45.127],[4.822,45.127],[4.822,45.127],[4.823,45.127],[4.823,45.127],[4.825,45.127],[4.824,45.126],[4.824,45.126],[4.824,45.125],[4.825,45.124],[4.825,45.124],[4.825,45.123]]],[[[4.829,45.125],[4.829,45.125],[4.829,45.124],[4.827,45.124],[4.827,45.124],[4.827,45.124],[4.827,45.124],[4.827,45.125],[4.827,45.125],[4.827,45.125],[4.828,45.125],[4.827,45.125],[4.826,45.123],[4.826,45.124],[4.826,45.125],[4.826,45.126],[4.829,45.125]]],[[[4.83,45.125],[4.829,45.124],[4.829,45.125],[4.829,45.126],[4.83,45.125]]],[[[4.823,45.128],[4.823,45.127],[4.823,45.128],[4.823,45.128]]],[[[4.821,45.127],[4.821,45.128],[4.821,45.128],[4.82,45.128],[4.82,45.128],[4.821,45.128],[4.821,45.128],[4.822,45.127],[4.822,45.127],[4.822,45.127],[4.822,45.127],[4.821,45.127]]],[[[4.823,45.128],[4.822,45.127],[4.821,45.128],[4.82,45.128],[4.82,45.129],[4.823,45.128]]],[[[4.823,45.13],[4.823,45.128],[4.82,45.129],[4.82,45.131],[4.823,45.13]]],[[[4.82,45.131],[4.82,45.131],[4.82,45.131],[4.82,45.131]]],[[[4.822,45.13],[4.82,45.131],[4.82,45.132],[4.821,45.132],[4.821,45.131],[4.822,45.131],[4.823,45.132],[4.824,45.131],[4.822,45.13]]],[[[4.822,45.133],[4.82,45.132],[4.82,45.131],[4.82,45.131],[4.82,45.131],[4.819,45.133],[4.82,45.133],[4.821,45.133],[4.822,45.133],[4.822,45.133]]],[[[4.828,45.132],[4.826,45.131],[4.826,45.133],[4.828,45.132]]],[[[4.819,45.133],[4.819,45.133],[4.819,45.133],[4.819,45.133]]],[[[4.822,45.133],[4.819,45.133],[4.819,45.133],[4.82,45.133],[4.821,45.134],[4.822,45.133],[4.822,45.133]]],[[[4.827,45.137],[4.827,45.134],[4.826,45.134],[4.826,45.134],[4.827,45.133],[4.825,45.133],[4.826,45.134],[4.825,45.135],[4.826,45.137],[4.827,45.137]]],[[[4.819,45.133],[4.818,45.135],[4.819,45.138],[4.819,45.135],[4.821,45.134],[4.819,45.133]]],[[[4.822,45.137],[4.82,45.137],[4.82,45.138],[4.82,45.139],[4.821,45.139],[4.822,45.14],[4.822,45.137]]],[[[4.82,45.139],[4.819,45.138],[4.819,45.139],[4.82,45.139]]],[[[4.821,45.14],[4.82,45.139],[4.819,45.139],[4.819,45.138],[4.819,45.138],[4.82,45.138],[4.819,45.137],[4.82,45.137],[4.819,45.137],[4.819,45.137],[4.819,45.138],[4.82,45.14],[4.821,45.14]]],[[[4.822,45.14],[4.822,45.139],[4.822,45.14],[4.822,45.14]]],[[[4.824,45.141],[4.822,45.14],[4.821,45.141],[4.822,45.14],[4.821,45.139],[4.821,45.14],[4.82,45.141],[4.821,45.141],[4.823,45.142],[4.823,45.141],[4.824,45.141]]],[[[4.825,45.142],[4.824,45.141],[4.823,45.141],[4.824,45.142],[4.825,45.142]]],[[[4.824,45.142],[4.823,45.142],[4.824,45.143],[4.824,45.142],[4.824,45.142],[4.824,45.142]]],[[[4.826,45.144],[4.826,45.144],[4.826,45.144],[4.825,45.142],[4.824,45.143],[4.825,45.143],[4.824,45.143],[4.826,45.145],[4.826,45.144]]],[[[4.829,45.148],[4.83,45.146],[4.828,45.146],[4.829,45.148]]],[[[4.831,45.147],[4.829,45.149],[4.83,45.149],[4.832,45.148],[4.831,45.147]]],[[[4.829,45.149],[4.829,45.149],[4.829,45.149],[4.829,45.149]]],[[[4.832,45.149],[4.831,45.15],[4.832,45.151],[4.832,45.151],[4.832,45.151],[4.832,45.15],[4.832,45.15],[4.833,45.15],[4.833,45.15],[4.834,45.149],[4.832,45.149]]],[[[4.832,45.153],[4.834,45.151],[4.834,45.15],[4.834,45.15],[4.834,45.149],[4.833,45.15],[4.832,45.15],[4.832,45.153]]],[[[4.835,45.153],[4.833,45.153],[4.833,45.153],[4.833,45.153],[4.834,45.153],[4.834,45.153],[4.833,45.153],[4.834,45.155],[4.835,45.153]]],[[[4.848,45.078],[4.847,45.08],[4.848,45.08],[4.848,45.08],[4.85,45.081],[4.85,45.081],[4.849,45.08],[4.849,45.079],[4.849,45.079],[4.848,45.079],[4.849,45.078],[4.848,45.078]]],[[[4.834,45.078],[4.833,45.079],[4.833,45.079],[4.834,45.08],[4.834,45.08],[4.835,45.079],[4.834,45.078]]],[[[4.846,45.079],[4.846,45.08],[4.846,45.081],[4.846,45.081],[4.846,45.081],[4.846,45.081],[4.846,45.081],[4.845,45.081],[4.846,45.078],[4.844,45.079],[4.841,45.078],[4.842,45.081],[4.843,45.081],[4.844,45.081],[4.845,45.081],[4.846,45.081],[4.847,45.08],[4.847,45.079],[4.846,45.079]]],[[[4.842,45.08],[4.839,45.081],[4.838,45.081],[4.839,45.081],[4.839,45.082],[4.838,45.082],[4.839,45.082],[4.84,45.082],[4.84,45.082],[4.842,45.082],[4.842,45.08]]],[[[4.842,45.081],[4.842,45.08],[4.842,45.082],[4.841,45.082],[4.84,45.082],[4.84,45.082],[4.84,45.082],[4.841,45.082],[4.842,45.082],[4.842,45.082],[4.842,45.082],[4.843,45.082],[4.843,45.082],[4.843,45.081],[4.842,45.081]]],[[[4.846,45.081],[4.845,45.081],[4.843,45.081],[4.844,45.083],[4.845,45.083],[4.847,45.081],[4.846,45.081]]],[[[4.844,45.083],[4.844,45.083],[4.845,45.083],[4.845,45.083],[4.844,45.083]]],[[[4.848,45.08],[4.847,45.08],[4.845,45.083],[4.844,45.083],[4.844,45.084],[4.844,45.084],[4.845,45.086],[4.845,45.087],[4.845,45.084],[4.846,45.084],[4.846,45.088],[4.847,45.084],[4.848,45.082],[4.849,45.081],[4.848,45.08]]],[[[4.846,45.09],[4.845,45.087],[4.844,45.087],[4.842,45.086],[4.842,45.085],[4.842,45.085],[4.842,45.085],[4.842,45.085],[4.841,45.084],[4.839,45.084],[4.84,45.084],[4.841,45.084],[4.842,45.085],[4.842,45.086],[4.842,45.086],[4.843,45.086],[4.844,45.084],[4.844,45.083],[4.843,45.081],[4.843,45.082],[4.842,45.082],[4.841,45.082],[4.84,45.082],[4.84,45.082],[4.84,45.082],[4.838,45.082],[4.838,45.083],[4.838,45.083],[4.837,45.083],[4.837,45.083],[4.838,45.084],[4.837,45.083],[4.837,45.083],[4.838,45.083],[4.838,45.082],[4.839,45.082],[4.837,45.083],[4.836,45.083],[4.839,45.082],[4.838,45.081],[4.836,45.079],[4.835,45.079],[4.834,45.08],[4.837,45.081],[4.83,45.079],[4.831,45.081],[4.831,45.081],[4.832,45.081],[4.832,45.082],[4.832,45.082],[4.834,45.082],[4.834,45.082],[4.835,45.082],[4.831,45.081],[4.831,45.082],[4.836,45.083],[4.837,45.086],[4.84,45.088],[4.839,45.087],[4.844,45.088],[4.844,45.09],[4.846,45.09]]],[[[4.845,45.087],[4.844,45.084],[4.844,45.084],[4.843,45.086],[4.843,45.086],[4.842,45.086],[4.844,45.087],[4.845,45.087]]],[[[4.843,45.092],[4.841,45.09],[4.839,45.089],[4.841,45.093],[4.843,45.092]]],[[[4.845,45.092],[4.844,45.092],[4.845,45.093],[4.845,45.092]]],[[[4.84,45.094],[4.84,45.092],[4.839,45.092],[4.839,45.094],[4.84,45.094]]],[[[4.842,45.094],[4.84,45.095],[4.838,45.095],[4.839,45.095],[4.841,45.095],[4.842,45.094]]],[[[4.833,45.094],[4.833,45.095],[4.833,45.096],[4.834,45.095],[4.834,45.094],[4.833,45.094]]],[[[4.85,45.094],[4.848,45.092],[4.848,45.092],[4.847,45.092],[4.848,45.094],[4.847,45.096],[4.848,45.095],[4.848,45.095],[4.848,45.095],[4.847,45.096],[4.847,45.097],[4.847,45.097],[4.847,45.096],[4.846,45.096],[4.847,45.096],[4.847,45.097],[4.849,45.098],[4.848,45.097],[4.849,45.097],[4.849,45.096],[4.849,45.096],[4.849,45.098],[4.849,45.098],[4.849,45.098],[4.848,45.099],[4.848,45.099],[4.848,45.099],[4.848,45.099],[4.847,45.099],[4.848,45.101],[4.847,45.102],[4.847,45.102],[4.846,45.104],[4.847,45.107],[4.85,45.107],[4.851,45.104],[4.852,45.104],[4.852,45.104],[4.853,45.103],[4.853,45.103],[4.853,45.103],[4.854,45.103],[4.855,45.1],[4.856,45.1],[4.856,45.098],[4.856,45.098],[4.856,45.098],[4.856,45.098],[4.855,45.099],[4.854,45.099],[4.854,45.099],[4.854,45.099],[4.856,45.098],[4.855,45.097],[4.855,45.097],[4.854,45.096],[4.854,45.096],[4.854,45.095],[4.855,45.097],[4.856,45.095],[4.857,45.095],[4.857,45.095],[4.857,45.095],[4.857,45.096],[4.858,45.096],[4.859,45.097],[4.859,45.097],[4.859,45.097],[4.858,45.094],[4.857,45.094],[4.857,45.094],[4.856,45.094],[4.856,45.094],[4.853,45.094],[4.853,45.094],[4.853,45.094],[4.853,45.094],[4.853,45.094],[4.857,45.094],[4.856,45.093],[4.849,45.091],[4.849,45.092],[4.852,45.094],[4.852,45.094],[4.852,45.095],[4.852,45.095],[4.852,45.095],[4.852,45.096],[4.853,45.096],[4.853,45.096],[4.853,45.097],[4.853,45.097],[4.853,45.097],[4.853,45.097],[4.853,45.097],[4.853,45.098],[4.853,45.098],[4.853,45.098],[4.853,45.099],[4.853,45.099],[4.853,45.099],[4.852,45.099],[4.852,45.099],[4.853,45.1],[4.854,45.1],[4.854,45.1],[4.855,45.1],[4.855,45.1],[4.852,45.1],[4.853,45.1],[4.852,45.1],[4.853,45.1],[4.852,45.101],[4.853,45.101],[4.853,45.101],[4.85,45.103],[4.852,45.101],[4.852,45.1],[4.851,45.1],[4.853,45.1],[4.852,45.1],[4.852,45.099],[4.853,45.098],[4.853,45.098],[4.853,45.096],[4.852,45.096],[4.852,45.095],[4.852,45.095],[4.852,45.094],[4.851,45.093],[4.85,45.094],[4.849,45.095],[4.85,45.094]],[[4.849,45.092],[4.848,45.092],[4.849,45.092],[4.849,45.092]],[[4.848,45.101],[4.848,45.1],[4.848,45.1],[4.848,45.1],[4.848,45.1],[4.848,45.101],[4.848,45.101]],[[4.851,45.095],[4.851,45.094],[4.851,45.095],[4.851,45.095]]],[[[4.846,45.093],[4.847,45.094],[4.847,45.096],[4.846,45.093],[4.846,45.093],[4.846,45.093],[4.846,45.093],[4.844,45.092],[4.843,45.093],[4.844,45.094],[4.844,45.094],[4.843,45.093],[4.841,45.095],[4.841,45.095],[4.84,45.095],[4.839,45.095],[4.84,45.096],[4.842,45.096],[4.843,45.096],[4.844,45.096],[4.845,45.099],[4.846,45.096],[4.847,45.096],[4.847,45.097],[4.848,45.095],[4.847,45.096],[4.847,45.092],[4.845,45.092],[4.846,45.093]]],[[[4.839,45.095],[4.839,45.096],[4.84,45.096],[4.839,45.095]]],[[[4.836,45.095],[4.832,45.097],[4.834,45.097],[4.836,45.095]]],[[[4.836,45.095],[4.836,45.096],[4.836,45.097],[4.836,45.097],[4.836,45.095]]],[[[4.84,45.096],[4.84,45.096],[4.84,45.096],[4.84,45.096]]],[[[4.836,45.095],[4.834,45.099],[4.834,45.099],[4.836,45.097],[4.836,45.095]]],[[[4.844,45.099],[4.844,45.098],[4.843,45.099],[4.844,45.099],[4.844,45.099],[4.844,45.099],[4.845,45.099],[4.845,45.099],[4.845,45.099],[4.844,45.099]]],[[[4.844,45.098],[4.845,45.099],[4.845,45.099],[4.844,45.098]]],[[[4.843,45.099],[4.843,45.099],[4.843,45.099],[4.843,45.099]]],[[[4.833,45.099],[4.831,45.102],[4.834,45.103],[4.835,45.099],[4.833,45.099]]],[[[4.833,45.109],[4.834,45.108],[4.834,45.107],[4.834,45.107],[4.833,45.107],[4.833,45.108],[4.832,45.109],[4.833,45.109]]],[[[4.835,45.108],[4.834,45.108],[4.834,45.109],[4.835,45.108]]],[[[4.833,45.109],[4.834,45.109],[4.834,45.109],[4.834,45.109],[4.833,45.109]]],[[[4.846,45.11],[4.845,45.111],[4.846,45.111],[4.846,45.11]]],[[[4.837,45.111],[4.837,45.111],[4.837,45.111],[4.837,45.111]]],[[[4.836,45.111],[4.835,45.11],[4.835,45.111],[4.835,45.112],[4.835,45.112],[4.835,45.113],[4.836,45.111]]],[[[4.837,45.112],[4.837,45.111],[4.837,45.111],[4.837,45.112],[4.837,45.112]]],[[[4.837,45.113],[4.837,45.112],[4.837,45.112],[4.837,45.112],[4.837,45.113],[4.837,45.113]]],[[[4.835,45.114],[4.835,45.112],[4.834,45.113],[4.834,45.113],[4.835,45.11],[4.833,45.109],[4.834,45.112],[4.832,45.11],[4.832,45.111],[4.831,45.112],[4.831,45.113],[4.832,45.114],[4.832,45.114],[4.832,45.115],[4.831,45.114],[4.832,45.115],[4.834,45.117],[4.835,45.114],[4.834,45.114],[4.834,45.113],[4.833,45.113],[4.833,45.113],[4.833,45.113],[4.833,45.113],[4.833,45.113],[4.833,45.112],[4.833,45.112],[4.832,45.113],[4.832,45.113],[4.833,45.112],[4.833,45.113],[4.833,45.113],[4.834,45.113],[4.834,45.114],[4.835,45.114]]],[[[4.84,45.122],[4.839,45.122],[4.84,45.117],[4.838,45.12],[4.839,45.116],[4.839,45.116],[4.839,45.117],[4.839,45.117],[4.838,45.117],[4.837,45.118],[4.837,45.118],[4.839,45.116],[4.838,45.114],[4.835,45.118],[4.838,45.114],[4.837,45.111],[4.834,45.117],[4.835,45.118],[4.837,45.118],[4.837,45.119],[4.837,45.12],[4.837,45.121],[4.838,45.121],[4.838,45.12],[4.838,45.12],[4.839,45.12],[4.839,45.12],[4.839,45.123],[4.84,45.122]]],[[[4.835,45.119],[4.833,45.118],[4.834,45.119],[4.835,45.119]]],[[[4.847,45.122],[4.845,45.119],[4.84,45.117],[4.843,45.119],[4.844,45.122],[4.842,45.122],[4.842,45.125],[4.845,45.126],[4.848,45.124],[4.847,45.123],[4.845,45.124],[4.844,45.123],[4.847,45.122]],[[4.843,45.122],[4.843,45.122],[4.843,45.122],[4.843,45.122]]],[[[4.834,45.121],[4.834,45.121],[4.834,45.121],[4.835,45.121],[4.834,45.121]]],[[[4.835,45.121],[4.834,45.121],[4.836,45.121],[4.835,45.121]]],[[[4.838,45.121],[4.837,45.121],[4.839,45.122],[4.838,45.121]]],[[[4.839,45.123],[4.84,45.123],[4.84,45.122],[4.839,45.123]]],[[[4.838,45.124],[4.837,45.122],[4.835,45.122],[4.836,45.122],[4.836,45.123],[4.837,45.123],[4.837,45.123],[4.837,45.124],[4.838,45.124],[4.838,45.124],[4.838,45.125],[4.838,45.124]]],[[[4.838,45.125],[4.837,45.124],[4.836,45.122],[4.834,45.121],[4.83,45.123],[4.831,45.125],[4.836,45.125],[4.836,45.124],[4.837,45.125],[4.838,45.125],[4.838,45.125]]],[[[4.846,45.134],[4.843,45.132],[4.841,45.132],[4.842,45.134],[4.846,45.134]]],[[[4.834,45.15],[4.834,45.151],[4.834,45.15],[4.834,45.15]]],[[[4.867,45.015],[4.861,45.01],[4.86,45.009],[4.859,45.012],[4.862,45.015],[4.863,45.014],[4.862,45.015],[4.865,45.017],[4.867,45.015]]],[[[4.857,45.017],[4.858,45.015],[4.857,45.017],[4.857,45.017]]],[[[4.859,45.012],[4.858,45.017],[4.858,45.02],[4.86,45.021],[4.862,45.018],[4.864,45.017],[4.859,45.012]]],[[[4.858,45.02],[4.858,45.022],[4.859,45.022],[4.86,45.021],[4.858,45.02]]],[[[4.859,45.025],[4.857,45.02],[4.856,45.025],[4.859,45.025]]],[[[4.861,45.031],[4.859,45.025],[4.859,45.023],[4.858,45.022],[4.858,45.02],[4.857,45.02],[4.858,45.021],[4.86,45.031],[4.861,45.031]]],[[[4.867,45.029],[4.862,45.022],[4.86,45.021],[4.859,45.023],[4.863,45.025],[4.865,45.028],[4.868,45.032],[4.868,45.029],[4.867,45.029]]],[[[4.86,45.03],[4.859,45.025],[4.856,45.025],[4.856,45.027],[4.858,45.029],[4.86,45.03]]],[[[4.866,45.029],[4.863,45.03],[4.866,45.029],[4.859,45.023],[4.861,45.031],[4.862,45.031],[4.864,45.033],[4.868,45.033],[4.868,45.032],[4.866,45.029]]],[[[4.86,45.03],[4.858,45.029],[4.856,45.027],[4.854,45.029],[4.856,45.03],[4.859,45.032],[4.861,45.033],[4.86,45.03]]],[[[4.852,45.03],[4.851,45.032],[4.852,45.032],[4.852,45.03]]],[[[4.861,45.031],[4.861,45.032],[4.861,45.031],[4.861,45.031]]],[[[4.859,45.032],[4.858,45.033],[4.859,45.032],[4.856,45.03],[4.855,45.03],[4.856,45.03],[4.854,45.029],[4.852,45.03],[4.853,45.033],[4.854,45.033],[4.854,45.033],[4.854,45.034],[4.86,45.034],[4.859,45.032]]],[[[4.853,45.033],[4.851,45.032],[4.85,45.034],[4.854,45.034],[4.854,45.033],[4.853,45.033]]],[[[4.851,45.031],[4.848,45.033],[4.849,45.036],[4.851,45.032],[4.851,45.031]]],[[[4.85,45.034],[4.85,45.038],[4.852,45.038],[4.852,45.034],[4.85,45.034]]],[[[4.861,45.038],[4.861,45.033],[4.855,45.034],[4.856,45.036],[4.857,45.036],[4.856,45.036],[4.856,45.036],[4.856,45.038],[4.859,45.038],[4.859,45.037],[4.858,45.037],[4.859,45.037],[4.859,45.038],[4.861,45.038]]],[[[4.85,45.039],[4.848,45.035],[4.849,45.04],[4.85,45.039]]],[[[4.863,45.042],[4.861,45.033],[4.861,45.038],[4.862,45.038],[4.861,45.039],[4.861,45.043],[4.863,45.042]]],[[[4.858,45.038],[4.857,45.041],[4.857,45.038],[4.856,45.038],[4.856,45.036],[4.854,45.034],[4.852,45.034],[4.852,45.038],[4.85,45.038],[4.85,45.039],[4.851,45.04],[4.855,45.04],[4.854,45.041],[4.851,45.04],[4.856,45.043],[4.859,45.043],[4.86,45.043],[4.861,45.039],[4.858,45.038]]],[[[4.855,45.043],[4.852,45.041],[4.851,45.041],[4.85,45.041],[4.851,45.041],[4.85,45.039],[4.849,45.042],[4.852,45.043],[4.854,45.043],[4.855,45.043]]],[[[4.854,45.043],[4.856,45.044],[4.856,45.044],[4.855,45.043],[4.854,45.043]]],[[[4.858,45.046],[4.859,45.047],[4.86,45.047],[4.86,45.047],[4.858,45.046]]],[[[4.867,45.042],[4.856,45.044],[4.858,45.045],[4.863,45.049],[4.865,45.053],[4.866,45.05],[4.867,45.05],[4.865,45.05],[4.865,45.049],[4.866,45.05],[4.867,45.049],[4.867,45.042]]],[[[4.859,45.048],[4.863,45.054],[4.865,45.053],[4.862,45.049],[4.86,45.048],[4.859,45.048]],[[4.86,45.048],[4.86,45.048],[4.86,45.048],[4.86,45.048]],[[4.86,45.048],[4.86,45.048],[4.86,45.048],[4.86,45.048]]],[[[4.865,45.074],[4.863,45.072],[4.861,45.072],[4.862,45.073],[4.863,45.072],[4.862,45.073],[4.863,45.074],[4.865,45.074]]],[[[4.848,45.073],[4.848,45.074],[4.849,45.074],[4.849,45.074],[4.848,45.073]]],[[[4.863,45.074],[4.863,45.075],[4.863,45.075],[4.865,45.075],[4.863,45.074]]],[[[4.855,45.078],[4.853,45.077],[4.853,45.079],[4.853,45.08],[4.854,45.08],[4.854,45.079],[4.855,45.079],[4.855,45.078]]],[[[4.852,45.079],[4.849,45.078],[4.849,45.079],[4.852,45.079]]],[[[4.867,45.081],[4.866,45.078],[4.866,45.077],[4.865,45.076],[4.865,45.076],[4.864,45.076],[4.862,45.076],[4.863,45.082],[4.867,45.081]]],[[[4.856,45.079],[4.857,45.079],[4.858,45.078],[4.855,45.079],[4.856,45.079]]],[[[4.863,45.084],[4.862,45.083],[4.862,45.077],[4.861,45.077],[4.859,45.079],[4.862,45.085],[4.863,45.085],[4.863,45.085],[4.863,45.085],[4.863,45.086],[4.863,45.086],[4.863,45.086],[4.863,45.084]]],[[[4.85,45.081],[4.849,45.081],[4.849,45.081],[4.848,45.082],[4.847,45.084],[4.848,45.088],[4.848,45.086],[4.847,45.086],[4.85,45.084],[4.85,45.081]]],[[[4.864,45.087],[4.863,45.087],[4.863,45.085],[4.863,45.087],[4.864,45.087]]],[[[4.868,45.09],[4.866,45.087],[4.864,45.086],[4.864,45.089],[4.866,45.089],[4.867,45.089],[4.868,45.09]]],[[[4.851,45.093],[4.85,45.093],[4.851,45.094],[4.851,45.093]]],[[[4.857,45.096],[4.856,45.095],[4.855,45.097],[4.856,45.098],[4.857,45.098],[4.857,45.097],[4.857,45.097],[4.858,45.097],[4.858,45.096],[4.857,45.096]]],[[[4.861,45.101],[4.86,45.098],[4.858,45.101],[4.859,45.099],[4.858,45.097],[4.857,45.097],[4.857,45.098],[4.856,45.098],[4.856,45.1],[4.854,45.103],[4.852,45.104],[4.851,45.104],[4.85,45.107],[4.851,45.107],[4.851,45.109],[4.856,45.106],[4.856,45.106],[4.856,45.107],[4.856,45.106],[4.857,45.106],[4.856,45.106],[4.856,45.105],[4.856,45.105],[4.855,45.105],[4.855,45.104],[4.855,45.104],[4.855,45.104],[4.855,45.104],[4.859,45.103],[4.858,45.103],[4.857,45.103],[4.856,45.103],[4.855,45.103],[4.853,45.104],[4.853,45.107],[4.853,45.107],[4.853,45.107],[4.852,45.107],[4.852,45.108],[4.853,45.104],[4.855,45.103],[4.856,45.103],[4.856,45.103],[4.86,45.103],[4.861,45.101]]],[[[4.856,45.107],[4.858,45.107],[4.858,45.107],[4.858,45.107],[4.859,45.106],[4.859,45.106],[4.86,45.105],[4.861,45.104],[4.86,45.103],[4.86,45.103],[4.859,45.103],[4.859,45.103],[4.855,45.104],[4.855,45.104],[4.856,45.105],[4.857,45.106],[4.857,45.106],[4.857,45.107],[4.856,45.107]]],[[[4.856,45.107],[4.855,45.107],[4.855,45.107],[4.856,45.107]]],[[[4.85,45.107],[4.85,45.107],[4.85,45.107],[4.85,45.107]]],[[[4.85,45.107],[4.85,45.107],[4.85,45.107],[4.85,45.107]]],[[[4.862,45.107],[4.86,45.105],[4.858,45.107],[4.858,45.107],[4.856,45.108],[4.856,45.109],[4.856,45.109],[4.857,45.11],[4.855,45.108],[4.856,45.111],[4.857,45.111],[4.858,45.109],[4.858,45.109],[4.858,45.109],[4.859,45.109],[4.86,45.108],[4.86,45.107],[4.86,45.107],[4.86,45.107],[4.861,45.107],[4.861,45.107],[4.861,45.107],[4.862,45.107]]],[[[4.851,45.109],[4.85,45.107],[4.85,45.109],[4.851,45.109]]],[[[4.862,45.108],[4.861,45.108],[4.861,45.109],[4.861,45.109],[4.86,45.11],[4.86,45.11],[4.861,45.108],[4.862,45.108],[4.862,45.107],[4.861,45.106],[4.862,45.107],[4.861,45.107],[4.86,45.107],[4.86,45.107],[4.859,45.109],[4.858,45.109],[4.857,45.111],[4.858,45.112],[4.862,45.112],[4.862,45.112],[4.863,45.11],[4.862,45.108]]],[[[4.854,45.11],[4.853,45.11],[4.853,45.111],[4.855,45.112],[4.854,45.11]]],[[[4.853,45.113],[4.851,45.111],[4.851,45.109],[4.85,45.11],[4.85,45.112],[4.85,45.114],[4.853,45.114],[4.853,45.113]]],[[[4.863,45.115],[4.863,45.11],[4.861,45.114],[4.863,45.115]]],[[[4.863,45.117],[4.86,45.115],[4.86,45.116],[4.86,45.119],[4.861,45.119],[4.861,45.117],[4.863,45.117]]],[[[4.862,45.119],[4.861,45.119],[4.861,45.12],[4.862,45.12],[4.862,45.119]]],[[[4.852,45.123],[4.852,45.122],[4.849,45.122],[4.85,45.123],[4.852,45.123]]],[[[4.875,45.009],[4.872,45.009],[4.871,45.009],[4.876,45.011],[4.875,45.009]]],[[[4.876,45.009],[4.876,45.011],[4.878,45.009],[4.876,45.009]]],[[[4.868,45.012],[4.869,45.012],[4.869,45.011],[4.869,45.011],[4.868,45.012]]],[[[4.868,45.01],[4.866,45.009],[4.86,45.009],[4.867,45.015],[4.868,45.01]]],[[[4.875,45.011],[4.874,45.012],[4.872,45.012],[4.869,45.011],[4.869,45.012],[4.871,45.013],[4.873,45.014],[4.875,45.013],[4.875,45.011],[4.875,45.011]]],[[[4.868,45.012],[4.867,45.015],[4.869,45.016],[4.869,45.012],[4.868,45.012]]],[[[4.873,45.014],[4.869,45.013],[4.869,45.016],[4.873,45.014]]],[[[4.867,45.015],[4.865,45.017],[4.866,45.018],[4.869,45.018],[4.867,45.015]]],[[[4.875,45.016],[4.872,45.018],[4.875,45.016],[4.873,45.014],[4.869,45.016],[4.874,45.023],[4.875,45.023],[4.875,45.016]]],[[[4.866,45.019],[4.868,45.02],[4.869,45.018],[4.866,45.019]]],[[[4.872,45.021],[4.869,45.017],[4.869,45.023],[4.872,45.021]]],[[[4.866,45.019],[4.864,45.017],[4.862,45.019],[4.865,45.02],[4.862,45.019],[4.861,45.02],[4.861,45.021],[4.861,45.02],[4.86,45.021],[4.867,45.024],[4.868,45.023],[4.868,45.02],[4.866,45.019]]],[[[4.874,45.023],[4.872,45.021],[4.869,45.023],[4.868,45.025],[4.871,45.026],[4.872,45.026],[4.873,45.025],[4.872,45.026],[4.874,45.027],[4.875,45.026],[4.875,45.023],[4.874,45.023]]],[[[4.867,45.024],[4.868,45.025],[4.868,45.023],[4.868,45.023],[4.867,45.024]]],[[[4.868,45.025],[4.863,45.022],[4.868,45.029],[4.868,45.025]]],[[[4.875,45.027],[4.874,45.027],[4.875,45.027],[4.875,45.027]]],[[[4.879,45.029],[4.876,45.026],[4.876,45.026],[4.876,45.028],[4.879,45.029]]],[[[4.874,45.028],[4.868,45.025],[4.868,45.026],[4.869,45.026],[4.868,45.027],[4.868,45.028],[4.869,45.031],[4.873,45.031],[4.872,45.03],[4.873,45.03],[4.871,45.028],[4.874,45.028]]],[[[4.875,45.028],[4.872,45.028],[4.874,45.032],[4.875,45.032],[4.875,45.028]]],[[[4.88,45.031],[4.875,45.028],[4.876,45.032],[4.88,45.031]]],[[[4.87,45.032],[4.869,45.031],[4.869,45.031],[4.868,45.029],[4.868,45.032],[4.869,45.032],[4.87,45.032]]],[[[4.876,45.032],[4.876,45.034],[4.877,45.033],[4.878,45.032],[4.876,45.032]]],[[[4.864,45.033],[4.861,45.031],[4.863,45.038],[4.867,45.038],[4.868,45.033],[4.864,45.033]]],[[[4.878,45.04],[4.875,45.032],[4.874,45.032],[4.873,45.031],[4.87,45.031],[4.87,45.032],[4.868,45.032],[4.868,45.033],[4.875,45.033],[4.877,45.038],[4.877,45.039],[4.876,45.04],[4.878,45.04]]],[[[4.877,45.038],[4.875,45.034],[4.868,45.033],[4.867,45.038],[4.869,45.038],[4.868,45.038],[4.868,45.039],[4.87,45.04],[4.87,45.041],[4.876,45.04],[4.877,45.038],[4.874,45.039],[4.877,45.038]]],[[[4.862,45.038],[4.864,45.042],[4.867,45.042],[4.867,45.038],[4.862,45.038]]],[[[4.87,45.041],[4.867,45.038],[4.867,45.042],[4.87,45.041]]],[[[4.878,45.04],[4.876,45.04],[4.877,45.048],[4.878,45.047],[4.878,45.04]]],[[[4.88,45.046],[4.879,45.041],[4.879,45.04],[4.878,45.048],[4.88,45.046]]],[[[4.876,45.048],[4.876,45.04],[4.87,45.042],[4.87,45.044],[4.873,45.048],[4.874,45.049],[4.875,45.051],[4.878,45.049],[4.878,45.048],[4.876,45.048]]],[[[4.878,45.048],[4.879,45.048],[4.879,45.047],[4.878,45.048]]],[[[4.867,45.057],[4.87,45.056],[4.875,45.051],[4.874,45.049],[4.873,45.048],[4.87,45.044],[4.869,45.044],[4.869,45.044],[4.87,45.042],[4.867,45.042],[4.867,45.049],[4.868,45.049],[4.869,45.044],[4.869,45.044],[4.868,45.049],[4.867,45.049],[4.868,45.049],[4.866,45.053],[4.867,45.053],[4.867,45.054],[4.867,45.055],[4.867,45.057]]],[[[4.877,45.049],[4.876,45.051],[4.877,45.054],[4.877,45.049]]],[[[4.866,45.054],[4.866,45.052],[4.866,45.055],[4.866,45.054]]],[[[4.867,45.054],[4.866,45.054],[4.867,45.054],[4.867,45.054]]],[[[4.875,45.051],[4.871,45.056],[4.871,45.056],[4.877,45.056],[4.877,45.054],[4.875,45.051]]],[[[4.877,45.055],[4.878,45.056],[4.877,45.055],[4.877,45.055]]],[[[4.882,45.06],[4.88,45.057],[4.88,45.056],[4.878,45.057],[4.877,45.06],[4.877,45.062],[4.877,45.067],[4.882,45.06]]],[[[4.87,45.061],[4.872,45.064],[4.87,45.065],[4.869,45.068],[4.873,45.065],[4.875,45.062],[4.876,45.057],[4.871,45.056],[4.868,45.058],[4.867,45.059],[4.869,45.059],[4.869,45.062],[4.869,45.062],[4.87,45.061],[4.87,45.061],[4.87,45.061]],[[4.87,45.062],[4.87,45.061],[4.87,45.062],[4.87,45.062]],[[4.872,45.063],[4.872,45.063],[4.872,45.063],[4.872,45.063]]],[[[4.877,45.067],[4.877,45.06],[4.874,45.065],[4.874,45.067],[4.873,45.068],[4.874,45.068],[4.876,45.068],[4.877,45.067]]],[[[4.871,45.068],[4.872,45.069],[4.874,45.068],[4.872,45.067],[4.871,45.068]]],[[[4.884,45.067],[4.878,45.068],[4.876,45.068],[4.876,45.069],[4.881,45.071],[4.88,45.07],[4.885,45.069],[4.884,45.067]]],[[[4.873,45.069],[4.872,45.069],[4.872,45.07],[4.874,45.07],[4.873,45.069]]],[[[4.866,45.07],[4.866,45.07],[4.868,45.071],[4.868,45.07],[4.866,45.07]]],[[[4.872,45.07],[4.874,45.072],[4.875,45.071],[4.872,45.07]]],[[[4.872,45.071],[4.869,45.071],[4.869,45.072],[4.871,45.072],[4.872,45.072],[4.872,45.071]]],[[[4.867,45.071],[4.866,45.072],[4.868,45.075],[4.869,45.071],[4.867,45.071]]],[[[4.878,45.073],[4.878,45.072],[4.878,45.072],[4.878,45.073]]],[[[4.882,45.078],[4.882,45.077],[4.881,45.075],[4.881,45.075],[4.877,45.074],[4.88,45.075],[4.88,45.074],[4.879,45.074],[4.879,45.073],[4.878,45.073],[4.878,45.072],[4.874,45.072],[4.874,45.076],[4.877,45.077],[4.88,45.076],[4.881,45.079],[4.882,45.08],[4.883,45.079],[4.882,45.078]]],[[[4.867,45.078],[4.866,45.076],[4.865,45.076],[4.866,45.075],[4.865,45.074],[4.865,45.075],[4.865,45.076],[4.866,45.076],[4.866,45.077],[4.866,45.077],[4.867,45.077],[4.867,45.078]]],[[[4.87,45.081],[4.87,45.079],[4.871,45.079],[4.87,45.078],[4.867,45.077],[4.868,45.078],[4.868,45.078],[4.867,45.078],[4.867,45.077],[4.866,45.077],[4.866,45.076],[4.866,45.077],[4.866,45.078],[4.867,45.079],[4.867,45.081],[4.869,45.081],[4.87,45.084],[4.872,45.084],[4.871,45.084],[4.872,45.083],[4.87,45.081],[4.87,45.081]],[[4.87,45.081],[4.87,45.081],[4.87,45.081],[4.87,45.081]]],[[[4.877,45.089],[4.877,45.085],[4.876,45.085],[4.874,45.081],[4.871,45.079],[4.875,45.085],[4.876,45.088],[4.877,45.088],[4.877,45.089]]],[[[4.878,45.087],[4.878,45.088],[4.878,45.089],[4.878,45.089],[4.879,45.089],[4.878,45.087]]],[[[4.879,45.09],[4.878,45.088],[4.877,45.089],[4.877,45.089],[4.877,45.089],[4.877,45.089],[4.877,45.089],[4.878,45.093],[4.879,45.09]]],[[[4.869,45.096],[4.868,45.095],[4.867,45.095],[4.867,45.096],[4.867,45.096],[4.868,45.096],[4.869,45.096]]],[[[4.872,45.099],[4.87,45.097],[4.871,45.097],[4.87,45.094],[4.868,45.094],[4.869,45.096],[4.869,45.096],[4.868,45.096],[4.867,45.096],[4.868,45.099],[4.869,45.099],[4.87,45.099],[4.87,45.099],[4.872,45.099]]],[[[4.882,45.01],[4.878,45.009],[4.876,45.011],[4.882,45.013],[4.884,45.011],[4.882,45.01]]],[[[4.888,45.013],[4.884,45.011],[4.882,45.013],[4.887,45.017],[4.889,45.015],[4.888,45.013]]],[[[4.887,45.017],[4.881,45.013],[4.876,45.011],[4.876,45.015],[4.88,45.016],[4.883,45.018],[4.884,45.019],[4.888,45.018],[4.887,45.017]]],[[[4.89,45.015],[4.888,45.017],[4.89,45.018],[4.892,45.017],[4.89,45.015]]],[[[4.892,45.017],[4.89,45.018],[4.892,45.019],[4.893,45.018],[4.892,45.017]]],[[[4.887,45.021],[4.886,45.02],[4.885,45.019],[4.884,45.019],[4.883,45.019],[4.883,45.018],[4.876,45.015],[4.876,45.018],[4.878,45.018],[4.876,45.018],[4.876,45.023],[4.878,45.022],[4.878,45.022],[4.879,45.022],[4.884,45.021],[4.883,45.022],[4.884,45.023],[4.885,45.023],[4.886,45.022],[4.887,45.021]]],[[[4.885,45.019],[4.885,45.019],[4.887,45.021],[4.887,45.02],[4.887,45.02],[4.888,45.018],[4.885,45.019]]],[[[4.901,45.021],[4.894,45.019],[4.892,45.019],[4.9,45.022],[4.901,45.021]]],[[[4.895,45.02],[4.888,45.017],[4.887,45.02],[4.89,45.025],[4.892,45.026],[4.892,45.025],[4.892,45.024],[4.891,45.024],[4.891,45.023],[4.891,45.023],[4.895,45.02]],[[4.89,45.02],[4.891,45.019],[4.892,45.019],[4.891,45.019],[4.89,45.02]]],[[[4.89,45.025],[4.888,45.022],[4.887,45.022],[4.888,45.022],[4.888,45.021],[4.888,45.021],[4.887,45.022],[4.886,45.023],[4.884,45.024],[4.887,45.027],[4.889,45.026],[4.89,45.026],[4.891,45.025],[4.89,45.025]]],[[[4.885,45.025],[4.883,45.022],[4.879,45.022],[4.881,45.027],[4.885,45.025]]],[[[4.902,45.023],[4.895,45.02],[4.891,45.023],[4.892,45.024],[4.892,45.027],[4.895,45.028],[4.896,45.029],[4.902,45.023]]],[[[4.881,45.026],[4.879,45.022],[4.876,45.023],[4.876,45.026],[4.876,45.026],[4.877,45.026],[4.878,45.028],[4.883,45.028],[4.881,45.026]]],[[[4.891,45.026],[4.892,45.026],[4.891,45.026],[4.891,45.026]]],[[[4.89,45.029],[4.885,45.025],[4.882,45.027],[4.883,45.028],[4.885,45.03],[4.89,45.029]]],[[[4.896,45.029],[4.893,45.027],[4.891,45.026],[4.887,45.027],[4.894,45.032],[4.896,45.029]]],[[[4.885,45.03],[4.883,45.028],[4.878,45.029],[4.88,45.031],[4.885,45.03]]],[[[4.898,45.028],[4.896,45.03],[4.898,45.033],[4.901,45.031],[4.901,45.031],[4.903,45.03],[4.898,45.028]]],[[[4.894,45.032],[4.89,45.029],[4.885,45.03],[4.888,45.034],[4.889,45.033],[4.889,45.034],[4.89,45.033],[4.892,45.034],[4.894,45.032]]],[[[4.88,45.031],[4.878,45.032],[4.878,45.033],[4.882,45.033],[4.88,45.031]]],[[[4.901,45.037],[4.897,45.032],[4.896,45.03],[4.893,45.033],[4.902,45.038],[4.901,45.037]]],[[[4.889,45.034],[4.885,45.03],[4.88,45.031],[4.887,45.039],[4.892,45.034],[4.89,45.033],[4.889,45.034]]],[[[4.887,45.039],[4.882,45.033],[4.876,45.034],[4.878,45.04],[4.882,45.04],[4.881,45.038],[4.881,45.038],[4.881,45.038],[4.88,45.036],[4.879,45.036],[4.88,45.036],[4.881,45.038],[4.882,45.04],[4.887,45.039]],[[4.88,45.033],[4.88,45.036],[4.88,45.036],[4.88,45.033]]],[[[4.904,45.041],[4.902,45.038],[4.893,45.033],[4.887,45.039],[4.898,45.04],[4.902,45.041],[4.903,45.042],[4.904,45.041]]],[[[4.904,45.042],[4.898,45.04],[4.887,45.04],[4.888,45.041],[4.892,45.045],[4.899,45.044],[4.902,45.042],[4.904,45.042]]],[[[4.887,45.039],[4.879,45.04],[4.88,45.046],[4.887,45.039]]],[[[4.899,45.044],[4.892,45.045],[4.894,45.047],[4.895,45.048],[4.896,45.047],[4.898,45.046],[4.899,45.044]]],[[[4.895,45.049],[4.892,45.045],[4.887,45.04],[4.889,45.053],[4.89,45.053],[4.893,45.05],[4.895,45.049]]],[[[4.889,45.054],[4.887,45.046],[4.887,45.04],[4.878,45.049],[4.878,45.056],[4.886,45.055],[4.889,45.054]]],[[[4.895,45.049],[4.893,45.05],[4.893,45.051],[4.896,45.05],[4.895,45.049]]],[[[4.897,45.051],[4.899,45.053],[4.9,45.053],[4.899,45.051],[4.897,45.051]]],[[[4.886,45.055],[4.88,45.056],[4.883,45.06],[4.883,45.059],[4.885,45.056],[4.886,45.055]]],[[[4.891,45.064],[4.891,45.066],[4.896,45.065],[4.906,45.061],[4.904,45.058],[4.903,45.059],[4.904,45.06],[4.901,45.06],[4.901,45.061],[4.9,45.06],[4.898,45.061],[4.898,45.061],[4.897,45.058],[4.896,45.058],[4.896,45.058],[4.895,45.058],[4.897,45.058],[4.897,45.058],[4.899,45.058],[4.897,45.053],[4.9,45.053],[4.897,45.052],[4.895,45.053],[4.895,45.054],[4.893,45.054],[4.891,45.052],[4.89,45.053],[4.889,45.054],[4.891,45.057],[4.892,45.059],[4.891,45.064]],[[4.893,45.061],[4.893,45.061],[4.894,45.061],[4.893,45.061]]],[[[4.892,45.06],[4.889,45.054],[4.885,45.056],[4.883,45.06],[4.883,45.062],[4.884,45.066],[4.891,45.066],[4.892,45.06]]],[[[4.884,45.066],[4.883,45.06],[4.876,45.068],[4.884,45.066]]],[[[4.893,45.066],[4.892,45.066],[4.892,45.067],[4.893,45.067],[4.894,45.067],[4.893,45.066]]],[[[4.891,45.067],[4.892,45.067],[4.893,45.067],[4.892,45.066],[4.891,45.066],[4.891,45.067]]],[[[4.9,45.065],[4.895,45.069],[4.896,45.071],[4.9,45.067],[4.9,45.065]]],[[[4.893,45.071],[4.892,45.071],[4.89,45.074],[4.893,45.074],[4.893,45.073],[4.895,45.072],[4.893,45.071]]],[[[4.892,45.075],[4.892,45.074],[4.892,45.074],[4.892,45.075],[4.892,45.075]]],[[[4.885,45.074],[4.884,45.075],[4.885,45.075],[4.885,45.074]]],[[[4.885,45.077],[4.884,45.075],[4.883,45.075],[4.884,45.079],[4.885,45.077]]],[[[4.882,45.077],[4.882,45.078],[4.883,45.078],[4.882,45.076],[4.882,45.077]],[[4.882,45.076],[4.882,45.076],[4.882,45.076],[4.882,45.076]]],[[[4.886,45.075],[4.888,45.08],[4.888,45.08],[4.89,45.08],[4.89,45.08],[4.888,45.078],[4.888,45.076],[4.888,45.075],[4.887,45.075],[4.885,45.074],[4.885,45.075],[4.886,45.075]],[[4.888,45.076],[4.888,45.076],[4.888,45.076],[4.888,45.076]]],[[[4.891,45.082],[4.89,45.081],[4.888,45.08],[4.89,45.083],[4.891,45.082]]],[[[4.889,45.085],[4.886,45.083],[4.884,45.079],[4.882,45.08],[4.887,45.086],[4.888,45.085],[4.889,45.085]]],[[[4.904,45.084],[4.901,45.081],[4.899,45.081],[4.899,45.08],[4.898,45.08],[4.895,45.08],[4.896,45.081],[4.895,45.082],[4.896,45.082],[4.898,45.085],[4.899,45.084],[4.898,45.082],[4.901,45.082],[4.9,45.085],[4.901,45.086],[4.904,45.084]]],[[[4.897,45.085],[4.894,45.081],[4.893,45.082],[4.893,45.083],[4.895,45.084],[4.896,45.085],[4.897,45.085]]],[[[4.89,45.086],[4.89,45.086],[4.888,45.084],[4.889,45.086],[4.89,45.086],[4.89,45.086]]],[[[4.893,45.089],[4.891,45.086],[4.892,45.089],[4.893,45.089]]],[[[4.899,45.089],[4.897,45.087],[4.895,45.087],[4.897,45.089],[4.899,45.089]]],[[[4.896,45.089],[4.896,45.088],[4.896,45.088],[4.895,45.089],[4.895,45.09],[4.895,45.09],[4.896,45.089],[4.898,45.089],[4.896,45.089]]],[[[4.898,45.09],[4.895,45.09],[4.895,45.09],[4.895,45.089],[4.895,45.089],[4.896,45.088],[4.896,45.087],[4.893,45.09],[4.897,45.09],[4.898,45.09]]],[[[4.894,45.09],[4.89,45.09],[4.89,45.093],[4.89,45.094],[4.891,45.093],[4.891,45.093],[4.891,45.093],[4.891,45.092],[4.892,45.092],[4.894,45.092],[4.894,45.09]]],[[[4.892,45.093],[4.89,45.094],[4.89,45.094],[4.889,45.094],[4.892,45.094],[4.892,45.093]]],[[[4.892,45.095],[4.889,45.094],[4.889,45.095],[4.892,45.095]]],[[[4.899,45.02],[4.901,45.021],[4.901,45.02],[4.899,45.02]]],[[[4.919,45.018],[4.915,45.017],[4.913,45.018],[4.908,45.021],[4.909,45.021],[4.909,45.024],[4.914,45.023],[4.916,45.021],[4.918,45.021],[4.919,45.018]],[[4.916,45.018],[4.917,45.019],[4.917,45.019],[4.916,45.018]]],[[[4.901,45.022],[4.902,45.022],[4.904,45.02],[4.904,45.019],[4.901,45.02],[4.901,45.021],[4.901,45.022]]],[[[4.908,45.021],[4.904,45.02],[4.904,45.02],[4.902,45.022],[4.909,45.024],[4.908,45.021]]],[[[4.918,45.021],[4.914,45.023],[4.91,45.024],[4.915,45.025],[4.916,45.025],[4.918,45.021]]],[[[4.909,45.024],[4.902,45.023],[4.899,45.026],[4.909,45.024]]],[[[4.915,45.025],[4.909,45.024],[4.908,45.025],[4.909,45.027],[4.914,45.028],[4.915,45.025]]],[[[4.91,45.027],[4.909,45.026],[4.908,45.026],[4.907,45.025],[4.905,45.025],[4.905,45.028],[4.903,45.03],[4.913,45.029],[4.914,45.028],[4.91,45.027]]],[[[4.899,45.026],[4.898,45.028],[4.903,45.03],[4.905,45.028],[4.905,45.025],[4.899,45.026]]],[[[4.914,45.028],[4.908,45.034],[4.908,45.034],[4.907,45.035],[4.907,45.037],[4.909,45.038],[4.912,45.039],[4.912,45.038],[4.912,45.037],[4.912,45.036],[4.911,45.034],[4.911,45.034],[4.914,45.028]]],[[[4.913,45.029],[4.903,45.03],[4.903,45.031],[4.903,45.03],[4.901,45.031],[4.899,45.033],[4.901,45.034],[4.904,45.041],[4.908,45.034],[4.913,45.029]]],[[[4.917,45.033],[4.915,45.034],[4.916,45.037],[4.917,45.038],[4.918,45.038],[4.919,45.038],[4.919,45.037],[4.92,45.035],[4.92,45.034],[4.918,45.034],[4.917,45.033]]],[[[4.917,45.038],[4.916,45.037],[4.914,45.03],[4.911,45.034],[4.912,45.036],[4.913,45.037],[4.911,45.042],[4.917,45.038]]],[[[4.912,45.039],[4.907,45.037],[4.903,45.042],[4.909,45.044],[4.911,45.045],[4.911,45.042],[4.912,45.039]],[[4.908,45.04],[4.907,45.04],[4.907,45.04],[4.908,45.04]]],[[[4.915,45.04],[4.912,45.041],[4.913,45.042],[4.913,45.043],[4.92,45.045],[4.921,45.044],[4.916,45.04],[4.915,45.04]]],[[[4.92,45.045],[4.913,45.043],[4.912,45.041],[4.911,45.042],[4.911,45.045],[4.919,45.048],[4.919,45.047],[4.92,45.045]]],[[[4.912,45.049],[4.911,45.045],[4.904,45.042],[4.905,45.048],[4.91,45.047],[4.91,45.049],[4.912,45.049]]],[[[4.905,45.048],[4.904,45.042],[4.902,45.042],[4.9,45.044],[4.898,45.046],[4.896,45.047],[4.895,45.049],[4.896,45.05],[4.903,45.048],[4.903,45.048],[4.905,45.048]],[[4.903,45.048],[4.903,45.048],[4.903,45.048],[4.903,45.048]]],[[[4.912,45.046],[4.912,45.049],[4.915,45.049],[4.915,45.048],[4.915,45.047],[4.912,45.046]]],[[[4.919,45.049],[4.915,45.047],[4.916,45.052],[4.919,45.052],[4.919,45.049]]],[[[4.909,45.06],[4.91,45.06],[4.91,45.058],[4.91,45.059],[4.908,45.059],[4.909,45.06]]],[[[4.907,45.059],[4.905,45.059],[4.907,45.06],[4.909,45.06],[4.908,45.059],[4.907,45.059]]],[[[4.92,45.064],[4.92,45.062],[4.919,45.061],[4.919,45.06],[4.917,45.061],[4.917,45.062],[4.92,45.064]]],[[[4.911,45.066],[4.91,45.064],[4.91,45.065],[4.909,45.065],[4.909,45.066],[4.907,45.067],[4.911,45.066]]],[[[4.92,45.069],[4.919,45.07],[4.92,45.068],[4.917,45.067],[4.916,45.064],[4.913,45.065],[4.915,45.065],[4.915,45.065],[4.913,45.065],[4.916,45.065],[4.915,45.066],[4.916,45.066],[4.915,45.066],[4.915,45.066],[4.913,45.065],[4.914,45.066],[4.915,45.067],[4.918,45.068],[4.919,45.07],[4.921,45.071],[4.921,45.07],[4.92,45.069]]],[[[4.91,45.067],[4.91,45.067],[4.91,45.067],[4.91,45.067]]],[[[4.91,45.068],[4.91,45.068],[4.91,45.068],[4.91,45.068]]],[[[4.91,45.068],[4.91,45.068],[4.91,45.069],[4.91,45.068]]],[[[4.918,45.069],[4.917,45.068],[4.917,45.07],[4.917,45.07],[4.918,45.069]]],[[[4.909,45.07],[4.91,45.068],[4.909,45.068],[4.909,45.07]]],[[[4.908,45.069],[4.907,45.07],[4.908,45.07],[4.908,45.069]]],[[[4.909,45.064],[4.904,45.064],[4.9,45.065],[4.901,45.067],[4.9,45.068],[4.899,45.069],[4.896,45.071],[4.893,45.074],[4.892,45.074],[4.893,45.075],[4.892,45.076],[4.894,45.077],[4.897,45.077],[4.896,45.077],[4.896,45.076],[4.896,45.076],[4.896,45.076],[4.897,45.075],[4.898,45.072],[4.9,45.072],[4.9,45.071],[4.903,45.068],[4.905,45.066],[4.905,45.066],[4.907,45.067],[4.909,45.066],[4.909,45.064]],[[4.895,45.076],[4.895,45.077],[4.895,45.077],[4.895,45.076]]],[[[4.911,45.068],[4.91,45.069],[4.91,45.073],[4.911,45.074],[4.911,45.07],[4.911,45.069],[4.912,45.069],[4.911,45.067],[4.91,45.067],[4.911,45.068]]],[[[4.917,45.071],[4.916,45.07],[4.914,45.07],[4.915,45.071],[4.915,45.071],[4.915,45.071],[4.915,45.071],[4.916,45.071],[4.917,45.071]]],[[[4.917,45.072],[4.916,45.072],[4.914,45.071],[4.913,45.07],[4.914,45.07],[4.915,45.07],[4.914,45.068],[4.913,45.07],[4.913,45.072],[4.914,45.072],[4.916,45.072],[4.913,45.072],[4.914,45.073],[4.917,45.073],[4.917,45.072]]],[[[4.917,45.071],[4.915,45.071],[4.915,45.071],[4.915,45.071],[4.916,45.071],[4.916,45.071],[4.917,45.071]]],[[[4.917,45.071],[4.915,45.071],[4.917,45.072],[4.917,45.071]]],[[[4.904,45.067],[4.9,45.071],[4.9,45.072],[4.898,45.073],[4.896,45.076],[4.897,45.077],[4.899,45.077],[4.902,45.074],[4.906,45.07],[4.906,45.069],[4.907,45.067],[4.904,45.067]]],[[[4.917,45.072],[4.915,45.071],[4.915,45.071],[4.917,45.072]]],[[[4.914,45.075],[4.912,45.07],[4.911,45.07],[4.911,45.073],[4.912,45.074],[4.913,45.075],[4.913,45.074],[4.913,45.074],[4.914,45.075]]],[[[4.918,45.075],[4.917,45.073],[4.914,45.073],[4.915,45.074],[4.917,45.074],[4.917,45.074],[4.918,45.075],[4.918,45.075]]],[[[4.914,45.076],[4.914,45.075],[4.913,45.075],[4.913,45.075],[4.914,45.076]]],[[[4.917,45.075],[4.913,45.075],[4.915,45.076],[4.917,45.075]]],[[[4.914,45.076],[4.913,45.075],[4.912,45.076],[4.914,45.076]]],[[[4.914,45.077],[4.912,45.076],[4.912,45.078],[4.915,45.08],[4.914,45.077]]],[[[4.91,45.079],[4.91,45.08],[4.908,45.08],[4.909,45.081],[4.91,45.079]]],[[[4.91,45.081],[4.908,45.08],[4.906,45.081],[4.908,45.082],[4.91,45.081]]],[[[4.912,45.08],[4.913,45.082],[4.913,45.082],[4.912,45.08]]],[[[4.919,45.085],[4.919,45.083],[4.918,45.083],[4.918,45.082],[4.916,45.082],[4.917,45.082],[4.916,45.082],[4.917,45.085],[4.919,45.085]],[[4.917,45.083],[4.917,45.083],[4.918,45.083],[4.917,45.083]]],[[[4.913,45.082],[4.912,45.084],[4.913,45.085],[4.914,45.084],[4.914,45.082],[4.913,45.082]]],[[[4.916,45.085],[4.915,45.084],[4.913,45.085],[4.916,45.085]]],[[[4.912,45.084],[4.911,45.085],[4.912,45.086],[4.913,45.085],[4.912,45.084]]],[[[4.913,45.089],[4.913,45.085],[4.912,45.086],[4.91,45.086],[4.913,45.089]]],[[[4.908,45.089],[4.908,45.093],[4.909,45.094],[4.91,45.094],[4.91,45.093],[4.91,45.093],[4.91,45.093],[4.911,45.092],[4.91,45.091],[4.912,45.091],[4.912,45.09],[4.909,45.089],[4.908,45.089]]],[[[4.911,45.092],[4.91,45.093],[4.911,45.093],[4.911,45.092],[4.911,45.092]]],[[[4.905,45.093],[4.904,45.094],[4.904,45.095],[4.905,45.095],[4.905,45.095],[4.905,45.093]]],[[[4.92,45.018],[4.92,45.018],[4.92,45.018],[4.92,45.018]]],[[[4.92,45.018],[4.919,45.018],[4.919,45.019],[4.92,45.018]]],[[[4.922,45.018],[4.921,45.019],[4.921,45.018],[4.92,45.018],[4.92,45.019],[4.92,45.019],[4.921,45.019],[4.92,45.02],[4.921,45.02],[4.922,45.02],[4.922,45.018]]],[[[4.919,45.019],[4.919,45.019],[4.919,45.02],[4.92,45.02],[4.919,45.019]]],[[[4.933,45.019],[4.928,45.018],[4.922,45.018],[4.922,45.02],[4.924,45.02],[4.924,45.021],[4.927,45.02],[4.927,45.022],[4.929,45.021],[4.933,45.021],[4.933,45.02],[4.933,45.019]],[[4.926,45.019],[4.926,45.019],[4.925,45.019],[4.926,45.019]]],[[[4.922,45.02],[4.923,45.02],[4.923,45.02],[4.922,45.02]]],[[[4.921,45.02],[4.922,45.021],[4.922,45.02],[4.921,45.02]]],[[[4.935,45.02],[4.933,45.019],[4.933,45.022],[4.935,45.02]]],[[[4.921,45.021],[4.922,45.021],[4.922,45.021],[4.922,45.021],[4.921,45.021]]],[[[4.937,45.023],[4.936,45.02],[4.934,45.023],[4.937,45.023]]],[[[4.927,45.02],[4.922,45.021],[4.923,45.025],[4.926,45.026],[4.927,45.02]]],[[[4.936,45.019],[4.937,45.023],[4.934,45.023],[4.934,45.025],[4.933,45.027],[4.939,45.025],[4.94,45.021],[4.936,45.019]]],[[[4.922,45.021],[4.921,45.022],[4.921,45.022],[4.921,45.021],[4.918,45.021],[4.916,45.024],[4.916,45.026],[4.92,45.026],[4.919,45.024],[4.922,45.022],[4.922,45.021]]],[[[4.933,45.026],[4.933,45.021],[4.927,45.022],[4.926,45.026],[4.929,45.027],[4.932,45.028],[4.933,45.026]]],[[[4.922,45.022],[4.919,45.024],[4.92,45.026],[4.923,45.027],[4.923,45.025],[4.922,45.022]]],[[[4.923,45.027],[4.915,45.026],[4.914,45.028],[4.92,45.029],[4.921,45.028],[4.922,45.027],[4.923,45.027]]],[[[4.928,45.027],[4.926,45.026],[4.923,45.025],[4.924,45.028],[4.929,45.031],[4.93,45.03],[4.931,45.03],[4.932,45.028],[4.928,45.027]]],[[[4.923,45.028],[4.924,45.032],[4.928,45.031],[4.923,45.028]]],[[[4.924,45.032],[4.922,45.027],[4.921,45.028],[4.92,45.029],[4.919,45.029],[4.914,45.029],[4.915,45.034],[4.918,45.033],[4.918,45.034],[4.92,45.034],[4.92,45.033],[4.92,45.033],[4.924,45.032]]],[[[4.931,45.03],[4.929,45.031],[4.93,45.032],[4.931,45.03]]],[[[4.931,45.034],[4.929,45.031],[4.924,45.032],[4.926,45.037],[4.932,45.037],[4.931,45.034]]],[[[4.934,45.035],[4.931,45.033],[4.932,45.037],[4.934,45.035]]],[[[4.924,45.032],[4.92,45.033],[4.92,45.034],[4.919,45.038],[4.925,45.037],[4.924,45.032]]],[[[4.925,45.037],[4.926,45.036],[4.925,45.036],[4.925,45.037]]],[[[4.925,45.037],[4.924,45.037],[4.924,45.037],[4.925,45.037],[4.925,45.037]]],[[[4.926,45.037],[4.928,45.038],[4.928,45.039],[4.928,45.04],[4.93,45.041],[4.932,45.037],[4.926,45.037]]],[[[4.925,45.037],[4.918,45.038],[4.915,45.04],[4.916,45.04],[4.921,45.044],[4.925,45.037]]],[[[4.93,45.044],[4.931,45.044],[4.931,45.042],[4.93,45.041],[4.928,45.04],[4.928,45.039],[4.925,45.037],[4.923,45.042],[4.926,45.042],[4.926,45.044],[4.932,45.045],[4.931,45.044],[4.93,45.044]]],[[[4.944,45.046],[4.934,45.035],[4.932,45.037],[4.931,45.04],[4.931,45.044],[4.941,45.045],[4.941,45.046],[4.944,45.046]]],[[[4.923,45.042],[4.921,45.044],[4.92,45.045],[4.919,45.048],[4.923,45.05],[4.924,45.049],[4.923,45.049],[4.923,45.046],[4.924,45.046],[4.926,45.044],[4.926,45.042],[4.923,45.042]]],[[[4.944,45.046],[4.948,45.051],[4.95,45.048],[4.95,45.043],[4.947,45.043],[4.947,45.044],[4.947,45.043],[4.945,45.042],[4.945,45.044],[4.945,45.042],[4.943,45.041],[4.941,45.042],[4.944,45.046],[4.944,45.046],[4.945,45.046],[4.945,45.046],[4.945,45.046],[4.945,45.046],[4.946,45.046],[4.946,45.046],[4.944,45.046]]],[[[4.919,45.049],[4.919,45.052],[4.923,45.051],[4.923,45.05],[4.919,45.049]]],[[[4.924,45.05],[4.924,45.05],[4.924,45.05],[4.924,45.05]]],[[[4.942,45.053],[4.941,45.052],[4.941,45.052],[4.941,45.052],[4.941,45.053],[4.942,45.053]]],[[[4.942,45.053],[4.941,45.052],[4.941,45.053],[4.941,45.053],[4.941,45.052],[4.938,45.052],[4.937,45.054],[4.939,45.054],[4.939,45.057],[4.942,45.055],[4.942,45.053]]],[[[4.936,45.054],[4.933,45.055],[4.934,45.055],[4.936,45.056],[4.936,45.054]]],[[[4.933,45.055],[4.93,45.056],[4.931,45.056],[4.932,45.056],[4.934,45.056],[4.933,45.055]]],[[[4.942,45.055],[4.942,45.056],[4.942,45.056],[4.942,45.055]]],[[[4.935,45.056],[4.934,45.056],[4.935,45.056],[4.935,45.056]]],[[[4.932,45.055],[4.927,45.056],[4.928,45.057],[4.931,45.057],[4.93,45.056],[4.932,45.055]]],[[[4.92,45.056],[4.918,45.056],[4.919,45.058],[4.921,45.057],[4.92,45.056]]],[[[4.923,45.059],[4.923,45.057],[4.921,45.057],[4.921,45.059],[4.924,45.059],[4.923,45.059],[4.923,45.059]]],[[[4.921,45.058],[4.919,45.058],[4.919,45.058],[4.919,45.06],[4.921,45.059],[4.921,45.058]]],[[[4.918,45.058],[4.919,45.06],[4.919,45.058],[4.918,45.058]]],[[[4.942,45.062],[4.943,45.057],[4.942,45.056],[4.939,45.057],[4.941,45.058],[4.94,45.059],[4.938,45.057],[4.936,45.058],[4.936,45.057],[4.935,45.057],[4.935,45.057],[4.934,45.057],[4.935,45.056],[4.933,45.056],[4.932,45.057],[4.932,45.056],[4.93,45.057],[4.93,45.057],[4.928,45.057],[4.931,45.063],[4.941,45.061],[4.942,45.062],[4.942,45.062]],[[4.935,45.057],[4.935,45.057],[4.934,45.057],[4.935,45.057]],[[4.94,45.059],[4.94,45.059],[4.94,45.059],[4.94,45.059]]],[[[4.927,45.06],[4.924,45.058],[4.923,45.058],[4.925,45.059],[4.925,45.06],[4.925,45.061],[4.927,45.061],[4.927,45.06]]],[[[4.921,45.061],[4.921,45.059],[4.919,45.06],[4.919,45.061],[4.92,45.062],[4.922,45.062],[4.921,45.061]]],[[[4.926,45.064],[4.924,45.059],[4.922,45.059],[4.922,45.061],[4.924,45.061],[4.924,45.06],[4.924,45.061],[4.924,45.061],[4.922,45.061],[4.923,45.063],[4.924,45.063],[4.925,45.064],[4.926,45.064]]],[[[4.942,45.062],[4.931,45.063],[4.932,45.067],[4.934,45.067],[4.936,45.066],[4.939,45.066],[4.938,45.065],[4.941,45.065],[4.942,45.062]]],[[[4.923,45.064],[4.923,45.064],[4.924,45.065],[4.924,45.065],[4.923,45.064]]],[[[4.926,45.064],[4.923,45.064],[4.924,45.065],[4.925,45.066],[4.926,45.067],[4.926,45.064]]],[[[4.924,45.066],[4.922,45.066],[4.922,45.068],[4.923,45.068],[4.924,45.068],[4.924,45.067],[4.923,45.067],[4.924,45.066]]],[[[4.924,45.066],[4.924,45.069],[4.925,45.069],[4.925,45.068],[4.925,45.067],[4.924,45.066]]],[[[4.922,45.068],[4.922,45.069],[4.924,45.07],[4.924,45.068],[4.923,45.068],[4.922,45.068]]]]}},{"type":"Feature","properties":{"id_app":1013,"app":"Grignan-les-Adhémar","denom":"Grignan-les-Adhémar","hierarchy":"AOC","dt":"Valence","dept":"26"},"geometry":{"type":"MultiPolygon","coordinates":[[[[4.746,44.327],[4.74,44.327],[4.74,44.331],[4.742,44.334],[4.746,44.333],[4.746,44.332],[4.747,44.33],[4.746,44.327]]],[[[4.74,44.331],[4.739,44.334],[4.742,44.334],[4.74,44.331]]],[[[4.747,44.338],[4.746,44.333],[4.742,44.334],[4.747,44.338]]],[[[4.747,44.338],[4.742,44.334],[4.739,44.334],[4.74,44.337],[4.749,44.34],[4.748,44.34],[4.748,44.339],[4.747,44.338]]],[[[4.748,44.349],[4.742,44.352],[4.74,44.354],[4.743,44.353],[4.744,44.356],[4.747,44.356],[4.748,44.353],[4.748,44.352],[4.748,44.35],[4.748,44.349]]],[[[4.75,44.353],[4.748,44.353],[4.747,44.357],[4.747,44.358],[4.746,44.358],[4.748,44.358],[4.749,44.357],[4.751,44.352],[4.75,44.353]]],[[[4.741,44.359],[4.74,44.354],[4.74,44.354],[4.74,44.359],[4.741,44.359]]],[[[4.747,44.357],[4.741,44.358],[4.741,44.359],[4.744,44.358],[4.746,44.358],[4.747,44.357]]],[[[4.748,44.358],[4.744,44.36],[4.744,44.362],[4.748,44.358]]],[[[4.746,44.358],[4.74,44.359],[4.74,44.364],[4.742,44.363],[4.741,44.363],[4.741,44.362],[4.743,44.362],[4.744,44.36],[4.746,44.358]]],[[[4.74,44.367],[4.741,44.367],[4.742,44.367],[4.74,44.367],[4.74,44.367]]],[[[4.744,44.367],[4.74,44.367],[4.741,44.37],[4.744,44.367]]],[[[4.743,44.368],[4.74,44.37],[4.741,44.371],[4.744,44.371],[4.744,44.37],[4.743,44.368]]],[[[4.753,44.374],[4.751,44.37],[4.751,44.369],[4.75,44.369],[4.747,44.367],[4.744,44.367],[4.744,44.367],[4.743,44.368],[4.743,44.37],[4.747,44.369],[4.749,44.371],[4.75,44.372],[4.75,44.373],[4.751,44.374],[4.752,44.374],[4.753,44.374]]],[[[4.741,44.374],[4.74,44.367],[4.735,44.368],[4.735,44.372],[4.736,44.372],[4.736,44.374],[4.741,44.374]]],[[[4.75,44.373],[4.748,44.369],[4.744,44.37],[4.746,44.374],[4.747,44.374],[4.75,44.373]]],[[[4.744,44.371],[4.741,44.371],[4.741,44.374],[4.743,44.374],[4.745,44.374],[4.746,44.374],[4.746,44.374],[4.744,44.371]]],[[[4.742,44.374],[4.742,44.376],[4.745,44.376],[4.746,44.374],[4.742,44.374]]],[[[4.744,44.376],[4.743,44.376],[4.741,44.374],[4.741,44.379],[4.745,44.379],[4.745,44.378],[4.745,44.377],[4.744,44.376],[4.744,44.377],[4.744,44.376]]],[[[4.752,44.381],[4.753,44.381],[4.753,44.38],[4.752,44.378],[4.753,44.374],[4.751,44.374],[4.747,44.374],[4.746,44.375],[4.745,44.378],[4.746,44.381],[4.748,44.384],[4.748,44.383],[4.748,44.382],[4.748,44.38],[4.75,44.38],[4.75,44.38],[4.75,44.38],[4.748,44.381],[4.749,44.384],[4.75,44.384],[4.749,44.384],[4.75,44.385],[4.752,44.384],[4.754,44.381],[4.752,44.381],[4.752,44.381]]],[[[4.745,44.38],[4.744,44.379],[4.744,44.383],[4.747,44.383],[4.746,44.381],[4.745,44.38]]],[[[4.749,44.385],[4.748,44.383],[4.747,44.383],[4.742,44.383],[4.742,44.384],[4.749,44.385],[4.743,44.384],[4.748,44.386],[4.75,44.386],[4.749,44.385],[4.749,44.385]]],[[[4.752,44.388],[4.75,44.387],[4.748,44.388],[4.749,44.387],[4.748,44.387],[4.745,44.39],[4.748,44.391],[4.749,44.39],[4.75,44.39],[4.75,44.39],[4.749,44.389],[4.752,44.389],[4.752,44.388]]],[[[4.75,44.391],[4.748,44.391],[4.745,44.39],[4.745,44.391],[4.746,44.391],[4.745,44.392],[4.747,44.395],[4.747,44.393],[4.75,44.392],[4.75,44.392],[4.75,44.391]]],[[[4.75,44.394],[4.749,44.393],[4.747,44.393],[4.747,44.395],[4.752,44.394],[4.75,44.394]]],[[[4.752,44.394],[4.747,44.395],[4.748,44.399],[4.749,44.397],[4.752,44.395],[4.752,44.394]]],[[[4.751,44.399],[4.751,44.398],[4.753,44.398],[4.752,44.396],[4.749,44.397],[4.748,44.399],[4.748,44.402],[4.747,44.404],[4.749,44.404],[4.75,44.404],[4.75,44.404],[4.753,44.402],[4.753,44.4],[4.752,44.401],[4.751,44.399]]],[[[4.747,44.404],[4.747,44.405],[4.749,44.404],[4.747,44.404]]],[[[4.751,44.414],[4.744,44.414],[4.743,44.415],[4.751,44.416],[4.751,44.414]]],[[[4.749,44.417],[4.745,44.416],[4.743,44.417],[4.744,44.419],[4.745,44.42],[4.746,44.421],[4.747,44.42],[4.75,44.42],[4.749,44.417]]],[[[4.744,44.421],[4.746,44.421],[4.743,44.419],[4.743,44.419],[4.744,44.421]]],[[[4.746,44.421],[4.746,44.421],[4.744,44.421],[4.744,44.423],[4.744,44.424],[4.747,44.424],[4.748,44.423],[4.747,44.424],[4.747,44.426],[4.748,44.425],[4.747,44.428],[4.749,44.431],[4.751,44.432],[4.756,44.427],[4.756,44.425],[4.754,44.42],[4.754,44.418],[4.752,44.418],[4.752,44.418],[4.75,44.418],[4.75,44.42],[4.746,44.421]],[[4.748,44.424],[4.748,44.424],[4.748,44.424],[4.748,44.424]]],[[[4.726,44.425],[4.727,44.423],[4.725,44.422],[4.724,44.424],[4.726,44.425]]],[[[4.729,44.423],[4.727,44.423],[4.726,44.425],[4.729,44.426],[4.729,44.423]]],[[[4.721,44.428],[4.725,44.429],[4.726,44.429],[4.727,44.428],[4.728,44.426],[4.723,44.426],[4.721,44.428]]],[[[4.726,44.429],[4.725,44.43],[4.728,44.431],[4.728,44.431],[4.726,44.429]]],[[[4.735,44.427],[4.736,44.427],[4.734,44.428],[4.735,44.429],[4.733,44.428],[4.733,44.43],[4.731,44.431],[4.734,44.432],[4.735,44.43],[4.735,44.431],[4.736,44.431],[4.739,44.431],[4.737,44.431],[4.737,44.433],[4.74,44.435],[4.742,44.433],[4.744,44.433],[4.736,44.426],[4.735,44.427]]],[[[4.717,44.43],[4.715,44.43],[4.716,44.433],[4.716,44.432],[4.717,44.431],[4.717,44.428],[4.717,44.43]]],[[[4.729,44.431],[4.729,44.432],[4.729,44.431],[4.729,44.431]]],[[[4.717,44.431],[4.716,44.433],[4.717,44.435],[4.72,44.429],[4.718,44.428],[4.717,44.431]]],[[[4.715,44.43],[4.713,44.43],[4.717,44.435],[4.715,44.43]]],[[[4.746,44.436],[4.745,44.435],[4.743,44.435],[4.742,44.436],[4.744,44.436],[4.744,44.437],[4.746,44.436]]],[[[4.745,44.439],[4.744,44.438],[4.744,44.439],[4.746,44.439],[4.745,44.439]]],[[[4.741,44.441],[4.738,44.44],[4.739,44.439],[4.736,44.436],[4.733,44.434],[4.733,44.435],[4.732,44.434],[4.728,44.434],[4.728,44.435],[4.732,44.436],[4.734,44.437],[4.73,44.436],[4.729,44.437],[4.728,44.437],[4.727,44.437],[4.726,44.436],[4.725,44.438],[4.724,44.438],[4.725,44.439],[4.728,44.441],[4.733,44.441],[4.734,44.442],[4.733,44.441],[4.726,44.442],[4.724,44.442],[4.725,44.444],[4.727,44.443],[4.731,44.444],[4.732,44.444],[4.731,44.444],[4.728,44.445],[4.734,44.446],[4.736,44.446],[4.736,44.446],[4.742,44.445],[4.741,44.441]]],[[[4.751,44.441],[4.746,44.437],[4.744,44.438],[4.746,44.439],[4.747,44.445],[4.752,44.444],[4.751,44.441]]],[[[4.72,44.445],[4.717,44.442],[4.715,44.445],[4.715,44.446],[4.717,44.447],[4.718,44.446],[4.718,44.446],[4.719,44.446],[4.72,44.445]]],[[[4.715,44.446],[4.714,44.445],[4.714,44.447],[4.716,44.446],[4.715,44.446],[4.715,44.446]]],[[[4.721,44.448],[4.72,44.445],[4.719,44.446],[4.717,44.447],[4.719,44.449],[4.721,44.448]]],[[[4.721,44.447],[4.722,44.445],[4.721,44.445],[4.72,44.445],[4.721,44.448],[4.719,44.45],[4.719,44.45],[4.72,44.451],[4.721,44.451],[4.722,44.451],[4.723,44.448],[4.722,44.447],[4.721,44.447]]],[[[4.718,44.449],[4.717,44.447],[4.716,44.446],[4.714,44.447],[4.719,44.45],[4.718,44.449]]],[[[4.723,44.446],[4.722,44.45],[4.722,44.451],[4.723,44.451],[4.725,44.448],[4.724,44.448],[4.723,44.446]]],[[[4.728,44.451],[4.728,44.448],[4.725,44.448],[4.727,44.449],[4.727,44.45],[4.727,44.451],[4.727,44.451],[4.728,44.451]]],[[[4.727,44.449],[4.725,44.448],[4.723,44.451],[4.727,44.451],[4.727,44.449]]],[[[4.742,44.45],[4.738,44.449],[4.738,44.449],[4.742,44.452],[4.743,44.451],[4.742,44.45]]],[[[4.737,44.45],[4.735,44.449],[4.733,44.448],[4.73,44.448],[4.731,44.448],[4.735,44.453],[4.737,44.454],[4.737,44.454],[4.737,44.455],[4.738,44.455],[4.738,44.453],[4.737,44.452],[4.738,44.451],[4.736,44.451],[4.735,44.451],[4.736,44.451],[4.737,44.45]]],[[[4.73,44.449],[4.73,44.451],[4.732,44.454],[4.732,44.452],[4.73,44.449]]],[[[4.737,44.454],[4.735,44.453],[4.733,44.451],[4.731,44.448],[4.729,44.448],[4.732,44.452],[4.732,44.455],[4.733,44.456],[4.735,44.455],[4.737,44.455],[4.737,44.454]]],[[[4.728,44.451],[4.726,44.451],[4.727,44.452],[4.728,44.452],[4.726,44.453],[4.727,44.452],[4.72,44.451],[4.72,44.452],[4.723,44.453],[4.724,44.453],[4.724,44.453],[4.726,44.454],[4.729,44.452],[4.728,44.451]]],[[[4.74,44.451],[4.738,44.452],[4.738,44.455],[4.742,44.452],[4.74,44.451]]],[[[4.732,44.454],[4.73,44.453],[4.73,44.455],[4.73,44.455],[4.732,44.455],[4.732,44.454]]],[[[4.73,44.456],[4.732,44.457],[4.732,44.457],[4.732,44.456],[4.73,44.455],[4.73,44.456]]],[[[4.738,44.455],[4.735,44.455],[4.733,44.456],[4.732,44.456],[4.732,44.457],[4.74,44.457],[4.738,44.456],[4.738,44.455]]],[[[4.728,44.456],[4.726,44.456],[4.726,44.459],[4.728,44.459],[4.728,44.458],[4.73,44.458],[4.73,44.456],[4.728,44.456],[4.728,44.456]]],[[[4.742,44.455],[4.738,44.455],[4.738,44.456],[4.74,44.457],[4.742,44.46],[4.744,44.459],[4.744,44.455],[4.742,44.455],[4.742,44.455]]],[[[4.739,44.457],[4.736,44.457],[4.734,44.458],[4.736,44.46],[4.741,44.46],[4.739,44.459],[4.739,44.457]]],[[[4.721,44.46],[4.718,44.457],[4.716,44.459],[4.716,44.464],[4.714,44.462],[4.716,44.467],[4.718,44.466],[4.716,44.465],[4.717,44.463],[4.721,44.462],[4.719,44.461],[4.721,44.46]],[[4.719,44.459],[4.719,44.459],[4.719,44.459],[4.719,44.459]]],[[[4.72,44.462],[4.722,44.461],[4.72,44.461],[4.72,44.462]]],[[[4.748,44.462],[4.752,44.461],[4.751,44.46],[4.748,44.462]]],[[[4.714,44.462],[4.713,44.462],[4.714,44.463],[4.714,44.462]]],[[[4.746,44.461],[4.746,44.463],[4.748,44.464],[4.749,44.463],[4.746,44.461]]],[[[4.742,44.461],[4.742,44.463],[4.739,44.465],[4.739,44.466],[4.746,44.464],[4.746,44.461],[4.745,44.461],[4.742,44.461]]],[[[4.739,44.463],[4.738,44.464],[4.738,44.464],[4.739,44.464],[4.739,44.463]]],[[[4.735,44.462],[4.733,44.466],[4.735,44.466],[4.735,44.465],[4.738,44.464],[4.736,44.462],[4.735,44.462]]],[[[4.734,44.463],[4.733,44.464],[4.732,44.466],[4.735,44.462],[4.733,44.462],[4.734,44.463]]],[[[4.737,44.466],[4.739,44.466],[4.738,44.464],[4.736,44.464],[4.737,44.466]]],[[[4.736,44.467],[4.738,44.467],[4.739,44.466],[4.736,44.467]]],[[[4.721,44.467],[4.718,44.466],[4.717,44.467],[4.716,44.467],[4.719,44.469],[4.721,44.467]],[[4.719,44.468],[4.719,44.468],[4.719,44.468],[4.719,44.468]]],[[[4.732,44.467],[4.732,44.469],[4.733,44.467],[4.732,44.467]]],[[[4.742,44.47],[4.742,44.473],[4.745,44.47],[4.742,44.47]]],[[[4.732,44.47],[4.732,44.473],[4.734,44.473],[4.734,44.47],[4.732,44.47]]],[[[4.739,44.476],[4.738,44.478],[4.739,44.479],[4.741,44.475],[4.739,44.476]]],[[[4.736,44.482],[4.737,44.481],[4.735,44.48],[4.735,44.481],[4.736,44.482]]],[[[4.752,44.478],[4.75,44.478],[4.75,44.477],[4.747,44.478],[4.743,44.48],[4.742,44.481],[4.742,44.486],[4.745,44.485],[4.747,44.486],[4.748,44.486],[4.749,44.485],[4.747,44.483],[4.747,44.482],[4.746,44.482],[4.746,44.481],[4.749,44.481],[4.757,44.481],[4.756,44.48],[4.758,44.481],[4.758,44.48],[4.752,44.479],[4.752,44.478]]],[[[4.748,44.485],[4.749,44.485],[4.75,44.485],[4.75,44.484],[4.748,44.485]]],[[[4.723,44.485],[4.722,44.486],[4.724,44.486],[4.723,44.486],[4.723,44.485],[4.723,44.485]]],[[[4.736,44.485],[4.732,44.485],[4.729,44.485],[4.731,44.486],[4.737,44.487],[4.736,44.485]]],[[[4.737,44.487],[4.738,44.486],[4.737,44.486],[4.737,44.487]]],[[[4.722,44.486],[4.722,44.488],[4.724,44.488],[4.724,44.489],[4.726,44.486],[4.722,44.486]]],[[[4.744,44.486],[4.742,44.486],[4.743,44.488],[4.745,44.489],[4.745,44.487],[4.744,44.486]]],[[[4.728,44.487],[4.728,44.491],[4.729,44.491],[4.73,44.486],[4.728,44.486],[4.728,44.487]]],[[[4.723,44.489],[4.723,44.49],[4.723,44.491],[4.724,44.489],[4.723,44.489]]],[[[4.728,44.488],[4.728,44.486],[4.726,44.486],[4.725,44.488],[4.726,44.488],[4.726,44.489],[4.725,44.489],[4.725,44.49],[4.725,44.49],[4.726,44.49],[4.725,44.49],[4.725,44.489],[4.724,44.489],[4.723,44.491],[4.723,44.492],[4.725,44.492],[4.728,44.494],[4.728,44.488]]],[[[4.742,44.489],[4.736,44.487],[4.736,44.488],[4.735,44.488],[4.735,44.489],[4.737,44.492],[4.739,44.494],[4.743,44.491],[4.742,44.489]]],[[[4.75,44.49],[4.75,44.491],[4.751,44.49],[4.75,44.49]]],[[[4.748,44.49],[4.746,44.491],[4.748,44.492],[4.749,44.491],[4.748,44.49]]],[[[4.728,44.491],[4.728,44.493],[4.729,44.493],[4.729,44.491],[4.728,44.491]]],[[[4.747,44.491],[4.743,44.493],[4.744,44.495],[4.745,44.495],[4.748,44.492],[4.747,44.491]]],[[[4.737,44.495],[4.728,44.495],[4.728,44.498],[4.737,44.497],[4.737,44.495]]],[[[4.755,44.496],[4.748,44.497],[4.749,44.496],[4.748,44.495],[4.746,44.495],[4.75,44.5],[4.751,44.499],[4.749,44.499],[4.75,44.498],[4.751,44.499],[4.756,44.498],[4.755,44.497],[4.754,44.497],[4.755,44.496]]],[[[4.75,44.329],[4.75,44.328],[4.75,44.328],[4.75,44.329]]],[[[4.751,44.329],[4.751,44.328],[4.752,44.328],[4.751,44.327],[4.75,44.328],[4.75,44.328],[4.75,44.329],[4.751,44.33],[4.751,44.333],[4.752,44.332],[4.751,44.332],[4.752,44.33],[4.752,44.33],[4.752,44.33],[4.752,44.329],[4.752,44.33],[4.753,44.329],[4.753,44.329],[4.751,44.329]]],[[[4.753,44.33],[4.754,44.331],[4.754,44.33],[4.753,44.33]]],[[[4.754,44.331],[4.753,44.331],[4.752,44.33],[4.751,44.332],[4.753,44.331],[4.752,44.332],[4.753,44.334],[4.756,44.332],[4.754,44.331]]],[[[4.755,44.34],[4.752,44.334],[4.75,44.331],[4.75,44.329],[4.75,44.328],[4.75,44.328],[4.75,44.328],[4.75,44.328],[4.751,44.327],[4.751,44.327],[4.751,44.325],[4.746,44.325],[4.747,44.33],[4.746,44.332],[4.748,44.34],[4.749,44.34],[4.75,44.339],[4.749,44.337],[4.752,44.337],[4.752,44.336],[4.754,44.34],[4.753,44.339],[4.753,44.341],[4.755,44.34]],[[4.75,44.326],[4.747,44.326],[4.747,44.325],[4.749,44.325],[4.75,44.326]]],[[[4.756,44.333],[4.754,44.334],[4.756,44.336],[4.757,44.336],[4.757,44.334],[4.758,44.334],[4.756,44.333],[4.756,44.333]]],[[[4.757,44.334],[4.757,44.336],[4.756,44.336],[4.756,44.338],[4.759,44.335],[4.757,44.334]]],[[[4.759,44.337],[4.758,44.337],[4.756,44.338],[4.757,44.339],[4.758,44.338],[4.759,44.338],[4.761,44.338],[4.759,44.337]]],[[[4.754,44.35],[4.753,44.349],[4.753,44.35],[4.754,44.35]]],[[[4.756,44.351],[4.755,44.349],[4.754,44.35],[4.754,44.352],[4.756,44.351],[4.757,44.351],[4.756,44.351]]],[[[4.752,44.351],[4.75,44.351],[4.751,44.352],[4.749,44.352],[4.75,44.349],[4.748,44.349],[4.748,44.353],[4.75,44.353],[4.751,44.352],[4.752,44.352],[4.753,44.352],[4.752,44.351]]],[[[4.763,44.352],[4.761,44.35],[4.759,44.351],[4.761,44.353],[4.763,44.352]]],[[[4.758,44.351],[4.754,44.352],[4.754,44.353],[4.755,44.356],[4.757,44.355],[4.756,44.353],[4.758,44.351]]],[[[4.754,44.356],[4.754,44.352],[4.753,44.352],[4.751,44.352],[4.752,44.353],[4.752,44.356],[4.753,44.356],[4.754,44.356]]],[[[4.755,44.356],[4.755,44.356],[4.755,44.356],[4.755,44.356]]],[[[4.753,44.356],[4.752,44.357],[4.752,44.357],[4.748,44.361],[4.75,44.362],[4.751,44.36],[4.752,44.358],[4.753,44.358],[4.753,44.357],[4.754,44.357],[4.755,44.357],[4.754,44.356],[4.753,44.356]]],[[[4.757,44.355],[4.755,44.356],[4.753,44.358],[4.75,44.361],[4.753,44.362],[4.753,44.363],[4.755,44.36],[4.756,44.36],[4.757,44.355]]],[[[4.767,44.361],[4.764,44.363],[4.767,44.363],[4.767,44.361]]],[[[4.763,44.363],[4.764,44.363],[4.763,44.363],[4.763,44.363]]],[[[4.764,44.363],[4.761,44.363],[4.764,44.363],[4.764,44.363]]],[[[4.755,44.374],[4.753,44.365],[4.751,44.364],[4.748,44.364],[4.744,44.366],[4.747,44.367],[4.751,44.369],[4.754,44.375],[4.755,44.374]]],[[[4.758,44.377],[4.756,44.378],[4.757,44.378],[4.759,44.378],[4.759,44.378],[4.758,44.377]]],[[[4.755,44.38],[4.753,44.375],[4.753,44.375],[4.752,44.378],[4.753,44.379],[4.753,44.38],[4.753,44.38],[4.754,44.381],[4.755,44.38]]],[[[4.756,44.378],[4.755,44.38],[4.756,44.38],[4.758,44.381],[4.759,44.382],[4.759,44.378],[4.756,44.378]],[[4.756,44.38],[4.757,44.38],[4.758,44.38],[4.757,44.38],[4.756,44.38]]],[[[4.768,44.384],[4.766,44.379],[4.766,44.378],[4.765,44.378],[4.763,44.381],[4.761,44.38],[4.762,44.383],[4.764,44.384],[4.764,44.381],[4.766,44.379],[4.765,44.382],[4.767,44.383],[4.766,44.384],[4.767,44.384],[4.769,44.384],[4.769,44.384],[4.768,44.384]]],[[[4.76,44.383],[4.759,44.382],[4.757,44.381],[4.755,44.38],[4.754,44.382],[4.756,44.383],[4.756,44.382],[4.758,44.382],[4.758,44.383],[4.76,44.383]]],[[[4.754,44.382],[4.754,44.385],[4.756,44.383],[4.757,44.383],[4.758,44.383],[4.758,44.382],[4.756,44.383],[4.754,44.382]]],[[[4.753,44.383],[4.752,44.384],[4.754,44.385],[4.753,44.384],[4.753,44.383]]],[[[4.756,44.386],[4.757,44.386],[4.758,44.385],[4.756,44.385],[4.756,44.386]]],[[[4.764,44.384],[4.76,44.383],[4.76,44.384],[4.76,44.383],[4.757,44.383],[4.754,44.385],[4.755,44.385],[4.757,44.384],[4.756,44.384],[4.759,44.383],[4.76,44.384],[4.759,44.385],[4.762,44.385],[4.76,44.384],[4.766,44.387],[4.766,44.386],[4.766,44.384],[4.764,44.384]],[[4.756,44.384],[4.756,44.384],[4.757,44.384],[4.756,44.384]],[[4.76,44.383],[4.76,44.384],[4.76,44.384],[4.76,44.383]]],[[[4.753,44.387],[4.753,44.385],[4.752,44.384],[4.752,44.386],[4.753,44.387]]],[[[4.75,44.386],[4.752,44.388],[4.753,44.387],[4.75,44.386]]],[[[4.754,44.389],[4.754,44.388],[4.753,44.387],[4.752,44.388],[4.755,44.39],[4.755,44.39],[4.755,44.389],[4.754,44.389]]],[[[4.752,44.389],[4.753,44.39],[4.754,44.39],[4.752,44.389]]],[[[4.758,44.39],[4.755,44.389],[4.755,44.391],[4.757,44.391],[4.758,44.39]]],[[[4.752,44.392],[4.751,44.392],[4.75,44.393],[4.75,44.392],[4.749,44.393],[4.752,44.394],[4.752,44.392]],[[4.751,44.392],[4.751,44.392],[4.751,44.392],[4.751,44.392]]],[[[4.755,44.397],[4.756,44.4],[4.757,44.401],[4.758,44.4],[4.755,44.397]]],[[[4.756,44.4],[4.755,44.397],[4.753,44.398],[4.753,44.401],[4.754,44.401],[4.756,44.401],[4.756,44.401],[4.756,44.4]]],[[[4.754,44.403],[4.755,44.403],[4.755,44.402],[4.754,44.402],[4.754,44.403]]],[[[4.759,44.404],[4.758,44.404],[4.757,44.403],[4.758,44.402],[4.757,44.401],[4.756,44.4],[4.756,44.402],[4.76,44.406],[4.759,44.404]]],[[[4.771,44.405],[4.771,44.403],[4.769,44.403],[4.764,44.404],[4.762,44.403],[4.763,44.402],[4.762,44.402],[4.76,44.402],[4.759,44.401],[4.758,44.402],[4.759,44.402],[4.76,44.404],[4.765,44.405],[4.766,44.406],[4.771,44.405]]],[[[4.762,44.409],[4.757,44.404],[4.756,44.402],[4.756,44.402],[4.755,44.402],[4.756,44.402],[4.755,44.403],[4.757,44.406],[4.759,44.41],[4.761,44.409],[4.762,44.409]]],[[[4.759,44.41],[4.756,44.405],[4.754,44.405],[4.753,44.403],[4.751,44.404],[4.752,44.405],[4.75,44.404],[4.749,44.404],[4.749,44.404],[4.749,44.404],[4.75,44.405],[4.75,44.405],[4.751,44.406],[4.752,44.406],[4.752,44.407],[4.752,44.408],[4.752,44.409],[4.753,44.409],[4.755,44.409],[4.757,44.41],[4.759,44.41]]],[[[4.756,44.41],[4.752,44.409],[4.752,44.408],[4.752,44.407],[4.75,44.407],[4.752,44.407],[4.752,44.406],[4.75,44.405],[4.75,44.405],[4.75,44.405],[4.749,44.404],[4.749,44.404],[4.747,44.405],[4.745,44.408],[4.746,44.41],[4.749,44.411],[4.75,44.41],[4.753,44.411],[4.754,44.409],[4.754,44.41],[4.758,44.41],[4.758,44.41],[4.757,44.41],[4.756,44.41]]],[[[4.763,44.409],[4.762,44.409],[4.764,44.409],[4.763,44.409]]],[[[4.763,44.41],[4.762,44.409],[4.762,44.41],[4.763,44.41]]],[[[4.751,44.414],[4.752,44.414],[4.749,44.414],[4.75,44.414],[4.751,44.414]]],[[[4.754,44.414],[4.753,44.414],[4.753,44.414],[4.754,44.414]]],[[[4.755,44.415],[4.754,44.414],[4.754,44.414],[4.755,44.415]]],[[[4.767,44.415],[4.768,44.415],[4.768,44.415],[4.767,44.415]]],[[[4.768,44.415],[4.769,44.415],[4.769,44.415],[4.768,44.415]]],[[[4.755,44.415],[4.751,44.414],[4.755,44.417],[4.756,44.417],[4.757,44.415],[4.755,44.415],[4.755,44.416],[4.755,44.417],[4.755,44.415]]],[[[4.751,44.415],[4.751,44.417],[4.752,44.416],[4.752,44.417],[4.755,44.417],[4.751,44.415]]],[[[4.757,44.415],[4.758,44.418],[4.759,44.415],[4.757,44.415]]],[[[4.757,44.417],[4.757,44.417],[4.757,44.416],[4.757,44.417]]],[[[4.759,44.423],[4.757,44.419],[4.757,44.419],[4.757,44.419],[4.756,44.419],[4.756,44.418],[4.756,44.423],[4.756,44.422],[4.756,44.423],[4.755,44.422],[4.756,44.427],[4.759,44.423]]],[[[4.769,44.428],[4.77,44.428],[4.771,44.427],[4.769,44.426],[4.769,44.428]]],[[[4.77,44.428],[4.771,44.427],[4.771,44.427],[4.77,44.428],[4.769,44.428],[4.77,44.428]]],[[[4.769,44.428],[4.769,44.428],[4.769,44.428],[4.769,44.428]]],[[[4.768,44.429],[4.769,44.428],[4.768,44.427],[4.768,44.429]]],[[[4.769,44.428],[4.769,44.428],[4.769,44.428],[4.769,44.428]]],[[[4.766,44.427],[4.763,44.425],[4.763,44.427],[4.761,44.425],[4.762,44.425],[4.761,44.424],[4.76,44.425],[4.761,44.424],[4.759,44.423],[4.756,44.427],[4.763,44.434],[4.765,44.433],[4.767,44.433],[4.767,44.432],[4.768,44.427],[4.766,44.427]]],[[[4.77,44.428],[4.769,44.428],[4.769,44.429],[4.77,44.428]]],[[[4.763,44.434],[4.756,44.427],[4.751,44.432],[4.752,44.433],[4.754,44.433],[4.755,44.433],[4.756,44.434],[4.759,44.433],[4.763,44.434]]],[[[4.768,44.429],[4.768,44.432],[4.769,44.429],[4.768,44.429]]],[[[4.763,44.434],[4.759,44.433],[4.756,44.434],[4.756,44.434],[4.754,44.433],[4.753,44.433],[4.751,44.435],[4.753,44.433],[4.751,44.432],[4.75,44.434],[4.751,44.432],[4.749,44.432],[4.748,44.43],[4.751,44.437],[4.752,44.437],[4.764,44.438],[4.767,44.433],[4.763,44.434],[4.763,44.434]]],[[[4.769,44.442],[4.77,44.44],[4.77,44.439],[4.769,44.442]]],[[[4.77,44.44],[4.77,44.442],[4.771,44.439],[4.77,44.44],[4.77,44.44]]],[[[4.769,44.443],[4.77,44.443],[4.77,44.442],[4.769,44.441],[4.768,44.442],[4.769,44.443]]],[[[4.764,44.438],[4.751,44.437],[4.757,44.449],[4.764,44.438]]],[[[4.767,44.444],[4.768,44.442],[4.766,44.445],[4.769,44.445],[4.768,44.445],[4.768,44.444],[4.767,44.444]]],[[[4.768,44.444],[4.769,44.445],[4.767,44.444],[4.768,44.444]]],[[[4.764,44.446],[4.765,44.447],[4.765,44.447],[4.764,44.446]]],[[[4.765,44.448],[4.765,44.447],[4.764,44.447],[4.764,44.447],[4.765,44.448]]],[[[4.765,44.45],[4.765,44.448],[4.764,44.448],[4.763,44.448],[4.764,44.449],[4.764,44.45],[4.765,44.45]]],[[[4.763,44.449],[4.764,44.45],[4.763,44.448],[4.763,44.449]]],[[[4.771,44.474],[4.771,44.476],[4.773,44.475],[4.771,44.474]]],[[[4.758,44.481],[4.758,44.48],[4.758,44.48],[4.758,44.481]]],[[[4.756,44.482],[4.757,44.484],[4.758,44.483],[4.758,44.481],[4.756,44.482]]],[[[4.769,44.481],[4.767,44.481],[4.768,44.485],[4.77,44.485],[4.771,44.484],[4.771,44.485],[4.772,44.485],[4.771,44.483],[4.769,44.483],[4.769,44.481]]],[[[4.766,44.482],[4.761,44.482],[4.756,44.485],[4.759,44.484],[4.763,44.486],[4.767,44.485],[4.766,44.482]]],[[[4.759,44.484],[4.756,44.485],[4.756,44.486],[4.763,44.486],[4.759,44.484]]],[[[4.754,44.486],[4.755,44.485],[4.755,44.485],[4.754,44.485],[4.754,44.486]]],[[[4.768,44.487],[4.771,44.486],[4.771,44.485],[4.768,44.485],[4.768,44.487]]],[[[4.764,44.486],[4.759,44.486],[4.762,44.486],[4.762,44.487],[4.764,44.488],[4.764,44.486]]],[[[4.763,44.489],[4.767,44.49],[4.767,44.485],[4.764,44.486],[4.764,44.488],[4.763,44.489]]],[[[4.768,44.49],[4.77,44.489],[4.769,44.488],[4.769,44.489],[4.768,44.49]]],[[[4.761,44.489],[4.761,44.489],[4.761,44.488],[4.759,44.488],[4.758,44.489],[4.758,44.488],[4.757,44.488],[4.757,44.491],[4.763,44.491],[4.762,44.489],[4.761,44.489]]],[[[4.77,44.488],[4.768,44.49],[4.768,44.49],[4.769,44.492],[4.77,44.492],[4.771,44.492],[4.773,44.491],[4.771,44.491],[4.771,44.488],[4.77,44.488]]],[[[4.752,44.49],[4.752,44.492],[4.754,44.491],[4.753,44.49],[4.752,44.49]]],[[[4.766,44.49],[4.765,44.491],[4.759,44.491],[4.76,44.492],[4.761,44.492],[4.764,44.493],[4.765,44.493],[4.766,44.495],[4.766,44.49]]],[[[4.771,44.493],[4.773,44.494],[4.773,44.494],[4.773,44.493],[4.773,44.493],[4.773,44.492],[4.772,44.492],[4.773,44.492],[4.773,44.491],[4.77,44.492],[4.771,44.493]]],[[[4.767,44.495],[4.766,44.495],[4.766,44.496],[4.765,44.498],[4.766,44.499],[4.765,44.5],[4.768,44.5],[4.767,44.495]]],[[[4.766,44.5],[4.764,44.5],[4.766,44.499],[4.765,44.498],[4.765,44.497],[4.766,44.496],[4.765,44.493],[4.76,44.492],[4.759,44.491],[4.757,44.491],[4.757,44.49],[4.753,44.49],[4.755,44.492],[4.753,44.492],[4.755,44.495],[4.756,44.5],[4.758,44.5],[4.756,44.5],[4.758,44.5],[4.756,44.5],[4.758,44.507],[4.764,44.507],[4.764,44.505],[4.768,44.506],[4.767,44.503],[4.769,44.503],[4.767,44.5],[4.766,44.5]],[[4.76,44.5],[4.758,44.496],[4.759,44.496],[4.76,44.497],[4.76,44.5],[4.76,44.5]]],[[[4.771,44.499],[4.768,44.497],[4.769,44.5],[4.77,44.5],[4.769,44.501],[4.772,44.506],[4.773,44.505],[4.774,44.504],[4.775,44.504],[4.776,44.5],[4.771,44.5],[4.771,44.501],[4.771,44.5],[4.771,44.499]],[[4.771,44.501],[4.772,44.501],[4.771,44.501],[4.771,44.501]],[[4.769,44.5],[4.77,44.5],[4.77,44.5],[4.769,44.5]]],[[[4.757,44.503],[4.753,44.504],[4.751,44.501],[4.753,44.507],[4.754,44.507],[4.756,44.505],[4.756,44.507],[4.757,44.506],[4.757,44.503]]],[[[4.766,44.507],[4.758,44.507],[4.757,44.512],[4.759,44.512],[4.761,44.514],[4.758,44.514],[4.758,44.515],[4.757,44.515],[4.756,44.516],[4.758,44.516],[4.759,44.516],[4.76,44.516],[4.76,44.515],[4.76,44.516],[4.763,44.516],[4.763,44.517],[4.76,44.517],[4.758,44.518],[4.76,44.518],[4.76,44.519],[4.758,44.519],[4.758,44.52],[4.766,44.52],[4.773,44.522],[4.775,44.521],[4.775,44.519],[4.776,44.514],[4.772,44.514],[4.772,44.515],[4.77,44.516],[4.767,44.518],[4.766,44.519],[4.767,44.517],[4.772,44.514],[4.776,44.514],[4.777,44.512],[4.773,44.509],[4.771,44.51],[4.772,44.512],[4.772,44.511],[4.771,44.512],[4.771,44.511],[4.77,44.51],[4.766,44.509],[4.768,44.506],[4.766,44.506],[4.766,44.507]]],[[[4.759,44.517],[4.759,44.517],[4.759,44.518],[4.759,44.517]]],[[[4.756,44.516],[4.755,44.518],[4.757,44.518],[4.757,44.52],[4.757,44.52],[4.759,44.517],[4.756,44.516]]],[[[4.771,44.331],[4.768,44.325],[4.767,44.325],[4.768,44.329],[4.768,44.329],[4.768,44.33],[4.769,44.331],[4.771,44.331]]],[[[4.774,44.328],[4.773,44.33],[4.776,44.33],[4.776,44.329],[4.776,44.328],[4.776,44.327],[4.774,44.328]]],[[[4.778,44.33],[4.776,44.327],[4.776,44.329],[4.778,44.33]]],[[[4.774,44.33],[4.773,44.332],[4.777,44.331],[4.776,44.33],[4.774,44.33]]],[[[4.768,44.332],[4.768,44.332],[4.768,44.332],[4.768,44.332]]],[[[4.775,44.332],[4.771,44.331],[4.769,44.331],[4.768,44.331],[4.77,44.334],[4.772,44.334],[4.773,44.333],[4.773,44.334],[4.776,44.334],[4.775,44.332]]],[[[4.779,44.344],[4.777,44.346],[4.777,44.346],[4.776,44.346],[4.774,44.347],[4.775,44.349],[4.78,44.346],[4.779,44.344]]],[[[4.778,44.353],[4.775,44.354],[4.777,44.355],[4.778,44.354],[4.778,44.355],[4.779,44.354],[4.778,44.353]]],[[[4.767,44.362],[4.767,44.362],[4.768,44.362],[4.769,44.362],[4.77,44.362],[4.77,44.361],[4.767,44.362]]],[[[4.774,44.361],[4.771,44.361],[4.771,44.362],[4.774,44.363],[4.774,44.362],[4.774,44.361]]],[[[4.775,44.362],[4.774,44.361],[4.774,44.363],[4.774,44.363],[4.775,44.362]]],[[[4.781,44.362],[4.775,44.362],[4.774,44.363],[4.781,44.363],[4.781,44.362]]],[[[4.774,44.363],[4.768,44.362],[4.767,44.363],[4.764,44.363],[4.764,44.364],[4.771,44.363],[4.773,44.364],[4.774,44.363]]],[[[4.779,44.364],[4.781,44.363],[4.781,44.363],[4.779,44.363],[4.779,44.364]]],[[[4.779,44.363],[4.774,44.363],[4.774,44.365],[4.776,44.365],[4.776,44.365],[4.778,44.365],[4.777,44.364],[4.779,44.364],[4.779,44.363]]],[[[4.774,44.381],[4.774,44.383],[4.773,44.382],[4.773,44.383],[4.771,44.383],[4.771,44.382],[4.768,44.382],[4.769,44.384],[4.774,44.384],[4.774,44.383],[4.775,44.383],[4.776,44.382],[4.774,44.381]]],[[[4.775,44.383],[4.776,44.383],[4.776,44.383],[4.775,44.383]]],[[[4.772,44.386],[4.771,44.386],[4.769,44.384],[4.766,44.384],[4.766,44.386],[4.767,44.387],[4.766,44.387],[4.77,44.387],[4.77,44.386],[4.771,44.387],[4.773,44.386],[4.772,44.386]]],[[[4.785,44.387],[4.785,44.388],[4.783,44.388],[4.784,44.391],[4.782,44.384],[4.781,44.384],[4.78,44.385],[4.782,44.389],[4.78,44.385],[4.78,44.385],[4.781,44.384],[4.776,44.384],[4.769,44.384],[4.772,44.386],[4.773,44.387],[4.775,44.387],[4.777,44.388],[4.778,44.389],[4.778,44.39],[4.779,44.39],[4.779,44.39],[4.78,44.391],[4.782,44.389],[4.783,44.39],[4.784,44.391],[4.786,44.389],[4.787,44.391],[4.79,44.39],[4.792,44.389],[4.792,44.389],[4.792,44.389],[4.792,44.388],[4.791,44.387],[4.793,44.385],[4.792,44.384],[4.792,44.385],[4.79,44.385],[4.789,44.385],[4.787,44.386],[4.787,44.385],[4.785,44.385],[4.785,44.386],[4.783,44.387],[4.783,44.388],[4.785,44.387]],[[4.787,44.388],[4.786,44.388],[4.787,44.387],[4.787,44.387],[4.787,44.386],[4.787,44.388],[4.787,44.387],[4.787,44.388]],[[4.792,44.389],[4.792,44.389],[4.791,44.389],[4.791,44.389],[4.792,44.389]]],[[[4.774,44.387],[4.773,44.387],[4.773,44.388],[4.775,44.389],[4.774,44.387]]],[[[4.778,44.389],[4.778,44.39],[4.778,44.39],[4.779,44.39],[4.778,44.389]]],[[[4.778,44.39],[4.777,44.39],[4.779,44.391],[4.78,44.39],[4.778,44.39]]],[[[4.78,44.391],[4.779,44.392],[4.78,44.392],[4.78,44.391],[4.78,44.391]]],[[[4.774,44.416],[4.774,44.416],[4.773,44.416],[4.774,44.416]]],[[[4.775,44.419],[4.775,44.419],[4.775,44.418],[4.775,44.418],[4.773,44.416],[4.769,44.415],[4.769,44.418],[4.77,44.418],[4.77,44.418],[4.771,44.417],[4.771,44.417],[4.774,44.421],[4.775,44.42],[4.775,44.42],[4.775,44.419]]],[[[4.78,44.416],[4.774,44.416],[4.774,44.416],[4.777,44.419],[4.779,44.42],[4.78,44.42],[4.78,44.42],[4.78,44.416]]],[[[4.782,44.416],[4.78,44.416],[4.78,44.421],[4.784,44.419],[4.782,44.416]]],[[[4.783,44.419],[4.781,44.42],[4.784,44.42],[4.783,44.419]]],[[[4.78,44.421],[4.777,44.419],[4.775,44.418],[4.775,44.419],[4.776,44.42],[4.776,44.421],[4.775,44.42],[4.774,44.421],[4.774,44.421],[4.78,44.421]]],[[[4.772,44.419],[4.771,44.417],[4.77,44.418],[4.77,44.419],[4.77,44.419],[4.769,44.418],[4.769,44.421],[4.771,44.422],[4.772,44.425],[4.774,44.421],[4.772,44.419]],[[4.772,44.422],[4.773,44.424],[4.772,44.423],[4.772,44.423],[4.772,44.422],[4.772,44.422],[4.771,44.421],[4.773,44.422],[4.772,44.422]]],[[[4.775,44.422],[4.775,44.422],[4.776,44.423],[4.776,44.423],[4.777,44.422],[4.778,44.421],[4.775,44.422]]],[[[4.774,44.422],[4.774,44.423],[4.775,44.424],[4.774,44.423],[4.772,44.426],[4.776,44.423],[4.774,44.422]]],[[[4.778,44.428],[4.776,44.423],[4.772,44.426],[4.776,44.427],[4.778,44.428]]],[[[4.785,44.43],[4.784,44.425],[4.782,44.423],[4.781,44.423],[4.78,44.421],[4.778,44.421],[4.778,44.421],[4.776,44.423],[4.776,44.424],[4.778,44.424],[4.781,44.424],[4.779,44.424],[4.78,44.43],[4.781,44.431],[4.785,44.43]]],[[[4.772,44.426],[4.771,44.426],[4.772,44.426],[4.772,44.426]]],[[[4.78,44.43],[4.779,44.424],[4.777,44.424],[4.777,44.426],[4.778,44.431],[4.781,44.431],[4.78,44.43]]],[[[4.777,44.428],[4.772,44.426],[4.77,44.428],[4.775,44.431],[4.77,44.428],[4.769,44.429],[4.771,44.432],[4.774,44.432],[4.778,44.431],[4.777,44.428]],[[4.775,44.431],[4.775,44.431],[4.775,44.431],[4.775,44.431]],[[4.775,44.431],[4.775,44.431],[4.775,44.431],[4.775,44.431]]],[[[4.776,44.432],[4.777,44.433],[4.778,44.433],[4.778,44.431],[4.776,44.432]]],[[[4.784,44.43],[4.781,44.431],[4.783,44.434],[4.784,44.434],[4.784,44.433],[4.785,44.433],[4.784,44.43]]],[[[4.783,44.435],[4.781,44.431],[4.778,44.431],[4.778,44.434],[4.778,44.434],[4.778,44.435],[4.778,44.436],[4.779,44.436],[4.78,44.436],[4.782,44.436],[4.783,44.435],[4.783,44.435],[4.783,44.435]]],[[[4.776,44.433],[4.776,44.432],[4.776,44.433],[4.776,44.434],[4.777,44.435],[4.776,44.433],[4.776,44.432],[4.771,44.432],[4.773,44.437],[4.774,44.437],[4.775,44.437],[4.778,44.436],[4.778,44.435],[4.778,44.433],[4.777,44.433],[4.776,44.433]]],[[[4.784,44.434],[4.783,44.434],[4.783,44.435],[4.784,44.434]]],[[[4.783,44.435],[4.782,44.436],[4.78,44.436],[4.779,44.436],[4.78,44.437],[4.783,44.436],[4.783,44.435]]],[[[4.778,44.436],[4.779,44.437],[4.78,44.437],[4.778,44.436],[4.778,44.436]]],[[[4.78,44.437],[4.78,44.438],[4.782,44.437],[4.78,44.437]]],[[[4.775,44.44],[4.775,44.437],[4.773,44.437],[4.775,44.44]]],[[[4.781,44.47],[4.781,44.473],[4.783,44.471],[4.784,44.47],[4.781,44.47]]],[[[4.783,44.471],[4.782,44.473],[4.784,44.473],[4.784,44.473],[4.783,44.472],[4.784,44.47],[4.783,44.471]]],[[[4.782,44.473],[4.781,44.474],[4.781,44.474],[4.781,44.474],[4.782,44.473]]],[[[4.784,44.474],[4.784,44.474],[4.786,44.475],[4.784,44.474]]],[[[4.782,44.473],[4.78,44.476],[4.779,44.476],[4.782,44.476],[4.784,44.473],[4.782,44.473]]],[[[4.779,44.476],[4.781,44.474],[4.781,44.474],[4.779,44.476]]],[[[4.784,44.474],[4.783,44.476],[4.785,44.476],[4.786,44.475],[4.784,44.474]]],[[[4.785,44.476],[4.783,44.476],[4.786,44.477],[4.788,44.474],[4.788,44.474],[4.787,44.475],[4.786,44.476],[4.785,44.476]]],[[[4.783,44.479],[4.785,44.477],[4.783,44.476],[4.781,44.479],[4.783,44.479]]],[[[4.786,44.479],[4.786,44.477],[4.785,44.477],[4.784,44.479],[4.786,44.479]]],[[[4.774,44.475],[4.771,44.477],[4.774,44.48],[4.775,44.481],[4.776,44.48],[4.775,44.479],[4.778,44.476],[4.774,44.475]]],[[[4.779,44.476],[4.777,44.48],[4.778,44.481],[4.78,44.479],[4.781,44.476],[4.779,44.476]]],[[[4.776,44.483],[4.771,44.477],[4.769,44.477],[4.772,44.483],[4.776,44.483]]],[[[4.78,44.481],[4.782,44.481],[4.782,44.479],[4.78,44.48],[4.78,44.481]]],[[[4.777,44.482],[4.778,44.481],[4.777,44.48],[4.775,44.482],[4.777,44.482]]],[[[4.782,44.48],[4.782,44.482],[4.786,44.483],[4.785,44.481],[4.786,44.479],[4.784,44.479],[4.783,44.479],[4.782,44.48]]],[[[4.777,44.482],[4.778,44.484],[4.78,44.483],[4.78,44.481],[4.777,44.482]]],[[[4.775,44.485],[4.776,44.485],[4.778,44.485],[4.777,44.485],[4.775,44.485]]],[[[4.781,44.484],[4.783,44.487],[4.787,44.486],[4.787,44.485],[4.781,44.484]]],[[[4.779,44.485],[4.78,44.487],[4.783,44.487],[4.781,44.484],[4.779,44.485]]],[[[4.776,44.485],[4.774,44.486],[4.774,44.488],[4.779,44.487],[4.779,44.486],[4.777,44.486],[4.776,44.485]]],[[[4.787,44.486],[4.782,44.487],[4.784,44.488],[4.787,44.487],[4.787,44.486]]],[[[4.782,44.489],[4.785,44.489],[4.787,44.489],[4.787,44.487],[4.784,44.488],[4.782,44.489],[4.782,44.489]]],[[[4.782,44.489],[4.779,44.487],[4.774,44.488],[4.775,44.491],[4.782,44.491],[4.782,44.489]]],[[[4.774,44.491],[4.773,44.489],[4.771,44.488],[4.771,44.491],[4.774,44.491]]],[[[4.782,44.489],[4.783,44.491],[4.787,44.491],[4.787,44.489],[4.782,44.489]]],[[[4.784,44.493],[4.785,44.492],[4.787,44.491],[4.783,44.491],[4.784,44.493]]],[[[4.774,44.491],[4.773,44.493],[4.775,44.493],[4.774,44.491],[4.774,44.491]]],[[[4.776,44.491],[4.776,44.493],[4.779,44.493],[4.78,44.494],[4.781,44.493],[4.781,44.491],[4.776,44.491]]],[[[4.787,44.491],[4.784,44.493],[4.787,44.493],[4.787,44.491]]],[[[4.785,44.493],[4.785,44.494],[4.786,44.494],[4.785,44.493]]],[[[4.776,44.493],[4.778,44.495],[4.78,44.494],[4.779,44.493],[4.776,44.493]]],[[[4.777,44.498],[4.771,44.493],[4.768,44.49],[4.768,44.497],[4.771,44.498],[4.771,44.498],[4.772,44.498],[4.773,44.497],[4.777,44.498]]],[[[4.775,44.493],[4.773,44.494],[4.775,44.496],[4.776,44.495],[4.775,44.493]]],[[[4.781,44.494],[4.778,44.495],[4.777,44.496],[4.781,44.496],[4.781,44.494]]],[[[4.779,44.496],[4.78,44.497],[4.78,44.497],[4.78,44.497],[4.781,44.497],[4.782,44.497],[4.782,44.496],[4.779,44.496]]],[[[4.776,44.498],[4.771,44.498],[4.771,44.499],[4.771,44.5],[4.773,44.5],[4.773,44.499],[4.773,44.5],[4.776,44.5],[4.776,44.498]],[[4.774,44.498],[4.772,44.498],[4.774,44.498],[4.774,44.498]]],[[[4.785,44.498],[4.782,44.497],[4.783,44.5],[4.785,44.5],[4.785,44.498]]],[[[4.782,44.498],[4.781,44.497],[4.78,44.497],[4.779,44.497],[4.781,44.503],[4.783,44.502],[4.782,44.498]]],[[[4.784,44.502],[4.784,44.5],[4.783,44.5],[4.783,44.501],[4.784,44.502]]],[[[4.781,44.505],[4.781,44.504],[4.78,44.504],[4.781,44.505]]],[[[4.783,44.505],[4.784,44.506],[4.786,44.504],[4.784,44.503],[4.783,44.505]]],[[[4.777,44.505],[4.779,44.506],[4.78,44.504],[4.778,44.505],[4.777,44.505]]],[[[4.777,44.505],[4.775,44.507],[4.773,44.507],[4.774,44.509],[4.776,44.509],[4.776,44.51],[4.775,44.51],[4.777,44.512],[4.778,44.51],[4.777,44.51],[4.778,44.509],[4.777,44.509],[4.778,44.508],[4.779,44.506],[4.777,44.505]]],[[[4.785,44.512],[4.782,44.506],[4.781,44.505],[4.779,44.507],[4.782,44.508],[4.779,44.507],[4.779,44.508],[4.781,44.508],[4.781,44.509],[4.782,44.512],[4.785,44.512]]],[[[4.779,44.508],[4.778,44.511],[4.781,44.512],[4.781,44.509],[4.779,44.508]]],[[[4.786,44.513],[4.784,44.512],[4.784,44.515],[4.787,44.515],[4.786,44.513]]],[[[4.775,44.517],[4.775,44.519],[4.78,44.519],[4.778,44.517],[4.775,44.517]]],[[[4.781,44.519],[4.784,44.521],[4.786,44.518],[4.781,44.519]]],[[[4.781,44.519],[4.777,44.519],[4.779,44.522],[4.782,44.52],[4.784,44.521],[4.782,44.52],[4.781,44.519]]],[[[4.786,44.522],[4.786,44.522],[4.784,44.521],[4.786,44.522]]],[[[4.777,44.519],[4.775,44.519],[4.775,44.522],[4.777,44.521],[4.775,44.522],[4.775,44.523],[4.78,44.525],[4.781,44.524],[4.78,44.523],[4.777,44.519]]],[[[4.775,44.522],[4.775,44.522],[4.775,44.523],[4.775,44.522]]],[[[4.783,44.526],[4.784,44.527],[4.785,44.526],[4.784,44.525],[4.783,44.526]]],[[[4.786,44.527],[4.786,44.525],[4.784,44.527],[4.785,44.528],[4.786,44.527]]],[[[4.788,44.314],[4.789,44.313],[4.788,44.313],[4.788,44.314]]],[[[4.789,44.314],[4.786,44.314],[4.789,44.315],[4.79,44.315],[4.79,44.316],[4.79,44.315],[4.789,44.314]]],[[[4.786,44.325],[4.786,44.325],[4.787,44.326],[4.787,44.325],[4.786,44.325]]],[[[4.785,44.325],[4.783,44.327],[4.784,44.327],[4.785,44.326],[4.786,44.326],[4.786,44.326],[4.785,44.325]]],[[[4.788,44.343],[4.789,44.344],[4.79,44.342],[4.788,44.342],[4.788,44.343]]],[[[4.789,44.345],[4.788,44.345],[4.789,44.346],[4.789,44.346],[4.789,44.345]]],[[[4.791,44.348],[4.79,44.347],[4.79,44.346],[4.788,44.347],[4.791,44.351],[4.792,44.352],[4.791,44.348],[4.79,44.349],[4.791,44.348]]],[[[4.789,44.351],[4.786,44.349],[4.783,44.35],[4.785,44.35],[4.789,44.351]]],[[[4.783,44.351],[4.782,44.351],[4.783,44.352],[4.783,44.351]]],[[[4.788,44.352],[4.785,44.351],[4.782,44.351],[4.786,44.352],[4.787,44.353],[4.788,44.352]]],[[[4.789,44.354],[4.789,44.352],[4.789,44.351],[4.787,44.351],[4.788,44.352],[4.789,44.354]]],[[[4.789,44.351],[4.789,44.354],[4.791,44.355],[4.792,44.352],[4.789,44.351]]],[[[4.789,44.354],[4.788,44.352],[4.786,44.353],[4.787,44.354],[4.788,44.354],[4.789,44.354]]],[[[4.791,44.355],[4.789,44.354],[4.791,44.355],[4.791,44.355]]],[[[4.789,44.354],[4.785,44.355],[4.785,44.357],[4.788,44.357],[4.788,44.355],[4.79,44.355],[4.789,44.354]]],[[[4.792,44.357],[4.79,44.355],[4.789,44.357],[4.792,44.357]]],[[[4.792,44.358],[4.792,44.357],[4.788,44.357],[4.785,44.357],[4.785,44.357],[4.788,44.358],[4.788,44.358],[4.789,44.358],[4.782,44.357],[4.788,44.36],[4.79,44.359],[4.79,44.359],[4.793,44.36],[4.792,44.358],[4.793,44.358],[4.793,44.358],[4.792,44.358],[4.792,44.358]]],[[[4.781,44.363],[4.783,44.363],[4.784,44.362],[4.781,44.362],[4.781,44.363]]],[[[4.785,44.363],[4.786,44.364],[4.787,44.363],[4.786,44.362],[4.785,44.363]]],[[[4.782,44.363],[4.781,44.363],[4.782,44.365],[4.783,44.365],[4.782,44.363]]],[[[4.785,44.364],[4.786,44.364],[4.786,44.363],[4.785,44.364]]],[[[4.788,44.364],[4.789,44.365],[4.79,44.365],[4.788,44.363],[4.788,44.364]]],[[[4.786,44.365],[4.787,44.365],[4.788,44.364],[4.787,44.363],[4.786,44.365]]],[[[4.79,44.366],[4.79,44.365],[4.79,44.365],[4.79,44.366]]],[[[4.792,44.367],[4.788,44.364],[4.787,44.365],[4.791,44.367],[4.792,44.367]]],[[[4.79,44.366],[4.792,44.366],[4.791,44.366],[4.79,44.366]]],[[[4.786,44.37],[4.786,44.369],[4.783,44.366],[4.783,44.365],[4.782,44.365],[4.783,44.368],[4.786,44.372],[4.788,44.371],[4.786,44.372],[4.79,44.372],[4.788,44.37],[4.786,44.37]],[[4.786,44.369],[4.786,44.369],[4.786,44.369],[4.786,44.369]]],[[[4.794,44.372],[4.791,44.374],[4.79,44.372],[4.788,44.372],[4.787,44.373],[4.792,44.374],[4.794,44.374],[4.795,44.371],[4.794,44.371],[4.794,44.371],[4.794,44.372]]],[[[4.789,44.374],[4.787,44.375],[4.791,44.375],[4.791,44.374],[4.789,44.374]]],[[[4.788,44.383],[4.787,44.385],[4.788,44.386],[4.79,44.385],[4.793,44.384],[4.792,44.382],[4.788,44.383]]],[[[4.787,44.385],[4.787,44.384],[4.785,44.384],[4.785,44.385],[4.787,44.385]]],[[[4.787,44.385],[4.787,44.385],[4.787,44.385],[4.787,44.385]]],[[[4.785,44.386],[4.783,44.384],[4.783,44.387],[4.785,44.386]]],[[[4.791,44.39],[4.79,44.39],[4.787,44.391],[4.79,44.391],[4.791,44.39]]],[[[4.795,44.389],[4.792,44.39],[4.791,44.391],[4.791,44.392],[4.791,44.393],[4.791,44.393],[4.791,44.393],[4.791,44.392],[4.791,44.391],[4.79,44.391],[4.79,44.392],[4.79,44.392],[4.79,44.391],[4.789,44.392],[4.789,44.393],[4.788,44.392],[4.788,44.392],[4.789,44.396],[4.79,44.396],[4.788,44.396],[4.789,44.398],[4.791,44.396],[4.789,44.398],[4.791,44.398],[4.791,44.398],[4.794,44.398],[4.793,44.397],[4.794,44.399],[4.795,44.398],[4.795,44.399],[4.796,44.399],[4.798,44.399],[4.796,44.397],[4.795,44.395],[4.791,44.396],[4.795,44.395],[4.795,44.394],[4.795,44.395],[4.794,44.395],[4.794,44.395],[4.793,44.394],[4.793,44.395],[4.792,44.395],[4.792,44.395],[4.793,44.394],[4.793,44.394],[4.791,44.394],[4.793,44.394],[4.791,44.393],[4.792,44.393],[4.793,44.394],[4.793,44.394],[4.795,44.394],[4.795,44.389]]],[[[4.789,44.398],[4.787,44.396],[4.787,44.397],[4.789,44.399],[4.787,44.398],[4.789,44.401],[4.791,44.4],[4.79,44.398],[4.789,44.398]]],[[[4.785,44.415],[4.785,44.417],[4.788,44.417],[4.787,44.416],[4.789,44.415],[4.788,44.414],[4.785,44.415]]],[[[4.791,44.415],[4.788,44.416],[4.793,44.417],[4.792,44.416],[4.791,44.415]]],[[[4.783,44.416],[4.785,44.418],[4.784,44.417],[4.786,44.417],[4.783,44.416]]],[[[4.791,44.417],[4.787,44.417],[4.787,44.418],[4.787,44.417],[4.785,44.417],[4.787,44.42],[4.794,44.419],[4.791,44.417]]],[[[4.793,44.419],[4.79,44.419],[4.79,44.421],[4.789,44.421],[4.79,44.421],[4.795,44.42],[4.793,44.419]]],[[[4.793,44.425],[4.791,44.425],[4.791,44.425],[4.791,44.426],[4.792,44.426],[4.794,44.426],[4.793,44.425]]],[[[4.791,44.426],[4.791,44.426],[4.791,44.425],[4.791,44.425],[4.79,44.423],[4.789,44.423],[4.788,44.424],[4.79,44.426],[4.789,44.427],[4.791,44.427],[4.791,44.427],[4.79,44.427],[4.793,44.429],[4.793,44.427],[4.791,44.426]]],[[[4.787,44.427],[4.789,44.427],[4.788,44.426],[4.787,44.427]]],[[[4.788,44.427],[4.788,44.428],[4.79,44.428],[4.788,44.427]]],[[[4.787,44.427],[4.786,44.427],[4.788,44.43],[4.788,44.429],[4.787,44.427]]],[[[4.792,44.429],[4.793,44.429],[4.792,44.428],[4.792,44.429]]],[[[4.791,44.428],[4.79,44.428],[4.791,44.429],[4.791,44.428]]],[[[4.791,44.43],[4.791,44.431],[4.792,44.431],[4.792,44.431],[4.791,44.43]]],[[[4.787,44.432],[4.787,44.432],[4.784,44.431],[4.785,44.432],[4.784,44.434],[4.787,44.433],[4.787,44.432],[4.787,44.433],[4.786,44.433],[4.787,44.432]]],[[[4.793,44.432],[4.791,44.431],[4.792,44.432],[4.793,44.434],[4.793,44.432]]],[[[4.792,44.433],[4.793,44.434],[4.792,44.433],[4.792,44.433]]],[[[4.788,44.433],[4.787,44.433],[4.787,44.434],[4.786,44.434],[4.786,44.434],[4.786,44.435],[4.788,44.435],[4.788,44.433]]],[[[4.793,44.434],[4.793,44.434],[4.793,44.434],[4.793,44.434]]],[[[4.785,44.434],[4.784,44.434],[4.784,44.434],[4.783,44.435],[4.786,44.435],[4.785,44.434]]],[[[4.783,44.435],[4.784,44.436],[4.785,44.435],[4.786,44.435],[4.786,44.436],[4.786,44.435],[4.786,44.435],[4.785,44.435],[4.784,44.435],[4.784,44.435],[4.785,44.435],[4.786,44.435],[4.783,44.435]]],[[[4.791,44.436],[4.792,44.436],[4.791,44.435],[4.791,44.436]]],[[[4.784,44.437],[4.785,44.436],[4.784,44.436],[4.784,44.437]]],[[[4.786,44.436],[4.786,44.436],[4.785,44.435],[4.784,44.436],[4.784,44.436],[4.785,44.436],[4.786,44.438],[4.786,44.438],[4.786,44.437],[4.786,44.436]]],[[[4.786,44.435],[4.786,44.438],[4.787,44.438],[4.787,44.438],[4.787,44.439],[4.789,44.439],[4.789,44.438],[4.787,44.438],[4.789,44.438],[4.79,44.436],[4.787,44.436],[4.788,44.435],[4.786,44.435]]],[[[4.793,44.438],[4.791,44.436],[4.791,44.435],[4.79,44.435],[4.79,44.438],[4.79,44.438],[4.79,44.438],[4.792,44.44],[4.792,44.44],[4.792,44.44],[4.792,44.44],[4.793,44.438]]],[[[4.789,44.438],[4.79,44.439],[4.789,44.438],[4.789,44.438]]],[[[4.786,44.438],[4.787,44.439],[4.786,44.44],[4.786,44.438],[4.786,44.438],[4.786,44.438],[4.785,44.437],[4.785,44.441],[4.787,44.44],[4.786,44.438]]],[[[4.795,44.441],[4.795,44.439],[4.793,44.439],[4.792,44.44],[4.795,44.441]]],[[[4.785,44.441],[4.784,44.441],[4.785,44.442],[4.785,44.442],[4.785,44.441]]],[[[4.792,44.441],[4.792,44.441],[4.792,44.441],[4.792,44.441],[4.792,44.441],[4.792,44.44],[4.791,44.44],[4.791,44.442],[4.793,44.441],[4.792,44.441]]],[[[4.787,44.441],[4.786,44.441],[4.786,44.441],[4.787,44.441]]],[[[4.786,44.442],[4.785,44.442],[4.785,44.443],[4.785,44.443],[4.786,44.442]]],[[[4.787,44.442],[4.788,44.443],[4.788,44.443],[4.787,44.442],[4.787,44.442]]],[[[4.788,44.444],[4.788,44.445],[4.789,44.445],[4.789,44.444],[4.788,44.444]]],[[[4.793,44.445],[4.792,44.444],[4.792,44.446],[4.792,44.445],[4.793,44.445],[4.794,44.445],[4.794,44.444],[4.793,44.444],[4.793,44.445]]],[[[4.792,44.445],[4.793,44.446],[4.794,44.445],[4.792,44.445]]],[[[4.788,44.475],[4.79,44.475],[4.79,44.474],[4.789,44.474],[4.788,44.475]]],[[[4.788,44.475],[4.786,44.477],[4.786,44.48],[4.789,44.48],[4.788,44.475]]],[[[4.79,44.487],[4.793,44.486],[4.793,44.484],[4.789,44.485],[4.79,44.487]]],[[[4.787,44.486],[4.789,44.486],[4.789,44.485],[4.787,44.485],[4.787,44.486]]],[[[4.793,44.487],[4.787,44.486],[4.787,44.491],[4.788,44.491],[4.789,44.49],[4.79,44.49],[4.793,44.487]]],[[[4.787,44.491],[4.789,44.491],[4.79,44.491],[4.79,44.49],[4.787,44.491]]],[[[4.787,44.491],[4.787,44.493],[4.788,44.493],[4.79,44.493],[4.79,44.491],[4.787,44.491]]],[[[4.79,44.493],[4.791,44.493],[4.791,44.492],[4.791,44.491],[4.79,44.491],[4.79,44.493]]],[[[4.795,44.493],[4.791,44.492],[4.792,44.494],[4.795,44.493]]],[[[4.79,44.493],[4.785,44.493],[4.786,44.494],[4.787,44.494],[4.789,44.494],[4.79,44.493]]],[[[4.79,44.493],[4.79,44.494],[4.791,44.494],[4.791,44.493],[4.79,44.493]]],[[[4.789,44.494],[4.789,44.496],[4.791,44.496],[4.791,44.495],[4.789,44.494]]],[[[4.795,44.503],[4.79,44.504],[4.789,44.503],[4.788,44.503],[4.789,44.504],[4.792,44.504],[4.793,44.504],[4.795,44.503]]],[[[4.79,44.505],[4.787,44.504],[4.786,44.505],[4.787,44.508],[4.788,44.508],[4.788,44.506],[4.788,44.508],[4.791,44.507],[4.79,44.505]]],[[[4.792,44.506],[4.792,44.506],[4.791,44.505],[4.791,44.507],[4.792,44.506]]],[[[4.789,44.509],[4.788,44.51],[4.788,44.512],[4.791,44.512],[4.792,44.509],[4.789,44.509]]],[[[4.786,44.51],[4.787,44.512],[4.788,44.512],[4.787,44.51],[4.786,44.51]]],[[[4.788,44.514],[4.791,44.515],[4.79,44.512],[4.787,44.512],[4.788,44.514]]],[[[4.793,44.515],[4.791,44.515],[4.794,44.52],[4.795,44.518],[4.793,44.515]]],[[[4.788,44.519],[4.786,44.522],[4.791,44.524],[4.791,44.524],[4.792,44.524],[4.793,44.523],[4.793,44.523],[4.788,44.519]]],[[[4.788,44.523],[4.79,44.524],[4.791,44.524],[4.788,44.523]]],[[[4.793,44.523],[4.791,44.524],[4.794,44.526],[4.794,44.527],[4.795,44.526],[4.796,44.528],[4.797,44.529],[4.798,44.529],[4.793,44.523]]],[[[4.786,44.525],[4.787,44.526],[4.785,44.528],[4.787,44.529],[4.788,44.528],[4.789,44.526],[4.788,44.525],[4.786,44.525]]],[[[4.791,44.529],[4.789,44.526],[4.788,44.529],[4.792,44.531],[4.793,44.529],[4.795,44.528],[4.793,44.527],[4.794,44.527],[4.793,44.526],[4.791,44.524],[4.789,44.526],[4.791,44.529]]],[[[4.792,44.531],[4.796,44.531],[4.797,44.531],[4.795,44.528],[4.794,44.529],[4.794,44.53],[4.794,44.529],[4.793,44.529],[4.792,44.531]]],[[[4.798,44.531],[4.795,44.531],[4.794,44.531],[4.798,44.532],[4.798,44.531]]],[[[4.801,44.306],[4.795,44.307],[4.795,44.308],[4.796,44.309],[4.797,44.309],[4.801,44.309],[4.801,44.306]]],[[[4.796,44.309],[4.796,44.309],[4.796,44.309],[4.796,44.309]]],[[[4.8,44.31],[4.797,44.309],[4.796,44.309],[4.797,44.31],[4.8,44.31]]],[[[4.792,44.31],[4.791,44.313],[4.79,44.314],[4.791,44.316],[4.792,44.314],[4.794,44.313],[4.795,44.311],[4.795,44.31],[4.792,44.31]]],[[[4.798,44.316],[4.797,44.315],[4.797,44.312],[4.795,44.312],[4.796,44.309],[4.794,44.313],[4.795,44.314],[4.794,44.316],[4.795,44.316],[4.795,44.316],[4.794,44.316],[4.794,44.315],[4.793,44.315],[4.791,44.316],[4.794,44.317],[4.795,44.319],[4.797,44.318],[4.798,44.318],[4.798,44.316]],[[4.793,44.315],[4.793,44.315],[4.792,44.315],[4.793,44.315]]],[[[4.789,44.314],[4.79,44.315],[4.791,44.315],[4.79,44.314],[4.791,44.313],[4.789,44.314]]],[[[4.791,44.317],[4.79,44.316],[4.789,44.318],[4.791,44.317]]],[[[4.795,44.319],[4.795,44.32],[4.795,44.32],[4.796,44.319],[4.795,44.319],[4.795,44.319]]],[[[4.802,44.322],[4.799,44.318],[4.796,44.319],[4.796,44.319],[4.795,44.32],[4.796,44.32],[4.795,44.321],[4.796,44.322],[4.797,44.322],[4.798,44.322],[4.798,44.323],[4.798,44.324],[4.799,44.324],[4.799,44.324],[4.8,44.323],[4.8,44.323],[4.799,44.322],[4.799,44.321],[4.799,44.322],[4.8,44.323],[4.802,44.322]]],[[[4.795,44.321],[4.795,44.32],[4.795,44.321],[4.795,44.321],[4.796,44.322],[4.795,44.321]]],[[[4.797,44.322],[4.797,44.322],[4.796,44.322],[4.797,44.322]]],[[[4.798,44.323],[4.798,44.323],[4.798,44.323],[4.798,44.323]]],[[[4.792,44.327],[4.789,44.327],[4.791,44.329],[4.793,44.328],[4.793,44.329],[4.794,44.328],[4.793,44.327],[4.792,44.327],[4.792,44.327]]],[[[4.797,44.339],[4.795,44.339],[4.796,44.338],[4.795,44.338],[4.794,44.336],[4.792,44.336],[4.793,44.337],[4.792,44.338],[4.793,44.339],[4.794,44.339],[4.794,44.34],[4.796,44.34],[4.799,44.34],[4.797,44.339]]],[[[4.793,44.341],[4.794,44.34],[4.793,44.34],[4.793,44.341]]],[[[4.794,44.341],[4.797,44.341],[4.799,44.34],[4.794,44.34],[4.794,44.34],[4.795,44.34],[4.794,44.341]]],[[[4.796,44.341],[4.793,44.342],[4.794,44.342],[4.797,44.343],[4.796,44.341]]],[[[4.796,44.343],[4.792,44.342],[4.79,44.342],[4.791,44.343],[4.796,44.343],[4.796,44.343]]],[[[4.801,44.345],[4.8,44.345],[4.801,44.345],[4.801,44.345]]],[[[4.801,44.347],[4.799,44.343],[4.798,44.343],[4.798,44.344],[4.797,44.344],[4.799,44.345],[4.798,44.346],[4.799,44.346],[4.8,44.349],[4.8,44.348],[4.8,44.347],[4.801,44.347]]],[[[4.79,44.346],[4.79,44.347],[4.792,44.347],[4.791,44.346],[4.79,44.346]]],[[[4.792,44.347],[4.79,44.347],[4.791,44.348],[4.792,44.35],[4.794,44.349],[4.792,44.347]]],[[[4.798,44.353],[4.797,44.35],[4.796,44.35],[4.796,44.35],[4.795,44.348],[4.795,44.35],[4.792,44.352],[4.794,44.352],[4.796,44.353],[4.796,44.353],[4.798,44.353]]],[[[4.796,44.353],[4.792,44.352],[4.791,44.356],[4.792,44.357],[4.792,44.358],[4.799,44.359],[4.799,44.36],[4.799,44.359],[4.796,44.358],[4.793,44.357],[4.794,44.355],[4.793,44.355],[4.793,44.353],[4.796,44.353],[4.796,44.353],[4.796,44.353]],[[4.792,44.356],[4.792,44.356],[4.792,44.356],[4.792,44.356]]],[[[4.795,44.36],[4.796,44.361],[4.797,44.361],[4.796,44.36],[4.798,44.359],[4.796,44.359],[4.795,44.36]]],[[[4.8,44.362],[4.801,44.364],[4.801,44.364],[4.802,44.364],[4.8,44.362]]],[[[4.796,44.366],[4.795,44.362],[4.793,44.363],[4.794,44.366],[4.796,44.366]]],[[[4.803,44.367],[4.799,44.363],[4.798,44.364],[4.803,44.367]]],[[[4.796,44.366],[4.794,44.366],[4.796,44.368],[4.797,44.367],[4.796,44.366]]],[[[4.796,44.369],[4.797,44.368],[4.797,44.367],[4.796,44.368],[4.796,44.369]]],[[[4.792,44.367],[4.791,44.367],[4.793,44.37],[4.795,44.371],[4.792,44.367]]],[[[4.803,44.37],[4.801,44.37],[4.802,44.37],[4.801,44.369],[4.797,44.371],[4.797,44.371],[4.798,44.371],[4.799,44.371],[4.8,44.371],[4.802,44.37],[4.803,44.37]]],[[[4.795,44.372],[4.795,44.371],[4.795,44.372],[4.795,44.372]]],[[[4.803,44.37],[4.799,44.371],[4.801,44.373],[4.802,44.373],[4.801,44.373],[4.802,44.374],[4.803,44.374],[4.803,44.371],[4.803,44.37]]],[[[4.799,44.372],[4.797,44.371],[4.797,44.371],[4.797,44.372],[4.795,44.372],[4.796,44.374],[4.801,44.373],[4.799,44.372]]],[[[4.791,44.374],[4.791,44.375],[4.793,44.375],[4.794,44.374],[4.791,44.374]]],[[[4.798,44.376],[4.796,44.374],[4.797,44.377],[4.798,44.376]]],[[[4.797,44.377],[4.797,44.379],[4.799,44.378],[4.799,44.377],[4.797,44.377]]],[[[4.796,44.38],[4.795,44.379],[4.794,44.379],[4.794,44.381],[4.796,44.38]]],[[[4.795,44.38],[4.797,44.381],[4.797,44.38],[4.795,44.38]]],[[[4.8,44.38],[4.8,44.381],[4.801,44.38],[4.8,44.38]]],[[[4.8,44.38],[4.797,44.38],[4.798,44.382],[4.799,44.382],[4.798,44.382],[4.799,44.384],[4.8,44.384],[4.8,44.383],[4.8,44.383],[4.8,44.38]]],[[[4.796,44.382],[4.797,44.383],[4.798,44.384],[4.798,44.382],[4.796,44.382]]],[[[4.801,44.382],[4.799,44.384],[4.802,44.385],[4.801,44.382]]],[[[4.799,44.385],[4.797,44.384],[4.798,44.387],[4.799,44.387],[4.799,44.385]]],[[[4.803,44.385],[4.799,44.384],[4.799,44.387],[4.801,44.387],[4.801,44.387],[4.801,44.387],[4.802,44.387],[4.802,44.387],[4.803,44.385]]],[[[4.794,44.386],[4.793,44.387],[4.794,44.387],[4.794,44.386]]],[[[4.8,44.387],[4.799,44.387],[4.799,44.391],[4.801,44.39],[4.801,44.389],[4.802,44.389],[4.8,44.387]]],[[[4.795,44.388],[4.797,44.39],[4.796,44.39],[4.797,44.391],[4.799,44.391],[4.799,44.387],[4.797,44.387],[4.797,44.388],[4.795,44.388]]],[[[4.799,44.392],[4.799,44.391],[4.799,44.392],[4.799,44.392]]],[[[4.797,44.391],[4.798,44.393],[4.799,44.391],[4.797,44.391]]],[[[4.795,44.393],[4.795,44.395],[4.797,44.398],[4.798,44.393],[4.797,44.392],[4.797,44.393],[4.795,44.393]]],[[[4.799,44.395],[4.797,44.397],[4.798,44.399],[4.799,44.398],[4.799,44.395]]],[[[4.801,44.395],[4.8,44.396],[4.801,44.398],[4.802,44.397],[4.803,44.397],[4.804,44.397],[4.804,44.396],[4.801,44.395]],[[4.803,44.397],[4.802,44.397],[4.802,44.396],[4.802,44.397],[4.803,44.397]]],[[[4.795,44.399],[4.795,44.399],[4.795,44.399],[4.795,44.399]]],[[[4.801,44.399],[4.8,44.398],[4.802,44.4],[4.801,44.399]]],[[[4.801,44.403],[4.799,44.403],[4.8,44.405],[4.801,44.405],[4.801,44.405],[4.801,44.403]]],[[[4.798,44.404],[4.796,44.403],[4.795,44.404],[4.796,44.405],[4.796,44.404],[4.797,44.405],[4.798,44.405],[4.799,44.405],[4.798,44.404]]],[[[4.802,44.404],[4.801,44.404],[4.801,44.405],[4.802,44.405],[4.802,44.405],[4.803,44.406],[4.802,44.404]]],[[[4.797,44.406],[4.797,44.406],[4.799,44.407],[4.8,44.406],[4.797,44.406]]],[[[4.797,44.408],[4.798,44.409],[4.798,44.408],[4.797,44.408]]],[[[4.798,44.408],[4.797,44.412],[4.799,44.412],[4.798,44.408]]],[[[4.796,44.411],[4.797,44.412],[4.797,44.411],[4.796,44.411]]],[[[4.802,44.42],[4.802,44.419],[4.8,44.419],[4.801,44.421],[4.803,44.421],[4.804,44.419],[4.803,44.419],[4.802,44.42]]],[[[4.79,44.423],[4.791,44.425],[4.797,44.425],[4.796,44.424],[4.79,44.423]]],[[[4.801,44.425],[4.801,44.424],[4.801,44.423],[4.799,44.424],[4.801,44.425]]],[[[4.802,44.423],[4.801,44.425],[4.803,44.424],[4.802,44.423]]],[[[4.8,44.425],[4.799,44.424],[4.799,44.424],[4.8,44.425]]],[[[4.801,44.425],[4.803,44.425],[4.803,44.425],[4.801,44.425],[4.801,44.425]]],[[[4.798,44.425],[4.793,44.425],[4.793,44.425],[4.794,44.426],[4.798,44.425]]],[[[4.798,44.425],[4.794,44.426],[4.795,44.427],[4.798,44.426],[4.798,44.425]]],[[[4.792,44.426],[4.793,44.427],[4.795,44.427],[4.794,44.426],[4.792,44.426]]],[[[4.8,44.432],[4.799,44.432],[4.799,44.433],[4.799,44.433],[4.8,44.433],[4.8,44.433],[4.8,44.433],[4.8,44.432]]],[[[4.797,44.433],[4.799,44.433],[4.799,44.432],[4.797,44.432],[4.797,44.433]]],[[[4.793,44.432],[4.793,44.434],[4.794,44.434],[4.793,44.432]]],[[[4.8,44.433],[4.799,44.433],[4.8,44.434],[4.799,44.433],[4.799,44.433],[4.798,44.433],[4.8,44.435],[4.8,44.433]],[[4.8,44.435],[4.8,44.435],[4.8,44.435],[4.8,44.435]],[[4.799,44.435],[4.799,44.435],[4.8,44.435],[4.799,44.435]]],[[[4.796,44.434],[4.795,44.435],[4.796,44.435],[4.796,44.436],[4.797,44.436],[4.796,44.434]]],[[[4.795,44.435],[4.794,44.436],[4.794,44.436],[4.795,44.436],[4.795,44.436],[4.795,44.435]]],[[[4.795,44.437],[4.796,44.436],[4.796,44.435],[4.795,44.436],[4.795,44.437]]],[[[4.8,44.437],[4.799,44.435],[4.799,44.437],[4.8,44.437]]],[[[4.802,44.44],[4.802,44.441],[4.804,44.441],[4.804,44.439],[4.802,44.44]]],[[[4.798,44.441],[4.8,44.441],[4.8,44.441],[4.799,44.44],[4.798,44.441]]],[[[4.799,44.44],[4.795,44.439],[4.795,44.44],[4.796,44.44],[4.796,44.44],[4.797,44.44],[4.798,44.44],[4.795,44.44],[4.797,44.441],[4.796,44.441],[4.796,44.442],[4.797,44.442],[4.797,44.443],[4.799,44.44]]],[[[4.795,44.443],[4.795,44.444],[4.796,44.444],[4.795,44.443]]],[[[4.794,44.443],[4.794,44.444],[4.794,44.444],[4.795,44.444],[4.794,44.443]]],[[[4.796,44.444],[4.795,44.444],[4.795,44.444],[4.796,44.444]]],[[[4.795,44.444],[4.794,44.445],[4.795,44.445],[4.795,44.444]]],[[[4.796,44.484],[4.796,44.486],[4.796,44.486],[4.797,44.484],[4.796,44.484]]],[[[4.796,44.486],[4.799,44.486],[4.798,44.485],[4.796,44.486]]],[[[4.798,44.486],[4.799,44.486],[4.797,44.487],[4.8,44.489],[4.801,44.488],[4.799,44.486],[4.798,44.486]]],[[[4.795,44.487],[4.794,44.487],[4.796,44.49],[4.797,44.49],[4.796,44.488],[4.797,44.488],[4.795,44.487]]],[[[4.801,44.488],[4.802,44.489],[4.802,44.489],[4.803,44.489],[4.803,44.488],[4.801,44.488]]],[[[4.8,44.489],[4.801,44.488],[4.8,44.489],[4.8,44.489]]],[[[4.803,44.489],[4.802,44.489],[4.803,44.491],[4.804,44.491],[4.805,44.49],[4.803,44.489]]],[[[4.799,44.514],[4.801,44.515],[4.801,44.513],[4.799,44.514]]],[[[4.799,44.515],[4.799,44.514],[4.797,44.514],[4.796,44.515],[4.796,44.517],[4.799,44.517],[4.799,44.515],[4.797,44.515],[4.799,44.515]]],[[[4.801,44.517],[4.801,44.515],[4.799,44.515],[4.799,44.517],[4.801,44.517]]],[[[4.804,44.516],[4.802,44.516],[4.802,44.519],[4.805,44.519],[4.805,44.517],[4.804,44.517],[4.804,44.516]]],[[[4.797,44.529],[4.799,44.53],[4.799,44.53],[4.798,44.529],[4.797,44.529]]],[[[4.808,44.316],[4.809,44.319],[4.811,44.318],[4.81,44.316],[4.808,44.316]]],[[[4.812,44.317],[4.811,44.319],[4.815,44.32],[4.815,44.318],[4.812,44.317]]],[[[4.809,44.32],[4.811,44.319],[4.811,44.318],[4.809,44.319],[4.809,44.32]]],[[[4.813,44.323],[4.811,44.319],[4.809,44.32],[4.811,44.323],[4.813,44.323]]],[[[4.815,44.32],[4.812,44.32],[4.813,44.323],[4.815,44.322],[4.815,44.32]]],[[[4.806,44.325],[4.802,44.322],[4.799,44.324],[4.802,44.325],[4.802,44.323],[4.802,44.324],[4.803,44.324],[4.802,44.325],[4.801,44.325],[4.802,44.325],[4.803,44.325],[4.8,44.325],[4.801,44.325],[4.802,44.326],[4.803,44.326],[4.804,44.326],[4.806,44.325]]],[[[4.811,44.323],[4.813,44.326],[4.813,44.324],[4.813,44.323],[4.811,44.323]]],[[[4.8,44.325],[4.8,44.325],[4.8,44.325],[4.8,44.325]]],[[[4.816,44.328],[4.815,44.326],[4.814,44.324],[4.813,44.326],[4.816,44.329],[4.816,44.328]]],[[[4.81,44.328],[4.806,44.325],[4.803,44.326],[4.802,44.326],[4.807,44.331],[4.808,44.33],[4.81,44.328]]],[[[4.808,44.331],[4.808,44.331],[4.807,44.331],[4.808,44.331]]],[[[4.807,44.331],[4.808,44.331],[4.807,44.331],[4.807,44.331]]],[[[4.811,44.33],[4.81,44.33],[4.809,44.329],[4.808,44.331],[4.811,44.334],[4.811,44.332],[4.813,44.334],[4.814,44.333],[4.811,44.33]]],[[[4.808,44.332],[4.809,44.333],[4.81,44.333],[4.808,44.332]]],[[[4.809,44.333],[4.809,44.332],[4.808,44.336],[4.811,44.334],[4.809,44.333]]],[[[4.81,44.335],[4.809,44.335],[4.805,44.338],[4.811,44.337],[4.812,44.336],[4.81,44.336],[4.81,44.335]]],[[[4.805,44.338],[4.803,44.339],[4.803,44.34],[4.806,44.34],[4.805,44.338]]],[[[4.813,44.339],[4.812,44.337],[4.809,44.337],[4.807,44.339],[4.807,44.338],[4.806,44.338],[4.806,44.34],[4.807,44.341],[4.806,44.34],[4.807,44.344],[4.807,44.344],[4.809,44.344],[4.809,44.343],[4.81,44.342],[4.809,44.344],[4.811,44.345],[4.812,44.342],[4.808,44.341],[4.808,44.341],[4.81,44.341],[4.808,44.339],[4.813,44.339]]],[[[4.806,44.343],[4.806,44.34],[4.802,44.341],[4.802,44.341],[4.799,44.341],[4.799,44.343],[4.806,44.343]]],[[[4.804,44.343],[4.807,44.344],[4.808,44.344],[4.806,44.344],[4.804,44.343]]],[[[4.813,44.343],[4.813,44.345],[4.816,44.346],[4.816,44.344],[4.813,44.343]]],[[[4.811,44.345],[4.804,44.344],[4.804,44.345],[4.804,44.346],[4.804,44.346],[4.804,44.346],[4.805,44.347],[4.805,44.347],[4.805,44.347],[4.805,44.348],[4.806,44.349],[4.806,44.35],[4.806,44.35],[4.805,44.351],[4.805,44.352],[4.806,44.352],[4.807,44.35],[4.808,44.35],[4.807,44.347],[4.808,44.346],[4.81,44.349],[4.81,44.346],[4.811,44.345]],[[4.807,44.346],[4.807,44.346],[4.807,44.347],[4.807,44.346]]],[[[4.806,44.349],[4.805,44.348],[4.805,44.347],[4.804,44.346],[4.804,44.347],[4.805,44.347],[4.806,44.349],[4.805,44.347],[4.802,44.346],[4.804,44.347],[4.804,44.345],[4.804,44.344],[4.801,44.343],[4.802,44.345],[4.8,44.345],[4.802,44.348],[4.802,44.35],[4.802,44.35],[4.803,44.348],[4.804,44.348],[4.804,44.35],[4.805,44.349],[4.806,44.35],[4.806,44.349]]],[[[4.801,44.347],[4.8,44.347],[4.801,44.348],[4.8,44.348],[4.8,44.349],[4.802,44.349],[4.801,44.347]]],[[[4.808,44.358],[4.808,44.356],[4.803,44.352],[4.803,44.355],[4.803,44.355],[4.807,44.357],[4.808,44.358]]],[[[4.804,44.356],[4.805,44.358],[4.805,44.358],[4.806,44.357],[4.804,44.356]]],[[[4.817,44.363],[4.812,44.36],[4.811,44.358],[4.808,44.356],[4.808,44.358],[4.81,44.359],[4.811,44.361],[4.817,44.363]]],[[[4.801,44.36],[4.801,44.361],[4.802,44.36],[4.802,44.36],[4.801,44.36]]],[[[4.805,44.363],[4.802,44.361],[4.801,44.361],[4.803,44.363],[4.805,44.363]]],[[[4.815,44.362],[4.814,44.362],[4.815,44.363],[4.815,44.362]]],[[[4.808,44.365],[4.805,44.363],[4.803,44.363],[4.803,44.363],[4.803,44.363],[4.805,44.365],[4.807,44.366],[4.808,44.366],[4.808,44.365]]],[[[4.803,44.365],[4.802,44.364],[4.801,44.364],[4.803,44.367],[4.803,44.367],[4.804,44.367],[4.804,44.367],[4.804,44.365],[4.803,44.365]]],[[[4.806,44.366],[4.804,44.365],[4.804,44.367],[4.807,44.367],[4.806,44.366]]],[[[4.808,44.366],[4.807,44.367],[4.808,44.367],[4.809,44.367],[4.81,44.368],[4.811,44.367],[4.808,44.366]]],[[[4.803,44.367],[4.804,44.367],[4.804,44.368],[4.805,44.368],[4.803,44.367]]],[[[4.802,44.367],[4.802,44.368],[4.803,44.368],[4.803,44.367],[4.802,44.367]]],[[[4.81,44.368],[4.812,44.368],[4.812,44.367],[4.811,44.367],[4.81,44.368]]],[[[4.811,44.368],[4.808,44.367],[4.807,44.367],[4.807,44.367],[4.806,44.368],[4.81,44.369],[4.809,44.369],[4.81,44.369],[4.811,44.368]]],[[[4.813,44.367],[4.813,44.368],[4.813,44.369],[4.814,44.368],[4.813,44.367]]],[[[4.803,44.367],[4.803,44.369],[4.804,44.369],[4.804,44.368],[4.803,44.367]]],[[[4.811,44.368],[4.811,44.368],[4.811,44.368],[4.811,44.368]]],[[[4.813,44.369],[4.812,44.368],[4.811,44.368],[4.811,44.368],[4.812,44.369],[4.812,44.369],[4.813,44.369]]],[[[4.811,44.368],[4.81,44.369],[4.809,44.369],[4.812,44.369],[4.811,44.368]]],[[[4.813,44.369],[4.812,44.369],[4.813,44.369],[4.813,44.369]]],[[[4.812,44.369],[4.809,44.37],[4.81,44.371],[4.811,44.371],[4.811,44.37],[4.812,44.37],[4.812,44.369]]],[[[4.805,44.369],[4.804,44.37],[4.803,44.371],[4.804,44.371],[4.805,44.369]]],[[[4.816,44.37],[4.814,44.368],[4.814,44.368],[4.813,44.369],[4.815,44.372],[4.816,44.37]]],[[[4.813,44.37],[4.812,44.37],[4.814,44.371],[4.814,44.371],[4.813,44.37]]],[[[4.816,44.373],[4.815,44.372],[4.816,44.373],[4.816,44.373]]],[[[4.815,44.373],[4.815,44.372],[4.815,44.372],[4.815,44.373]]],[[[4.804,44.375],[4.803,44.374],[4.802,44.374],[4.804,44.375]]],[[[4.807,44.374],[4.804,44.374],[4.803,44.373],[4.805,44.376],[4.807,44.375],[4.807,44.374]]],[[[4.806,44.376],[4.807,44.376],[4.807,44.376],[4.808,44.377],[4.808,44.376],[4.809,44.376],[4.806,44.376]]],[[[4.807,44.376],[4.805,44.376],[4.806,44.377],[4.807,44.376]]],[[[4.809,44.376],[4.808,44.377],[4.807,44.376],[4.807,44.377],[4.81,44.378],[4.809,44.376]]],[[[4.815,44.379],[4.811,44.378],[4.811,44.378],[4.81,44.378],[4.811,44.381],[4.812,44.379],[4.815,44.379]]],[[[4.817,44.381],[4.816,44.381],[4.816,44.381],[4.817,44.381]]],[[[4.816,44.382],[4.817,44.383],[4.816,44.382],[4.816,44.382]]],[[[4.814,44.386],[4.815,44.385],[4.816,44.384],[4.816,44.384],[4.814,44.385],[4.814,44.386]]],[[[4.814,44.385],[4.815,44.385],[4.816,44.384],[4.814,44.385]]],[[[4.817,44.385],[4.817,44.384],[4.816,44.384],[4.816,44.385],[4.815,44.385],[4.817,44.387],[4.817,44.388],[4.817,44.385],[4.816,44.385],[4.817,44.385]]],[[[4.813,44.385],[4.813,44.386],[4.812,44.387],[4.815,44.385],[4.814,44.386],[4.813,44.385]]],[[[4.807,44.389],[4.803,44.389],[4.804,44.39],[4.805,44.391],[4.806,44.39],[4.807,44.389]]],[[[4.822,44.39],[4.82,44.388],[4.819,44.388],[4.819,44.388],[4.819,44.388],[4.817,44.388],[4.818,44.389],[4.817,44.389],[4.815,44.385],[4.812,44.387],[4.811,44.387],[4.813,44.39],[4.815,44.39],[4.813,44.39],[4.813,44.39],[4.811,44.387],[4.81,44.391],[4.809,44.391],[4.809,44.393],[4.809,44.393],[4.81,44.394],[4.811,44.394],[4.811,44.394],[4.812,44.394],[4.813,44.393],[4.813,44.392],[4.813,44.392],[4.813,44.391],[4.812,44.391],[4.812,44.391],[4.812,44.391],[4.813,44.391],[4.813,44.393],[4.813,44.394],[4.818,44.39],[4.82,44.391],[4.822,44.39]],[[4.819,44.389],[4.82,44.39],[4.82,44.39],[4.819,44.389]],[[4.817,44.39],[4.817,44.39],[4.817,44.39],[4.817,44.39]]],[[[4.804,44.39],[4.804,44.391],[4.804,44.391],[4.804,44.39]]],[[[4.806,44.39],[4.803,44.391],[4.804,44.395],[4.802,44.395],[4.804,44.396],[4.805,44.395],[4.807,44.394],[4.806,44.39]]],[[[4.813,44.398],[4.81,44.395],[4.809,44.395],[4.809,44.397],[4.805,44.395],[4.805,44.396],[4.803,44.397],[4.802,44.398],[4.802,44.399],[4.804,44.4],[4.801,44.399],[4.802,44.399],[4.802,44.4],[4.807,44.401],[4.809,44.399],[4.81,44.4],[4.813,44.398]],[[4.805,44.4],[4.804,44.4],[4.805,44.4],[4.805,44.4]],[[4.805,44.4],[4.805,44.4],[4.805,44.4],[4.805,44.4]],[[4.806,44.4],[4.806,44.4],[4.806,44.4],[4.806,44.4]],[[4.807,44.4],[4.806,44.4],[4.806,44.4],[4.807,44.4]]],[[[4.812,44.405],[4.812,44.404],[4.811,44.404],[4.811,44.405],[4.812,44.405]]],[[[4.812,44.404],[4.812,44.405],[4.813,44.404],[4.812,44.404]]],[[[4.817,44.406],[4.817,44.405],[4.817,44.406],[4.817,44.406]]],[[[4.805,44.407],[4.804,44.408],[4.805,44.409],[4.806,44.411],[4.807,44.411],[4.807,44.409],[4.807,44.409],[4.805,44.407]]],[[[4.808,44.409],[4.807,44.411],[4.81,44.411],[4.81,44.409],[4.81,44.409],[4.809,44.409],[4.811,44.409],[4.81,44.411],[4.813,44.41],[4.812,44.409],[4.808,44.409]]],[[[4.807,44.411],[4.806,44.411],[4.806,44.412],[4.807,44.412],[4.807,44.411]]],[[[4.805,44.41],[4.801,44.41],[4.801,44.412],[4.805,44.413],[4.806,44.413],[4.805,44.41]]],[[[4.812,44.411],[4.81,44.411],[4.81,44.414],[4.812,44.414],[4.812,44.413],[4.813,44.413],[4.813,44.41],[4.812,44.411]]],[[[4.807,44.411],[4.808,44.413],[4.807,44.414],[4.81,44.414],[4.81,44.411],[4.807,44.411]]],[[[4.817,44.412],[4.817,44.41],[4.816,44.41],[4.816,44.411],[4.813,44.411],[4.813,44.413],[4.815,44.413],[4.815,44.415],[4.816,44.416],[4.817,44.415],[4.817,44.412]]],[[[4.813,44.413],[4.812,44.413],[4.812,44.415],[4.813,44.415],[4.813,44.414],[4.815,44.414],[4.813,44.413]]],[[[4.808,44.416],[4.809,44.417],[4.811,44.416],[4.808,44.416]]],[[[4.804,44.421],[4.803,44.423],[4.804,44.423],[4.805,44.422],[4.804,44.421]]],[[[4.809,44.422],[4.807,44.421],[4.808,44.425],[4.81,44.424],[4.811,44.424],[4.809,44.422]]],[[[4.817,44.423],[4.818,44.424],[4.819,44.425],[4.819,44.425],[4.817,44.423]]],[[[4.813,44.425],[4.814,44.424],[4.813,44.423],[4.813,44.423],[4.813,44.425]]],[[[4.81,44.425],[4.808,44.426],[4.806,44.424],[4.804,44.424],[4.807,44.428],[4.81,44.427],[4.81,44.425]]],[[[4.811,44.427],[4.811,44.428],[4.813,44.428],[4.812,44.427],[4.811,44.427]]],[[[4.811,44.427],[4.806,44.428],[4.807,44.429],[4.808,44.43],[4.807,44.429],[4.808,44.43],[4.809,44.43],[4.811,44.429],[4.811,44.427]]],[[[4.804,44.433],[4.803,44.434],[4.804,44.434],[4.804,44.433]]],[[[4.803,44.434],[4.804,44.435],[4.805,44.434],[4.804,44.434],[4.803,44.434]]],[[[4.808,44.437],[4.806,44.437],[4.807,44.438],[4.808,44.437]]],[[[4.809,44.44],[4.81,44.44],[4.81,44.439],[4.809,44.44]]],[[[4.81,44.44],[4.809,44.441],[4.809,44.442],[4.81,44.441],[4.812,44.441],[4.81,44.44]]],[[[4.809,44.442],[4.811,44.442],[4.812,44.442],[4.812,44.441],[4.809,44.442]]],[[[4.813,44.443],[4.81,44.444],[4.812,44.445],[4.812,44.444],[4.813,44.443]]],[[[4.813,44.443],[4.813,44.445],[4.812,44.445],[4.812,44.445],[4.813,44.446],[4.814,44.445],[4.813,44.443]]],[[[4.81,44.447],[4.808,44.446],[4.808,44.447],[4.808,44.447],[4.808,44.446],[4.808,44.446],[4.809,44.446],[4.808,44.445],[4.807,44.445],[4.807,44.444],[4.806,44.444],[4.805,44.445],[4.804,44.444],[4.803,44.445],[4.804,44.445],[4.804,44.445],[4.805,44.445],[4.805,44.445],[4.804,44.446],[4.805,44.448],[4.807,44.447],[4.807,44.448],[4.808,44.448],[4.808,44.447],[4.81,44.447]],[[4.806,44.446],[4.806,44.446],[4.806,44.446],[4.806,44.446]]],[[[4.81,44.447],[4.808,44.447],[4.81,44.447],[4.81,44.447]]],[[[4.806,44.448],[4.807,44.449],[4.808,44.449],[4.808,44.448],[4.807,44.448],[4.806,44.448]]],[[[4.807,44.49],[4.806,44.49],[4.808,44.492],[4.809,44.49],[4.807,44.49]]],[[[4.806,44.517],[4.805,44.518],[4.808,44.518],[4.808,44.517],[4.806,44.516],[4.807,44.517],[4.807,44.517],[4.806,44.517]]],[[[4.818,44.322],[4.816,44.322],[4.815,44.323],[4.813,44.323],[4.816,44.327],[4.819,44.324],[4.818,44.322]]],[[[4.821,44.329],[4.819,44.326],[4.819,44.324],[4.816,44.327],[4.816,44.328],[4.818,44.329],[4.818,44.329],[4.819,44.329],[4.821,44.329]]],[[[4.816,44.331],[4.817,44.332],[4.819,44.332],[4.817,44.33],[4.816,44.331]]],[[[4.823,44.338],[4.822,44.332],[4.819,44.329],[4.817,44.33],[4.821,44.334],[4.822,44.336],[4.823,44.338]]],[[[4.821,44.336],[4.82,44.335],[4.818,44.334],[4.818,44.335],[4.818,44.334],[4.815,44.333],[4.813,44.335],[4.816,44.336],[4.817,44.337],[4.813,44.335],[4.812,44.337],[4.82,44.34],[4.822,44.34],[4.826,44.339],[4.827,44.339],[4.826,44.338],[4.823,44.338],[4.823,44.338],[4.821,44.336]],[[4.823,44.338],[4.823,44.338],[4.823,44.338],[4.823,44.338]],[[4.818,44.337],[4.818,44.337],[4.818,44.337],[4.818,44.337]],[[4.819,44.338],[4.821,44.338],[4.821,44.338],[4.819,44.338]],[[4.821,44.338],[4.821,44.337],[4.82,44.337],[4.821,44.337],[4.821,44.338]],[[4.821,44.337],[4.821,44.336],[4.821,44.337],[4.821,44.337]]],[[[4.826,44.339],[4.823,44.34],[4.827,44.34],[4.826,44.339]]],[[[4.839,44.341],[4.837,44.339],[4.837,44.341],[4.839,44.341],[4.839,44.341]],[[4.837,44.34],[4.837,44.34],[4.837,44.34],[4.837,44.34]]],[[[4.828,44.341],[4.829,44.34],[4.828,44.34],[4.828,44.341]]],[[[4.837,44.341],[4.836,44.339],[4.836,44.341],[4.837,44.341]]],[[[4.832,44.34],[4.831,44.341],[4.835,44.341],[4.832,44.34]]],[[[4.839,44.341],[4.841,44.342],[4.842,44.34],[4.84,44.34],[4.839,44.341]]],[[[4.831,44.341],[4.832,44.343],[4.833,44.343],[4.833,44.341],[4.831,44.341]]],[[[4.837,44.342],[4.839,44.343],[4.839,44.342],[4.837,44.341],[4.837,44.342]]],[[[4.826,44.342],[4.828,44.342],[4.827,44.34],[4.818,44.34],[4.82,44.342],[4.821,44.341],[4.823,44.342],[4.822,44.344],[4.824,44.345],[4.828,44.344],[4.826,44.342]]],[[[4.842,44.342],[4.839,44.342],[4.839,44.345],[4.84,44.346],[4.842,44.344],[4.842,44.342]]],[[[4.823,44.346],[4.822,44.344],[4.822,44.344],[4.822,44.345],[4.823,44.346]]],[[[4.831,44.344],[4.828,44.344],[4.829,44.345],[4.828,44.345],[4.831,44.346],[4.832,44.345],[4.831,44.344]]],[[[4.825,44.345],[4.825,44.346],[4.826,44.346],[4.828,44.346],[4.828,44.344],[4.825,44.345]]],[[[4.844,44.343],[4.842,44.342],[4.842,44.344],[4.84,44.346],[4.844,44.348],[4.844,44.349],[4.849,44.349],[4.844,44.343]]],[[[4.832,44.348],[4.832,44.345],[4.83,44.347],[4.832,44.348],[4.832,44.348]],[[4.831,44.347],[4.831,44.347],[4.831,44.347],[4.831,44.347]]],[[[4.824,44.346],[4.821,44.346],[4.821,44.348],[4.825,44.348],[4.824,44.346]]],[[[4.827,44.346],[4.826,44.346],[4.825,44.346],[4.828,44.348],[4.829,44.347],[4.827,44.347],[4.827,44.346]]],[[[4.828,44.349],[4.824,44.346],[4.824,44.346],[4.824,44.346],[4.825,44.348],[4.828,44.349]]],[[[4.83,44.347],[4.829,44.347],[4.829,44.348],[4.83,44.347],[4.83,44.347]]],[[[4.83,44.348],[4.829,44.349],[4.83,44.35],[4.831,44.349],[4.83,44.348]]],[[[4.838,44.349],[4.835,44.349],[4.835,44.35],[4.836,44.35],[4.838,44.351],[4.838,44.349]]],[[[4.834,44.35],[4.831,44.349],[4.83,44.35],[4.831,44.351],[4.835,44.351],[4.834,44.351],[4.834,44.35],[4.834,44.35]]],[[[4.829,44.35],[4.829,44.351],[4.831,44.351],[4.83,44.35],[4.829,44.35]]],[[[4.829,44.351],[4.829,44.351],[4.829,44.35],[4.828,44.351],[4.829,44.351]]],[[[4.837,44.351],[4.835,44.35],[4.835,44.349],[4.832,44.348],[4.831,44.349],[4.833,44.35],[4.836,44.352],[4.836,44.354],[4.838,44.354],[4.837,44.351]]],[[[4.828,44.351],[4.826,44.35],[4.826,44.351],[4.826,44.352],[4.826,44.353],[4.825,44.354],[4.826,44.353],[4.827,44.352],[4.827,44.352],[4.828,44.351]]],[[[4.826,44.35],[4.821,44.349],[4.821,44.352],[4.82,44.351],[4.821,44.351],[4.819,44.35],[4.818,44.354],[4.824,44.355],[4.826,44.353],[4.826,44.352],[4.826,44.351],[4.826,44.35]]],[[[4.832,44.353],[4.833,44.353],[4.833,44.352],[4.832,44.352],[4.832,44.353]]],[[[4.829,44.351],[4.829,44.353],[4.829,44.353],[4.83,44.353],[4.83,44.352],[4.829,44.351]]],[[[4.829,44.354],[4.828,44.351],[4.827,44.353],[4.828,44.355],[4.83,44.355],[4.829,44.354]]],[[[4.846,44.351],[4.845,44.351],[4.844,44.35],[4.843,44.349],[4.843,44.349],[4.838,44.349],[4.838,44.351],[4.84,44.352],[4.838,44.352],[4.84,44.357],[4.84,44.356],[4.84,44.356],[4.84,44.354],[4.841,44.356],[4.84,44.357],[4.842,44.357],[4.843,44.356],[4.842,44.357],[4.844,44.358],[4.844,44.356],[4.843,44.355],[4.844,44.353],[4.842,44.352],[4.841,44.35],[4.843,44.352],[4.843,44.351],[4.843,44.349],[4.843,44.351],[4.844,44.353],[4.844,44.357],[4.846,44.357],[4.847,44.357],[4.848,44.358],[4.849,44.357],[4.846,44.352],[4.847,44.353],[4.848,44.352],[4.846,44.351],[4.845,44.35],[4.844,44.349],[4.843,44.349],[4.846,44.351]]],[[[4.827,44.352],[4.826,44.354],[4.827,44.354],[4.827,44.353],[4.827,44.352]]],[[[4.83,44.354],[4.829,44.353],[4.83,44.355],[4.83,44.354]]],[[[4.84,44.357],[4.839,44.354],[4.838,44.354],[4.838,44.355],[4.84,44.357]]],[[[4.84,44.358],[4.837,44.355],[4.837,44.356],[4.84,44.358]]],[[[4.84,44.358],[4.84,44.357],[4.84,44.357],[4.84,44.358]]],[[[4.84,44.358],[4.839,44.359],[4.838,44.36],[4.841,44.359],[4.84,44.358]]],[[[4.844,44.36],[4.841,44.359],[4.84,44.361],[4.843,44.362],[4.843,44.362],[4.845,44.362],[4.846,44.361],[4.845,44.361],[4.845,44.361],[4.844,44.36],[4.844,44.36]]],[[[4.819,44.364],[4.818,44.365],[4.822,44.365],[4.82,44.365],[4.819,44.364]]],[[[4.815,44.364],[4.816,44.366],[4.816,44.366],[4.816,44.366],[4.817,44.365],[4.818,44.365],[4.818,44.365],[4.815,44.364]]],[[[4.824,44.366],[4.822,44.365],[4.821,44.366],[4.819,44.365],[4.819,44.366],[4.82,44.366],[4.821,44.366],[4.822,44.367],[4.824,44.368],[4.826,44.368],[4.826,44.367],[4.824,44.366]]],[[[4.822,44.367],[4.819,44.366],[4.819,44.365],[4.819,44.365],[4.819,44.365],[4.818,44.365],[4.818,44.367],[4.818,44.368],[4.82,44.367],[4.82,44.366],[4.822,44.367]]],[[[4.817,44.365],[4.816,44.366],[4.816,44.368],[4.816,44.371],[4.817,44.371],[4.816,44.372],[4.817,44.371],[4.817,44.37],[4.818,44.37],[4.818,44.368],[4.818,44.367],[4.817,44.365]]],[[[4.818,44.369],[4.817,44.371],[4.816,44.372],[4.816,44.373],[4.816,44.373],[4.818,44.373],[4.818,44.374],[4.819,44.374],[4.82,44.374],[4.819,44.373],[4.821,44.373],[4.822,44.372],[4.821,44.37],[4.82,44.371],[4.818,44.369]]],[[[4.823,44.376],[4.819,44.374],[4.818,44.374],[4.816,44.373],[4.813,44.375],[4.814,44.376],[4.815,44.375],[4.817,44.375],[4.815,44.375],[4.818,44.375],[4.817,44.376],[4.818,44.376],[4.818,44.376],[4.819,44.377],[4.82,44.376],[4.823,44.377],[4.823,44.376]]],[[[4.817,44.381],[4.817,44.383],[4.818,44.383],[4.818,44.381],[4.817,44.381]]],[[[4.818,44.381],[4.818,44.382],[4.818,44.383],[4.819,44.382],[4.82,44.382],[4.821,44.381],[4.818,44.381]]],[[[4.827,44.382],[4.822,44.38],[4.823,44.381],[4.822,44.385],[4.826,44.385],[4.827,44.382]]],[[[4.82,44.382],[4.818,44.383],[4.818,44.384],[4.818,44.385],[4.82,44.385],[4.82,44.385],[4.82,44.384],[4.821,44.384],[4.821,44.384],[4.822,44.384],[4.822,44.381],[4.821,44.381],[4.82,44.382]]],[[[4.819,44.385],[4.818,44.383],[4.817,44.383],[4.817,44.385],[4.819,44.386],[4.82,44.385],[4.819,44.385]]],[[[4.822,44.385],[4.822,44.385],[4.822,44.385],[4.822,44.385],[4.822,44.385]]],[[[4.82,44.384],[4.82,44.386],[4.821,44.387],[4.822,44.387],[4.821,44.385],[4.822,44.384],[4.82,44.384]]],[[[4.819,44.386],[4.817,44.385],[4.817,44.388],[4.819,44.388],[4.82,44.388],[4.819,44.386]]],[[[4.817,44.388],[4.817,44.388],[4.817,44.388],[4.817,44.388]]],[[[4.831,44.402],[4.831,44.401],[4.828,44.402],[4.828,44.403],[4.83,44.403],[4.833,44.402],[4.832,44.402],[4.831,44.402]]],[[[4.84,44.403],[4.842,44.403],[4.842,44.403],[4.84,44.402],[4.84,44.403]]],[[[4.828,44.402],[4.825,44.402],[4.826,44.404],[4.825,44.404],[4.825,44.405],[4.825,44.404],[4.825,44.404],[4.827,44.405],[4.828,44.403],[4.828,44.403],[4.828,44.402],[4.828,44.402]]],[[[4.834,44.405],[4.834,44.405],[4.835,44.405],[4.835,44.405],[4.835,44.405],[4.836,44.405],[4.834,44.405]]],[[[4.835,44.405],[4.836,44.405],[4.836,44.405],[4.835,44.405]]],[[[4.824,44.405],[4.824,44.406],[4.825,44.406],[4.826,44.405],[4.824,44.405]]],[[[4.824,44.406],[4.825,44.406],[4.824,44.406],[4.824,44.406]]],[[[4.837,44.405],[4.835,44.406],[4.835,44.406],[4.832,44.409],[4.833,44.409],[4.837,44.405]]],[[[4.842,44.409],[4.841,44.406],[4.84,44.406],[4.84,44.407],[4.842,44.409]]],[[[4.843,44.407],[4.843,44.407],[4.843,44.408],[4.844,44.408],[4.843,44.407]]],[[[4.839,44.406],[4.837,44.406],[4.835,44.408],[4.836,44.41],[4.838,44.41],[4.839,44.409],[4.839,44.406]]],[[[4.841,44.409],[4.84,44.408],[4.84,44.411],[4.842,44.412],[4.842,44.411],[4.841,44.411],[4.841,44.409]]],[[[4.833,44.41],[4.833,44.41],[4.833,44.411],[4.833,44.41]]],[[[4.827,44.409],[4.823,44.41],[4.824,44.412],[4.824,44.413],[4.823,44.414],[4.823,44.414],[4.822,44.415],[4.82,44.415],[4.823,44.414],[4.823,44.414],[4.824,44.413],[4.825,44.412],[4.826,44.412],[4.827,44.409]]],[[[4.824,44.413],[4.823,44.41],[4.82,44.41],[4.82,44.41],[4.82,44.411],[4.82,44.411],[4.82,44.412],[4.82,44.413],[4.82,44.413],[4.819,44.414],[4.819,44.414],[4.819,44.414],[4.819,44.414],[4.819,44.415],[4.822,44.415],[4.823,44.414],[4.824,44.413]]],[[[4.82,44.41],[4.817,44.41],[4.817,44.414],[4.819,44.415],[4.819,44.414],[4.819,44.414],[4.819,44.414],[4.82,44.41]]],[[[4.829,44.413],[4.828,44.409],[4.827,44.409],[4.826,44.411],[4.826,44.412],[4.825,44.412],[4.822,44.416],[4.826,44.415],[4.826,44.414],[4.829,44.413]]],[[[4.844,44.413],[4.845,44.413],[4.844,44.412],[4.844,44.413]]],[[[4.834,44.413],[4.833,44.412],[4.833,44.412],[4.833,44.412],[4.833,44.41],[4.831,44.413],[4.827,44.414],[4.827,44.416],[4.832,44.415],[4.832,44.416],[4.833,44.416],[4.834,44.414],[4.834,44.414],[4.831,44.414],[4.828,44.415],[4.831,44.414],[4.834,44.414],[4.834,44.414],[4.836,44.414],[4.834,44.413]],[[4.833,44.412],[4.833,44.413],[4.833,44.412],[4.832,44.412],[4.832,44.412],[4.833,44.412]]],[[[4.837,44.414],[4.835,44.412],[4.835,44.413],[4.837,44.414]]],[[[4.846,44.413],[4.844,44.413],[4.844,44.415],[4.847,44.415],[4.846,44.413]]],[[[4.843,44.415],[4.843,44.414],[4.841,44.414],[4.841,44.415],[4.843,44.415]]],[[[4.839,44.414],[4.838,44.414],[4.839,44.414],[4.839,44.413],[4.837,44.413],[4.838,44.414],[4.837,44.414],[4.837,44.415],[4.837,44.416],[4.837,44.417],[4.839,44.415],[4.839,44.414]]],[[[4.844,44.415],[4.844,44.415],[4.844,44.415],[4.844,44.415]]],[[[4.837,44.416],[4.837,44.414],[4.834,44.414],[4.833,44.416],[4.836,44.417],[4.837,44.417],[4.837,44.417],[4.837,44.416]]],[[[4.843,44.416],[4.844,44.417],[4.844,44.415],[4.843,44.416]]],[[[4.844,44.416],[4.845,44.417],[4.844,44.415],[4.844,44.416]]],[[[4.841,44.421],[4.836,44.421],[4.841,44.422],[4.841,44.421]]],[[[4.835,44.421],[4.834,44.422],[4.836,44.423],[4.836,44.421],[4.835,44.421]]],[[[4.828,44.422],[4.827,44.422],[4.828,44.422],[4.828,44.422]]],[[[4.834,44.421],[4.831,44.421],[4.831,44.423],[4.834,44.422],[4.834,44.421]]],[[[4.82,44.422],[4.816,44.421],[4.815,44.422],[4.817,44.423],[4.82,44.422]]],[[[4.829,44.421],[4.831,44.422],[4.831,44.421],[4.829,44.421]]],[[[4.844,44.421],[4.842,44.421],[4.842,44.421],[4.841,44.421],[4.841,44.423],[4.844,44.422],[4.844,44.421]]],[[[4.847,44.423],[4.847,44.423],[4.847,44.421],[4.844,44.421],[4.844,44.422],[4.844,44.422],[4.842,44.423],[4.842,44.424],[4.847,44.425],[4.844,44.425],[4.844,44.426],[4.847,44.426],[4.847,44.425],[4.85,44.424],[4.847,44.423]]],[[[4.843,44.425],[4.841,44.424],[4.841,44.425],[4.843,44.425]]],[[[4.829,44.431],[4.828,44.426],[4.823,44.425],[4.829,44.426],[4.827,44.423],[4.827,44.422],[4.821,44.422],[4.817,44.423],[4.819,44.425],[4.82,44.426],[4.822,44.426],[4.822,44.428],[4.824,44.428],[4.824,44.429],[4.827,44.429],[4.828,44.43],[4.828,44.43],[4.827,44.429],[4.827,44.429],[4.826,44.429],[4.826,44.428],[4.825,44.427],[4.826,44.427],[4.826,44.428],[4.827,44.429],[4.828,44.43],[4.829,44.431]]],[[[4.831,44.429],[4.832,44.428],[4.832,44.428],[4.831,44.429]]],[[[4.843,44.426],[4.841,44.426],[4.841,44.427],[4.842,44.427],[4.842,44.426],[4.844,44.427],[4.841,44.429],[4.841,44.43],[4.843,44.433],[4.844,44.432],[4.843,44.431],[4.846,44.43],[4.846,44.428],[4.843,44.426]],[[4.843,44.431],[4.843,44.429],[4.843,44.429],[4.843,44.431]],[[4.843,44.431],[4.843,44.431],[4.843,44.431],[4.843,44.431]]],[[[4.839,44.428],[4.838,44.425],[4.835,44.425],[4.835,44.426],[4.836,44.426],[4.837,44.427],[4.836,44.427],[4.834,44.429],[4.835,44.429],[4.834,44.43],[4.834,44.432],[4.836,44.434],[4.837,44.434],[4.837,44.433],[4.836,44.433],[4.835,44.432],[4.835,44.431],[4.836,44.43],[4.836,44.431],[4.837,44.43],[4.837,44.429],[4.839,44.428]]],[[[4.826,44.43],[4.827,44.43],[4.828,44.431],[4.828,44.43],[4.826,44.43]]],[[[4.867,44.311],[4.863,44.312],[4.863,44.314],[4.861,44.314],[4.861,44.312],[4.856,44.313],[4.855,44.314],[4.859,44.317],[4.859,44.314],[4.861,44.314],[4.859,44.314],[4.86,44.318],[4.859,44.317],[4.859,44.317],[4.862,44.32],[4.862,44.32],[4.862,44.318],[4.86,44.318],[4.862,44.318],[4.862,44.318],[4.862,44.318],[4.865,44.318],[4.867,44.311]]],[[[4.862,44.319],[4.864,44.32],[4.865,44.319],[4.862,44.319]]],[[[4.863,44.32],[4.864,44.321],[4.864,44.32],[4.863,44.32]]],[[[4.872,44.324],[4.873,44.323],[4.872,44.323],[4.872,44.324]]],[[[4.868,44.325],[4.867,44.324],[4.867,44.324],[4.866,44.323],[4.862,44.322],[4.862,44.324],[4.867,44.324],[4.868,44.326],[4.869,44.326],[4.868,44.326],[4.868,44.325],[4.868,44.325]]],[[[4.872,44.323],[4.868,44.324],[4.867,44.324],[4.868,44.324],[4.868,44.325],[4.868,44.325],[4.868,44.326],[4.872,44.326],[4.872,44.323]]],[[[4.863,44.328],[4.862,44.325],[4.862,44.325],[4.862,44.323],[4.861,44.323],[4.86,44.324],[4.862,44.325],[4.862,44.325],[4.86,44.324],[4.859,44.325],[4.859,44.327],[4.86,44.328],[4.863,44.328]]],[[[4.867,44.325],[4.862,44.324],[4.863,44.325],[4.863,44.326],[4.863,44.326],[4.863,44.326],[4.865,44.327],[4.866,44.327],[4.866,44.328],[4.866,44.328],[4.868,44.328],[4.867,44.327],[4.867,44.327],[4.868,44.327],[4.868,44.326],[4.868,44.326],[4.868,44.326],[4.867,44.325]]],[[[4.87,44.326],[4.87,44.326],[4.869,44.326],[4.87,44.326]]],[[[4.865,44.327],[4.863,44.326],[4.863,44.325],[4.864,44.329],[4.866,44.328],[4.865,44.327]]],[[[4.857,44.328],[4.855,44.328],[4.855,44.328],[4.857,44.328],[4.856,44.326],[4.85,44.327],[4.853,44.329],[4.858,44.329],[4.857,44.328]],[[4.853,44.328],[4.853,44.328],[4.853,44.328],[4.853,44.328]]],[[[4.872,44.327],[4.87,44.326],[4.871,44.327],[4.872,44.328],[4.872,44.328],[4.873,44.328],[4.874,44.329],[4.875,44.328],[4.872,44.327],[4.872,44.327]]],[[[4.85,44.327],[4.851,44.329],[4.852,44.329],[4.852,44.328],[4.85,44.327]]],[[[4.873,44.328],[4.871,44.327],[4.87,44.327],[4.87,44.326],[4.868,44.326],[4.868,44.326],[4.868,44.327],[4.867,44.327],[4.868,44.328],[4.87,44.329],[4.871,44.329],[4.871,44.33],[4.873,44.33],[4.873,44.328]]],[[[4.858,44.332],[4.857,44.329],[4.855,44.329],[4.856,44.33],[4.858,44.332]]],[[[4.871,44.33],[4.867,44.328],[4.867,44.329],[4.868,44.329],[4.868,44.329],[4.868,44.329],[4.868,44.329],[4.867,44.329],[4.866,44.33],[4.867,44.332],[4.87,44.332],[4.871,44.333],[4.872,44.331],[4.873,44.33],[4.871,44.33]]],[[[4.864,44.333],[4.864,44.328],[4.86,44.328],[4.861,44.33],[4.861,44.334],[4.862,44.334],[4.863,44.333],[4.864,44.333]]],[[[4.866,44.329],[4.864,44.329],[4.864,44.334],[4.867,44.335],[4.866,44.333],[4.865,44.333],[4.865,44.333],[4.865,44.333],[4.866,44.333],[4.866,44.33],[4.867,44.328],[4.866,44.329]]],[[[4.857,44.33],[4.855,44.329],[4.856,44.33],[4.857,44.331],[4.857,44.334],[4.858,44.333],[4.857,44.33]]],[[[4.856,44.332],[4.854,44.332],[4.857,44.332],[4.857,44.331],[4.854,44.329],[4.853,44.334],[4.855,44.335],[4.857,44.334],[4.856,44.332]]],[[[4.85,44.333],[4.844,44.33],[4.843,44.332],[4.842,44.332],[4.842,44.335],[4.844,44.335],[4.845,44.335],[4.844,44.334],[4.846,44.334],[4.846,44.334],[4.85,44.333]],[[4.843,44.332],[4.843,44.333],[4.843,44.333],[4.844,44.333],[4.843,44.332]]],[[[4.871,44.333],[4.869,44.332],[4.871,44.334],[4.871,44.333]]],[[[4.869,44.333],[4.867,44.332],[4.867,44.335],[4.87,44.334],[4.869,44.333]]],[[[4.85,44.333],[4.846,44.334],[4.846,44.334],[4.846,44.334],[4.846,44.335],[4.847,44.335],[4.848,44.335],[4.848,44.336],[4.849,44.336],[4.852,44.334],[4.85,44.333]]],[[[4.857,44.334],[4.858,44.334],[4.858,44.334],[4.857,44.334]]],[[[4.862,44.334],[4.86,44.334],[4.862,44.336],[4.863,44.335],[4.862,44.334]]],[[[4.853,44.338],[4.853,44.335],[4.852,44.335],[4.852,44.335],[4.849,44.336],[4.849,44.336],[4.848,44.336],[4.846,44.335],[4.846,44.334],[4.845,44.335],[4.842,44.335],[4.842,44.336],[4.844,44.337],[4.849,44.338],[4.852,44.338],[4.853,44.338]]],[[[4.87,44.336],[4.87,44.338],[4.872,44.337],[4.87,44.336]]],[[[4.859,44.337],[4.856,44.337],[4.858,44.337],[4.857,44.335],[4.855,44.335],[4.853,44.334],[4.853,44.338],[4.854,44.339],[4.854,44.339],[4.856,44.339],[4.856,44.338],[4.856,44.339],[4.856,44.34],[4.857,44.339],[4.856,44.339],[4.857,44.339],[4.856,44.339],[4.857,44.339],[4.856,44.34],[4.858,44.34],[4.859,44.338],[4.859,44.337]]],[[[4.854,44.339],[4.852,44.338],[4.849,44.338],[4.847,44.337],[4.846,44.339],[4.847,44.337],[4.842,44.336],[4.84,44.337],[4.842,44.339],[4.844,44.339],[4.845,44.342],[4.847,44.342],[4.85,44.341],[4.853,44.341],[4.854,44.339]]],[[[4.859,44.339],[4.86,44.339],[4.859,44.339],[4.859,44.339]]],[[[4.875,44.34],[4.871,44.34],[4.871,44.342],[4.872,44.341],[4.873,44.341],[4.873,44.341],[4.874,44.341],[4.875,44.34]]],[[[4.865,44.345],[4.862,44.34],[4.86,44.339],[4.86,44.339],[4.857,44.34],[4.859,44.341],[4.86,44.342],[4.859,44.341],[4.853,44.341],[4.853,44.343],[4.857,44.347],[4.856,44.348],[4.859,44.347],[4.86,44.344],[4.862,44.342],[4.861,44.342],[4.862,44.341],[4.862,44.343],[4.86,44.344],[4.859,44.347],[4.862,44.345],[4.865,44.345]],[[4.861,44.34],[4.861,44.339],[4.861,44.34],[4.861,44.34]]],[[[4.865,44.342],[4.863,44.341],[4.866,44.346],[4.867,44.347],[4.868,44.346],[4.868,44.346],[4.867,44.346],[4.865,44.342]]],[[[4.842,44.342],[4.846,44.343],[4.844,44.343],[4.849,44.349],[4.856,44.348],[4.856,44.346],[4.853,44.344],[4.853,44.343],[4.853,44.341],[4.849,44.341],[4.848,44.342],[4.848,44.343],[4.847,44.342],[4.842,44.342]]],[[[4.853,44.352],[4.85,44.349],[4.849,44.349],[4.852,44.352],[4.853,44.352]]],[[[4.852,44.352],[4.849,44.349],[4.844,44.349],[4.848,44.353],[4.852,44.352]]],[[[4.867,44.353],[4.866,44.35],[4.867,44.347],[4.866,44.347],[4.865,44.35],[4.866,44.351],[4.864,44.352],[4.865,44.353],[4.867,44.354],[4.867,44.353]]],[[[4.854,44.354],[4.853,44.352],[4.852,44.352],[4.852,44.353],[4.853,44.354],[4.854,44.354]]],[[[4.873,44.355],[4.87,44.35],[4.867,44.351],[4.867,44.354],[4.869,44.353],[4.871,44.355],[4.871,44.356],[4.873,44.355]]],[[[4.848,44.353],[4.848,44.354],[4.849,44.354],[4.848,44.353],[4.848,44.353]]],[[[4.858,44.355],[4.856,44.353],[4.857,44.355],[4.858,44.355]]],[[[4.855,44.358],[4.852,44.352],[4.848,44.353],[4.851,44.358],[4.853,44.358],[4.853,44.357],[4.854,44.358],[4.855,44.358]]],[[[4.856,44.357],[4.854,44.355],[4.853,44.355],[4.855,44.358],[4.856,44.357]]],[[[4.848,44.358],[4.846,44.357],[4.844,44.357],[4.848,44.36],[4.848,44.358]]],[[[4.85,44.359],[4.849,44.358],[4.848,44.36],[4.85,44.36],[4.85,44.359]]],[[[4.851,44.361],[4.842,44.358],[4.841,44.359],[4.844,44.36],[4.848,44.363],[4.85,44.361],[4.85,44.361],[4.851,44.361]]],[[[4.872,44.362],[4.872,44.359],[4.871,44.36],[4.871,44.361],[4.869,44.361],[4.87,44.362],[4.872,44.362]]],[[[4.862,44.361],[4.864,44.362],[4.864,44.361],[4.862,44.361]]],[[[4.85,44.362],[4.85,44.362],[4.85,44.362],[4.85,44.362]]],[[[4.862,44.361],[4.861,44.363],[4.862,44.364],[4.864,44.362],[4.862,44.361]]],[[[4.872,44.362],[4.87,44.363],[4.872,44.363],[4.872,44.362]]],[[[4.865,44.362],[4.866,44.364],[4.867,44.364],[4.866,44.363],[4.865,44.362]]],[[[4.852,44.363],[4.85,44.361],[4.85,44.362],[4.85,44.362],[4.85,44.362],[4.85,44.363],[4.849,44.362],[4.848,44.363],[4.851,44.363],[4.849,44.364],[4.85,44.366],[4.852,44.363]]],[[[4.849,44.364],[4.847,44.365],[4.848,44.366],[4.848,44.367],[4.85,44.367],[4.85,44.366],[4.849,44.364]]],[[[4.868,44.369],[4.864,44.362],[4.863,44.363],[4.865,44.365],[4.864,44.365],[4.862,44.363],[4.861,44.364],[4.864,44.369],[4.865,44.369],[4.868,44.369]]],[[[4.861,44.366],[4.86,44.367],[4.862,44.366],[4.861,44.365],[4.86,44.366],[4.861,44.366]]],[[[4.873,44.368],[4.871,44.366],[4.871,44.363],[4.871,44.363],[4.87,44.363],[4.869,44.364],[4.868,44.364],[4.868,44.364],[4.87,44.366],[4.867,44.364],[4.868,44.369],[4.873,44.368]]],[[[4.858,44.368],[4.854,44.364],[4.851,44.366],[4.852,44.369],[4.853,44.369],[4.852,44.369],[4.853,44.371],[4.854,44.37],[4.855,44.371],[4.857,44.369],[4.857,44.369],[4.858,44.368]]],[[[4.865,44.371],[4.862,44.366],[4.861,44.367],[4.864,44.371],[4.865,44.371]]],[[[4.874,44.37],[4.873,44.368],[4.864,44.369],[4.865,44.371],[4.867,44.371],[4.869,44.372],[4.871,44.372],[4.871,44.371],[4.875,44.37],[4.874,44.37]]],[[[4.851,44.371],[4.852,44.373],[4.852,44.373],[4.854,44.372],[4.853,44.371],[4.851,44.371]]],[[[4.859,44.375],[4.858,44.374],[4.858,44.372],[4.857,44.368],[4.857,44.37],[4.856,44.37],[4.855,44.371],[4.855,44.371],[4.854,44.372],[4.854,44.372],[4.854,44.372],[4.855,44.373],[4.856,44.373],[4.856,44.375],[4.857,44.376],[4.86,44.376],[4.86,44.374],[4.859,44.375]]],[[[4.854,44.372],[4.852,44.373],[4.855,44.374],[4.854,44.372]]],[[[4.854,44.374],[4.853,44.374],[4.854,44.375],[4.854,44.374]]],[[[4.863,44.373],[4.861,44.373],[4.861,44.376],[4.865,44.374],[4.863,44.373]]],[[[4.865,44.375],[4.861,44.376],[4.86,44.377],[4.862,44.378],[4.865,44.381],[4.866,44.375],[4.865,44.375]]],[[[4.857,44.376],[4.856,44.377],[4.856,44.38],[4.857,44.38],[4.857,44.38],[4.857,44.379],[4.858,44.379],[4.858,44.379],[4.859,44.377],[4.857,44.376]]],[[[4.858,44.378],[4.858,44.379],[4.857,44.38],[4.857,44.38],[4.857,44.381],[4.858,44.381],[4.859,44.379],[4.858,44.378]]],[[[4.865,44.381],[4.862,44.378],[4.861,44.379],[4.86,44.378],[4.861,44.378],[4.86,44.377],[4.858,44.381],[4.859,44.381],[4.859,44.382],[4.865,44.383],[4.865,44.385],[4.866,44.385],[4.865,44.381]]],[[[4.872,44.384],[4.867,44.383],[4.865,44.381],[4.866,44.383],[4.867,44.385],[4.869,44.387],[4.869,44.387],[4.869,44.388],[4.869,44.387],[4.867,44.385],[4.866,44.384],[4.867,44.388],[4.867,44.392],[4.866,44.392],[4.865,44.394],[4.865,44.394],[4.864,44.394],[4.867,44.396],[4.867,44.392],[4.869,44.393],[4.872,44.393],[4.871,44.394],[4.873,44.394],[4.873,44.395],[4.874,44.395],[4.873,44.396],[4.873,44.397],[4.874,44.397],[4.874,44.394],[4.876,44.395],[4.876,44.395],[4.878,44.392],[4.875,44.387],[4.874,44.386],[4.873,44.387],[4.872,44.386],[4.872,44.385],[4.871,44.386],[4.872,44.384]],[[4.869,44.388],[4.869,44.388],[4.869,44.388],[4.869,44.388]],[[4.868,44.39],[4.868,44.39],[4.868,44.39],[4.868,44.39]]],[[[4.875,44.397],[4.869,44.397],[4.869,44.399],[4.871,44.399],[4.871,44.4],[4.869,44.4],[4.87,44.4],[4.873,44.4],[4.874,44.399],[4.873,44.4],[4.873,44.398],[4.874,44.398],[4.875,44.397]]],[[[4.874,44.4],[4.872,44.401],[4.872,44.402],[4.875,44.401],[4.875,44.4],[4.874,44.4]]],[[[4.851,44.406],[4.853,44.407],[4.854,44.406],[4.851,44.406]]],[[[4.851,44.407],[4.854,44.407],[4.856,44.407],[4.853,44.407],[4.851,44.407]]],[[[4.846,44.407],[4.847,44.408],[4.848,44.408],[4.848,44.407],[4.846,44.407]]],[[[4.848,44.408],[4.848,44.409],[4.848,44.409],[4.848,44.408]]],[[[4.858,44.415],[4.848,44.408],[4.85,44.412],[4.851,44.412],[4.852,44.412],[4.856,44.414],[4.857,44.416],[4.859,44.417],[4.862,44.418],[4.863,44.417],[4.861,44.417],[4.857,44.416],[4.858,44.416],[4.858,44.415]]],[[[4.851,44.412],[4.851,44.413],[4.852,44.412],[4.851,44.412]]],[[[4.871,44.419],[4.868,44.419],[4.868,44.42],[4.872,44.421],[4.871,44.419]]],[[[4.872,44.42],[4.874,44.42],[4.873,44.419],[4.872,44.42]]],[[[4.876,44.422],[4.876,44.421],[4.875,44.421],[4.874,44.422],[4.876,44.422]]],[[[4.847,44.421],[4.847,44.423],[4.85,44.423],[4.849,44.422],[4.847,44.421]]],[[[4.876,44.422],[4.874,44.422],[4.874,44.422],[4.876,44.422]]],[[[4.851,44.424],[4.852,44.423],[4.852,44.423],[4.85,44.423],[4.851,44.424]]],[[[4.863,44.423],[4.862,44.424],[4.864,44.424],[4.863,44.423]]],[[[4.865,44.433],[4.864,44.434],[4.867,44.434],[4.867,44.433],[4.865,44.433]]],[[[4.872,44.436],[4.868,44.434],[4.866,44.435],[4.865,44.435],[4.865,44.436],[4.864,44.435],[4.865,44.437],[4.866,44.437],[4.867,44.435],[4.873,44.439],[4.872,44.436]]],[[[4.847,44.437],[4.848,44.439],[4.849,44.439],[4.849,44.437],[4.847,44.437]]],[[[4.869,44.438],[4.871,44.438],[4.872,44.438],[4.87,44.438],[4.869,44.438]]],[[[4.851,44.439],[4.849,44.437],[4.849,44.44],[4.849,44.44],[4.849,44.441],[4.851,44.439]]],[[[4.87,44.438],[4.869,44.439],[4.872,44.439],[4.871,44.438],[4.87,44.438]]],[[[4.891,44.307],[4.889,44.304],[4.885,44.304],[4.883,44.304],[4.886,44.307],[4.887,44.307],[4.885,44.307],[4.883,44.304],[4.881,44.304],[4.867,44.311],[4.865,44.319],[4.863,44.321],[4.867,44.322],[4.872,44.321],[4.875,44.321],[4.883,44.322],[4.885,44.319],[4.892,44.313],[4.891,44.307]],[[4.88,44.31],[4.881,44.309],[4.883,44.308],[4.881,44.309],[4.88,44.31]],[[4.883,44.313],[4.884,44.312],[4.883,44.311],[4.884,44.312],[4.883,44.313]],[[4.873,44.317],[4.874,44.317],[4.875,44.319],[4.874,44.317],[4.873,44.317]]],[[[4.88,44.322],[4.872,44.321],[4.867,44.322],[4.87,44.322],[4.87,44.323],[4.871,44.322],[4.874,44.322],[4.877,44.324],[4.88,44.322]]],[[[4.881,44.324],[4.881,44.325],[4.88,44.325],[4.879,44.326],[4.88,44.327],[4.883,44.328],[4.882,44.325],[4.883,44.322],[4.882,44.322],[4.882,44.324],[4.881,44.324]]],[[[4.876,44.325],[4.873,44.324],[4.872,44.325],[4.872,44.327],[4.875,44.327],[4.876,44.327],[4.876,44.325]]],[[[4.885,44.329],[4.883,44.328],[4.881,44.327],[4.883,44.328],[4.885,44.329]]],[[[4.873,44.328],[4.873,44.33],[4.874,44.329],[4.874,44.329],[4.873,44.328]]],[[[4.887,44.33],[4.883,44.329],[4.883,44.328],[4.881,44.328],[4.881,44.328],[4.882,44.328],[4.882,44.328],[4.881,44.328],[4.882,44.329],[4.882,44.33],[4.883,44.33],[4.883,44.331],[4.884,44.331],[4.884,44.331],[4.884,44.331],[4.887,44.33]]],[[[4.873,44.33],[4.873,44.33],[4.873,44.33],[4.873,44.33]]],[[[4.874,44.33],[4.874,44.33],[4.873,44.33],[4.873,44.33],[4.873,44.331],[4.874,44.331],[4.875,44.331],[4.874,44.331],[4.874,44.33]]],[[[4.886,44.333],[4.883,44.331],[4.882,44.33],[4.881,44.328],[4.881,44.328],[4.88,44.327],[4.874,44.329],[4.875,44.329],[4.875,44.33],[4.876,44.33],[4.876,44.331],[4.877,44.331],[4.879,44.331],[4.881,44.334],[4.883,44.334],[4.886,44.333]]],[[[4.879,44.331],[4.876,44.331],[4.874,44.329],[4.873,44.33],[4.874,44.33],[4.876,44.334],[4.877,44.333],[4.879,44.332],[4.879,44.331]]],[[[4.889,44.332],[4.887,44.332],[4.887,44.332],[4.889,44.332]]],[[[4.886,44.332],[4.886,44.333],[4.888,44.333],[4.887,44.332],[4.886,44.332]]],[[[4.876,44.335],[4.874,44.331],[4.873,44.331],[4.872,44.331],[4.87,44.336],[4.872,44.337],[4.876,44.335]]],[[[4.879,44.332],[4.877,44.333],[4.877,44.335],[4.881,44.334],[4.879,44.332]]],[[[4.886,44.334],[4.879,44.335],[4.88,44.336],[4.886,44.336],[4.888,44.335],[4.887,44.334],[4.886,44.334]]],[[[4.877,44.335],[4.877,44.335],[4.877,44.335],[4.877,44.335]]],[[[4.895,44.338],[4.894,44.334],[4.891,44.333],[4.893,44.336],[4.893,44.337],[4.894,44.338],[4.895,44.338]]],[[[4.893,44.337],[4.891,44.333],[4.886,44.334],[4.888,44.335],[4.888,44.336],[4.89,44.336],[4.891,44.336],[4.891,44.336],[4.891,44.337],[4.893,44.337],[4.894,44.338],[4.894,44.339],[4.895,44.338],[4.893,44.337]]],[[[4.877,44.337],[4.877,44.336],[4.873,44.337],[4.875,44.337],[4.879,44.338],[4.879,44.337],[4.877,44.337]],[[4.874,44.337],[4.874,44.337],[4.874,44.337],[4.874,44.337]]],[[[4.894,44.339],[4.89,44.336],[4.89,44.338],[4.892,44.34],[4.894,44.339]]],[[[4.888,44.341],[4.889,44.341],[4.888,44.339],[4.887,44.34],[4.888,44.341]]],[[[4.885,44.341],[4.877,44.34],[4.877,44.341],[4.871,44.342],[4.874,44.343],[4.875,44.343],[4.878,44.343],[4.879,44.344],[4.88,44.344],[4.881,44.345],[4.886,44.343],[4.885,44.341]],[[4.879,44.342],[4.879,44.342],[4.88,44.342],[4.879,44.342]]],[[[4.874,44.343],[4.871,44.342],[4.873,44.345],[4.874,44.345],[4.875,44.344],[4.874,44.343]]],[[[4.879,44.344],[4.875,44.344],[4.874,44.345],[4.881,44.345],[4.879,44.344]]],[[[4.885,44.36],[4.884,44.357],[4.881,44.358],[4.884,44.362],[4.887,44.364],[4.888,44.364],[4.886,44.36],[4.885,44.36]]],[[[4.88,44.363],[4.879,44.361],[4.878,44.36],[4.877,44.359],[4.877,44.359],[4.877,44.359],[4.877,44.36],[4.877,44.361],[4.878,44.361],[4.878,44.362],[4.88,44.363]]],[[[4.88,44.364],[4.878,44.362],[4.877,44.361],[4.877,44.359],[4.876,44.359],[4.875,44.362],[4.877,44.361],[4.875,44.362],[4.876,44.363],[4.878,44.362],[4.878,44.363],[4.875,44.363],[4.875,44.364],[4.879,44.364],[4.88,44.364]],[[4.876,44.361],[4.876,44.361],[4.876,44.361],[4.876,44.361]]],[[[4.881,44.372],[4.881,44.369],[4.88,44.366],[4.876,44.368],[4.88,44.366],[4.88,44.365],[4.871,44.363],[4.871,44.366],[4.877,44.373],[4.878,44.386],[4.882,44.387],[4.882,44.385],[4.882,44.384],[4.882,44.384],[4.882,44.38],[4.88,44.378],[4.881,44.376],[4.882,44.376],[4.881,44.372]]],[[[4.882,44.372],[4.881,44.367],[4.881,44.367],[4.881,44.372],[4.882,44.372]]],[[[4.897,44.369],[4.897,44.369],[4.898,44.369],[4.897,44.369]]],[[[4.903,44.372],[4.9,44.37],[4.897,44.37],[4.897,44.373],[4.899,44.372],[4.9,44.373],[4.903,44.372]]],[[[4.895,44.377],[4.894,44.377],[4.895,44.38],[4.896,44.379],[4.895,44.377]]],[[[4.898,44.39],[4.895,44.388],[4.893,44.385],[4.893,44.384],[4.893,44.383],[4.89,44.379],[4.888,44.376],[4.886,44.372],[4.886,44.372],[4.888,44.37],[4.892,44.371],[4.891,44.369],[4.89,44.368],[4.889,44.369],[4.889,44.368],[4.889,44.368],[4.887,44.368],[4.886,44.367],[4.889,44.366],[4.889,44.365],[4.883,44.366],[4.886,44.377],[4.886,44.376],[4.889,44.381],[4.89,44.382],[4.892,44.387],[4.893,44.389],[4.895,44.39],[4.894,44.391],[4.895,44.391],[4.896,44.39],[4.898,44.391],[4.899,44.39],[4.898,44.39]]],[[[4.899,44.389],[4.897,44.387],[4.896,44.387],[4.895,44.386],[4.897,44.385],[4.896,44.382],[4.896,44.382],[4.893,44.375],[4.892,44.376],[4.892,44.378],[4.891,44.377],[4.891,44.375],[4.892,44.375],[4.891,44.374],[4.892,44.374],[4.892,44.371],[4.888,44.37],[4.886,44.372],[4.888,44.376],[4.892,44.381],[4.893,44.383],[4.893,44.385],[4.898,44.39],[4.899,44.389]],[[4.888,44.373],[4.89,44.373],[4.89,44.374],[4.889,44.374],[4.888,44.373]],[[4.889,44.373],[4.888,44.373],[4.889,44.373],[4.889,44.373]]],[[[4.896,44.382],[4.897,44.38],[4.895,44.38],[4.896,44.382]]],[[[4.897,44.382],[4.897,44.383],[4.897,44.383],[4.897,44.382],[4.897,44.382]]],[[[4.878,44.385],[4.878,44.383],[4.877,44.382],[4.878,44.385]]],[[[4.885,44.383],[4.885,44.385],[4.886,44.387],[4.887,44.386],[4.887,44.383],[4.885,44.383]]],[[[4.883,44.384],[4.882,44.385],[4.882,44.387],[4.884,44.386],[4.884,44.385],[4.883,44.384]]],[[[4.897,44.386],[4.898,44.387],[4.898,44.386],[4.897,44.386]]],[[[4.903,44.389],[4.899,44.385],[4.897,44.384],[4.897,44.383],[4.897,44.383],[4.899,44.387],[4.9,44.388],[4.901,44.389],[4.901,44.39],[4.903,44.39],[4.903,44.389]]],[[[4.881,44.388],[4.881,44.389],[4.881,44.388],[4.881,44.388]]],[[[4.881,44.388],[4.879,44.387],[4.879,44.389],[4.879,44.39],[4.881,44.388]]],[[[4.879,44.387],[4.877,44.387],[4.879,44.391],[4.879,44.387]]],[[[4.901,44.39],[4.899,44.388],[4.898,44.387],[4.899,44.39],[4.901,44.39]]],[[[4.885,44.39],[4.883,44.388],[4.882,44.388],[4.884,44.39],[4.885,44.393],[4.886,44.391],[4.885,44.39]]],[[[4.882,44.389],[4.88,44.392],[4.881,44.393],[4.881,44.391],[4.883,44.389],[4.882,44.389]]],[[[4.89,44.392],[4.887,44.39],[4.886,44.39],[4.887,44.393],[4.889,44.392],[4.889,44.392],[4.89,44.392]]],[[[4.902,44.391],[4.9,44.391],[4.9,44.391],[4.902,44.391]]],[[[4.886,44.391],[4.884,44.394],[4.886,44.393],[4.886,44.391]]],[[[4.899,44.392],[4.901,44.392],[4.901,44.392],[4.899,44.392]]],[[[4.892,44.394],[4.892,44.393],[4.891,44.393],[4.892,44.394]]],[[[4.891,44.393],[4.89,44.394],[4.891,44.394],[4.892,44.395],[4.892,44.394],[4.891,44.393]]],[[[4.887,44.393],[4.885,44.394],[4.884,44.394],[4.884,44.396],[4.887,44.396],[4.886,44.394],[4.887,44.395],[4.887,44.393]]],[[[4.881,44.397],[4.878,44.396],[4.876,44.398],[4.879,44.399],[4.878,44.397],[4.88,44.399],[4.881,44.397]]],[[[4.883,44.398],[4.883,44.398],[4.884,44.399],[4.885,44.398],[4.883,44.398]]],[[[4.883,44.398],[4.881,44.398],[4.882,44.399],[4.883,44.398]]],[[[4.897,44.398],[4.895,44.398],[4.896,44.4],[4.897,44.398]]],[[[4.896,44.4],[4.895,44.398],[4.892,44.398],[4.892,44.397],[4.89,44.397],[4.891,44.4],[4.892,44.4],[4.893,44.401],[4.894,44.4],[4.896,44.4]]],[[[4.897,44.399],[4.896,44.4],[4.897,44.401],[4.897,44.401],[4.897,44.399]]],[[[4.885,44.401],[4.885,44.399],[4.884,44.399],[4.884,44.401],[4.883,44.4],[4.883,44.401],[4.885,44.402],[4.884,44.402],[4.883,44.402],[4.884,44.403],[4.884,44.402],[4.886,44.402],[4.887,44.402],[4.887,44.402],[4.887,44.401],[4.885,44.401]]],[[[4.883,44.401],[4.881,44.399],[4.879,44.399],[4.88,44.401],[4.879,44.401],[4.878,44.401],[4.879,44.401],[4.878,44.402],[4.878,44.406],[4.879,44.406],[4.881,44.406],[4.882,44.406],[4.882,44.403],[4.881,44.404],[4.882,44.403],[4.881,44.402],[4.883,44.402],[4.883,44.401],[4.882,44.401],[4.883,44.401]]],[[[4.896,44.401],[4.896,44.4],[4.893,44.401],[4.893,44.404],[4.892,44.403],[4.893,44.402],[4.891,44.402],[4.892,44.405],[4.892,44.405],[4.892,44.405],[4.892,44.406],[4.894,44.405],[4.896,44.405],[4.892,44.406],[4.894,44.408],[4.895,44.41],[4.897,44.41],[4.897,44.409],[4.897,44.407],[4.897,44.405],[4.896,44.405],[4.897,44.405],[4.897,44.403],[4.897,44.401],[4.896,44.401]]],[[[4.889,44.404],[4.889,44.402],[4.887,44.402],[4.886,44.403],[4.886,44.402],[4.884,44.403],[4.883,44.402],[4.882,44.406],[4.886,44.406],[4.882,44.406],[4.885,44.408],[4.887,44.409],[4.888,44.409],[4.888,44.41],[4.889,44.411],[4.89,44.412],[4.89,44.41],[4.891,44.41],[4.891,44.409],[4.892,44.41],[4.892,44.411],[4.894,44.412],[4.894,44.411],[4.895,44.411],[4.892,44.406],[4.892,44.405],[4.892,44.407],[4.891,44.405],[4.889,44.406],[4.886,44.406],[4.891,44.405],[4.889,44.404]]],[[[4.892,44.405],[4.89,44.404],[4.889,44.404],[4.892,44.405]]],[[[4.882,44.406],[4.879,44.406],[4.882,44.407],[4.883,44.407],[4.884,44.408],[4.882,44.406]]],[[[4.904,44.408],[4.901,44.405],[4.9,44.404],[4.899,44.404],[4.899,44.404],[4.898,44.404],[4.897,44.404],[4.897,44.411],[4.901,44.41],[4.9,44.41],[4.9,44.409],[4.901,44.409],[4.901,44.409],[4.901,44.409],[4.901,44.409],[4.904,44.408]],[[4.899,44.41],[4.899,44.409],[4.899,44.411],[4.899,44.41]]],[[[4.884,44.408],[4.882,44.407],[4.877,44.407],[4.882,44.408],[4.887,44.412],[4.888,44.412],[4.889,44.412],[4.884,44.408]],[[4.886,44.411],[4.884,44.41],[4.883,44.409],[4.883,44.409],[4.883,44.409],[4.885,44.41],[4.886,44.411],[4.886,44.411]]],[[[4.889,44.411],[4.887,44.409],[4.885,44.408],[4.89,44.412],[4.889,44.411]]],[[[4.896,44.411],[4.897,44.411],[4.897,44.411],[4.896,44.411],[4.896,44.411]]],[[[4.901,44.411],[4.899,44.411],[4.901,44.412],[4.901,44.411]]],[[[4.895,44.412],[4.897,44.413],[4.897,44.412],[4.895,44.412]]],[[[4.897,44.414],[4.895,44.412],[4.89,44.412],[4.893,44.413],[4.894,44.414],[4.897,44.414]]],[[[4.9,44.415],[4.898,44.413],[4.899,44.412],[4.899,44.411],[4.897,44.411],[4.897,44.414],[4.898,44.415],[4.9,44.415]]],[[[4.896,44.414],[4.894,44.414],[4.89,44.412],[4.889,44.412],[4.894,44.416],[4.897,44.416],[4.896,44.414]]],[[[4.889,44.412],[4.889,44.414],[4.888,44.414],[4.89,44.415],[4.89,44.416],[4.894,44.416],[4.889,44.412]]],[[[4.898,44.415],[4.898,44.416],[4.899,44.416],[4.898,44.415],[4.898,44.415]]],[[[4.888,44.416],[4.89,44.416],[4.89,44.415],[4.887,44.415],[4.888,44.416]]],[[[4.9,44.415],[4.898,44.415],[4.9,44.416],[4.901,44.417],[4.901,44.417],[4.902,44.416],[4.9,44.415]]],[[[4.897,44.419],[4.897,44.416],[4.894,44.416],[4.897,44.419]]],[[[4.897,44.419],[4.894,44.416],[4.89,44.416],[4.894,44.418],[4.895,44.418],[4.896,44.418],[4.897,44.419],[4.897,44.419]]],[[[4.901,44.417],[4.897,44.416],[4.898,44.419],[4.9,44.419],[4.901,44.418],[4.901,44.417],[4.901,44.417]]],[[[4.897,44.419],[4.895,44.418],[4.893,44.418],[4.89,44.416],[4.889,44.416],[4.887,44.416],[4.89,44.421],[4.894,44.419],[4.895,44.42],[4.897,44.419]]],[[[4.902,44.418],[4.901,44.418],[4.9,44.419],[4.902,44.419],[4.902,44.419],[4.902,44.418],[4.902,44.418]]],[[[4.903,44.419],[4.9,44.419],[4.903,44.42],[4.903,44.419]]],[[[4.901,44.422],[4.899,44.42],[4.9,44.419],[4.897,44.419],[4.897,44.422],[4.898,44.424],[4.899,44.426],[4.902,44.424],[4.901,44.423],[4.902,44.423],[4.902,44.422],[4.901,44.422]]],[[[4.898,44.425],[4.897,44.422],[4.897,44.421],[4.895,44.421],[4.896,44.42],[4.894,44.421],[4.895,44.422],[4.895,44.423],[4.894,44.423],[4.894,44.422],[4.893,44.423],[4.897,44.424],[4.898,44.425]]],[[[4.899,44.426],[4.897,44.424],[4.896,44.424],[4.893,44.422],[4.891,44.423],[4.894,44.424],[4.894,44.425],[4.899,44.426]]],[[[4.9,44.426],[4.9,44.425],[4.899,44.426],[4.9,44.426]]],[[[4.891,44.426],[4.89,44.428],[4.891,44.428],[4.891,44.429],[4.892,44.429],[4.891,44.428],[4.891,44.428],[4.892,44.427],[4.893,44.427],[4.891,44.426]],[[4.891,44.428],[4.891,44.428],[4.891,44.428],[4.891,44.428]]],[[[4.9,44.426],[4.895,44.426],[4.893,44.427],[4.896,44.429],[4.897,44.428],[4.898,44.428],[4.897,44.427],[4.897,44.427],[4.899,44.427],[4.9,44.426]]],[[[4.899,44.427],[4.897,44.427],[4.899,44.428],[4.899,44.427]]],[[[4.892,44.427],[4.891,44.428],[4.893,44.43],[4.895,44.429],[4.892,44.427]]],[[[4.879,44.43],[4.88,44.431],[4.88,44.43],[4.879,44.43]]],[[[4.878,44.432],[4.88,44.431],[4.88,44.431],[4.878,44.431],[4.878,44.432]]],[[[4.878,44.432],[4.878,44.433],[4.879,44.433],[4.879,44.432],[4.878,44.432]]],[[[4.878,44.433],[4.877,44.432],[4.875,44.432],[4.876,44.434],[4.875,44.438],[4.875,44.438],[4.876,44.436],[4.878,44.433],[4.878,44.433]]],[[[4.902,44.436],[4.901,44.435],[4.899,44.435],[4.899,44.436],[4.902,44.436]]],[[[4.904,44.436],[4.902,44.435],[4.901,44.437],[4.903,44.439],[4.904,44.436]]],[[[4.903,44.373],[4.898,44.373],[4.899,44.375],[4.904,44.376],[4.905,44.374],[4.903,44.373]]],[[[4.902,44.394],[4.902,44.393],[4.902,44.393],[4.902,44.394]]],[[[4.905,44.394],[4.903,44.394],[4.902,44.395],[4.905,44.395],[4.905,44.394]]],[[[4.904,44.396],[4.904,44.396],[4.904,44.396],[4.904,44.396]]],[[[4.915,44.403],[4.91,44.397],[4.909,44.398],[4.908,44.4],[4.908,44.399],[4.908,44.398],[4.906,44.398],[4.906,44.397],[4.905,44.397],[4.907,44.399],[4.909,44.403],[4.914,44.403],[4.914,44.403],[4.915,44.404],[4.915,44.403]]],[[[4.915,44.405],[4.914,44.403],[4.909,44.403],[4.909,44.403],[4.907,44.399],[4.906,44.398],[4.905,44.397],[4.905,44.397],[4.904,44.396],[4.904,44.396],[4.904,44.396],[4.903,44.396],[4.903,44.399],[4.905,44.401],[4.906,44.401],[4.909,44.404],[4.91,44.405],[4.911,44.405],[4.912,44.406],[4.914,44.405],[4.915,44.406],[4.915,44.405]]],[[[4.906,44.41],[4.905,44.404],[4.9,44.397],[4.897,44.398],[4.897,44.399],[4.897,44.402],[4.897,44.404],[4.9,44.403],[4.901,44.405],[4.905,44.409],[4.906,44.41]]],[[[4.916,44.406],[4.917,44.407],[4.917,44.406],[4.917,44.405],[4.916,44.406]]],[[[4.915,44.406],[4.915,44.407],[4.916,44.408],[4.915,44.406]]],[[[4.914,44.407],[4.915,44.406],[4.914,44.407],[4.915,44.408],[4.916,44.408],[4.915,44.408],[4.914,44.407]]],[[[4.916,44.408],[4.916,44.408],[4.916,44.408],[4.916,44.408]]],[[[4.906,44.41],[4.904,44.408],[4.901,44.409],[4.901,44.411],[4.901,44.411],[4.901,44.411],[4.902,44.411],[4.906,44.41]]],[[[4.927,44.411],[4.924,44.411],[4.918,44.408],[4.919,44.413],[4.921,44.412],[4.922,44.412],[4.923,44.412],[4.923,44.411],[4.923,44.412],[4.928,44.414],[4.929,44.412],[4.927,44.411]]],[[[4.911,44.411],[4.91,44.41],[4.908,44.41],[4.906,44.408],[4.906,44.41],[4.907,44.41],[4.907,44.41],[4.907,44.41],[4.909,44.412],[4.908,44.413],[4.911,44.413],[4.91,44.415],[4.912,44.415],[4.911,44.411]]],[[[4.909,44.412],[4.907,44.41],[4.906,44.41],[4.906,44.411],[4.906,44.411],[4.906,44.412],[4.908,44.414],[4.909,44.414],[4.908,44.412],[4.909,44.412]]],[[[4.914,44.412],[4.911,44.411],[4.912,44.413],[4.913,44.413],[4.914,44.412]]],[[[4.91,44.415],[4.908,44.414],[4.906,44.412],[4.905,44.412],[4.906,44.411],[4.906,44.41],[4.901,44.411],[4.901,44.411],[4.902,44.413],[4.907,44.415],[4.91,44.415]]],[[[4.922,44.414],[4.921,44.412],[4.918,44.413],[4.919,44.414],[4.92,44.413],[4.92,44.415],[4.922,44.415],[4.922,44.414]]],[[[4.929,44.416],[4.928,44.414],[4.928,44.413],[4.928,44.414],[4.927,44.414],[4.922,44.412],[4.922,44.415],[4.924,44.415],[4.924,44.417],[4.928,44.416],[4.929,44.416]]],[[[4.944,44.416],[4.936,44.416],[4.934,44.417],[4.935,44.418],[4.937,44.417],[4.943,44.418],[4.944,44.416]]],[[[4.928,44.416],[4.927,44.417],[4.929,44.418],[4.928,44.416]]],[[[4.934,44.418],[4.934,44.417],[4.934,44.418],[4.934,44.418]]],[[[4.902,44.418],[4.902,44.419],[4.903,44.418],[4.902,44.418]]],[[[4.935,44.418],[4.934,44.418],[4.935,44.418],[4.935,44.418]]],[[[4.925,44.419],[4.923,44.419],[4.924,44.42],[4.924,44.421],[4.923,44.421],[4.924,44.421],[4.924,44.421],[4.925,44.421],[4.926,44.421],[4.926,44.421],[4.927,44.421],[4.925,44.419]]],[[[4.952,44.421],[4.947,44.417],[4.943,44.418],[4.942,44.418],[4.937,44.417],[4.934,44.419],[4.935,44.419],[4.935,44.42],[4.94,44.421],[4.941,44.422],[4.946,44.422],[4.949,44.422],[4.952,44.421]]],[[[4.915,44.42],[4.913,44.421],[4.914,44.422],[4.916,44.421],[4.915,44.42]]],[[[4.929,44.418],[4.926,44.419],[4.927,44.421],[4.927,44.421],[4.928,44.421],[4.929,44.423],[4.929,44.419],[4.929,44.418]]],[[[4.911,44.421],[4.91,44.422],[4.91,44.423],[4.911,44.423],[4.912,44.422],[4.912,44.422],[4.911,44.421]]],[[[4.916,44.421],[4.914,44.422],[4.915,44.422],[4.916,44.423],[4.916,44.423],[4.918,44.423],[4.916,44.421]]],[[[4.908,44.422],[4.907,44.423],[4.907,44.424],[4.908,44.422]]],[[[4.921,44.424],[4.92,44.422],[4.916,44.423],[4.917,44.424],[4.917,44.424],[4.921,44.424]]],[[[4.915,44.422],[4.914,44.422],[4.913,44.421],[4.912,44.424],[4.915,44.426],[4.916,44.424],[4.915,44.422],[4.915,44.422]],[[4.915,44.423],[4.914,44.423],[4.915,44.422],[4.915,44.423]]],[[[4.93,44.425],[4.928,44.422],[4.929,44.424],[4.927,44.421],[4.926,44.421],[4.925,44.421],[4.924,44.421],[4.925,44.422],[4.924,44.421],[4.923,44.422],[4.923,44.426],[4.93,44.425]]],[[[4.907,44.422],[4.905,44.422],[4.906,44.426],[4.907,44.426],[4.907,44.424],[4.907,44.422]]],[[[4.916,44.423],[4.916,44.424],[4.917,44.425],[4.917,44.424],[4.916,44.423]]],[[[4.922,44.426],[4.921,44.424],[4.917,44.424],[4.92,44.426],[4.922,44.426]]],[[[4.911,44.426],[4.91,44.425],[4.911,44.426],[4.911,44.426]]],[[[4.906,44.427],[4.904,44.424],[4.903,44.424],[4.904,44.425],[4.904,44.426],[4.903,44.424],[4.9,44.426],[4.902,44.427],[4.904,44.429],[4.907,44.429],[4.907,44.426],[4.906,44.427]]],[[[4.946,44.422],[4.941,44.423],[4.941,44.424],[4.942,44.424],[4.94,44.427],[4.943,44.428],[4.944,44.427],[4.945,44.428],[4.945,44.428],[4.946,44.429],[4.946,44.43],[4.947,44.43],[4.949,44.424],[4.947,44.425],[4.947,44.426],[4.945,44.424],[4.949,44.422],[4.946,44.422]]],[[[4.915,44.426],[4.912,44.425],[4.914,44.428],[4.916,44.429],[4.916,44.427],[4.914,44.427],[4.915,44.426]]],[[[4.912,44.431],[4.912,44.43],[4.911,44.43],[4.908,44.429],[4.908,44.429],[4.909,44.422],[4.908,44.421],[4.907,44.428],[4.907,44.428],[4.908,44.428],[4.907,44.429],[4.913,44.432],[4.913,44.431],[4.912,44.431]],[[4.909,44.422],[4.908,44.423],[4.909,44.422],[4.909,44.422]]],[[[4.911,44.427],[4.911,44.427],[4.913,44.428],[4.912,44.426],[4.911,44.427]]],[[[4.921,44.428],[4.922,44.426],[4.92,44.426],[4.921,44.427],[4.921,44.428]]],[[[4.921,44.428],[4.92,44.426],[4.917,44.425],[4.92,44.43],[4.923,44.43],[4.921,44.428]]],[[[4.904,44.429],[4.904,44.429],[4.9,44.426],[4.899,44.427],[4.899,44.428],[4.899,44.428],[4.898,44.428],[4.902,44.43],[4.902,44.43],[4.905,44.431],[4.906,44.43],[4.907,44.429],[4.904,44.429]]],[[[4.917,44.428],[4.916,44.429],[4.918,44.429],[4.918,44.428],[4.917,44.428]]],[[[4.932,44.43],[4.935,44.431],[4.935,44.43],[4.932,44.43]]],[[[4.934,44.432],[4.934,44.432],[4.934,44.431],[4.932,44.43],[4.931,44.433],[4.935,44.434],[4.934,44.432]]],[[[4.946,44.433],[4.943,44.43],[4.944,44.432],[4.944,44.433],[4.942,44.432],[4.942,44.431],[4.939,44.43],[4.94,44.43],[4.936,44.43],[4.935,44.431],[4.936,44.431],[4.938,44.432],[4.94,44.432],[4.945,44.435],[4.946,44.433],[4.943,44.433],[4.946,44.433]]],[[[4.935,44.435],[4.93,44.433],[4.93,44.434],[4.934,44.436],[4.935,44.435],[4.935,44.435]]],[[[4.945,44.435],[4.938,44.432],[4.934,44.431],[4.935,44.434],[4.936,44.435],[4.937,44.435],[4.937,44.435],[4.938,44.435],[4.94,44.436],[4.937,44.435],[4.935,44.434],[4.936,44.435],[4.935,44.436],[4.944,44.439],[4.945,44.435]]],[[[4.943,44.44],[4.936,44.438],[4.934,44.44],[4.938,44.441],[4.938,44.44],[4.94,44.44],[4.941,44.441],[4.943,44.44]]],[[[4.932,44.447],[4.93,44.447],[4.932,44.448],[4.932,44.447]]],[[[5.014,44.447],[5.014,44.446],[5.013,44.446],[5.014,44.447]]],[[[5.01,44.446],[5.01,44.448],[5.01,44.448],[5.011,44.448],[5.011,44.448],[5.011,44.448],[5.012,44.447],[5.012,44.447],[5.01,44.446]]],[[[4.93,44.448],[4.929,44.448],[4.931,44.448],[4.931,44.449],[4.93,44.448]]],[[[4.932,44.449],[4.933,44.449],[4.933,44.449],[4.932,44.449]]],[[[4.932,44.449],[4.93,44.449],[4.931,44.45],[4.932,44.449],[4.933,44.45],[4.932,44.449]]],[[[4.935,44.449],[4.933,44.45],[4.935,44.45],[4.935,44.449]]],[[[4.939,44.448],[4.937,44.45],[4.937,44.451],[4.938,44.45],[4.938,44.451],[4.941,44.451],[4.941,44.449],[4.939,44.448]]],[[[5.012,44.447],[5.01,44.448],[5.011,44.449],[5.013,44.448],[5.012,44.447]]],[[[5.014,44.447],[5.013,44.448],[5.017,44.45],[5.016,44.449],[5.014,44.447]]],[[[4.941,44.45],[4.941,44.451],[4.943,44.45],[4.942,44.449],[4.941,44.45]]],[[[4.936,44.449],[4.934,44.449],[4.935,44.449],[4.935,44.451],[4.935,44.452],[4.936,44.451],[4.936,44.449]]],[[[5.013,44.448],[5.011,44.449],[5.013,44.451],[5.014,44.451],[5.013,44.448]]],[[[5.016,44.45],[5.016,44.451],[5.016,44.451],[5.017,44.451],[5.017,44.45],[5.016,44.45]],[[5.016,44.451],[5.016,44.451],[5.016,44.451],[5.016,44.451]]],[[[4.942,44.452],[4.942,44.452],[4.942,44.452],[4.942,44.452]]],[[[4.936,44.452],[4.936,44.452],[4.936,44.452],[4.936,44.452]]],[[[4.933,44.452],[4.934,44.453],[4.934,44.452],[4.933,44.452]]],[[[4.933,44.452],[4.931,44.453],[4.933,44.453],[4.933,44.452]]],[[[4.936,44.451],[4.935,44.452],[4.936,44.452],[4.936,44.453],[4.937,44.453],[4.936,44.451]]],[[[5.013,44.451],[5.013,44.452],[5.014,44.452],[5.014,44.452],[5.015,44.451],[5.014,44.451],[5.013,44.451]]],[[[4.931,44.454],[4.931,44.453],[4.931,44.454],[4.931,44.454]]],[[[5.017,44.452],[5.016,44.451],[5.016,44.453],[5.017,44.452]]],[[[4.94,44.451],[4.938,44.451],[4.938,44.453],[4.938,44.456],[4.939,44.456],[4.94,44.457],[4.941,44.452],[4.94,44.451]]],[[[5.015,44.452],[5.015,44.452],[5.013,44.452],[5.015,44.454],[5.015,44.454],[5.016,44.454],[5.015,44.452]],[[5.015,44.452],[5.015,44.452],[5.015,44.452],[5.015,44.452]],[[5.015,44.452],[5.015,44.452],[5.015,44.452],[5.015,44.452]]],[[[4.95,44.456],[4.949,44.453],[4.946,44.453],[4.947,44.452],[4.949,44.453],[4.948,44.451],[4.943,44.45],[4.945,44.455],[4.943,44.455],[4.943,44.456],[4.943,44.456],[4.945,44.457],[4.946,44.458],[4.947,44.458],[4.946,44.457],[4.948,44.456],[4.948,44.455],[4.949,44.456],[4.95,44.456]]],[[[4.937,44.454],[4.936,44.453],[4.936,44.456],[4.937,44.454]]],[[[4.943,44.457],[4.943,44.456],[4.943,44.456],[4.943,44.454],[4.944,44.454],[4.943,44.45],[4.942,44.451],[4.942,44.452],[4.941,44.452],[4.94,44.457],[4.942,44.457],[4.944,44.459],[4.945,44.459],[4.944,44.457],[4.943,44.457]]],[[[5.015,44.454],[5.015,44.455],[5.016,44.455],[5.016,44.455],[5.017,44.454],[5.016,44.454],[5.015,44.454]]],[[[4.931,44.455],[4.93,44.456],[4.931,44.457],[4.931,44.457],[4.932,44.455],[4.931,44.455]]],[[[5.017,44.454],[5.016,44.456],[5.016,44.456],[5.017,44.456],[5.017,44.454]]],[[[4.934,44.454],[4.934,44.453],[4.933,44.453],[4.932,44.454],[4.934,44.454],[4.934,44.455],[4.933,44.456],[4.932,44.455],[4.933,44.456],[4.932,44.455],[4.931,44.457],[4.933,44.461],[4.933,44.461],[4.932,44.459],[4.934,44.458],[4.935,44.457],[4.935,44.454],[4.934,44.454]],[[4.933,44.453],[4.933,44.454],[4.933,44.454],[4.933,44.453]],[[4.933,44.46],[4.933,44.46],[4.933,44.46],[4.933,44.46]]],[[[4.936,44.456],[4.935,44.455],[4.936,44.459],[4.936,44.458],[4.936,44.456]]],[[[4.945,44.458],[4.945,44.458],[4.946,44.458],[4.945,44.458]]],[[[4.942,44.458],[4.938,44.456],[4.939,44.458],[4.941,44.461],[4.942,44.461],[4.942,44.458]]],[[[5.019,44.459],[5.018,44.456],[5.016,44.456],[5.017,44.459],[5.019,44.459]]],[[[5.019,44.458],[5.02,44.459],[5.02,44.457],[5.019,44.458]]],[[[4.931,44.459],[4.931,44.461],[4.931,44.462],[4.932,44.461],[4.931,44.459]]],[[[5.02,44.459],[5.018,44.46],[5.018,44.461],[5.02,44.459]]],[[[5.018,44.464],[5.018,44.465],[5.018,44.465],[5.019,44.465],[5.018,44.464]]],[[[5.018,44.466],[5.018,44.467],[5.021,44.467],[5.019,44.465],[5.018,44.466]]],[[[5.02,44.468],[5.02,44.467],[5.018,44.467],[5.018,44.468],[5.02,44.468]]],[[[5.018,44.468],[5.018,44.469],[5.02,44.469],[5.02,44.468],[5.018,44.468]]],[[[5.02,44.472],[5.019,44.473],[5.015,44.474],[5.02,44.474],[5.022,44.474],[5.023,44.473],[5.02,44.472]],[[5.018,44.474],[5.018,44.473],[5.018,44.474],[5.018,44.474]]],[[[5.02,44.474],[5.016,44.475],[5.013,44.476],[5.021,44.475],[5.02,44.474]]],[[[5.021,44.475],[5.019,44.476],[5.02,44.477],[5.022,44.477],[5.021,44.475]],[[5.02,44.476],[5.02,44.476],[5.02,44.477],[5.02,44.476]]],[[[5.02,44.479],[5.02,44.479],[5.02,44.479],[5.02,44.479]]],[[[5.015,44.481],[5.018,44.481],[5.018,44.48],[5.016,44.48],[5.015,44.481]]],[[[5.014,44.482],[5.014,44.483],[5.017,44.483],[5.018,44.482],[5.016,44.482],[5.018,44.481],[5.014,44.482]],[[5.016,44.482],[5.016,44.482],[5.016,44.482],[5.016,44.482]]],[[[5.018,44.49],[5.02,44.491],[5.021,44.49],[5.02,44.489],[5.018,44.49]]],[[[5.02,44.491],[5.019,44.495],[5.015,44.498],[5.019,44.498],[5.018,44.497],[5.019,44.497],[5.019,44.497],[5.021,44.492],[5.022,44.492],[5.022,44.491],[5.023,44.491],[5.022,44.49],[5.02,44.491]]],[[[5.059,44.457],[5.059,44.457],[5.06,44.456],[5.059,44.457]]],[[[5.021,44.458],[5.02,44.457],[5.021,44.46],[5.023,44.46],[5.022,44.459],[5.022,44.459],[5.021,44.458]],[[5.022,44.459],[5.021,44.458],[5.021,44.458],[5.022,44.459]]],[[[5.052,44.459],[5.055,44.458],[5.055,44.458],[5.053,44.458],[5.052,44.459]]],[[[5.057,44.458],[5.057,44.459],[5.058,44.458],[5.057,44.458]]],[[[5.05,44.459],[5.05,44.46],[5.052,44.459],[5.05,44.459]]],[[[5.049,44.459],[5.048,44.461],[5.05,44.46],[5.049,44.459]]],[[[5.047,44.46],[5.041,44.462],[5.042,44.463],[5.043,44.464],[5.045,44.462],[5.048,44.461],[5.047,44.46]]],[[[5.023,44.465],[5.02,44.459],[5.02,44.459],[5.02,44.46],[5.019,44.461],[5.019,44.464],[5.02,44.465],[5.022,44.465],[5.022,44.466],[5.023,44.466],[5.023,44.465]],[[5.021,44.463],[5.021,44.463],[5.021,44.463],[5.021,44.463]]],[[[5.031,44.465],[5.028,44.466],[5.027,44.465],[5.028,44.464],[5.027,44.464],[5.027,44.464],[5.028,44.464],[5.027,44.463],[5.026,44.463],[5.028,44.463],[5.026,44.461],[5.024,44.461],[5.023,44.459],[5.023,44.46],[5.021,44.46],[5.022,44.464],[5.023,44.464],[5.024,44.467],[5.031,44.465],[5.031,44.465]],[[5.022,44.462],[5.022,44.462],[5.022,44.462],[5.022,44.462]],[[5.025,44.463],[5.025,44.462],[5.025,44.463],[5.025,44.463]],[[5.023,44.464],[5.023,44.464],[5.023,44.465],[5.023,44.464]],[[5.027,44.466],[5.027,44.466],[5.027,44.466],[5.027,44.466]]],[[[5.044,44.464],[5.045,44.464],[5.045,44.463],[5.043,44.464],[5.044,44.464]]],[[[5.044,44.464],[5.045,44.464],[5.043,44.464],[5.043,44.464],[5.044,44.464]]],[[[5.041,44.463],[5.038,44.464],[5.04,44.466],[5.043,44.464],[5.041,44.463]],[[5.04,44.464],[5.041,44.464],[5.04,44.464],[5.04,44.464]]],[[[5.041,44.466],[5.042,44.465],[5.043,44.464],[5.043,44.464],[5.041,44.466]]],[[[5.04,44.466],[5.036,44.465],[5.035,44.466],[5.036,44.467],[5.036,44.467],[5.035,44.468],[5.039,44.467],[5.04,44.466]]],[[[5.035,44.465],[5.031,44.466],[5.032,44.467],[5.031,44.469],[5.034,44.468],[5.035,44.468],[5.036,44.467],[5.035,44.465]]],[[[5.029,44.466],[5.026,44.468],[5.025,44.47],[5.028,44.468],[5.031,44.467],[5.029,44.466]]],[[[5.038,44.468],[5.04,44.468],[5.039,44.467],[5.038,44.468]]],[[[5.031,44.469],[5.032,44.467],[5.031,44.467],[5.029,44.468],[5.029,44.468],[5.029,44.468],[5.027,44.469],[5.027,44.47],[5.025,44.47],[5.026,44.471],[5.031,44.47],[5.031,44.471],[5.032,44.471],[5.032,44.471],[5.033,44.47],[5.032,44.47],[5.031,44.469]],[[5.031,44.469],[5.031,44.469],[5.031,44.469],[5.031,44.469]],[[5.031,44.469],[5.031,44.469],[5.031,44.469],[5.031,44.469]],[[5.028,44.469],[5.029,44.469],[5.028,44.469],[5.028,44.469]],[[5.03,44.469],[5.031,44.47],[5.031,44.47],[5.03,44.469]]],[[[5.036,44.468],[5.032,44.47],[5.035,44.47],[5.036,44.469],[5.036,44.468],[5.036,44.468]],[[5.036,44.469],[5.035,44.469],[5.036,44.469],[5.036,44.469]]],[[[5.025,44.47],[5.024,44.468],[5.021,44.468],[5.024,44.471],[5.024,44.471],[5.025,44.47]]],[[[5.024,44.471],[5.026,44.472],[5.025,44.47],[5.024,44.471]]],[[[5.035,44.47],[5.033,44.471],[5.033,44.472],[5.035,44.472],[5.035,44.471],[5.036,44.472],[5.035,44.47]]],[[[5.032,44.471],[5.029,44.472],[5.029,44.472],[5.032,44.473],[5.033,44.471],[5.033,44.471],[5.033,44.47],[5.032,44.471]],[[5.03,44.471],[5.03,44.471],[5.03,44.471],[5.03,44.471]]],[[[5.024,44.473],[5.024,44.472],[5.023,44.472],[5.024,44.473]]],[[[5.03,44.473],[5.03,44.472],[5.029,44.472],[5.029,44.472],[5.028,44.472],[5.026,44.472],[5.027,44.473],[5.028,44.473],[5.027,44.473],[5.027,44.474],[5.029,44.473],[5.031,44.474],[5.031,44.473],[5.031,44.473],[5.031,44.473],[5.03,44.473],[5.03,44.473]]],[[[5.024,44.472],[5.025,44.474],[5.026,44.474],[5.026,44.472],[5.024,44.472]]],[[[5.032,44.473],[5.03,44.472],[5.031,44.473],[5.032,44.473]]],[[[5.027,44.473],[5.027,44.474],[5.027,44.474],[5.027,44.474],[5.027,44.473]]],[[[5.021,44.474],[5.021,44.475],[5.023,44.475],[5.023,44.473],[5.021,44.474]]],[[[5.027,44.475],[5.025,44.475],[5.027,44.475],[5.027,44.475]]],[[[5.022,44.476],[5.023,44.475],[5.022,44.475],[5.022,44.476]]],[[[5.025,44.476],[5.025,44.476],[5.027,44.476],[5.027,44.476],[5.025,44.476]]],[[[5.023,44.475],[5.022,44.477],[5.023,44.478],[5.023,44.475]]],[[[5.028,44.476],[5.026,44.477],[5.026,44.478],[5.027,44.478],[5.028,44.477],[5.028,44.476]]],[[[5.023,44.478],[5.022,44.477],[5.02,44.478],[5.02,44.479],[5.023,44.478]]],[[[5.027,44.477],[5.026,44.478],[5.028,44.478],[5.027,44.477]]],[[[5.024,44.477],[5.023,44.478],[5.023,44.478],[5.024,44.479],[5.024,44.479],[5.025,44.478],[5.024,44.477]]],[[[5.032,44.478],[5.031,44.479],[5.033,44.479],[5.032,44.478]]],[[[5.023,44.478],[5.02,44.479],[5.02,44.48],[5.023,44.48],[5.023,44.479],[5.024,44.479],[5.023,44.478]]],[[[5.03,44.479],[5.03,44.48],[5.031,44.479],[5.03,44.479]]],[[[5.023,44.48],[5.024,44.48],[5.024,44.479],[5.023,44.48]]],[[[5.033,44.481],[5.031,44.479],[5.03,44.48],[5.031,44.481],[5.032,44.481],[5.033,44.481]]],[[[5.024,44.479],[5.023,44.482],[5.024,44.482],[5.027,44.481],[5.024,44.479],[5.024,44.479]],[[5.026,44.48],[5.026,44.48],[5.026,44.48],[5.026,44.48]]],[[[5.031,44.482],[5.032,44.481],[5.031,44.481],[5.031,44.482]]],[[[5.027,44.481],[5.025,44.482],[5.026,44.483],[5.027,44.482],[5.027,44.481]]],[[[5.029,44.482],[5.03,44.483],[5.03,44.482],[5.029,44.482]]],[[[5.026,44.483],[5.025,44.482],[5.025,44.483],[5.026,44.483]]],[[[5.025,44.483],[5.025,44.484],[5.026,44.485],[5.027,44.484],[5.027,44.483],[5.026,44.484],[5.025,44.483]]],[[[5.033,44.485],[5.031,44.482],[5.03,44.482],[5.032,44.488],[5.033,44.487],[5.033,44.487],[5.034,44.487],[5.033,44.485]],[[5.031,44.483],[5.031,44.483],[5.031,44.483],[5.031,44.483]]],[[[5.028,44.484],[5.026,44.485],[5.027,44.486],[5.028,44.485],[5.028,44.484]]],[[[5.033,44.485],[5.033,44.484],[5.032,44.484],[5.034,44.487],[5.035,44.486],[5.033,44.485]]],[[[5.021,44.484],[5.022,44.487],[5.019,44.488],[5.02,44.489],[5.02,44.489],[5.022,44.488],[5.022,44.487],[5.022,44.487],[5.025,44.486],[5.025,44.483],[5.021,44.484]]],[[[5.028,44.488],[5.026,44.485],[5.026,44.486],[5.025,44.486],[5.025,44.486],[5.026,44.486],[5.025,44.485],[5.026,44.486],[5.025,44.486],[5.022,44.487],[5.022,44.488],[5.02,44.489],[5.023,44.489],[5.026,44.488],[5.026,44.488],[5.028,44.488]]],[[[5.029,44.485],[5.027,44.486],[5.028,44.488],[5.03,44.487],[5.029,44.485]]],[[[5.042,44.488],[5.04,44.487],[5.039,44.487],[5.038,44.486],[5.036,44.486],[5.036,44.485],[5.035,44.484],[5.034,44.485],[5.035,44.484],[5.033,44.482],[5.032,44.483],[5.032,44.484],[5.033,44.484],[5.034,44.484],[5.033,44.485],[5.035,44.486],[5.037,44.488],[5.037,44.489],[5.038,44.489],[5.041,44.491],[5.043,44.49],[5.041,44.491],[5.043,44.492],[5.045,44.49],[5.041,44.489],[5.042,44.488]]],[[[5.027,44.489],[5.027,44.488],[5.027,44.489],[5.027,44.489]]],[[[5.029,44.488],[5.029,44.489],[5.032,44.49],[5.029,44.488],[5.029,44.488]]],[[[5.042,44.492],[5.037,44.488],[5.035,44.486],[5.034,44.487],[5.038,44.492],[5.042,44.492]]],[[[5.038,44.492],[5.034,44.487],[5.033,44.487],[5.033,44.487],[5.035,44.491],[5.038,44.492]]],[[[5.028,44.489],[5.027,44.489],[5.03,44.492],[5.031,44.49],[5.029,44.489],[5.028,44.489]]],[[[5.022,44.491],[5.022,44.492],[5.022,44.492],[5.024,44.491],[5.022,44.491]]],[[[5.025,44.489],[5.024,44.491],[5.022,44.492],[5.023,44.493],[5.023,44.493],[5.024,44.493],[5.025,44.492],[5.025,44.491],[5.024,44.491],[5.024,44.491],[5.026,44.491],[5.025,44.489]]],[[[5.027,44.491],[5.029,44.492],[5.03,44.492],[5.028,44.491],[5.027,44.491]]],[[[5.052,44.492],[5.053,44.49],[5.052,44.49],[5.05,44.491],[5.05,44.492],[5.052,44.492]]],[[[5.033,44.492],[5.031,44.49],[5.03,44.492],[5.031,44.494],[5.032,44.493],[5.033,44.492]]],[[[5.026,44.492],[5.025,44.494],[5.026,44.494],[5.028,44.492],[5.028,44.491],[5.026,44.492]]],[[[5.048,44.492],[5.045,44.492],[5.04,44.492],[5.04,44.492],[5.043,44.493],[5.046,44.492],[5.045,44.493],[5.046,44.492],[5.048,44.494],[5.048,44.492]]],[[[5.039,44.493],[5.039,44.493],[5.041,44.494],[5.042,44.493],[5.039,44.493]]],[[[5.025,44.494],[5.025,44.494],[5.026,44.494],[5.025,44.494]]],[[[5.027,44.493],[5.026,44.494],[5.027,44.494],[5.027,44.495],[5.028,44.495],[5.028,44.494],[5.027,44.493]],[[5.028,44.494],[5.028,44.494],[5.028,44.495],[5.028,44.494]]],[[[5.023,44.493],[5.022,44.492],[5.02,44.496],[5.022,44.495],[5.023,44.493],[5.024,44.494],[5.024,44.494],[5.023,44.493]]],[[[5.032,44.494],[5.032,44.494],[5.031,44.494],[5.032,44.495],[5.032,44.495],[5.032,44.494]]],[[[5.049,44.493],[5.048,44.494],[5.045,44.494],[5.045,44.494],[5.045,44.494],[5.042,44.494],[5.042,44.495],[5.045,44.495],[5.048,44.496],[5.049,44.494],[5.052,44.494],[5.051,44.492],[5.049,44.493]],[[5.047,44.495],[5.047,44.495],[5.047,44.495],[5.047,44.495]]],[[[5.024,44.495],[5.024,44.495],[5.025,44.494],[5.025,44.494],[5.024,44.495]]],[[[5.042,44.495],[5.042,44.494],[5.041,44.494],[5.04,44.493],[5.042,44.496],[5.042,44.495],[5.042,44.495]]],[[[5.027,44.494],[5.024,44.495],[5.027,44.495],[5.027,44.494]]],[[[5.032,44.495],[5.03,44.495],[5.031,44.496],[5.032,44.495]]],[[[5.042,44.497],[5.039,44.493],[5.037,44.493],[5.036,44.493],[5.042,44.497],[5.042,44.497]]],[[[5.042,44.497],[5.036,44.493],[5.036,44.493],[5.034,44.494],[5.034,44.495],[5.039,44.496],[5.037,44.497],[5.038,44.498],[5.042,44.497]],[[5.036,44.494],[5.036,44.494],[5.036,44.494],[5.036,44.494]]],[[[5.042,44.495],[5.044,44.497],[5.047,44.496],[5.044,44.495],[5.042,44.495]]],[[[5.021,44.498],[5.022,44.498],[5.023,44.496],[5.021,44.496],[5.021,44.498]]],[[[5.044,44.498],[5.045,44.497],[5.043,44.497],[5.044,44.498],[5.044,44.498]]],[[[5.053,44.497],[5.052,44.499],[5.054,44.498],[5.053,44.497]]],[[[5.041,44.499],[5.039,44.498],[5.039,44.499],[5.04,44.501],[5.041,44.499],[5.041,44.499]],[[5.039,44.499],[5.039,44.499],[5.04,44.499],[5.039,44.499]]],[[[5.048,44.5],[5.048,44.5],[5.049,44.5],[5.049,44.499],[5.049,44.499],[5.048,44.5]]],[[[5.042,44.499],[5.041,44.5],[5.042,44.5],[5.042,44.5],[5.042,44.499]]],[[[5.042,44.5],[5.043,44.5],[5.042,44.499],[5.042,44.5]]],[[[5.061,44.499],[5.063,44.5],[5.063,44.5],[5.063,44.499],[5.061,44.499]]],[[[5.048,44.5],[5.048,44.499],[5.044,44.5],[5.046,44.501],[5.048,44.501],[5.048,44.5]]],[[[5.051,44.498],[5.049,44.499],[5.05,44.5],[5.049,44.5],[5.048,44.502],[5.049,44.501],[5.052,44.5],[5.051,44.498]]],[[[5.064,44.499],[5.063,44.5],[5.065,44.5],[5.066,44.5],[5.066,44.5],[5.064,44.499]]],[[[5.064,44.5],[5.064,44.501],[5.066,44.502],[5.066,44.501],[5.066,44.501],[5.066,44.5],[5.064,44.5]]],[[[5.066,44.502],[5.067,44.502],[5.068,44.501],[5.066,44.501],[5.066,44.502]]]]}},{"type":"Feature","properties":{"id_app":282,"app":"Hermitage ou Ermitage ou l'Hermitage ou l'Ermitage","denom":"Hermitage ou Ermitage ou l'Hermitage ou l'Ermitage","hierarchy":"AOC","dt":"Valence","dept":"26"},"geometry":{"type":"MultiPolygon","coordinates":[[[[4.847,45.073],[4.846,45.071],[4.846,45.073],[4.847,45.073]]],[[[4.84,45.073],[4.838,45.073],[4.838,45.073],[4.84,45.073],[4.84,45.073]]],[[[4.835,45.074],[4.836,45.073],[4.835,45.074],[4.835,45.074]]],[[[4.834,45.074],[4.833,45.074],[4.833,45.075],[4.835,45.074],[4.834,45.074]]],[[[4.839,45.08],[4.84,45.078],[4.841,45.078],[4.841,45.078],[4.841,45.078],[4.841,45.078],[4.841,45.078],[4.84,45.078],[4.839,45.078],[4.839,45.078],[4.839,45.078],[4.839,45.077],[4.839,45.077],[4.839,45.078],[4.839,45.077],[4.84,45.078],[4.841,45.078],[4.842,45.079],[4.846,45.078],[4.847,45.073],[4.839,45.073],[4.838,45.073],[4.838,45.074],[4.839,45.074],[4.839,45.074],[4.839,45.075],[4.839,45.075],[4.839,45.076],[4.838,45.074],[4.838,45.076],[4.838,45.076],[4.838,45.076],[4.838,45.076],[4.838,45.077],[4.839,45.077],[4.839,45.077],[4.839,45.078],[4.839,45.078],[4.839,45.079],[4.839,45.08]]],[[[4.838,45.079],[4.839,45.077],[4.839,45.077],[4.838,45.077],[4.838,45.076],[4.838,45.074],[4.837,45.074],[4.838,45.075],[4.838,45.076],[4.838,45.076],[4.838,45.076],[4.838,45.076],[4.838,45.076],[4.838,45.075],[4.837,45.075],[4.836,45.074],[4.836,45.074],[4.836,45.077],[4.836,45.074],[4.833,45.075],[4.835,45.078],[4.833,45.075],[4.831,45.075],[4.83,45.076],[4.83,45.079],[4.833,45.079],[4.834,45.078],[4.837,45.079],[4.837,45.08],[4.839,45.081],[4.84,45.08],[4.842,45.079],[4.841,45.078],[4.84,45.078],[4.84,45.079],[4.839,45.08],[4.839,45.08],[4.838,45.079],[4.838,45.079],[4.839,45.08],[4.839,45.078],[4.838,45.079]],[[4.838,45.079],[4.837,45.078],[4.837,45.078],[4.838,45.079]]],[[[4.86,45.073],[4.85,45.073],[4.85,45.074],[4.856,45.074],[4.858,45.074],[4.858,45.074],[4.86,45.073]]],[[[4.853,45.076],[4.853,45.075],[4.853,45.074],[4.848,45.074],[4.848,45.073],[4.847,45.073],[4.847,45.075],[4.848,45.075],[4.849,45.075],[4.851,45.076],[4.852,45.076],[4.852,45.076],[4.853,45.076],[4.853,45.077],[4.853,45.078],[4.853,45.076]]],[[[4.865,45.075],[4.864,45.075],[4.862,45.076],[4.864,45.076],[4.865,45.075]]],[[[4.863,45.075],[4.86,45.073],[4.858,45.074],[4.858,45.079],[4.862,45.077],[4.863,45.075]]],[[[4.858,45.074],[4.853,45.074],[4.853,45.075],[4.854,45.076],[4.855,45.076],[4.855,45.077],[4.855,45.079],[4.858,45.078],[4.858,45.074]]],[[[4.853,45.076],[4.852,45.076],[4.847,45.075],[4.846,45.078],[4.853,45.078],[4.853,45.076]]],[[[4.855,45.077],[4.855,45.076],[4.853,45.076],[4.853,45.077],[4.855,45.077]]]]}},{"type":"Feature","properties":{"id_app":284,"app":"Saint-Joseph","denom":"Saint-Joseph","hierarchy":"AOC","dt":"Valence","dept":"07"},"geometry":{"type":"MultiPolygon","coordinates":[[[[4.731,45.346],[4.729,45.347],[4.729,45.348],[4.731,45.346]]],[[[4.73,45.356],[4.731,45.357],[4.731,45.357],[4.732,45.357],[4.731,45.356],[4.73,45.356]]],[[[4.731,45.357],[4.73,45.357],[4.731,45.358],[4.732,45.358],[4.731,45.357]]],[[[4.721,45.379],[4.72,45.38],[4.718,45.381],[4.715,45.379],[4.711,45.379],[4.712,45.38],[4.71,45.38],[4.71,45.381],[4.71,45.381],[4.711,45.381],[4.711,45.38],[4.711,45.381],[4.71,45.381],[4.711,45.382],[4.714,45.381],[4.713,45.381],[4.712,45.381],[4.713,45.381],[4.712,45.38],[4.713,45.38],[4.714,45.382],[4.715,45.38],[4.715,45.38],[4.714,45.38],[4.715,45.38],[4.715,45.38],[4.715,45.382],[4.72,45.382],[4.721,45.382],[4.722,45.381],[4.721,45.381],[4.721,45.381],[4.721,45.379]]],[[[4.721,45.38],[4.722,45.381],[4.722,45.381],[4.722,45.38],[4.721,45.38]]],[[[4.714,45.381],[4.714,45.382],[4.715,45.382],[4.714,45.381]]],[[[4.726,45.383],[4.723,45.382],[4.722,45.381],[4.721,45.382],[4.722,45.383],[4.725,45.384],[4.726,45.383]]],[[[4.72,45.384],[4.718,45.384],[4.721,45.385],[4.72,45.384]]],[[[4.731,45.384],[4.729,45.384],[4.727,45.384],[4.725,45.386],[4.726,45.386],[4.726,45.386],[4.728,45.385],[4.729,45.385],[4.729,45.385],[4.728,45.385],[4.727,45.386],[4.726,45.386],[4.726,45.387],[4.728,45.387],[4.728,45.387],[4.729,45.386],[4.73,45.386],[4.73,45.385],[4.73,45.386],[4.732,45.386],[4.731,45.384]]],[[[4.718,45.386],[4.716,45.386],[4.716,45.386],[4.716,45.386],[4.717,45.386],[4.717,45.386],[4.717,45.386],[4.717,45.386],[4.718,45.386]]],[[[4.727,45.385],[4.726,45.386],[4.724,45.386],[4.726,45.388],[4.726,45.386],[4.727,45.386],[4.728,45.385],[4.729,45.385],[4.727,45.385]]],[[[4.717,45.387],[4.716,45.386],[4.714,45.387],[4.715,45.387],[4.716,45.387],[4.716,45.387],[4.717,45.387],[4.717,45.387],[4.717,45.387],[4.717,45.387],[4.717,45.387]]],[[[4.723,45.386],[4.721,45.386],[4.72,45.386],[4.718,45.386],[4.717,45.386],[4.717,45.386],[4.718,45.388],[4.719,45.387],[4.72,45.387],[4.721,45.387],[4.722,45.387],[4.723,45.386],[4.723,45.386]]],[[[4.726,45.387],[4.727,45.388],[4.727,45.388],[4.728,45.387],[4.728,45.387],[4.726,45.387]]],[[[4.732,45.388],[4.731,45.387],[4.73,45.388],[4.732,45.388]]],[[[4.726,45.388],[4.723,45.386],[4.721,45.389],[4.724,45.389],[4.725,45.389],[4.725,45.388],[4.725,45.388],[4.725,45.388],[4.725,45.388],[4.726,45.388]]],[[[4.716,45.388],[4.714,45.388],[4.715,45.388],[4.716,45.388]]],[[[4.722,45.387],[4.718,45.388],[4.721,45.388],[4.722,45.387]]],[[[4.73,45.387],[4.727,45.388],[4.727,45.388],[4.729,45.388],[4.73,45.387]]],[[[4.726,45.388],[4.725,45.388],[4.725,45.389],[4.726,45.388]]],[[[4.73,45.389],[4.732,45.389],[4.732,45.388],[4.73,45.388],[4.73,45.389]]],[[[4.73,45.389],[4.73,45.388],[4.729,45.389],[4.73,45.389]]],[[[4.726,45.389],[4.725,45.389],[4.726,45.389],[4.726,45.389]]],[[[4.727,45.389],[4.728,45.389],[4.727,45.389],[4.727,45.389]]],[[[4.727,45.389],[4.725,45.389],[4.726,45.389],[4.726,45.39],[4.727,45.389]]],[[[4.725,45.389],[4.722,45.389],[4.721,45.389],[4.723,45.39],[4.725,45.389]]],[[[4.726,45.39],[4.725,45.389],[4.724,45.39],[4.725,45.39],[4.726,45.39]]],[[[4.73,45.389],[4.727,45.39],[4.727,45.39],[4.73,45.39],[4.73,45.389]]],[[[4.727,45.39],[4.726,45.391],[4.727,45.391],[4.727,45.39]]],[[[4.732,45.392],[4.729,45.391],[4.728,45.391],[4.73,45.392],[4.732,45.392]]],[[[4.73,45.393],[4.727,45.391],[4.727,45.392],[4.73,45.393]]],[[[4.734,45.391],[4.73,45.393],[4.73,45.394],[4.73,45.394],[4.731,45.394],[4.731,45.394],[4.732,45.394],[4.733,45.393],[4.735,45.393],[4.734,45.391]]],[[[4.734,45.393],[4.732,45.394],[4.73,45.395],[4.735,45.394],[4.734,45.393]]],[[[4.732,45.394],[4.729,45.394],[4.729,45.394],[4.727,45.394],[4.73,45.395],[4.732,45.394]]],[[[4.727,45.394],[4.723,45.394],[4.723,45.394],[4.724,45.395],[4.725,45.395],[4.727,45.395],[4.727,45.394]]],[[[4.727,45.394],[4.727,45.395],[4.728,45.395],[4.727,45.394]]],[[[4.731,45.396],[4.731,45.395],[4.73,45.397],[4.733,45.396],[4.731,45.396]]],[[[4.726,45.395],[4.726,45.397],[4.727,45.395],[4.726,45.395]]],[[[4.727,45.396],[4.729,45.397],[4.729,45.396],[4.727,45.396]]],[[[4.733,45.399],[4.73,45.397],[4.728,45.398],[4.733,45.4],[4.733,45.399],[4.733,45.399],[4.733,45.399],[4.732,45.398],[4.732,45.398],[4.732,45.398],[4.732,45.398],[4.733,45.399],[4.734,45.399],[4.733,45.399]]],[[[4.726,45.397],[4.725,45.398],[4.725,45.4],[4.726,45.4],[4.727,45.4],[4.728,45.4],[4.728,45.4],[4.728,45.399],[4.726,45.397]]],[[[4.731,45.4],[4.733,45.4],[4.731,45.4],[4.731,45.4]]],[[[4.729,45.401],[4.729,45.4],[4.728,45.4],[4.728,45.4],[4.729,45.401]]],[[[4.732,45.402],[4.73,45.4],[4.729,45.4],[4.729,45.401],[4.73,45.401],[4.73,45.402],[4.731,45.402],[4.731,45.402],[4.732,45.402]]],[[[4.725,45.401],[4.724,45.403],[4.725,45.403],[4.725,45.401]]],[[[4.73,45.403],[4.73,45.403],[4.729,45.403],[4.729,45.403],[4.729,45.401],[4.728,45.4],[4.727,45.4],[4.726,45.4],[4.726,45.403],[4.732,45.404],[4.73,45.403]]],[[[4.729,45.401],[4.729,45.402],[4.729,45.403],[4.73,45.402],[4.729,45.401]]],[[[4.731,45.402],[4.73,45.402],[4.731,45.403],[4.731,45.402]]],[[[4.735,45.405],[4.731,45.403],[4.732,45.404],[4.732,45.405],[4.735,45.405]]],[[[4.721,45.404],[4.718,45.404],[4.716,45.404],[4.718,45.404],[4.718,45.405],[4.718,45.405],[4.719,45.406],[4.72,45.406],[4.72,45.405],[4.718,45.405],[4.718,45.404],[4.72,45.405],[4.721,45.404],[4.721,45.404],[4.721,45.404],[4.721,45.404],[4.72,45.406],[4.721,45.406],[4.721,45.405],[4.722,45.405],[4.722,45.405],[4.723,45.405],[4.723,45.405],[4.723,45.404],[4.721,45.404]]],[[[4.71,45.406],[4.711,45.407],[4.712,45.406],[4.712,45.406],[4.71,45.405],[4.71,45.406]]],[[[4.728,45.406],[4.724,45.405],[4.723,45.406],[4.723,45.405],[4.723,45.406],[4.722,45.405],[4.721,45.406],[4.723,45.406],[4.724,45.406],[4.726,45.406],[4.726,45.406],[4.726,45.406],[4.727,45.406],[4.728,45.406]]],[[[4.73,45.406],[4.73,45.405],[4.729,45.405],[4.729,45.405],[4.728,45.406],[4.73,45.406]],[[4.729,45.405],[4.729,45.405],[4.729,45.405],[4.729,45.405]]],[[[4.719,45.406],[4.716,45.406],[4.715,45.406],[4.715,45.406],[4.716,45.406],[4.717,45.406],[4.719,45.406],[4.717,45.405],[4.718,45.404],[4.714,45.406],[4.712,45.406],[4.711,45.407],[4.713,45.407],[4.714,45.406],[4.714,45.407],[4.716,45.408],[4.719,45.407],[4.719,45.406]]],[[[4.735,45.406],[4.732,45.406],[4.73,45.405],[4.73,45.406],[4.73,45.406],[4.73,45.407],[4.732,45.407],[4.733,45.407],[4.733,45.407],[4.734,45.407],[4.735,45.406],[4.735,45.406]]],[[[4.709,45.406],[4.709,45.407],[4.711,45.407],[4.711,45.407],[4.709,45.406]]],[[[4.723,45.406],[4.721,45.406],[4.72,45.407],[4.721,45.407],[4.722,45.407],[4.723,45.407],[4.724,45.407],[4.724,45.407],[4.724,45.407],[4.725,45.408],[4.726,45.407],[4.726,45.406],[4.723,45.406]]],[[[4.729,45.406],[4.728,45.406],[4.725,45.407],[4.726,45.408],[4.728,45.407],[4.728,45.408],[4.728,45.408],[4.729,45.408],[4.729,45.407],[4.729,45.406]]],[[[4.733,45.407],[4.73,45.407],[4.73,45.407],[4.73,45.406],[4.728,45.406],[4.73,45.406],[4.729,45.407],[4.73,45.408],[4.731,45.408],[4.73,45.407],[4.733,45.407]]],[[[4.722,45.407],[4.722,45.407],[4.721,45.407],[4.722,45.407]]],[[[4.722,45.408],[4.721,45.407],[4.721,45.408],[4.722,45.408]]],[[[4.726,45.408],[4.728,45.408],[4.729,45.408],[4.726,45.408]]],[[[4.721,45.408],[4.722,45.409],[4.726,45.408],[4.724,45.407],[4.721,45.408]]],[[[4.733,45.407],[4.732,45.407],[4.732,45.409],[4.733,45.409],[4.732,45.41],[4.732,45.41],[4.732,45.41],[4.731,45.411],[4.732,45.411],[4.734,45.41],[4.734,45.409],[4.733,45.407]]],[[[4.732,45.408],[4.73,45.408],[4.731,45.409],[4.731,45.411],[4.732,45.409],[4.733,45.409],[4.732,45.408]]],[[[4.73,45.408],[4.726,45.408],[4.727,45.409],[4.729,45.411],[4.73,45.411],[4.731,45.411],[4.73,45.408]],[[4.73,45.41],[4.729,45.411],[4.729,45.41],[4.73,45.41]]],[[[4.726,45.408],[4.722,45.409],[4.722,45.409],[4.725,45.409],[4.725,45.411],[4.727,45.41],[4.728,45.41],[4.726,45.408]]],[[[4.715,45.41],[4.716,45.411],[4.715,45.409],[4.715,45.41]]],[[[4.716,45.41],[4.716,45.411],[4.718,45.411],[4.717,45.41],[4.716,45.41]]],[[[4.727,45.414],[4.724,45.414],[4.724,45.414],[4.724,45.414],[4.724,45.415],[4.727,45.414]]],[[[4.728,45.416],[4.728,45.416],[4.728,45.415],[4.728,45.416]]],[[[4.725,45.417],[4.725,45.417],[4.725,45.417],[4.725,45.417]]],[[[4.728,45.415],[4.724,45.415],[4.724,45.415],[4.723,45.414],[4.723,45.414],[4.723,45.414],[4.723,45.415],[4.722,45.415],[4.723,45.414],[4.724,45.415],[4.724,45.414],[4.722,45.414],[4.721,45.413],[4.718,45.414],[4.717,45.415],[4.717,45.415],[4.716,45.415],[4.717,45.416],[4.716,45.415],[4.713,45.416],[4.714,45.416],[4.713,45.416],[4.714,45.416],[4.713,45.416],[4.714,45.417],[4.713,45.416],[4.714,45.416],[4.713,45.416],[4.714,45.416],[4.713,45.416],[4.712,45.417],[4.713,45.418],[4.712,45.417],[4.71,45.419],[4.71,45.419],[4.711,45.42],[4.71,45.419],[4.708,45.42],[4.709,45.421],[4.711,45.421],[4.711,45.42],[4.71,45.42],[4.709,45.42],[4.709,45.42],[4.711,45.42],[4.711,45.42],[4.711,45.421],[4.712,45.421],[4.712,45.42],[4.711,45.42],[4.711,45.42],[4.711,45.42],[4.712,45.42],[4.712,45.419],[4.712,45.421],[4.709,45.421],[4.71,45.422],[4.714,45.421],[4.714,45.419],[4.715,45.419],[4.716,45.418],[4.717,45.42],[4.72,45.418],[4.72,45.418],[4.718,45.419],[4.72,45.419],[4.721,45.418],[4.721,45.418],[4.72,45.417],[4.721,45.418],[4.721,45.416],[4.722,45.417],[4.723,45.417],[4.723,45.416],[4.723,45.416],[4.722,45.416],[4.722,45.415],[4.723,45.416],[4.723,45.417],[4.723,45.417],[4.721,45.418],[4.721,45.419],[4.725,45.417],[4.725,45.417],[4.725,45.417],[4.725,45.417],[4.725,45.417],[4.727,45.416],[4.727,45.416],[4.728,45.415]]],[[[4.734,45.418],[4.734,45.419],[4.734,45.419],[4.734,45.418],[4.734,45.418],[4.733,45.418],[4.733,45.418],[4.733,45.418],[4.732,45.419],[4.733,45.417],[4.732,45.418],[4.732,45.418],[4.733,45.417],[4.733,45.416],[4.729,45.415],[4.728,45.416],[4.728,45.416],[4.729,45.416],[4.729,45.416],[4.73,45.416],[4.73,45.417],[4.731,45.418],[4.73,45.417],[4.729,45.418],[4.73,45.419],[4.728,45.418],[4.729,45.419],[4.728,45.418],[4.725,45.42],[4.729,45.42],[4.735,45.42],[4.734,45.418]]],[[[4.73,45.417],[4.727,45.416],[4.727,45.417],[4.728,45.417],[4.728,45.417],[4.728,45.417],[4.727,45.417],[4.727,45.417],[4.728,45.417],[4.727,45.417],[4.727,45.416],[4.728,45.416],[4.727,45.416],[4.727,45.417],[4.727,45.416],[4.727,45.416],[4.727,45.417],[4.726,45.417],[4.727,45.416],[4.728,45.416],[4.727,45.416],[4.725,45.417],[4.725,45.417],[4.72,45.419],[4.724,45.42],[4.724,45.419],[4.725,45.419],[4.725,45.418],[4.725,45.419],[4.724,45.42],[4.725,45.42],[4.726,45.419],[4.726,45.419],[4.725,45.419],[4.726,45.419],[4.728,45.418],[4.73,45.417]]],[[[4.72,45.42],[4.72,45.42],[4.719,45.42],[4.72,45.42]]],[[[4.726,45.42],[4.725,45.42],[4.726,45.421],[4.726,45.42]]],[[[4.721,45.42],[4.72,45.42],[4.72,45.421],[4.721,45.422],[4.724,45.42],[4.725,45.42],[4.725,45.42],[4.72,45.42],[4.721,45.42]]],[[[4.725,45.422],[4.727,45.421],[4.727,45.42],[4.726,45.42],[4.725,45.422]]],[[[4.722,45.422],[4.723,45.423],[4.724,45.422],[4.724,45.421],[4.726,45.421],[4.725,45.42],[4.722,45.422]]],[[[4.74,45.424],[4.739,45.422],[4.739,45.421],[4.737,45.421],[4.736,45.421],[4.736,45.422],[4.736,45.423],[4.736,45.423],[4.736,45.424],[4.736,45.424],[4.736,45.424],[4.736,45.424],[4.735,45.424],[4.735,45.425],[4.735,45.424],[4.736,45.423],[4.736,45.421],[4.734,45.422],[4.732,45.423],[4.732,45.424],[4.73,45.424],[4.729,45.423],[4.722,45.426],[4.724,45.426],[4.724,45.426],[4.73,45.424],[4.73,45.425],[4.73,45.425],[4.731,45.425],[4.732,45.425],[4.734,45.425],[4.736,45.423],[4.734,45.425],[4.733,45.425],[4.732,45.425],[4.731,45.425],[4.73,45.425],[4.73,45.425],[4.73,45.425],[4.731,45.426],[4.734,45.425],[4.731,45.426],[4.733,45.427],[4.733,45.427],[4.733,45.426],[4.734,45.426],[4.736,45.426],[4.733,45.426],[4.733,45.427],[4.733,45.428],[4.738,45.428],[4.74,45.427],[4.74,45.427],[4.739,45.427],[4.739,45.427],[4.739,45.427],[4.738,45.427],[4.738,45.427],[4.74,45.426],[4.74,45.424],[4.739,45.424],[4.739,45.424],[4.738,45.425],[4.738,45.425],[4.737,45.425],[4.738,45.425],[4.739,45.424],[4.739,45.424],[4.739,45.424],[4.739,45.424],[4.74,45.424],[4.74,45.424]],[[4.738,45.423],[4.738,45.424],[4.738,45.423],[4.738,45.423]],[[4.738,45.423],[4.738,45.423],[4.738,45.423],[4.738,45.423]],[[4.738,45.424],[4.738,45.424],[4.738,45.424],[4.738,45.424]]],[[[4.722,45.426],[4.722,45.427],[4.723,45.428],[4.725,45.426],[4.722,45.426]]],[[[4.733,45.435],[4.734,45.436],[4.734,45.437],[4.735,45.437],[4.734,45.436],[4.734,45.435],[4.733,45.435]]],[[[4.743,45.333],[4.741,45.333],[4.739,45.331],[4.74,45.333],[4.743,45.333]]],[[[4.74,45.333],[4.739,45.332],[4.738,45.332],[4.738,45.333],[4.742,45.333],[4.741,45.333],[4.74,45.333]]],[[[4.737,45.342],[4.735,45.341],[4.735,45.342],[4.736,45.343],[4.737,45.343],[4.737,45.343],[4.737,45.343],[4.737,45.342]]],[[[4.739,45.343],[4.74,45.343],[4.739,45.343],[4.739,45.343]]],[[[4.737,45.342],[4.737,45.343],[4.737,45.343],[4.736,45.343],[4.737,45.344],[4.739,45.343],[4.739,45.342],[4.737,45.342]]],[[[4.747,45.344],[4.742,45.345],[4.741,45.344],[4.739,45.345],[4.739,45.346],[4.741,45.345],[4.745,45.345],[4.748,45.345],[4.748,45.344],[4.748,45.344],[4.747,45.344],[4.747,45.344]]],[[[4.738,45.345],[4.737,45.346],[4.737,45.346],[4.739,45.346],[4.738,45.345]]],[[[4.741,45.347],[4.739,45.346],[4.739,45.345],[4.738,45.345],[4.739,45.346],[4.741,45.347]]],[[[4.748,45.345],[4.746,45.345],[4.74,45.345],[4.743,45.347],[4.749,45.346],[4.748,45.345]]],[[[4.738,45.35],[4.736,45.349],[4.738,45.35],[4.738,45.35]]],[[[4.741,45.351],[4.737,45.348],[4.736,45.349],[4.736,45.349],[4.737,45.35],[4.739,45.351],[4.739,45.35],[4.739,45.351],[4.738,45.351],[4.739,45.352],[4.741,45.351]]],[[[4.744,45.353],[4.742,45.355],[4.742,45.356],[4.743,45.356],[4.743,45.355],[4.743,45.355],[4.745,45.353],[4.746,45.353],[4.744,45.353]]],[[[4.737,45.355],[4.735,45.357],[4.735,45.357],[4.736,45.356],[4.736,45.356],[4.736,45.356],[4.736,45.356],[4.736,45.356],[4.736,45.355],[4.737,45.355]]],[[[4.742,45.356],[4.741,45.356],[4.741,45.356],[4.743,45.357],[4.742,45.357],[4.743,45.356],[4.742,45.356]]],[[[4.738,45.358],[4.737,45.355],[4.737,45.356],[4.735,45.358],[4.737,45.358],[4.737,45.357],[4.737,45.357],[4.737,45.359],[4.738,45.358]]],[[[4.735,45.356],[4.732,45.357],[4.735,45.357],[4.735,45.356]]],[[[4.743,45.359],[4.743,45.358],[4.743,45.358],[4.743,45.359]]],[[[4.745,45.359],[4.745,45.359],[4.745,45.359],[4.745,45.359]]],[[[4.743,45.363],[4.74,45.364],[4.741,45.365],[4.743,45.365],[4.743,45.362],[4.743,45.363]]],[[[4.743,45.365],[4.746,45.365],[4.747,45.365],[4.746,45.365],[4.746,45.364],[4.745,45.364],[4.746,45.363],[4.746,45.365],[4.748,45.364],[4.749,45.365],[4.749,45.364],[4.749,45.365],[4.749,45.366],[4.749,45.366],[4.751,45.365],[4.751,45.364],[4.749,45.363],[4.745,45.362],[4.744,45.362],[4.743,45.365],[4.742,45.365],[4.746,45.366],[4.746,45.365],[4.743,45.365]]],[[[4.745,45.37],[4.744,45.371],[4.746,45.371],[4.747,45.372],[4.745,45.371],[4.746,45.371],[4.747,45.371],[4.745,45.37]]],[[[4.745,45.371],[4.741,45.372],[4.741,45.373],[4.743,45.373],[4.743,45.372],[4.743,45.373],[4.745,45.374],[4.747,45.372],[4.745,45.371]]],[[[4.743,45.375],[4.743,45.375],[4.743,45.375],[4.743,45.375],[4.743,45.375],[4.743,45.375]]],[[[4.743,45.375],[4.741,45.374],[4.739,45.374],[4.739,45.375],[4.741,45.375],[4.743,45.375],[4.744,45.376],[4.744,45.376],[4.744,45.376],[4.744,45.377],[4.744,45.376],[4.744,45.375],[4.743,45.375]]],[[[4.743,45.375],[4.74,45.375],[4.742,45.376],[4.741,45.377],[4.742,45.379],[4.742,45.378],[4.743,45.379],[4.744,45.378],[4.743,45.375]],[[4.742,45.377],[4.742,45.377],[4.742,45.377],[4.742,45.377]]],[[[4.748,45.376],[4.745,45.374],[4.744,45.374],[4.744,45.375],[4.743,45.375],[4.743,45.375],[4.744,45.374],[4.743,45.374],[4.743,45.375],[4.744,45.375],[4.745,45.376],[4.744,45.378],[4.743,45.38],[4.743,45.38],[4.744,45.38],[4.744,45.38],[4.745,45.379],[4.745,45.378],[4.744,45.38],[4.746,45.379],[4.746,45.379],[4.746,45.379],[4.747,45.378],[4.747,45.378],[4.747,45.377],[4.747,45.377],[4.747,45.378],[4.746,45.379],[4.747,45.378],[4.748,45.376],[4.747,45.376],[4.748,45.376]]],[[[4.741,45.379],[4.74,45.376],[4.74,45.377],[4.74,45.379],[4.741,45.379]]],[[[4.739,45.377],[4.738,45.379],[4.739,45.377],[4.736,45.379],[4.736,45.38],[4.736,45.379],[4.736,45.379],[4.737,45.38],[4.74,45.379],[4.74,45.377],[4.739,45.377]]],[[[4.742,45.379],[4.742,45.379],[4.743,45.379],[4.743,45.378],[4.742,45.379]]],[[[4.735,45.38],[4.737,45.38],[4.735,45.379],[4.735,45.38]]],[[[4.737,45.384],[4.735,45.383],[4.734,45.384],[4.731,45.383],[4.73,45.383],[4.731,45.384],[4.733,45.384],[4.733,45.385],[4.734,45.385],[4.735,45.384],[4.737,45.384],[4.737,45.384],[4.737,45.384],[4.737,45.384]]],[[[4.732,45.386],[4.733,45.385],[4.733,45.384],[4.731,45.384],[4.732,45.386]]],[[[4.737,45.384],[4.735,45.384],[4.734,45.385],[4.733,45.385],[4.734,45.385],[4.734,45.385],[4.734,45.385],[4.734,45.385],[4.735,45.385],[4.735,45.385],[4.736,45.385],[4.736,45.385],[4.737,45.385],[4.737,45.385],[4.737,45.384]]],[[[4.744,45.384],[4.742,45.384],[4.742,45.385],[4.744,45.385],[4.744,45.384]]],[[[4.734,45.385],[4.734,45.385],[4.734,45.385],[4.734,45.385]]],[[[4.743,45.387],[4.738,45.386],[4.737,45.385],[4.737,45.385],[4.737,45.385],[4.736,45.385],[4.736,45.385],[4.734,45.385],[4.735,45.386],[4.735,45.386],[4.736,45.386],[4.736,45.387],[4.737,45.387],[4.74,45.388],[4.741,45.388],[4.741,45.389],[4.741,45.389],[4.741,45.389],[4.741,45.39],[4.744,45.388],[4.743,45.387]]],[[[4.74,45.388],[4.736,45.387],[4.735,45.386],[4.731,45.387],[4.733,45.388],[4.732,45.389],[4.733,45.389],[4.734,45.388],[4.734,45.388],[4.734,45.389],[4.738,45.388],[4.738,45.389],[4.741,45.389],[4.74,45.388]]],[[[4.737,45.388],[4.735,45.389],[4.736,45.39],[4.737,45.388]]],[[[4.735,45.389],[4.734,45.389],[4.732,45.389],[4.734,45.39],[4.735,45.389]]],[[[4.734,45.39],[4.732,45.389],[4.733,45.39],[4.734,45.39]]],[[[4.743,45.39],[4.741,45.39],[4.742,45.391],[4.742,45.39],[4.743,45.39]]],[[[4.741,45.391],[4.739,45.39],[4.734,45.392],[4.735,45.392],[4.738,45.391],[4.739,45.391],[4.741,45.392],[4.741,45.391]]],[[[4.743,45.391],[4.741,45.392],[4.739,45.391],[4.738,45.392],[4.738,45.393],[4.738,45.392],[4.736,45.392],[4.737,45.393],[4.74,45.393],[4.743,45.394],[4.743,45.393],[4.744,45.391],[4.743,45.391]]],[[[4.732,45.395],[4.732,45.396],[4.734,45.396],[4.734,45.395],[4.732,45.395]]],[[[4.734,45.396],[4.73,45.397],[4.733,45.398],[4.734,45.399],[4.734,45.399],[4.734,45.398],[4.735,45.398],[4.735,45.397],[4.736,45.397],[4.734,45.396]]],[[[4.736,45.397],[4.735,45.398],[4.734,45.398],[4.736,45.4],[4.736,45.398],[4.738,45.398],[4.738,45.398],[4.736,45.397],[4.736,45.397]]],[[[4.736,45.398],[4.736,45.4],[4.736,45.4],[4.738,45.398],[4.736,45.398]]],[[[4.733,45.399],[4.733,45.399],[4.734,45.399],[4.733,45.399]]],[[[4.734,45.398],[4.734,45.399],[4.733,45.399],[4.734,45.4],[4.735,45.401],[4.734,45.4],[4.735,45.4],[4.736,45.4],[4.735,45.399],[4.734,45.398]]],[[[4.734,45.4],[4.733,45.4],[4.733,45.4],[4.734,45.4]]],[[[4.735,45.401],[4.734,45.4],[4.733,45.399],[4.734,45.4],[4.734,45.401],[4.735,45.401],[4.735,45.401]]],[[[4.735,45.401],[4.734,45.401],[4.734,45.401],[4.734,45.4],[4.732,45.401],[4.735,45.402],[4.736,45.401],[4.736,45.401],[4.735,45.401],[4.735,45.401]]],[[[4.735,45.403],[4.734,45.403],[4.734,45.403],[4.735,45.402],[4.734,45.402],[4.733,45.403],[4.734,45.402],[4.731,45.4],[4.732,45.402],[4.731,45.403],[4.735,45.405],[4.736,45.404],[4.735,45.403]]],[[[4.736,45.408],[4.736,45.406],[4.735,45.406],[4.735,45.406],[4.734,45.407],[4.734,45.408],[4.734,45.408],[4.736,45.408]]],[[[4.733,45.407],[4.734,45.408],[4.734,45.408],[4.734,45.407],[4.733,45.407]]],[[[4.736,45.416],[4.733,45.416],[4.734,45.416],[4.735,45.417],[4.735,45.417],[4.736,45.416]]],[[[4.738,45.42],[4.736,45.416],[4.735,45.417],[4.735,45.417],[4.735,45.417],[4.735,45.417],[4.734,45.416],[4.735,45.417],[4.734,45.417],[4.732,45.415],[4.731,45.416],[4.733,45.416],[4.733,45.418],[4.735,45.418],[4.735,45.419],[4.735,45.418],[4.735,45.42],[4.738,45.42]]],[[[4.736,45.421],[4.738,45.421],[4.736,45.421],[4.736,45.421],[4.736,45.421]]],[[[4.741,45.431],[4.74,45.428],[4.738,45.428],[4.733,45.429],[4.733,45.43],[4.734,45.431],[4.735,45.43],[4.736,45.43],[4.737,45.43],[4.737,45.43],[4.737,45.43],[4.739,45.431],[4.74,45.432],[4.74,45.431],[4.74,45.431],[4.74,45.431],[4.741,45.431]]],[[[4.741,45.432],[4.74,45.432],[4.739,45.432],[4.738,45.432],[4.737,45.432],[4.737,45.432],[4.739,45.432],[4.74,45.432],[4.741,45.432],[4.74,45.431],[4.74,45.432],[4.737,45.43],[4.737,45.43],[4.735,45.43],[4.734,45.431],[4.736,45.432],[4.737,45.433],[4.738,45.433],[4.738,45.434],[4.739,45.433],[4.739,45.433],[4.738,45.433],[4.737,45.433],[4.739,45.433],[4.739,45.433],[4.741,45.432]]],[[[4.736,45.432],[4.735,45.432],[4.735,45.432],[4.736,45.432]]],[[[4.736,45.433],[4.733,45.433],[4.734,45.434],[4.735,45.434],[4.736,45.434],[4.737,45.434],[4.738,45.434],[4.738,45.434],[4.738,45.434],[4.738,45.434],[4.737,45.433],[4.737,45.433],[4.736,45.433]]],[[[4.742,45.433],[4.742,45.434],[4.742,45.435],[4.742,45.434],[4.741,45.433],[4.742,45.433]]],[[[4.742,45.433],[4.739,45.434],[4.733,45.434],[4.734,45.435],[4.736,45.434],[4.74,45.435],[4.741,45.434],[4.742,45.434],[4.741,45.433],[4.742,45.433],[4.742,45.433]]],[[[4.742,45.435],[4.742,45.435],[4.742,45.434],[4.742,45.434],[4.742,45.434],[4.742,45.435],[4.742,45.435]]],[[[4.742,45.435],[4.742,45.434],[4.742,45.434],[4.742,45.435],[4.742,45.435]]],[[[4.736,45.434],[4.734,45.435],[4.735,45.435],[4.735,45.435],[4.736,45.434]]],[[[4.742,45.435],[4.742,45.435],[4.742,45.435],[4.742,45.435]]],[[[4.735,45.435],[4.737,45.436],[4.738,45.435],[4.736,45.434],[4.735,45.435]]],[[[4.739,45.435],[4.741,45.435],[4.742,45.434],[4.741,45.434],[4.74,45.435],[4.739,45.435]]],[[[4.742,45.435],[4.742,45.435],[4.742,45.435],[4.742,45.435]]],[[[4.742,45.435],[4.742,45.435],[4.742,45.435],[4.742,45.435]]],[[[4.741,45.436],[4.742,45.436],[4.742,45.435],[4.741,45.436]]],[[[4.741,45.436],[4.742,45.436],[4.742,45.435],[4.742,45.435],[4.741,45.436]]],[[[4.743,45.436],[4.742,45.435],[4.742,45.436],[4.741,45.436],[4.742,45.436],[4.742,45.436],[4.743,45.436],[4.744,45.437],[4.744,45.437],[4.743,45.436]]],[[[4.745,45.436],[4.744,45.435],[4.742,45.435],[4.743,45.436],[4.744,45.437],[4.744,45.437],[4.745,45.437],[4.745,45.436]],[[4.745,45.436],[4.745,45.436],[4.745,45.436],[4.745,45.436]]],[[[4.739,45.435],[4.737,45.436],[4.734,45.435],[4.735,45.437],[4.738,45.437],[4.738,45.437],[4.74,45.437],[4.74,45.436],[4.74,45.436],[4.739,45.435]]],[[[4.74,45.437],[4.741,45.437],[4.741,45.435],[4.74,45.436],[4.741,45.436],[4.741,45.437],[4.741,45.437],[4.74,45.437]]],[[[4.743,45.436],[4.741,45.437],[4.74,45.437],[4.741,45.437],[4.742,45.436],[4.743,45.436],[4.743,45.436],[4.744,45.437],[4.744,45.437],[4.744,45.437],[4.744,45.437],[4.743,45.436],[4.743,45.436]]],[[[4.74,45.437],[4.74,45.437],[4.741,45.437],[4.74,45.437]]],[[[4.745,45.438],[4.746,45.437],[4.744,45.438],[4.744,45.437],[4.743,45.436],[4.741,45.437],[4.744,45.439],[4.746,45.438],[4.746,45.437],[4.745,45.438]],[[4.744,45.438],[4.744,45.438],[4.744,45.438],[4.744,45.438]]],[[[4.741,45.437],[4.74,45.437],[4.74,45.438],[4.741,45.438],[4.741,45.438],[4.741,45.438],[4.741,45.437]]],[[[4.74,45.437],[4.738,45.438],[4.741,45.438],[4.74,45.437]]],[[[4.756,45.183],[4.756,45.182],[4.756,45.181],[4.756,45.183]]],[[[4.76,45.188],[4.758,45.185],[4.757,45.185],[4.756,45.183],[4.755,45.184],[4.757,45.187],[4.758,45.187],[4.758,45.187],[4.759,45.187],[4.759,45.188],[4.76,45.188]]],[[[4.758,45.187],[4.757,45.188],[4.759,45.188],[4.758,45.187]]],[[[4.762,45.192],[4.76,45.191],[4.759,45.192],[4.76,45.193],[4.762,45.192],[4.762,45.192],[4.762,45.192]]],[[[4.758,45.303],[4.758,45.304],[4.759,45.304],[4.759,45.305],[4.759,45.305],[4.76,45.305],[4.758,45.303]]],[[[4.761,45.309],[4.76,45.306],[4.759,45.307],[4.759,45.307],[4.76,45.305],[4.76,45.305],[4.759,45.305],[4.758,45.304],[4.757,45.307],[4.759,45.307],[4.759,45.309],[4.761,45.309]]],[[[4.752,45.31],[4.748,45.31],[4.746,45.31],[4.749,45.31],[4.748,45.311],[4.748,45.311],[4.749,45.311],[4.75,45.311],[4.751,45.311],[4.753,45.312],[4.752,45.31]]],[[[4.755,45.31],[4.751,45.309],[4.752,45.31],[4.753,45.311],[4.753,45.312],[4.75,45.311],[4.75,45.312],[4.753,45.313],[4.755,45.315],[4.756,45.314],[4.758,45.316],[4.758,45.315],[4.757,45.314],[4.757,45.313],[4.757,45.313],[4.755,45.313],[4.753,45.312],[4.753,45.312],[4.753,45.312],[4.754,45.312],[4.755,45.311],[4.754,45.311],[4.754,45.31],[4.755,45.311],[4.754,45.312],[4.756,45.313],[4.757,45.312],[4.756,45.313],[4.76,45.313],[4.756,45.311],[4.755,45.31],[4.755,45.31]]],[[[4.768,45.313],[4.765,45.311],[4.762,45.311],[4.76,45.313],[4.758,45.312],[4.759,45.313],[4.76,45.313],[4.76,45.314],[4.761,45.313],[4.763,45.313],[4.764,45.313],[4.764,45.313],[4.764,45.312],[4.766,45.314],[4.767,45.314],[4.767,45.313],[4.767,45.313],[4.766,45.313],[4.766,45.312],[4.766,45.312],[4.767,45.313],[4.768,45.314],[4.768,45.313],[4.768,45.313]]],[[[4.766,45.314],[4.763,45.313],[4.76,45.314],[4.761,45.314],[4.763,45.314],[4.764,45.314],[4.764,45.315],[4.765,45.314],[4.766,45.314],[4.766,45.314],[4.766,45.314]]],[[[4.76,45.314],[4.757,45.313],[4.758,45.315],[4.758,45.315],[4.758,45.316],[4.758,45.316],[4.758,45.316],[4.759,45.315],[4.759,45.314],[4.76,45.314],[4.76,45.314],[4.76,45.314]]],[[[4.767,45.314],[4.766,45.315],[4.764,45.315],[4.763,45.314],[4.761,45.314],[4.76,45.314],[4.759,45.317],[4.76,45.317],[4.76,45.316],[4.76,45.316],[4.76,45.315],[4.76,45.315],[4.76,45.316],[4.761,45.316],[4.76,45.316],[4.762,45.315],[4.762,45.314],[4.761,45.316],[4.761,45.316],[4.761,45.317],[4.763,45.316],[4.763,45.315],[4.764,45.316],[4.765,45.315],[4.765,45.315],[4.767,45.314]]],[[[4.753,45.317],[4.75,45.315],[4.749,45.317],[4.752,45.317],[4.753,45.317]],[[4.752,45.316],[4.752,45.316],[4.752,45.317],[4.752,45.316]]],[[[4.764,45.317],[4.764,45.316],[4.763,45.315],[4.763,45.316],[4.764,45.317]]],[[[4.76,45.32],[4.76,45.32],[4.759,45.319],[4.759,45.32],[4.758,45.32],[4.757,45.32],[4.756,45.319],[4.754,45.318],[4.753,45.32],[4.757,45.323],[4.754,45.322],[4.759,45.324],[4.759,45.323],[4.758,45.323],[4.758,45.323],[4.757,45.322],[4.757,45.322],[4.757,45.322],[4.757,45.322],[4.757,45.323],[4.759,45.323],[4.761,45.319],[4.756,45.316],[4.754,45.316],[4.752,45.314],[4.75,45.313],[4.75,45.315],[4.75,45.315],[4.751,45.315],[4.756,45.319],[4.756,45.318],[4.756,45.319],[4.757,45.32],[4.758,45.319],[4.759,45.319],[4.76,45.319],[4.76,45.32],[4.76,45.319],[4.76,45.32]],[[4.756,45.322],[4.756,45.322],[4.756,45.322],[4.756,45.322]],[[4.758,45.322],[4.758,45.322],[4.757,45.322],[4.757,45.322],[4.758,45.322]],[[4.759,45.322],[4.759,45.322],[4.758,45.322],[4.759,45.322]],[[4.759,45.321],[4.76,45.321],[4.759,45.322],[4.759,45.321]],[[4.761,45.32],[4.761,45.32],[4.761,45.32],[4.761,45.32]]],[[[4.753,45.325],[4.754,45.323],[4.754,45.322],[4.753,45.322],[4.752,45.322],[4.751,45.325],[4.751,45.325],[4.752,45.325],[4.753,45.325]]],[[[4.751,45.325],[4.75,45.326],[4.752,45.325],[4.751,45.325]]],[[[4.755,45.328],[4.756,45.326],[4.757,45.325],[4.757,45.325],[4.756,45.327],[4.755,45.328],[4.755,45.328],[4.754,45.328],[4.755,45.328],[4.759,45.325],[4.757,45.324],[4.756,45.323],[4.755,45.323],[4.754,45.322],[4.755,45.324],[4.754,45.325],[4.753,45.325],[4.753,45.326],[4.753,45.326],[4.753,45.325],[4.751,45.326],[4.749,45.327],[4.748,45.326],[4.747,45.327],[4.748,45.326],[4.748,45.327],[4.748,45.328],[4.749,45.328],[4.75,45.328],[4.75,45.328],[4.751,45.329],[4.751,45.329],[4.752,45.329],[4.752,45.329],[4.752,45.329],[4.752,45.329],[4.752,45.329],[4.753,45.328],[4.751,45.328],[4.75,45.327],[4.753,45.326],[4.752,45.328],[4.755,45.328],[4.756,45.327],[4.755,45.328],[4.755,45.328],[4.754,45.328],[4.753,45.327],[4.753,45.327],[4.753,45.327],[4.755,45.328]],[[4.755,45.327],[4.755,45.327],[4.754,45.327],[4.755,45.327]],[[4.755,45.327],[4.755,45.327],[4.755,45.327],[4.755,45.327]],[[4.753,45.327],[4.753,45.327],[4.753,45.327],[4.753,45.327]],[[4.755,45.327],[4.755,45.327],[4.755,45.327],[4.755,45.327]],[[4.752,45.326],[4.752,45.326],[4.752,45.326],[4.752,45.326]],[[4.751,45.326],[4.751,45.327],[4.751,45.326],[4.751,45.326]]],[[[4.753,45.328],[4.752,45.328],[4.753,45.328],[4.753,45.329],[4.752,45.329],[4.754,45.329],[4.754,45.329],[4.754,45.329],[4.753,45.328]]],[[[4.752,45.329],[4.751,45.329],[4.748,45.328],[4.749,45.329],[4.748,45.33],[4.748,45.331],[4.751,45.331],[4.752,45.33],[4.752,45.329],[4.752,45.329],[4.752,45.329],[4.752,45.33],[4.751,45.33],[4.752,45.329],[4.752,45.329],[4.753,45.329],[4.752,45.329],[4.752,45.329]]],[[[4.754,45.329],[4.753,45.33],[4.752,45.33],[4.752,45.33],[4.752,45.331],[4.75,45.332],[4.754,45.334],[4.755,45.333],[4.753,45.333],[4.752,45.332],[4.755,45.333],[4.755,45.332],[4.754,45.332],[4.754,45.332],[4.755,45.332],[4.756,45.331],[4.755,45.331],[4.754,45.331],[4.754,45.331],[4.754,45.331],[4.753,45.33],[4.754,45.331],[4.754,45.329]],[[4.753,45.33],[4.753,45.33],[4.753,45.33],[4.753,45.33]],[[4.753,45.33],[4.753,45.33],[4.754,45.331],[4.753,45.33]],[[4.755,45.331],[4.754,45.331],[4.754,45.331],[4.755,45.331],[4.755,45.331]]],[[[4.753,45.329],[4.752,45.33],[4.751,45.332],[4.752,45.33],[4.753,45.33],[4.754,45.329],[4.753,45.329],[4.753,45.329]]],[[[4.746,45.33],[4.747,45.331],[4.748,45.331],[4.748,45.33],[4.746,45.33]]],[[[4.756,45.333],[4.754,45.334],[4.754,45.334],[4.754,45.334],[4.755,45.335],[4.756,45.335],[4.755,45.335],[4.757,45.334],[4.756,45.333]]],[[[4.755,45.335],[4.753,45.333],[4.752,45.334],[4.748,45.334],[4.744,45.332],[4.74,45.332],[4.743,45.332],[4.746,45.334],[4.747,45.334],[4.747,45.334],[4.747,45.334],[4.749,45.334],[4.749,45.335],[4.749,45.334],[4.751,45.335],[4.751,45.335],[4.751,45.335],[4.751,45.335],[4.752,45.335],[4.754,45.336],[4.754,45.336],[4.755,45.336],[4.755,45.335]]],[[[4.751,45.336],[4.747,45.334],[4.746,45.335],[4.746,45.334],[4.749,45.336],[4.751,45.336]]],[[[4.751,45.336],[4.747,45.336],[4.747,45.337],[4.751,45.336]]],[[[4.752,45.337],[4.751,45.336],[4.751,45.337],[4.748,45.337],[4.751,45.338],[4.751,45.337],[4.752,45.337],[4.752,45.337]]],[[[4.751,45.338],[4.749,45.338],[4.749,45.339],[4.749,45.339],[4.749,45.339],[4.748,45.338],[4.747,45.339],[4.749,45.34],[4.749,45.341],[4.751,45.34],[4.751,45.338]]],[[[4.748,45.34],[4.749,45.34],[4.748,45.339],[4.748,45.34]]],[[[4.757,45.338],[4.757,45.339],[4.757,45.337],[4.756,45.337],[4.755,45.336],[4.755,45.336],[4.754,45.337],[4.755,45.336],[4.754,45.336],[4.751,45.335],[4.752,45.337],[4.753,45.337],[4.754,45.337],[4.754,45.338],[4.754,45.338],[4.754,45.338],[4.753,45.337],[4.753,45.338],[4.751,45.338],[4.752,45.338],[4.751,45.338],[4.753,45.339],[4.753,45.339],[4.751,45.338],[4.751,45.34],[4.755,45.342],[4.754,45.343],[4.755,45.344],[4.755,45.343],[4.755,45.343],[4.756,45.344],[4.757,45.343],[4.758,45.339],[4.757,45.338]],[[4.754,45.339],[4.754,45.34],[4.754,45.34],[4.754,45.339]],[[4.753,45.34],[4.753,45.339],[4.754,45.339],[4.753,45.34],[4.753,45.34]]],[[[4.746,45.344],[4.747,45.344],[4.748,45.344],[4.748,45.345],[4.75,45.344],[4.751,45.345],[4.751,45.345],[4.749,45.345],[4.75,45.345],[4.749,45.345],[4.748,45.345],[4.751,45.347],[4.752,45.346],[4.75,45.343],[4.753,45.347],[4.753,45.345],[4.754,45.346],[4.754,45.347],[4.754,45.347],[4.754,45.347],[4.754,45.348],[4.755,45.347],[4.754,45.348],[4.755,45.348],[4.756,45.345],[4.754,45.343],[4.751,45.342],[4.746,45.344]],[[4.75,45.343],[4.75,45.343],[4.75,45.343],[4.75,45.343]]],[[[4.754,45.347],[4.752,45.346],[4.754,45.348],[4.754,45.347]]],[[[4.752,45.346],[4.751,45.347],[4.75,45.347],[4.751,45.348],[4.752,45.346]]],[[[4.754,45.35],[4.754,45.351],[4.754,45.351],[4.754,45.35]]],[[[4.754,45.351],[4.752,45.35],[4.754,45.351],[4.754,45.351]]],[[[4.754,45.35],[4.757,45.351],[4.757,45.351],[4.756,45.35],[4.756,45.35],[4.756,45.351],[4.756,45.35],[4.754,45.35]],[[4.756,45.351],[4.756,45.351],[4.756,45.35],[4.756,45.351]]],[[[4.754,45.351],[4.755,45.351],[4.755,45.351],[4.754,45.351]]],[[[4.755,45.351],[4.755,45.351],[4.755,45.351],[4.755,45.351]]],[[[4.756,45.351],[4.756,45.351],[4.756,45.351],[4.756,45.351]]],[[[4.753,45.353],[4.75,45.352],[4.749,45.353],[4.75,45.352],[4.751,45.352],[4.753,45.353]]],[[[4.747,45.352],[4.748,45.353],[4.747,45.352],[4.747,45.352]]],[[[4.754,45.353],[4.755,45.353],[4.754,45.353],[4.754,45.353]]],[[[4.755,45.353],[4.753,45.353],[4.755,45.353],[4.755,45.353]]],[[[4.756,45.354],[4.755,45.353],[4.754,45.353],[4.755,45.354],[4.755,45.354],[4.755,45.354],[4.756,45.354],[4.756,45.354]]],[[[4.755,45.354],[4.753,45.353],[4.753,45.353],[4.751,45.353],[4.754,45.354],[4.754,45.354],[4.754,45.354],[4.754,45.354],[4.755,45.354],[4.755,45.354]]],[[[4.755,45.354],[4.755,45.353],[4.755,45.354],[4.755,45.354]]],[[[4.754,45.354],[4.753,45.354],[4.75,45.354],[4.751,45.354],[4.753,45.355],[4.753,45.355],[4.753,45.354],[4.754,45.354],[4.754,45.355],[4.754,45.354]]],[[[4.751,45.355],[4.751,45.355],[4.75,45.354],[4.751,45.355]]],[[[4.755,45.354],[4.754,45.355],[4.754,45.355],[4.755,45.354]]],[[[4.755,45.355],[4.755,45.355],[4.755,45.355],[4.755,45.355]]],[[[4.756,45.354],[4.755,45.355],[4.754,45.356],[4.754,45.356],[4.756,45.355],[4.756,45.354]]],[[[4.753,45.355],[4.753,45.355],[4.753,45.356],[4.753,45.355],[4.753,45.355]]],[[[4.751,45.355],[4.749,45.354],[4.749,45.355],[4.748,45.355],[4.748,45.356],[4.748,45.356],[4.748,45.357],[4.75,45.356],[4.749,45.355],[4.75,45.356],[4.751,45.356],[4.751,45.355]]],[[[4.745,45.358],[4.744,45.357],[4.745,45.357],[4.745,45.358],[4.746,45.357],[4.744,45.357],[4.744,45.355],[4.744,45.357],[4.746,45.357],[4.746,45.354],[4.746,45.356],[4.747,45.356],[4.747,45.355],[4.747,45.356],[4.746,45.356],[4.746,45.358],[4.747,45.358],[4.748,45.357],[4.748,45.356],[4.748,45.356],[4.748,45.355],[4.749,45.354],[4.752,45.355],[4.75,45.354],[4.75,45.354],[4.75,45.354],[4.751,45.354],[4.751,45.354],[4.75,45.354],[4.749,45.353],[4.749,45.354],[4.748,45.354],[4.749,45.353],[4.753,45.353],[4.754,45.353],[4.751,45.352],[4.751,45.353],[4.751,45.352],[4.748,45.353],[4.746,45.352],[4.743,45.355],[4.743,45.357],[4.743,45.357],[4.742,45.357],[4.741,45.357],[4.74,45.357],[4.739,45.359],[4.74,45.359],[4.74,45.359],[4.741,45.358],[4.74,45.359],[4.743,45.359],[4.744,45.358],[4.743,45.358],[4.743,45.358],[4.743,45.358],[4.743,45.358],[4.744,45.358],[4.743,45.358],[4.745,45.358]],[[4.747,45.354],[4.747,45.354],[4.747,45.354],[4.747,45.354]],[[4.747,45.354],[4.747,45.354],[4.747,45.354],[4.747,45.354]],[[4.747,45.354],[4.747,45.354],[4.747,45.354],[4.747,45.354]],[[4.747,45.354],[4.747,45.354],[4.747,45.354],[4.747,45.354]]],[[[4.754,45.356],[4.754,45.354],[4.753,45.355],[4.752,45.357],[4.752,45.357],[4.752,45.358],[4.751,45.358],[4.752,45.359],[4.751,45.36],[4.751,45.36],[4.751,45.36],[4.754,45.356]]],[[[4.749,45.357],[4.746,45.358],[4.748,45.358],[4.749,45.359],[4.749,45.359],[4.749,45.359],[4.749,45.357]]],[[[4.745,45.358],[4.746,45.359],[4.746,45.358],[4.746,45.358],[4.745,45.358]]],[[[4.752,45.355],[4.751,45.355],[4.751,45.355],[4.751,45.356],[4.75,45.356],[4.749,45.357],[4.749,45.359],[4.749,45.36],[4.748,45.36],[4.751,45.363],[4.752,45.362],[4.751,45.362],[4.751,45.361],[4.749,45.359],[4.75,45.359],[4.751,45.36],[4.751,45.358],[4.752,45.358],[4.752,45.357],[4.752,45.356],[4.752,45.357],[4.752,45.357],[4.752,45.357],[4.753,45.356],[4.752,45.355]],[[4.75,45.357],[4.751,45.357],[4.751,45.357],[4.75,45.357]]],[[[4.749,45.359],[4.748,45.358],[4.746,45.358],[4.746,45.359],[4.746,45.36],[4.747,45.361],[4.749,45.359]]],[[[4.752,45.359],[4.751,45.36],[4.751,45.361],[4.752,45.361],[4.752,45.359]]],[[[4.751,45.36],[4.751,45.36],[4.752,45.36],[4.751,45.36]]],[[[4.752,45.364],[4.751,45.364],[4.751,45.364],[4.751,45.365],[4.751,45.366],[4.752,45.366],[4.752,45.364]]],[[[4.749,45.364],[4.749,45.365],[4.748,45.365],[4.746,45.365],[4.746,45.366],[4.747,45.366],[4.748,45.366],[4.746,45.366],[4.746,45.367],[4.746,45.367],[4.747,45.368],[4.748,45.369],[4.749,45.368],[4.75,45.368],[4.75,45.369],[4.752,45.367],[4.751,45.366],[4.751,45.366],[4.751,45.367],[4.751,45.367],[4.751,45.367],[4.751,45.366],[4.751,45.366],[4.751,45.366],[4.75,45.366],[4.749,45.366],[4.75,45.366],[4.75,45.366],[4.75,45.366],[4.749,45.367],[4.749,45.367],[4.75,45.366],[4.75,45.366],[4.749,45.366],[4.749,45.364]]],[[[4.751,45.371],[4.749,45.369],[4.748,45.369],[4.746,45.368],[4.749,45.369],[4.75,45.37],[4.75,45.368],[4.748,45.369],[4.746,45.367],[4.746,45.366],[4.743,45.366],[4.743,45.369],[4.743,45.369],[4.745,45.369],[4.745,45.368],[4.745,45.369],[4.747,45.369],[4.743,45.369],[4.743,45.37],[4.747,45.371],[4.748,45.37],[4.747,45.371],[4.748,45.37],[4.748,45.37],[4.748,45.369],[4.748,45.37],[4.748,45.37],[4.748,45.37],[4.748,45.37],[4.749,45.371],[4.75,45.373],[4.751,45.371]]],[[[4.75,45.372],[4.748,45.37],[4.747,45.371],[4.746,45.371],[4.746,45.371],[4.748,45.371],[4.748,45.371],[4.749,45.371],[4.749,45.371],[4.749,45.372],[4.75,45.372],[4.75,45.373],[4.75,45.372]]],[[[4.75,45.372],[4.746,45.371],[4.748,45.372],[4.748,45.373],[4.748,45.374],[4.748,45.374],[4.748,45.374],[4.749,45.375],[4.75,45.372]]],[[[4.748,45.372],[4.747,45.372],[4.746,45.373],[4.748,45.374],[4.748,45.372]]],[[[4.775,45.176],[4.774,45.177],[4.774,45.176],[4.773,45.176],[4.771,45.177],[4.773,45.176],[4.773,45.178],[4.774,45.178],[4.776,45.176],[4.775,45.176]]],[[[4.778,45.188],[4.778,45.186],[4.776,45.186],[4.776,45.187],[4.775,45.186],[4.774,45.186],[4.775,45.188],[4.775,45.188],[4.776,45.187],[4.776,45.188],[4.774,45.188],[4.777,45.189],[4.776,45.189],[4.78,45.19],[4.78,45.19],[4.78,45.189],[4.779,45.189],[4.779,45.189],[4.778,45.188]]],[[[4.764,45.192],[4.763,45.192],[4.762,45.191],[4.761,45.191],[4.761,45.191],[4.76,45.191],[4.76,45.191],[4.764,45.192]]],[[[4.761,45.191],[4.764,45.192],[4.765,45.191],[4.764,45.193],[4.766,45.195],[4.767,45.191],[4.766,45.19],[4.765,45.191],[4.764,45.191],[4.761,45.191],[4.761,45.191]]],[[[4.774,45.195],[4.774,45.192],[4.771,45.192],[4.772,45.193],[4.771,45.194],[4.772,45.195],[4.773,45.198],[4.775,45.197],[4.775,45.196],[4.774,45.196],[4.774,45.196],[4.774,45.195]]],[[[4.765,45.194],[4.765,45.195],[4.766,45.195],[4.765,45.194]]],[[[4.767,45.195],[4.768,45.195],[4.767,45.195],[4.767,45.195]]],[[[4.775,45.194],[4.774,45.195],[4.775,45.196],[4.775,45.197],[4.778,45.195],[4.775,45.194]]],[[[4.773,45.198],[4.772,45.195],[4.771,45.194],[4.772,45.196],[4.768,45.194],[4.768,45.196],[4.767,45.196],[4.769,45.197],[4.769,45.197],[4.77,45.198],[4.77,45.198],[4.773,45.198]]],[[[4.78,45.196],[4.777,45.196],[4.774,45.197],[4.778,45.197],[4.779,45.198],[4.78,45.196]]],[[[4.77,45.198],[4.767,45.196],[4.768,45.198],[4.77,45.198]]],[[[4.768,45.2],[4.768,45.201],[4.769,45.202],[4.77,45.201],[4.768,45.2]]],[[[4.775,45.203],[4.774,45.202],[4.773,45.201],[4.772,45.199],[4.771,45.198],[4.771,45.201],[4.771,45.201],[4.772,45.201],[4.772,45.202],[4.773,45.204],[4.775,45.203]]],[[[4.773,45.199],[4.772,45.199],[4.773,45.201],[4.775,45.203],[4.776,45.201],[4.773,45.201],[4.773,45.199]]],[[[4.779,45.207],[4.777,45.205],[4.776,45.201],[4.775,45.204],[4.775,45.204],[4.776,45.205],[4.778,45.207],[4.779,45.207]]],[[[4.776,45.206],[4.775,45.204],[4.775,45.204],[4.775,45.203],[4.773,45.204],[4.773,45.206],[4.774,45.205],[4.774,45.206],[4.775,45.205],[4.776,45.206]]],[[[4.775,45.206],[4.778,45.207],[4.776,45.205],[4.775,45.206]]],[[[4.777,45.211],[4.777,45.213],[4.778,45.212],[4.777,45.211]]],[[[4.772,45.213],[4.77,45.211],[4.769,45.212],[4.769,45.213],[4.771,45.213],[4.771,45.213],[4.771,45.213],[4.771,45.213],[4.77,45.212],[4.772,45.213]]],[[[4.773,45.213],[4.774,45.214],[4.776,45.211],[4.774,45.212],[4.772,45.211],[4.772,45.212],[4.773,45.213]]],[[[4.769,45.214],[4.768,45.211],[4.768,45.212],[4.766,45.212],[4.766,45.214],[4.768,45.214],[4.769,45.214]]],[[[4.776,45.212],[4.774,45.215],[4.773,45.215],[4.773,45.216],[4.777,45.212],[4.776,45.212]],[[4.776,45.213],[4.776,45.213],[4.776,45.213],[4.776,45.213]]],[[[4.773,45.213],[4.773,45.214],[4.773,45.215],[4.773,45.215],[4.774,45.214],[4.773,45.213]]],[[[4.771,45.213],[4.769,45.214],[4.77,45.216],[4.771,45.214],[4.771,45.214],[4.771,45.213]]],[[[4.771,45.216],[4.772,45.216],[4.772,45.213],[4.771,45.213],[4.772,45.214],[4.771,45.216]]],[[[4.772,45.244],[4.771,45.241],[4.77,45.242],[4.77,45.243],[4.772,45.244]]],[[[4.77,45.243],[4.769,45.242],[4.769,45.242],[4.769,45.243],[4.77,45.243]]],[[[4.771,45.245],[4.769,45.243],[4.769,45.245],[4.771,45.245]]],[[[4.773,45.245],[4.772,45.244],[4.772,45.244],[4.771,45.244],[4.771,45.244],[4.771,45.245],[4.771,45.245],[4.771,45.245],[4.773,45.245]]],[[[4.769,45.245],[4.768,45.246],[4.769,45.245],[4.769,45.243],[4.767,45.243],[4.765,45.244],[4.766,45.244],[4.767,45.244],[4.766,45.244],[4.767,45.245],[4.767,45.246],[4.768,45.246],[4.768,45.246],[4.769,45.246],[4.77,45.246],[4.769,45.245]]],[[[4.771,45.245],[4.77,45.245],[4.771,45.246],[4.771,45.245]]],[[[4.77,45.246],[4.77,45.245],[4.77,45.246],[4.77,45.246],[4.77,45.246]]],[[[4.769,45.249],[4.769,45.246],[4.768,45.246],[4.767,45.246],[4.767,45.247],[4.767,45.247],[4.767,45.245],[4.766,45.244],[4.765,45.244],[4.764,45.245],[4.766,45.244],[4.765,45.245],[4.764,45.245],[4.765,45.245],[4.764,45.247],[4.765,45.248],[4.767,45.249],[4.77,45.249],[4.769,45.25],[4.77,45.25],[4.77,45.249],[4.769,45.249]]],[[[4.772,45.246],[4.771,45.246],[4.771,45.246],[4.771,45.246],[4.77,45.245],[4.771,45.247],[4.771,45.247],[4.771,45.248],[4.772,45.246]]],[[[4.771,45.247],[4.77,45.246],[4.771,45.248],[4.771,45.247]]],[[[4.77,45.248],[4.77,45.246],[4.769,45.246],[4.768,45.246],[4.769,45.246],[4.769,45.247],[4.769,45.246],[4.77,45.248]]],[[[4.767,45.249],[4.765,45.248],[4.764,45.247],[4.767,45.249]]],[[[4.771,45.251],[4.771,45.248],[4.769,45.251],[4.768,45.25],[4.768,45.25],[4.768,45.25],[4.768,45.25],[4.767,45.251],[4.766,45.25],[4.767,45.251],[4.768,45.25],[4.767,45.249],[4.764,45.249],[4.764,45.25],[4.765,45.251],[4.767,45.252],[4.767,45.252],[4.769,45.252],[4.77,45.253],[4.77,45.252],[4.77,45.252],[4.769,45.252],[4.769,45.252],[4.77,45.251],[4.771,45.251]]],[[[4.77,45.248],[4.77,45.249],[4.77,45.249],[4.77,45.248]]],[[[4.772,45.25],[4.771,45.251],[4.771,45.252],[4.772,45.251],[4.772,45.25]]],[[[4.769,45.252],[4.767,45.252],[4.767,45.252],[4.765,45.251],[4.765,45.25],[4.765,45.252],[4.769,45.253],[4.769,45.252]]],[[[4.772,45.252],[4.77,45.251],[4.771,45.254],[4.772,45.253],[4.772,45.252]]],[[[4.769,45.253],[4.77,45.253],[4.769,45.252],[4.769,45.253]]],[[[4.762,45.253],[4.762,45.254],[4.763,45.253],[4.764,45.253],[4.762,45.253]]],[[[4.77,45.253],[4.769,45.253],[4.771,45.254],[4.77,45.253]]],[[[4.769,45.254],[4.765,45.253],[4.762,45.254],[4.768,45.255],[4.769,45.254]]],[[[4.775,45.255],[4.772,45.255],[4.772,45.255],[4.772,45.256],[4.772,45.256],[4.773,45.256],[4.773,45.256],[4.774,45.256],[4.774,45.256],[4.775,45.256],[4.775,45.255]]],[[[4.775,45.256],[4.775,45.256],[4.775,45.256],[4.775,45.256]]],[[[4.776,45.257],[4.775,45.256],[4.774,45.256],[4.774,45.256],[4.773,45.256],[4.773,45.256],[4.772,45.256],[4.772,45.256],[4.772,45.255],[4.772,45.256],[4.774,45.256],[4.776,45.257]]],[[[4.774,45.256],[4.773,45.256],[4.774,45.256],[4.774,45.256]]],[[[4.773,45.256],[4.772,45.256],[4.771,45.256],[4.773,45.257],[4.773,45.256]]],[[[4.775,45.256],[4.774,45.256],[4.775,45.257],[4.775,45.256]]],[[[4.776,45.258],[4.774,45.256],[4.773,45.256],[4.775,45.258],[4.776,45.257],[4.776,45.258]]],[[[4.771,45.257],[4.77,45.256],[4.77,45.256],[4.769,45.256],[4.769,45.256],[4.77,45.256],[4.771,45.256],[4.77,45.255],[4.769,45.256],[4.767,45.256],[4.764,45.256],[4.767,45.26],[4.768,45.26],[4.767,45.258],[4.768,45.258],[4.768,45.258],[4.769,45.26],[4.77,45.259],[4.769,45.258],[4.771,45.259],[4.772,45.257],[4.775,45.258],[4.771,45.256],[4.771,45.257]],[[4.771,45.257],[4.771,45.257],[4.771,45.257],[4.771,45.257]]],[[[4.778,45.258],[4.778,45.258],[4.777,45.257],[4.778,45.258]]],[[[4.78,45.258],[4.779,45.258],[4.779,45.258],[4.78,45.258],[4.78,45.258]]],[[[4.775,45.259],[4.775,45.258],[4.772,45.258],[4.77,45.259],[4.771,45.259],[4.772,45.259],[4.773,45.259],[4.773,45.259],[4.775,45.259],[4.775,45.259]]],[[[4.776,45.259],[4.776,45.258],[4.775,45.258],[4.776,45.259]]],[[[4.778,45.259],[4.776,45.257],[4.777,45.259],[4.776,45.26],[4.776,45.259],[4.778,45.259]]],[[[4.776,45.259],[4.775,45.259],[4.776,45.26],[4.776,45.26],[4.776,45.259]]],[[[4.775,45.259],[4.773,45.259],[4.773,45.259],[4.774,45.261],[4.776,45.26],[4.775,45.259]]],[[[4.778,45.261],[4.777,45.26],[4.779,45.262],[4.778,45.261]]],[[[4.777,45.26],[4.776,45.26],[4.774,45.261],[4.775,45.262],[4.773,45.263],[4.774,45.264],[4.776,45.264],[4.777,45.263],[4.776,45.261],[4.777,45.261],[4.777,45.26]]],[[[4.774,45.265],[4.776,45.265],[4.776,45.266],[4.777,45.265],[4.777,45.264],[4.774,45.264],[4.774,45.265]]],[[[4.778,45.287],[4.778,45.289],[4.781,45.289],[4.781,45.288],[4.778,45.287]]],[[[4.782,45.293],[4.784,45.291],[4.782,45.289],[4.781,45.289],[4.782,45.291],[4.781,45.293],[4.781,45.289],[4.779,45.289],[4.778,45.291],[4.78,45.291],[4.78,45.294],[4.782,45.294],[4.782,45.294],[4.783,45.294],[4.782,45.293]]],[[[4.775,45.295],[4.772,45.292],[4.771,45.294],[4.771,45.294],[4.775,45.295]]],[[[4.776,45.301],[4.774,45.3],[4.775,45.301],[4.776,45.301]]],[[[4.786,45.3],[4.78,45.3],[4.778,45.298],[4.774,45.298],[4.774,45.3],[4.776,45.299],[4.78,45.3],[4.781,45.302],[4.781,45.301],[4.782,45.302],[4.783,45.302],[4.784,45.303],[4.785,45.302],[4.785,45.302],[4.784,45.302],[4.784,45.302],[4.784,45.301],[4.784,45.302],[4.785,45.302],[4.786,45.3]]],[[[4.781,45.302],[4.78,45.3],[4.776,45.3],[4.777,45.301],[4.78,45.301],[4.78,45.304],[4.781,45.304],[4.781,45.304],[4.781,45.303],[4.781,45.302],[4.781,45.302]]],[[[4.771,45.305],[4.77,45.305],[4.771,45.306],[4.771,45.305]]],[[[4.771,45.306],[4.771,45.305],[4.771,45.306],[4.77,45.306],[4.769,45.307],[4.77,45.308],[4.771,45.307],[4.771,45.308],[4.771,45.306]]],[[[4.774,45.308],[4.772,45.305],[4.771,45.305],[4.771,45.305],[4.771,45.306],[4.772,45.306],[4.772,45.305],[4.772,45.306],[4.771,45.308],[4.771,45.308],[4.771,45.308],[4.774,45.307],[4.772,45.308],[4.771,45.308],[4.771,45.308],[4.771,45.308],[4.771,45.309],[4.773,45.309],[4.774,45.308]]],[[[4.771,45.308],[4.771,45.308],[4.77,45.308],[4.771,45.308]]],[[[4.771,45.308],[4.77,45.308],[4.771,45.309],[4.771,45.308],[4.771,45.308],[4.771,45.308]]],[[[4.768,45.308],[4.768,45.309],[4.768,45.31],[4.77,45.309],[4.768,45.308]]],[[[4.768,45.313],[4.766,45.314],[4.767,45.314],[4.767,45.314],[4.767,45.315],[4.765,45.315],[4.765,45.315],[4.765,45.316],[4.767,45.315],[4.768,45.313]]],[[[4.781,45.07],[4.781,45.068],[4.778,45.07],[4.778,45.073],[4.779,45.073],[4.779,45.072],[4.779,45.071],[4.781,45.07]],[[4.778,45.071],[4.778,45.071],[4.778,45.071],[4.778,45.071]],[[4.778,45.071],[4.779,45.071],[4.779,45.071],[4.778,45.071]]],[[[4.782,45.073],[4.781,45.071],[4.78,45.071],[4.78,45.071],[4.78,45.071],[4.78,45.072],[4.782,45.073],[4.782,45.073]]],[[[4.779,45.071],[4.779,45.072],[4.779,45.073],[4.78,45.073],[4.78,45.073],[4.78,45.072],[4.78,45.072],[4.78,45.072],[4.78,45.072],[4.78,45.071],[4.779,45.071]]],[[[4.783,45.074],[4.783,45.074],[4.782,45.073],[4.782,45.073],[4.78,45.072],[4.78,45.074],[4.781,45.073],[4.781,45.073],[4.782,45.074],[4.782,45.074],[4.783,45.074],[4.783,45.074],[4.783,45.074]]],[[[4.785,45.075],[4.784,45.073],[4.78,45.071],[4.781,45.071],[4.782,45.073],[4.782,45.073],[4.783,45.074],[4.783,45.075],[4.782,45.075],[4.782,45.075],[4.782,45.076],[4.785,45.075]]],[[[4.78,45.074],[4.78,45.073],[4.78,45.073],[4.778,45.074],[4.78,45.075],[4.78,45.075],[4.78,45.074]]],[[[4.783,45.075],[4.78,45.074],[4.781,45.075],[4.782,45.075],[4.782,45.075],[4.782,45.075],[4.783,45.075]]],[[[4.792,45.122],[4.789,45.121],[4.788,45.121],[4.788,45.12],[4.787,45.12],[4.787,45.12],[4.787,45.121],[4.787,45.121],[4.786,45.122],[4.786,45.122],[4.786,45.122],[4.786,45.123],[4.786,45.123],[4.786,45.123],[4.786,45.122],[4.787,45.121],[4.787,45.12],[4.785,45.12],[4.784,45.118],[4.782,45.119],[4.784,45.119],[4.784,45.119],[4.784,45.119],[4.78,45.118],[4.779,45.119],[4.776,45.119],[4.777,45.121],[4.778,45.12],[4.779,45.121],[4.78,45.121],[4.78,45.12],[4.78,45.12],[4.78,45.12],[4.78,45.12],[4.78,45.119],[4.78,45.12],[4.779,45.122],[4.78,45.121],[4.781,45.121],[4.781,45.121],[4.782,45.121],[4.782,45.122],[4.783,45.121],[4.782,45.122],[4.784,45.123],[4.785,45.123],[4.784,45.124],[4.789,45.123],[4.789,45.124],[4.79,45.123],[4.79,45.123],[4.789,45.124],[4.79,45.124],[4.791,45.124],[4.793,45.123],[4.793,45.124],[4.793,45.124],[4.793,45.124],[4.794,45.123],[4.794,45.122],[4.794,45.122],[4.794,45.122],[4.793,45.122],[4.793,45.122],[4.792,45.122],[4.794,45.122],[4.796,45.123],[4.796,45.123],[4.796,45.123],[4.797,45.123],[4.797,45.123],[4.797,45.123],[4.797,45.122],[4.797,45.122],[4.798,45.123],[4.798,45.123],[4.798,45.123],[4.799,45.122],[4.799,45.122],[4.799,45.122],[4.799,45.122],[4.8,45.122],[4.796,45.121],[4.795,45.12],[4.793,45.119],[4.792,45.12],[4.792,45.122]]],[[[4.782,45.122],[4.781,45.122],[4.782,45.122],[4.782,45.122]]],[[[4.779,45.127],[4.78,45.127],[4.781,45.127],[4.78,45.126],[4.779,45.127]]],[[[4.782,45.127],[4.782,45.127],[4.783,45.128],[4.784,45.128],[4.782,45.127]]],[[[4.785,45.151],[4.785,45.151],[4.785,45.151],[4.785,45.151]]],[[[4.786,45.153],[4.785,45.152],[4.785,45.151],[4.784,45.151],[4.784,45.152],[4.785,45.154],[4.786,45.153]]],[[[4.785,45.155],[4.784,45.153],[4.784,45.156],[4.785,45.155]]],[[[4.782,45.174],[4.778,45.172],[4.778,45.173],[4.778,45.173],[4.78,45.173],[4.782,45.174]]],[[[4.782,45.174],[4.778,45.173],[4.777,45.174],[4.782,45.175],[4.782,45.174]]],[[[4.785,45.175],[4.782,45.174],[4.782,45.174],[4.784,45.175],[4.785,45.175]]],[[[4.784,45.175],[4.783,45.175],[4.782,45.174],[4.782,45.176],[4.784,45.176],[4.784,45.175]]],[[[4.788,45.176],[4.786,45.176],[4.786,45.177],[4.788,45.177],[4.788,45.176]]],[[[4.781,45.178],[4.781,45.177],[4.782,45.177],[4.782,45.178],[4.781,45.177],[4.781,45.178]]],[[[4.787,45.177],[4.783,45.177],[4.783,45.178],[4.784,45.177],[4.787,45.178],[4.787,45.177]]],[[[4.776,45.178],[4.779,45.178],[4.78,45.177],[4.778,45.177],[4.776,45.178]]],[[[4.781,45.177],[4.782,45.178],[4.782,45.179],[4.782,45.179],[4.783,45.179],[4.781,45.177]]],[[[4.781,45.179],[4.782,45.179],[4.782,45.178],[4.781,45.179]]],[[[4.782,45.179],[4.783,45.18],[4.782,45.179],[4.78,45.179],[4.781,45.18],[4.782,45.181],[4.785,45.18],[4.782,45.179]]],[[[4.791,45.184],[4.787,45.182],[4.786,45.183],[4.785,45.183],[4.785,45.184],[4.786,45.184],[4.784,45.183],[4.782,45.184],[4.782,45.184],[4.781,45.184],[4.781,45.185],[4.78,45.185],[4.779,45.185],[4.782,45.184],[4.78,45.182],[4.779,45.182],[4.778,45.183],[4.779,45.183],[4.777,45.182],[4.77,45.181],[4.769,45.181],[4.772,45.184],[4.775,45.184],[4.775,45.185],[4.777,45.185],[4.782,45.185],[4.782,45.185],[4.783,45.185],[4.784,45.185],[4.785,45.185],[4.785,45.185],[4.788,45.184],[4.789,45.184],[4.789,45.184],[4.789,45.184],[4.789,45.185],[4.789,45.184],[4.79,45.185],[4.791,45.184]],[[4.787,45.183],[4.787,45.183],[4.787,45.182],[4.787,45.183]]],[[[4.785,45.185],[4.781,45.186],[4.78,45.186],[4.786,45.187],[4.786,45.187],[4.787,45.184],[4.785,45.185]]],[[[4.782,45.187],[4.784,45.187],[4.782,45.187],[4.782,45.187]]],[[[4.787,45.185],[4.787,45.187],[4.789,45.188],[4.789,45.188],[4.789,45.189],[4.79,45.187],[4.788,45.186],[4.788,45.185],[4.788,45.185],[4.787,45.185],[4.787,45.185]],[[4.787,45.187],[4.787,45.187],[4.787,45.187],[4.787,45.187]]],[[[4.78,45.186],[4.78,45.188],[4.78,45.188],[4.781,45.187],[4.782,45.187],[4.78,45.186]]],[[[4.784,45.187],[4.784,45.187],[4.785,45.187],[4.784,45.187]]],[[[4.78,45.186],[4.778,45.186],[4.779,45.189],[4.78,45.189],[4.78,45.186]]],[[[4.782,45.187],[4.78,45.189],[4.782,45.188],[4.782,45.187]]],[[[4.787,45.188],[4.784,45.188],[4.787,45.189],[4.787,45.188]]],[[[4.78,45.19],[4.78,45.19],[4.78,45.189],[4.78,45.19]]],[[[4.785,45.192],[4.783,45.194],[4.784,45.195],[4.787,45.194],[4.786,45.193],[4.788,45.193],[4.785,45.192]]],[[[4.788,45.194],[4.788,45.193],[4.787,45.194],[4.788,45.194]]],[[[4.788,45.195],[4.789,45.195],[4.79,45.195],[4.789,45.194],[4.788,45.194],[4.787,45.195],[4.788,45.195]]],[[[4.787,45.195],[4.789,45.195],[4.789,45.195],[4.789,45.196],[4.79,45.196],[4.79,45.196],[4.79,45.195],[4.79,45.195],[4.79,45.195],[4.787,45.195]]],[[[4.792,45.195],[4.79,45.196],[4.79,45.196],[4.79,45.197],[4.79,45.198],[4.789,45.195],[4.787,45.195],[4.787,45.196],[4.786,45.194],[4.784,45.196],[4.783,45.198],[4.784,45.197],[4.785,45.197],[4.787,45.197],[4.788,45.198],[4.788,45.197],[4.788,45.197],[4.79,45.198],[4.79,45.197],[4.791,45.197],[4.791,45.197],[4.791,45.196],[4.791,45.196],[4.792,45.196],[4.792,45.195],[4.793,45.196],[4.793,45.195],[4.794,45.195],[4.794,45.195],[4.793,45.195],[4.793,45.195],[4.792,45.195]]],[[[4.779,45.195],[4.778,45.196],[4.779,45.196],[4.78,45.196],[4.781,45.196],[4.781,45.196],[4.782,45.196],[4.781,45.196],[4.78,45.196],[4.78,45.197],[4.779,45.198],[4.779,45.198],[4.782,45.199],[4.783,45.199],[4.783,45.199],[4.783,45.198],[4.782,45.198],[4.783,45.195],[4.782,45.194],[4.782,45.194],[4.782,45.195],[4.779,45.195]],[[4.782,45.194],[4.782,45.195],[4.782,45.195],[4.782,45.194]]],[[[4.784,45.197],[4.783,45.197],[4.784,45.198],[4.784,45.197],[4.784,45.197]]],[[[4.787,45.197],[4.784,45.197],[4.785,45.2],[4.786,45.199],[4.787,45.199],[4.787,45.199],[4.788,45.199],[4.787,45.197]]],[[[4.788,45.199],[4.787,45.199],[4.787,45.2],[4.788,45.199]]],[[[4.783,45.199],[4.781,45.199],[4.781,45.199],[4.78,45.199],[4.781,45.201],[4.782,45.201],[4.783,45.199],[4.783,45.199]]],[[[4.784,45.199],[4.786,45.2],[4.787,45.2],[4.787,45.199],[4.786,45.2],[4.786,45.2],[4.785,45.2],[4.784,45.199]]],[[[4.778,45.212],[4.778,45.213],[4.78,45.213],[4.779,45.212],[4.78,45.213],[4.78,45.212],[4.778,45.212]]],[[[4.779,45.216],[4.779,45.214],[4.778,45.213],[4.778,45.213],[4.777,45.214],[4.778,45.215],[4.778,45.215],[4.779,45.216]]],[[[4.78,45.214],[4.78,45.218],[4.78,45.217],[4.782,45.215],[4.782,45.213],[4.782,45.214],[4.783,45.213],[4.783,45.212],[4.78,45.214]]],[[[4.786,45.216],[4.785,45.215],[4.785,45.215],[4.784,45.212],[4.782,45.216],[4.783,45.215],[4.784,45.217],[4.785,45.218],[4.785,45.217],[4.786,45.217],[4.786,45.217],[4.786,45.216]]],[[[4.787,45.215],[4.785,45.215],[4.786,45.216],[4.787,45.216],[4.789,45.215],[4.79,45.215],[4.788,45.215],[4.787,45.215],[4.787,45.215]]],[[[4.781,45.216],[4.78,45.218],[4.78,45.218],[4.781,45.216]]],[[[4.791,45.216],[4.789,45.215],[4.787,45.216],[4.788,45.218],[4.79,45.218],[4.789,45.217],[4.791,45.216]]],[[[4.788,45.225],[4.788,45.225],[4.788,45.225],[4.788,45.225],[4.788,45.225],[4.788,45.225]]],[[[4.788,45.225],[4.789,45.225],[4.788,45.225],[4.788,45.225]]],[[[4.785,45.233],[4.782,45.234],[4.784,45.234],[4.785,45.234],[4.786,45.234],[4.787,45.234],[4.788,45.234],[4.788,45.234],[4.788,45.234],[4.788,45.235],[4.788,45.235],[4.788,45.235],[4.788,45.235],[4.789,45.234],[4.788,45.233],[4.785,45.233]],[[4.785,45.233],[4.785,45.233],[4.785,45.233],[4.785,45.233]]],[[[4.785,45.235],[4.783,45.234],[4.783,45.235],[4.785,45.235]]],[[[4.788,45.234],[4.784,45.234],[4.785,45.235],[4.786,45.237],[4.788,45.237],[4.788,45.235],[4.788,45.235],[4.788,45.235],[4.788,45.235],[4.788,45.234]]],[[[4.789,45.238],[4.788,45.236],[4.788,45.237],[4.789,45.238]]],[[[4.786,45.244],[4.782,45.247],[4.787,45.247],[4.787,45.247],[4.788,45.247],[4.788,45.248],[4.789,45.248],[4.79,45.248],[4.79,45.248],[4.79,45.247],[4.79,45.247],[4.793,45.245],[4.794,45.246],[4.793,45.245],[4.79,45.247],[4.793,45.248],[4.79,45.247],[4.79,45.248],[4.79,45.248],[4.79,45.248],[4.791,45.248],[4.79,45.249],[4.79,45.25],[4.792,45.249],[4.791,45.249],[4.791,45.249],[4.793,45.249],[4.794,45.251],[4.793,45.251],[4.795,45.251],[4.794,45.25],[4.794,45.25],[4.794,45.249],[4.794,45.25],[4.794,45.249],[4.796,45.251],[4.794,45.246],[4.796,45.246],[4.796,45.243],[4.798,45.242],[4.798,45.242],[4.795,45.241],[4.794,45.244],[4.793,45.242],[4.792,45.242],[4.792,45.243],[4.792,45.243],[4.792,45.243],[4.793,45.244],[4.793,45.244],[4.792,45.244],[4.792,45.243],[4.792,45.243],[4.792,45.243],[4.791,45.243],[4.792,45.242],[4.791,45.242],[4.791,45.243],[4.791,45.243],[4.79,45.243],[4.79,45.243],[4.79,45.243],[4.791,45.246],[4.789,45.244],[4.79,45.243],[4.791,45.242],[4.786,45.244]],[[4.788,45.244],[4.788,45.244],[4.788,45.244],[4.788,45.244]],[[4.787,45.244],[4.787,45.244],[4.787,45.244],[4.787,45.244]],[[4.787,45.245],[4.787,45.245],[4.787,45.245],[4.788,45.246],[4.787,45.245]],[[4.791,45.246],[4.791,45.246],[4.79,45.245],[4.791,45.246]]],[[[4.787,45.25],[4.789,45.248],[4.788,45.248],[4.787,45.247],[4.787,45.25]]],[[[4.79,45.249],[4.789,45.249],[4.789,45.249],[4.79,45.249],[4.79,45.249],[4.79,45.249]]],[[[4.789,45.249],[4.788,45.25],[4.787,45.251],[4.789,45.249]]],[[[4.783,45.258],[4.781,45.258],[4.78,45.258],[4.78,45.258],[4.781,45.258],[4.782,45.258],[4.783,45.259],[4.783,45.259],[4.783,45.258]]],[[[4.786,45.259],[4.785,45.259],[4.786,45.258],[4.783,45.257],[4.783,45.259],[4.783,45.259],[4.785,45.259],[4.786,45.26],[4.786,45.259]]],[[[4.788,45.259],[4.786,45.258],[4.786,45.259],[4.787,45.26],[4.788,45.26],[4.788,45.259]],[[4.787,45.259],[4.787,45.259],[4.787,45.26],[4.787,45.259]]],[[[4.779,45.259],[4.776,45.26],[4.777,45.26],[4.778,45.261],[4.779,45.263],[4.781,45.26],[4.783,45.262],[4.783,45.262],[4.784,45.261],[4.783,45.259],[4.784,45.259],[4.783,45.259],[4.782,45.258],[4.78,45.259],[4.78,45.258],[4.779,45.259]],[[4.782,45.261],[4.782,45.261],[4.782,45.261],[4.782,45.261]],[[4.782,45.26],[4.782,45.26],[4.782,45.261],[4.782,45.26]],[[4.782,45.259],[4.782,45.259],[4.782,45.259],[4.782,45.259]],[[4.781,45.259],[4.781,45.259],[4.781,45.259],[4.781,45.259]],[[4.78,45.26],[4.78,45.259],[4.781,45.26],[4.78,45.26]],[[4.779,45.259],[4.779,45.259],[4.779,45.259],[4.779,45.26],[4.779,45.26],[4.779,45.26],[4.779,45.259]]],[[[4.784,45.263],[4.784,45.262],[4.784,45.262],[4.783,45.262],[4.784,45.263]]],[[[4.783,45.263],[4.783,45.264],[4.784,45.263],[4.783,45.263]]],[[[4.787,45.26],[4.79,45.262],[4.788,45.261],[4.787,45.261],[4.788,45.261],[4.783,45.259],[4.784,45.26],[4.784,45.263],[4.784,45.263],[4.785,45.264],[4.783,45.264],[4.784,45.264],[4.785,45.265],[4.786,45.265],[4.788,45.266],[4.785,45.265],[4.784,45.266],[4.788,45.268],[4.788,45.267],[4.791,45.268],[4.79,45.268],[4.792,45.269],[4.792,45.27],[4.793,45.27],[4.793,45.27],[4.793,45.269],[4.795,45.27],[4.796,45.268],[4.795,45.267],[4.795,45.267],[4.794,45.267],[4.794,45.267],[4.795,45.267],[4.794,45.267],[4.795,45.267],[4.795,45.266],[4.795,45.266],[4.794,45.266],[4.794,45.266],[4.794,45.266],[4.794,45.266],[4.797,45.265],[4.794,45.262],[4.793,45.262],[4.794,45.263],[4.793,45.263],[4.793,45.262],[4.793,45.262],[4.793,45.262],[4.793,45.263],[4.793,45.263],[4.793,45.262],[4.793,45.261],[4.792,45.261],[4.791,45.261],[4.791,45.261],[4.792,45.261],[4.792,45.262],[4.792,45.263],[4.791,45.262],[4.792,45.262],[4.791,45.262],[4.791,45.261],[4.79,45.261],[4.79,45.261],[4.79,45.261],[4.79,45.261],[4.79,45.261],[4.79,45.261],[4.79,45.261],[4.79,45.262],[4.79,45.261],[4.79,45.261],[4.79,45.261],[4.789,45.261],[4.791,45.26],[4.79,45.259],[4.788,45.26],[4.788,45.26],[4.788,45.261],[4.788,45.261],[4.788,45.26],[4.787,45.26],[4.787,45.26],[4.787,45.26]],[[4.79,45.261],[4.79,45.261],[4.789,45.261],[4.79,45.261]],[[4.787,45.26],[4.787,45.26],[4.787,45.26],[4.787,45.26]],[[4.792,45.267],[4.792,45.268],[4.792,45.268],[4.792,45.267]],[[4.789,45.261],[4.789,45.261],[4.789,45.261],[4.789,45.261]],[[4.79,45.261],[4.79,45.261],[4.79,45.261],[4.79,45.261]],[[4.785,45.262],[4.785,45.262],[4.785,45.262],[4.785,45.262]],[[4.79,45.267],[4.789,45.267],[4.789,45.267],[4.79,45.267]],[[4.787,45.263],[4.787,45.263],[4.786,45.263],[4.787,45.263]],[[4.788,45.264],[4.788,45.263],[4.788,45.263],[4.788,45.264]],[[4.787,45.262],[4.787,45.262],[4.787,45.262],[4.787,45.262]],[[4.787,45.262],[4.787,45.261],[4.787,45.262],[4.787,45.262]],[[4.793,45.263],[4.792,45.263],[4.792,45.264],[4.791,45.264],[4.791,45.264],[4.791,45.264],[4.792,45.264],[4.792,45.263],[4.792,45.263],[4.792,45.263],[4.793,45.263]],[[4.786,45.261],[4.785,45.261],[4.785,45.261],[4.784,45.261],[4.786,45.261]],[[4.791,45.264],[4.789,45.265],[4.79,45.266],[4.789,45.267],[4.787,45.265],[4.791,45.264]]],[[[4.789,45.268],[4.784,45.267],[4.785,45.267],[4.786,45.269],[4.788,45.268],[4.789,45.268]]],[[[4.785,45.269],[4.786,45.269],[4.786,45.269],[4.785,45.269]]],[[[4.79,45.271],[4.788,45.271],[4.788,45.27],[4.785,45.27],[4.787,45.272],[4.788,45.271],[4.79,45.273],[4.791,45.273],[4.79,45.271]]],[[[4.789,45.284],[4.789,45.285],[4.789,45.283],[4.789,45.284]]],[[[4.789,45.284],[4.789,45.285],[4.789,45.285],[4.789,45.285],[4.789,45.285],[4.79,45.284],[4.789,45.284]]],[[[4.791,45.284],[4.791,45.284],[4.791,45.284],[4.79,45.285],[4.79,45.285],[4.79,45.285],[4.79,45.285],[4.79,45.284],[4.79,45.284],[4.79,45.285],[4.789,45.285],[4.789,45.285],[4.789,45.285],[4.789,45.285],[4.789,45.285],[4.789,45.285],[4.788,45.285],[4.788,45.285],[4.791,45.286],[4.791,45.285],[4.791,45.284]]],[[[4.792,45.286],[4.791,45.285],[4.791,45.285],[4.791,45.286],[4.791,45.286],[4.792,45.286]]],[[[4.784,45.295],[4.782,45.294],[4.782,45.295],[4.784,45.295]]],[[[4.784,45.303],[4.781,45.302],[4.781,45.302],[4.781,45.302],[4.781,45.304],[4.782,45.304],[4.784,45.305],[4.784,45.303]]],[[[4.791,45.068],[4.789,45.068],[4.789,45.068],[4.791,45.068]]],[[[4.789,45.068],[4.784,45.068],[4.784,45.069],[4.784,45.069],[4.787,45.069],[4.788,45.069],[4.788,45.069],[4.787,45.069],[4.788,45.069],[4.789,45.068]]],[[[4.789,45.069],[4.788,45.069],[4.788,45.07],[4.788,45.069],[4.789,45.07],[4.789,45.069]]],[[[4.791,45.069],[4.79,45.069],[4.789,45.07],[4.789,45.07],[4.79,45.07],[4.79,45.07],[4.791,45.07],[4.791,45.07],[4.791,45.069]]],[[[4.789,45.07],[4.788,45.07],[4.788,45.07],[4.787,45.07],[4.788,45.07],[4.789,45.07]]],[[[4.783,45.07],[4.784,45.072],[4.784,45.071],[4.784,45.071],[4.786,45.07],[4.787,45.07],[4.787,45.07],[4.788,45.07],[4.785,45.069],[4.783,45.07]]],[[[4.789,45.07],[4.788,45.07],[4.788,45.07],[4.789,45.07],[4.789,45.071],[4.789,45.07]]],[[[4.79,45.072],[4.79,45.071],[4.79,45.07],[4.79,45.07],[4.79,45.07],[4.789,45.071],[4.788,45.07],[4.787,45.071],[4.787,45.07],[4.786,45.07],[4.784,45.071],[4.785,45.074],[4.785,45.072],[4.785,45.072],[4.785,45.072],[4.785,45.072],[4.785,45.072],[4.786,45.072],[4.787,45.072],[4.787,45.072],[4.788,45.072],[4.79,45.072],[4.79,45.072]]],[[[4.789,45.073],[4.787,45.072],[4.788,45.076],[4.788,45.076],[4.789,45.076],[4.789,45.076],[4.789,45.075],[4.789,45.073]]],[[[4.787,45.078],[4.787,45.072],[4.785,45.072],[4.785,45.072],[4.785,45.076],[4.786,45.078],[4.787,45.078]]],[[[4.789,45.076],[4.789,45.076],[4.789,45.076],[4.789,45.076]]],[[[4.791,45.112],[4.79,45.115],[4.79,45.115],[4.792,45.114],[4.791,45.112]]],[[[4.792,45.124],[4.79,45.124],[4.792,45.124],[4.792,45.124]]],[[[4.793,45.125],[4.793,45.125],[4.793,45.124],[4.793,45.124],[4.792,45.123],[4.793,45.125]]],[[[4.793,45.126],[4.792,45.125],[4.792,45.124],[4.792,45.125],[4.793,45.126]]],[[[4.793,45.126],[4.791,45.126],[4.793,45.127],[4.792,45.126],[4.792,45.127],[4.794,45.128],[4.793,45.126]]],[[[4.788,45.129],[4.786,45.13],[4.786,45.131],[4.788,45.132],[4.788,45.131],[4.788,45.131],[4.788,45.131],[4.788,45.131],[4.791,45.132],[4.793,45.133],[4.795,45.132],[4.795,45.131],[4.79,45.13],[4.788,45.129]],[[4.794,45.131],[4.794,45.131],[4.795,45.131],[4.794,45.131]]],[[[4.787,45.132],[4.787,45.132],[4.788,45.132],[4.787,45.132]]],[[[4.789,45.154],[4.788,45.15],[4.785,45.151],[4.786,45.154],[4.789,45.154]]],[[[4.79,45.151],[4.79,45.154],[4.791,45.154],[4.792,45.151],[4.79,45.151]]],[[[4.789,45.167],[4.791,45.167],[4.791,45.167],[4.791,45.166],[4.791,45.167],[4.793,45.167],[4.788,45.164],[4.788,45.164],[4.787,45.166],[4.787,45.167],[4.788,45.167],[4.789,45.166],[4.789,45.167]],[[4.789,45.166],[4.789,45.166],[4.789,45.166],[4.789,45.166]],[[4.789,45.166],[4.789,45.166],[4.79,45.166],[4.789,45.166]],[[4.79,45.166],[4.79,45.166],[4.79,45.166],[4.79,45.166]],[[4.788,45.165],[4.788,45.165],[4.788,45.165],[4.788,45.165]],[[4.788,45.165],[4.788,45.165],[4.788,45.165],[4.788,45.165]],[[4.788,45.164],[4.788,45.164],[4.788,45.164],[4.788,45.164]]],[[[4.798,45.17],[4.793,45.169],[4.793,45.168],[4.791,45.168],[4.792,45.168],[4.791,45.168],[4.791,45.17],[4.794,45.169],[4.795,45.17],[4.795,45.172],[4.795,45.172],[4.795,45.17],[4.795,45.172],[4.795,45.172],[4.795,45.172],[4.797,45.172],[4.797,45.17],[4.798,45.17]],[[4.792,45.168],[4.792,45.168],[4.792,45.168],[4.792,45.168]]],[[[4.793,45.175],[4.792,45.173],[4.791,45.172],[4.79,45.175],[4.792,45.174],[4.792,45.175],[4.793,45.175],[4.795,45.176],[4.795,45.175],[4.794,45.175],[4.793,45.175]]],[[[4.797,45.182],[4.797,45.182],[4.796,45.182],[4.795,45.181],[4.795,45.179],[4.793,45.178],[4.792,45.178],[4.791,45.177],[4.788,45.177],[4.787,45.177],[4.789,45.178],[4.789,45.179],[4.79,45.179],[4.791,45.179],[4.792,45.179],[4.793,45.18],[4.794,45.18],[4.794,45.18],[4.794,45.18],[4.794,45.181],[4.794,45.181],[4.794,45.181],[4.795,45.182],[4.795,45.182],[4.796,45.184],[4.797,45.183],[4.797,45.182],[4.797,45.182],[4.797,45.182]]],[[[4.797,45.181],[4.795,45.178],[4.792,45.176],[4.788,45.176],[4.788,45.177],[4.791,45.177],[4.793,45.178],[4.795,45.179],[4.796,45.182],[4.797,45.182],[4.797,45.182],[4.797,45.182],[4.797,45.181],[4.798,45.185],[4.797,45.185],[4.797,45.185],[4.798,45.185],[4.798,45.184],[4.799,45.185],[4.799,45.182],[4.8,45.181],[4.797,45.181]]],[[[4.795,45.182],[4.794,45.181],[4.794,45.18],[4.793,45.18],[4.791,45.179],[4.79,45.179],[4.789,45.179],[4.787,45.178],[4.787,45.18],[4.791,45.179],[4.792,45.18],[4.792,45.181],[4.793,45.181],[4.793,45.182],[4.794,45.181],[4.794,45.183],[4.796,45.184],[4.795,45.182]]],[[[4.791,45.183],[4.788,45.182],[4.791,45.184],[4.791,45.185],[4.791,45.185],[4.791,45.185],[4.793,45.186],[4.793,45.184],[4.791,45.183]]],[[[4.789,45.185],[4.789,45.185],[4.789,45.184],[4.789,45.184],[4.788,45.184],[4.787,45.185],[4.787,45.185],[4.788,45.185],[4.789,45.185],[4.789,45.185],[4.79,45.185],[4.79,45.185],[4.79,45.185],[4.791,45.185],[4.79,45.185],[4.789,45.185]]],[[[4.794,45.189],[4.793,45.186],[4.792,45.186],[4.789,45.186],[4.792,45.186],[4.792,45.186],[4.79,45.185],[4.791,45.185],[4.79,45.185],[4.788,45.185],[4.789,45.185],[4.789,45.186],[4.789,45.186],[4.788,45.185],[4.788,45.186],[4.79,45.187],[4.791,45.188],[4.791,45.189],[4.792,45.188],[4.792,45.188],[4.792,45.189],[4.793,45.189],[4.791,45.189],[4.792,45.19],[4.794,45.189]]],[[[4.79,45.187],[4.789,45.188],[4.79,45.188],[4.79,45.188],[4.791,45.189],[4.791,45.189],[4.79,45.187]]],[[[4.789,45.188],[4.791,45.19],[4.791,45.189],[4.791,45.189],[4.792,45.19],[4.791,45.189],[4.791,45.189],[4.789,45.188]]],[[[4.791,45.191],[4.789,45.189],[4.789,45.189],[4.789,45.188],[4.787,45.188],[4.787,45.189],[4.787,45.189],[4.791,45.191]]],[[[4.793,45.19],[4.793,45.191],[4.794,45.191],[4.795,45.189],[4.793,45.19]]],[[[4.793,45.192],[4.791,45.193],[4.792,45.193],[4.794,45.193],[4.795,45.193],[4.793,45.193],[4.793,45.192]]],[[[4.79,45.195],[4.791,45.194],[4.791,45.193],[4.79,45.194],[4.79,45.194],[4.79,45.195]]],[[[4.788,45.194],[4.79,45.195],[4.79,45.195],[4.79,45.194],[4.788,45.194]]],[[[4.796,45.194],[4.794,45.193],[4.793,45.193],[4.792,45.193],[4.792,45.194],[4.79,45.195],[4.79,45.196],[4.792,45.195],[4.794,45.195],[4.796,45.195],[4.796,45.195],[4.796,45.194]]],[[[4.794,45.195],[4.795,45.195],[4.795,45.195],[4.795,45.195],[4.796,45.195],[4.794,45.195],[4.792,45.195],[4.794,45.195]]],[[[4.795,45.195],[4.795,45.196],[4.794,45.195],[4.793,45.196],[4.792,45.195],[4.791,45.196],[4.791,45.197],[4.791,45.197],[4.79,45.198],[4.788,45.197],[4.788,45.198],[4.788,45.198],[4.79,45.198],[4.79,45.198],[4.791,45.198],[4.791,45.197],[4.792,45.196],[4.796,45.196],[4.796,45.195],[4.796,45.195],[4.795,45.195]]],[[[4.793,45.2],[4.792,45.196],[4.791,45.198],[4.79,45.198],[4.789,45.198],[4.789,45.199],[4.789,45.199],[4.79,45.199],[4.79,45.199],[4.791,45.199],[4.793,45.2]]],[[[4.789,45.199],[4.788,45.199],[4.788,45.199],[4.793,45.201],[4.793,45.2],[4.789,45.199]]],[[[4.793,45.208],[4.791,45.207],[4.788,45.209],[4.79,45.21],[4.792,45.211],[4.791,45.209],[4.793,45.208]]],[[[4.79,45.215],[4.79,45.214],[4.789,45.214],[4.79,45.215]]],[[[4.793,45.219],[4.792,45.219],[4.791,45.221],[4.792,45.221],[4.792,45.221],[4.793,45.221],[4.793,45.22],[4.793,45.22],[4.794,45.22],[4.793,45.219]]],[[[4.793,45.221],[4.788,45.222],[4.789,45.223],[4.791,45.223],[4.792,45.224],[4.793,45.225],[4.793,45.224],[4.793,45.224],[4.793,45.224],[4.793,45.225],[4.794,45.226],[4.794,45.224],[4.793,45.224],[4.793,45.223],[4.792,45.223],[4.793,45.224],[4.795,45.224],[4.796,45.225],[4.796,45.225],[4.796,45.225],[4.795,45.225],[4.797,45.226],[4.798,45.227],[4.799,45.225],[4.798,45.224],[4.797,45.223],[4.796,45.223],[4.796,45.222],[4.797,45.223],[4.798,45.223],[4.798,45.223],[4.798,45.222],[4.797,45.221],[4.797,45.222],[4.795,45.222],[4.793,45.22],[4.793,45.221]],[[4.792,45.224],[4.792,45.224],[4.792,45.224],[4.792,45.224]]],[[[4.796,45.225],[4.795,45.224],[4.794,45.224],[4.796,45.225]]],[[[4.797,45.227],[4.794,45.224],[4.794,45.224],[4.794,45.225],[4.794,45.226],[4.793,45.226],[4.793,45.225],[4.793,45.224],[4.793,45.224],[4.793,45.227],[4.794,45.228],[4.794,45.228],[4.794,45.228],[4.795,45.228],[4.796,45.227],[4.796,45.227],[4.796,45.227],[4.797,45.227]]],[[[4.796,45.227],[4.796,45.227],[4.797,45.228],[4.796,45.227]]],[[[4.795,45.228],[4.795,45.228],[4.794,45.228],[4.795,45.228]]],[[[4.79,45.226],[4.788,45.225],[4.789,45.225],[4.788,45.225],[4.789,45.225],[4.789,45.227],[4.789,45.225],[4.787,45.226],[4.788,45.228],[4.789,45.228],[4.789,45.229],[4.788,45.229],[4.789,45.232],[4.791,45.231],[4.79,45.231],[4.789,45.229],[4.789,45.23],[4.79,45.229],[4.792,45.231],[4.793,45.229],[4.79,45.229],[4.79,45.226],[4.79,45.226]]],[[[4.798,45.229],[4.796,45.229],[4.795,45.23],[4.796,45.23],[4.798,45.229]]],[[[4.798,45.234],[4.797,45.232],[4.797,45.232],[4.797,45.232],[4.797,45.231],[4.797,45.231],[4.796,45.231],[4.794,45.23],[4.793,45.23],[4.792,45.231],[4.794,45.231],[4.794,45.234],[4.798,45.234]]],[[[4.792,45.233],[4.793,45.232],[4.792,45.232],[4.791,45.232],[4.792,45.233]]],[[[4.791,45.249],[4.792,45.249],[4.792,45.249],[4.791,45.249]]],[[[4.795,45.251],[4.795,45.252],[4.796,45.251],[4.795,45.251]]],[[[4.796,45.251],[4.795,45.252],[4.796,45.252],[4.796,45.251]]],[[[4.793,45.261],[4.791,45.26],[4.79,45.261],[4.791,45.261],[4.791,45.261],[4.791,45.261],[4.793,45.261]]],[[[4.794,45.262],[4.793,45.26],[4.793,45.261],[4.793,45.262],[4.793,45.262],[4.794,45.262]]],[[[4.792,45.262],[4.791,45.262],[4.792,45.263],[4.792,45.262]]],[[[4.794,45.266],[4.795,45.266],[4.794,45.266],[4.794,45.266]]],[[[4.797,45.266],[4.796,45.265],[4.795,45.266],[4.796,45.266],[4.796,45.267],[4.796,45.267],[4.797,45.267],[4.797,45.267],[4.797,45.266]]],[[[4.795,45.266],[4.796,45.266],[4.795,45.266],[4.795,45.266]]],[[[4.796,45.267],[4.796,45.267],[4.796,45.267],[4.796,45.267]]],[[[4.797,45.268],[4.796,45.267],[4.796,45.269],[4.796,45.27],[4.796,45.271],[4.797,45.268]]],[[[4.793,45.279],[4.793,45.281],[4.794,45.281],[4.794,45.279],[4.793,45.279]]],[[[4.792,45.282],[4.791,45.28],[4.791,45.281],[4.792,45.282]]],[[[4.793,45.282],[4.793,45.282],[4.793,45.282],[4.793,45.282]]],[[[4.792,45.282],[4.792,45.284],[4.791,45.284],[4.789,45.283],[4.789,45.284],[4.789,45.285],[4.79,45.284],[4.79,45.284],[4.79,45.285],[4.789,45.285],[4.79,45.285],[4.79,45.284],[4.79,45.284],[4.79,45.284],[4.79,45.285],[4.791,45.284],[4.791,45.284],[4.791,45.285],[4.791,45.285],[4.791,45.286],[4.791,45.286],[4.791,45.286],[4.791,45.285],[4.791,45.285],[4.792,45.287],[4.792,45.285],[4.792,45.286],[4.793,45.286],[4.793,45.284],[4.793,45.286],[4.794,45.286],[4.793,45.284],[4.795,45.283],[4.793,45.283],[4.794,45.283],[4.794,45.281],[4.793,45.281],[4.793,45.282],[4.792,45.282]]],[[[4.792,45.287],[4.792,45.288],[4.793,45.288],[4.792,45.287]]],[[[4.797,45.071],[4.793,45.069],[4.792,45.071],[4.793,45.069],[4.788,45.068],[4.789,45.07],[4.789,45.069],[4.79,45.069],[4.791,45.069],[4.791,45.07],[4.791,45.07],[4.79,45.07],[4.789,45.07],[4.789,45.071],[4.79,45.07],[4.79,45.07],[4.791,45.071],[4.79,45.07],[4.79,45.072],[4.79,45.072],[4.789,45.072],[4.789,45.072],[4.789,45.075],[4.79,45.078],[4.791,45.074],[4.793,45.072],[4.793,45.073],[4.794,45.071],[4.793,45.071],[4.796,45.072],[4.797,45.071]]],[[[4.796,45.073],[4.795,45.072],[4.793,45.073],[4.794,45.075],[4.795,45.075],[4.796,45.074],[4.796,45.073]]],[[[4.799,45.074],[4.799,45.073],[4.799,45.073],[4.798,45.072],[4.797,45.071],[4.797,45.073],[4.795,45.075],[4.795,45.076],[4.795,45.075],[4.794,45.076],[4.794,45.078],[4.794,45.078],[4.795,45.078],[4.795,45.079],[4.795,45.078],[4.796,45.078],[4.797,45.077],[4.797,45.076],[4.797,45.076],[4.799,45.074]]],[[[4.8,45.077],[4.8,45.077],[4.8,45.075],[4.8,45.075],[4.799,45.075],[4.799,45.075],[4.798,45.075],[4.798,45.075],[4.798,45.075],[4.797,45.077],[4.795,45.078],[4.795,45.079],[4.796,45.078],[4.797,45.079],[4.798,45.079],[4.798,45.078],[4.799,45.078],[4.798,45.078],[4.798,45.077],[4.797,45.077],[4.798,45.077],[4.8,45.078],[4.8,45.078],[4.8,45.077]]],[[[4.799,45.078],[4.799,45.077],[4.799,45.077],[4.799,45.078]]],[[[4.8,45.078],[4.798,45.077],[4.798,45.078],[4.799,45.078],[4.799,45.078],[4.799,45.079],[4.8,45.078]]],[[[4.799,45.078],[4.798,45.078],[4.798,45.079],[4.798,45.078],[4.799,45.078]]],[[[4.795,45.079],[4.795,45.078],[4.794,45.08],[4.795,45.079]]],[[[4.797,45.079],[4.795,45.079],[4.795,45.079],[4.796,45.079],[4.797,45.079]]],[[[4.799,45.078],[4.798,45.079],[4.796,45.079],[4.795,45.08],[4.797,45.08],[4.797,45.08],[4.798,45.079],[4.799,45.079],[4.799,45.078]]],[[[4.797,45.08],[4.797,45.08],[4.797,45.08],[4.797,45.08]]],[[[4.798,45.108],[4.796,45.106],[4.793,45.106],[4.793,45.109],[4.795,45.109],[4.796,45.111],[4.797,45.11],[4.799,45.109],[4.798,45.108]]],[[[4.801,45.109],[4.797,45.106],[4.799,45.109],[4.797,45.111],[4.799,45.113],[4.801,45.111],[4.801,45.111],[4.801,45.111],[4.801,45.111],[4.8,45.112],[4.801,45.11],[4.801,45.11],[4.801,45.109]]],[[[4.797,45.113],[4.792,45.112],[4.792,45.114],[4.794,45.114],[4.794,45.116],[4.795,45.116],[4.795,45.116],[4.797,45.116],[4.796,45.115],[4.796,45.115],[4.798,45.114],[4.798,45.114],[4.797,45.113]]],[[[4.801,45.114],[4.798,45.113],[4.798,45.113],[4.798,45.114],[4.798,45.114],[4.796,45.115],[4.797,45.116],[4.795,45.116],[4.795,45.117],[4.798,45.118],[4.798,45.119],[4.8,45.115],[4.801,45.115],[4.8,45.114],[4.801,45.114]]],[[[4.8,45.115],[4.798,45.119],[4.798,45.121],[4.8,45.121],[4.802,45.117],[4.801,45.116],[4.801,45.115],[4.803,45.115],[4.801,45.114],[4.801,45.115],[4.801,45.115],[4.8,45.115]]],[[[4.795,45.123],[4.794,45.122],[4.794,45.122],[4.794,45.122],[4.795,45.123],[4.795,45.123],[4.795,45.123]]],[[[4.8,45.122],[4.799,45.122],[4.797,45.124],[4.797,45.124],[4.798,45.124],[4.798,45.123],[4.8,45.122]]],[[[4.796,45.124],[4.798,45.123],[4.797,45.122],[4.797,45.123],[4.797,45.123],[4.796,45.123],[4.796,45.123],[4.796,45.123],[4.795,45.123],[4.796,45.124]]],[[[4.796,45.123],[4.794,45.123],[4.794,45.123],[4.794,45.123],[4.793,45.125],[4.796,45.123]]],[[[4.794,45.122],[4.794,45.123],[4.793,45.124],[4.793,45.124],[4.793,45.124],[4.793,45.125],[4.794,45.123],[4.794,45.122]]],[[[4.795,45.124],[4.796,45.124],[4.795,45.123],[4.795,45.124]]],[[[4.798,45.125],[4.797,45.124],[4.797,45.124],[4.798,45.124],[4.798,45.125],[4.798,45.125],[4.798,45.125],[4.798,45.125]]],[[[4.798,45.125],[4.797,45.124],[4.797,45.124],[4.796,45.124],[4.796,45.124],[4.795,45.124],[4.797,45.125],[4.797,45.125],[4.798,45.125]]],[[[4.794,45.125],[4.793,45.125],[4.794,45.125],[4.794,45.126],[4.794,45.125]]],[[[4.8,45.128],[4.801,45.127],[4.8,45.123],[4.799,45.123],[4.798,45.124],[4.799,45.125],[4.798,45.125],[4.799,45.125],[4.799,45.126],[4.799,45.126],[4.799,45.127],[4.799,45.127],[4.8,45.128]],[[4.801,45.127],[4.8,45.127],[4.8,45.127],[4.801,45.127]],[[4.8,45.126],[4.8,45.126],[4.8,45.126],[4.8,45.126]]],[[[4.798,45.125],[4.798,45.125],[4.798,45.125],[4.798,45.125]]],[[[4.799,45.126],[4.799,45.125],[4.798,45.125],[4.799,45.126]]],[[[4.794,45.126],[4.793,45.125],[4.794,45.126],[4.794,45.126]]],[[[4.798,45.126],[4.798,45.125],[4.797,45.125],[4.798,45.126]]],[[[4.794,45.126],[4.794,45.126],[4.794,45.126],[4.794,45.126]]],[[[4.798,45.126],[4.796,45.125],[4.797,45.125],[4.795,45.124],[4.793,45.125],[4.794,45.125],[4.796,45.128],[4.798,45.128],[4.797,45.128],[4.796,45.128],[4.797,45.129],[4.797,45.128],[4.799,45.127],[4.799,45.127],[4.798,45.127],[4.798,45.126],[4.797,45.126],[4.798,45.126]],[[4.797,45.127],[4.797,45.127],[4.797,45.126],[4.797,45.127]],[[4.796,45.126],[4.796,45.126],[4.796,45.126],[4.796,45.126]]],[[[4.799,45.127],[4.799,45.126],[4.798,45.126],[4.798,45.126],[4.799,45.127],[4.799,45.127]]],[[[4.798,45.135],[4.798,45.132],[4.797,45.132],[4.796,45.132],[4.796,45.132],[4.793,45.133],[4.797,45.133],[4.797,45.133],[4.797,45.133],[4.798,45.133],[4.798,45.135]]],[[[4.799,45.136],[4.798,45.135],[4.797,45.133],[4.797,45.133],[4.793,45.133],[4.79,45.137],[4.791,45.138],[4.794,45.136],[4.794,45.135],[4.795,45.135],[4.796,45.134],[4.796,45.135],[4.796,45.136],[4.799,45.136]]],[[[4.796,45.136],[4.795,45.135],[4.794,45.136],[4.796,45.136]]],[[[4.805,45.139],[4.804,45.138],[4.803,45.138],[4.799,45.134],[4.799,45.132],[4.796,45.132],[4.798,45.132],[4.798,45.132],[4.798,45.135],[4.799,45.135],[4.801,45.137],[4.802,45.138],[4.802,45.138],[4.802,45.138],[4.802,45.137],[4.802,45.137],[4.802,45.137],[4.803,45.138],[4.804,45.138],[4.804,45.139],[4.804,45.139],[4.804,45.139],[4.805,45.139],[4.805,45.139],[4.805,45.139],[4.805,45.139]]],[[[4.801,45.137],[4.799,45.135],[4.798,45.135],[4.799,45.137],[4.799,45.136],[4.8,45.136],[4.8,45.137],[4.801,45.138],[4.801,45.137]]],[[[4.801,45.138],[4.801,45.137],[4.801,45.138],[4.801,45.138],[4.799,45.136],[4.799,45.137],[4.799,45.137],[4.801,45.138]]],[[[4.798,45.138],[4.796,45.137],[4.796,45.137],[4.796,45.137],[4.797,45.137],[4.797,45.137],[4.796,45.137],[4.796,45.138],[4.798,45.138]]],[[[4.795,45.137],[4.795,45.139],[4.794,45.139],[4.794,45.138],[4.793,45.138],[4.794,45.14],[4.795,45.14],[4.795,45.137]],[[4.794,45.139],[4.794,45.139],[4.794,45.139],[4.794,45.139]]],[[[4.801,45.139],[4.798,45.137],[4.796,45.137],[4.798,45.138],[4.798,45.139],[4.796,45.14],[4.795,45.141],[4.798,45.141],[4.8,45.14],[4.8,45.139],[4.801,45.139]]],[[[4.796,45.151],[4.794,45.15],[4.794,45.152],[4.795,45.153],[4.795,45.153],[4.796,45.151],[4.796,45.151]]],[[[4.8,45.15],[4.8,45.151],[4.8,45.154],[4.801,45.154],[4.801,45.153],[4.802,45.153],[4.802,45.154],[4.803,45.154],[4.803,45.153],[4.803,45.153],[4.803,45.151],[4.804,45.15],[4.804,45.149],[4.805,45.149],[4.805,45.148],[4.805,45.146],[4.804,45.144],[4.804,45.144],[4.803,45.144],[4.803,45.145],[4.802,45.145],[4.802,45.145],[4.801,45.145],[4.801,45.148],[4.802,45.149],[4.801,45.15],[4.802,45.15],[4.8,45.15]],[[4.802,45.152],[4.802,45.15],[4.802,45.149],[4.802,45.148],[4.802,45.148],[4.802,45.15],[4.802,45.152]]],[[[4.799,45.154],[4.799,45.151],[4.796,45.151],[4.796,45.152],[4.798,45.155],[4.798,45.156],[4.799,45.154]]],[[[4.8,45.161],[4.798,45.163],[4.798,45.165],[4.799,45.165],[4.8,45.164],[4.8,45.165],[4.8,45.164],[4.8,45.164],[4.8,45.162],[4.8,45.161],[4.8,45.161]]],[[[4.8,45.163],[4.8,45.163],[4.8,45.163],[4.8,45.163]]],[[[4.801,45.166],[4.8,45.164],[4.8,45.165],[4.798,45.165],[4.798,45.167],[4.801,45.169],[4.801,45.166]]],[[[4.802,45.171],[4.802,45.168],[4.801,45.166],[4.801,45.169],[4.801,45.169],[4.801,45.169],[4.802,45.171]]],[[[4.798,45.177],[4.8,45.177],[4.801,45.176],[4.802,45.174],[4.802,45.173],[4.802,45.173],[4.802,45.173],[4.803,45.174],[4.803,45.175],[4.804,45.173],[4.803,45.172],[4.796,45.173],[4.793,45.172],[4.793,45.175],[4.795,45.175],[4.795,45.175],[4.795,45.175],[4.797,45.176],[4.798,45.175],[4.798,45.177]],[[4.798,45.175],[4.798,45.175],[4.798,45.175],[4.798,45.175]],[[4.794,45.174],[4.795,45.174],[4.795,45.174],[4.795,45.174],[4.794,45.174]]],[[[4.803,45.175],[4.802,45.173],[4.8,45.177],[4.799,45.177],[4.801,45.179],[4.804,45.177],[4.804,45.175],[4.803,45.175]]],[[[4.799,45.182],[4.8,45.182],[4.799,45.182],[4.799,45.182]]],[[[4.797,45.185],[4.797,45.182],[4.797,45.183],[4.796,45.184],[4.797,45.184],[4.797,45.185]]],[[[4.796,45.184],[4.796,45.185],[4.797,45.185],[4.796,45.184]]],[[[4.797,45.194],[4.798,45.194],[4.798,45.194],[4.797,45.194]]],[[[4.8,45.196],[4.798,45.196],[4.798,45.197],[4.798,45.197],[4.801,45.196],[4.8,45.196]]],[[[4.798,45.197],[4.797,45.195],[4.797,45.196],[4.797,45.197],[4.797,45.197],[4.797,45.197],[4.797,45.198],[4.796,45.199],[4.797,45.199],[4.797,45.199],[4.797,45.199],[4.796,45.2],[4.798,45.199],[4.798,45.199],[4.798,45.199],[4.797,45.199],[4.798,45.198],[4.798,45.198],[4.798,45.198],[4.798,45.198],[4.797,45.198],[4.798,45.198],[4.799,45.198],[4.798,45.197]]],[[[4.799,45.197],[4.798,45.197],[4.799,45.198],[4.798,45.199],[4.801,45.198],[4.799,45.197]]],[[[4.801,45.198],[4.801,45.198],[4.801,45.198],[4.801,45.198]]],[[[4.799,45.199],[4.798,45.2],[4.796,45.2],[4.795,45.2],[4.797,45.199],[4.797,45.199],[4.796,45.199],[4.796,45.199],[4.797,45.198],[4.797,45.197],[4.797,45.196],[4.796,45.195],[4.796,45.195],[4.796,45.196],[4.795,45.196],[4.792,45.196],[4.793,45.199],[4.793,45.201],[4.794,45.202],[4.795,45.201],[4.798,45.202],[4.799,45.201],[4.799,45.201],[4.8,45.199],[4.799,45.199],[4.799,45.199]]],[[[4.8,45.199],[4.799,45.199],[4.8,45.199],[4.8,45.2],[4.799,45.201],[4.798,45.202],[4.801,45.202],[4.801,45.199],[4.8,45.199]]],[[[4.802,45.207],[4.799,45.207],[4.795,45.206],[4.792,45.206],[4.791,45.207],[4.792,45.207],[4.793,45.208],[4.793,45.208],[4.795,45.208],[4.795,45.208],[4.796,45.208],[4.797,45.208],[4.797,45.208],[4.798,45.208],[4.8,45.208],[4.8,45.208],[4.802,45.208],[4.802,45.207]]],[[[4.797,45.208],[4.796,45.208],[4.795,45.208],[4.797,45.208]]],[[[4.801,45.208],[4.801,45.208],[4.801,45.209],[4.801,45.208]]],[[[4.801,45.208],[4.798,45.209],[4.795,45.208],[4.795,45.21],[4.798,45.21],[4.799,45.209],[4.801,45.209],[4.801,45.208]]],[[[4.801,45.21],[4.8,45.212],[4.798,45.213],[4.801,45.214],[4.801,45.213],[4.8,45.212],[4.801,45.213],[4.803,45.21],[4.801,45.21]]],[[[4.801,45.214],[4.8,45.214],[4.8,45.214],[4.801,45.214]]],[[[4.8,45.214],[4.8,45.214],[4.799,45.214],[4.798,45.213],[4.797,45.213],[4.796,45.216],[4.797,45.216],[4.797,45.216],[4.797,45.216],[4.797,45.215],[4.798,45.215],[4.798,45.215],[4.798,45.215],[4.799,45.216],[4.799,45.215],[4.801,45.215],[4.8,45.214]]],[[[4.798,45.215],[4.798,45.215],[4.797,45.215],[4.797,45.216],[4.797,45.217],[4.796,45.216],[4.795,45.216],[4.796,45.219],[4.798,45.218],[4.798,45.217],[4.798,45.216],[4.798,45.216],[4.798,45.216],[4.798,45.215]]],[[[4.803,45.218],[4.802,45.217],[4.801,45.218],[4.8,45.216],[4.798,45.216],[4.798,45.218],[4.798,45.218],[4.799,45.218],[4.8,45.218],[4.8,45.218],[4.8,45.218],[4.798,45.218],[4.799,45.219],[4.799,45.219],[4.799,45.219],[4.799,45.219],[4.799,45.219],[4.799,45.219],[4.8,45.219],[4.8,45.219],[4.8,45.219],[4.801,45.219],[4.801,45.218],[4.803,45.218]]],[[[4.797,45.219],[4.797,45.219],[4.797,45.219],[4.798,45.219],[4.798,45.219],[4.797,45.219]]],[[[4.799,45.22],[4.798,45.219],[4.798,45.219],[4.797,45.219],[4.799,45.22]]],[[[4.803,45.219],[4.801,45.218],[4.8,45.219],[4.799,45.22],[4.803,45.222],[4.803,45.219]]],[[[4.802,45.222],[4.8,45.22],[4.798,45.22],[4.797,45.221],[4.798,45.222],[4.798,45.223],[4.801,45.222],[4.801,45.222],[4.801,45.223],[4.802,45.222]]],[[[4.803,45.222],[4.802,45.222],[4.802,45.222],[4.803,45.222],[4.803,45.222]]],[[[4.801,45.222],[4.801,45.223],[4.801,45.223],[4.801,45.222]]],[[[4.802,45.222],[4.802,45.223],[4.802,45.224],[4.803,45.223],[4.802,45.222]]],[[[4.801,45.223],[4.799,45.223],[4.8,45.223],[4.801,45.223]]],[[[4.798,45.227],[4.797,45.226],[4.795,45.225],[4.797,45.226],[4.797,45.227],[4.797,45.227],[4.798,45.227]]],[[[4.8,45.23],[4.798,45.229],[4.796,45.23],[4.795,45.23],[4.797,45.231],[4.797,45.231],[4.797,45.232],[4.797,45.232],[4.797,45.232],[4.798,45.232],[4.799,45.232],[4.799,45.232],[4.799,45.232],[4.799,45.232],[4.799,45.232],[4.799,45.231],[4.799,45.231],[4.799,45.232],[4.799,45.232],[4.8,45.233],[4.8,45.23]]],[[[4.799,45.232],[4.799,45.233],[4.8,45.233],[4.8,45.233],[4.799,45.232]]],[[[4.799,45.234],[4.799,45.233],[4.799,45.232],[4.797,45.233],[4.799,45.234]]],[[[4.805,45.058],[4.804,45.057],[4.805,45.058],[4.805,45.056],[4.804,45.056],[4.803,45.057],[4.802,45.056],[4.799,45.054],[4.8,45.055],[4.802,45.058],[4.803,45.059],[4.803,45.06],[4.803,45.061],[4.804,45.061],[4.804,45.061],[4.804,45.061],[4.804,45.062],[4.804,45.061],[4.804,45.061],[4.804,45.061],[4.803,45.061],[4.805,45.061],[4.805,45.058]]],[[[4.803,45.059],[4.803,45.059],[4.803,45.059],[4.803,45.059]]],[[[4.805,45.06],[4.805,45.061],[4.805,45.061],[4.805,45.06],[4.805,45.06]]],[[[4.801,45.061],[4.801,45.061],[4.801,45.06],[4.801,45.061]]],[[[4.801,45.062],[4.801,45.061],[4.801,45.06],[4.801,45.06],[4.801,45.06],[4.8,45.06],[4.801,45.062]]],[[[4.804,45.061],[4.804,45.061],[4.804,45.061],[4.804,45.061]]],[[[4.804,45.061],[4.804,45.061],[4.804,45.061],[4.804,45.061]]],[[[4.806,45.063],[4.806,45.064],[4.806,45.065],[4.806,45.063]]],[[[4.8,45.073],[4.799,45.073],[4.8,45.074],[4.8,45.073]]],[[[4.803,45.076],[4.801,45.074],[4.8,45.074],[4.8,45.074],[4.801,45.074],[4.801,45.074],[4.802,45.075],[4.801,45.075],[4.8,45.074],[4.8,45.074],[4.801,45.074],[4.801,45.074],[4.798,45.075],[4.799,45.075],[4.8,45.075],[4.8,45.075],[4.8,45.077],[4.801,45.077],[4.801,45.077],[4.802,45.077],[4.802,45.077],[4.803,45.077],[4.803,45.077],[4.804,45.077],[4.804,45.077],[4.805,45.076],[4.805,45.076],[4.805,45.076],[4.804,45.077],[4.804,45.077],[4.805,45.076],[4.803,45.076]],[[4.803,45.077],[4.803,45.076],[4.803,45.077],[4.803,45.077]],[[4.803,45.076],[4.803,45.076],[4.803,45.076],[4.803,45.076]],[[4.804,45.077],[4.804,45.076],[4.804,45.077],[4.804,45.077]]],[[[4.801,45.077],[4.8,45.077],[4.8,45.077],[4.801,45.077]]],[[[4.803,45.077],[4.802,45.077],[4.802,45.077],[4.802,45.077],[4.802,45.077],[4.803,45.077]]],[[[4.8,45.078],[4.8,45.078],[4.8,45.078],[4.8,45.078]]],[[[4.801,45.078],[4.801,45.078],[4.801,45.078],[4.801,45.078]]],[[[4.809,45.077],[4.806,45.076],[4.807,45.077],[4.806,45.076],[4.806,45.077],[4.805,45.076],[4.804,45.077],[4.802,45.077],[4.802,45.077],[4.801,45.078],[4.801,45.078],[4.801,45.078],[4.803,45.08],[4.806,45.083],[4.806,45.081],[4.806,45.081],[4.805,45.08],[4.806,45.077],[4.807,45.077],[4.808,45.077],[4.809,45.077],[4.809,45.078],[4.809,45.077]]],[[[4.804,45.083],[4.803,45.08],[4.802,45.08],[4.802,45.08],[4.802,45.082],[4.802,45.08],[4.801,45.081],[4.802,45.082],[4.804,45.083]]],[[[4.801,45.081],[4.799,45.08],[4.799,45.08],[4.799,45.082],[4.8,45.083],[4.801,45.081]]],[[[4.808,45.085],[4.803,45.083],[4.803,45.084],[4.808,45.085]]],[[[4.807,45.086],[4.804,45.086],[4.805,45.085],[4.803,45.085],[4.805,45.087],[4.807,45.086]]],[[[4.808,45.086],[4.807,45.086],[4.806,45.086],[4.808,45.086]]],[[[4.803,45.093],[4.804,45.093],[4.803,45.093],[4.803,45.093]]],[[[4.805,45.094],[4.803,45.093],[4.803,45.093],[4.802,45.093],[4.803,45.095],[4.805,45.094]]],[[[4.807,45.107],[4.805,45.108],[4.806,45.108],[4.807,45.107]]],[[[4.806,45.107],[4.806,45.108],[4.807,45.107],[4.806,45.107]]],[[[4.805,45.107],[4.805,45.108],[4.805,45.108],[4.805,45.108],[4.805,45.107]]],[[[4.805,45.108],[4.804,45.108],[4.804,45.108],[4.805,45.108]]],[[[4.802,45.108],[4.801,45.108],[4.801,45.109],[4.801,45.11],[4.801,45.11],[4.801,45.111],[4.801,45.111],[4.801,45.111],[4.801,45.112],[4.801,45.112],[4.801,45.112],[4.803,45.11],[4.802,45.108]]],[[[4.803,45.112],[4.8,45.113],[4.801,45.113],[4.802,45.112],[4.803,45.112]]],[[[4.802,45.113],[4.803,45.111],[4.801,45.113],[4.8,45.113],[4.8,45.113],[4.8,45.113],[4.8,45.113],[4.803,45.115],[4.803,45.113],[4.802,45.113]]],[[[4.801,45.114],[4.8,45.114],[4.801,45.114],[4.801,45.114]]],[[[4.803,45.122],[4.801,45.122],[4.801,45.123],[4.802,45.123],[4.803,45.122]]],[[[4.802,45.132],[4.801,45.128],[4.799,45.128],[4.802,45.132]]],[[[4.805,45.139],[4.806,45.138],[4.803,45.136],[4.802,45.133],[4.801,45.132],[4.801,45.132],[4.8,45.132],[4.802,45.132],[4.799,45.131],[4.799,45.134],[4.804,45.138],[4.805,45.139]]],[[[4.805,45.139],[4.803,45.138],[4.802,45.137],[4.802,45.139],[4.801,45.139],[4.802,45.139],[4.803,45.14],[4.804,45.14],[4.805,45.139]]],[[[4.803,45.141],[4.804,45.141],[4.804,45.14],[4.803,45.14],[4.803,45.14],[4.802,45.139],[4.801,45.139],[4.803,45.141]]],[[[4.805,45.141],[4.805,45.141],[4.804,45.14],[4.803,45.14],[4.805,45.141]]],[[[4.804,45.14],[4.806,45.14],[4.806,45.14],[4.804,45.14]]],[[[4.804,45.142],[4.803,45.141],[4.802,45.14],[4.8,45.139],[4.8,45.141],[4.804,45.142]]],[[[4.806,45.142],[4.807,45.14],[4.806,45.14],[4.806,45.142]]],[[[4.806,45.141],[4.805,45.141],[4.806,45.141],[4.806,45.141],[4.806,45.141]]],[[[4.805,45.141],[4.805,45.141],[4.805,45.141],[4.805,45.141],[4.805,45.141]]],[[[4.806,45.141],[4.805,45.141],[4.806,45.141],[4.806,45.141]]],[[[4.806,45.141],[4.806,45.141],[4.806,45.141],[4.806,45.141]]],[[[4.806,45.141],[4.806,45.141],[4.806,45.142],[4.806,45.141]]],[[[4.806,45.142],[4.805,45.141],[4.804,45.142],[4.806,45.142]]],[[[4.809,45.142],[4.808,45.141],[4.808,45.142],[4.809,45.142]]],[[[4.802,45.143],[4.801,45.144],[4.801,45.145],[4.803,45.143],[4.802,45.143]]],[[[4.806,45.144],[4.806,45.144],[4.807,45.144],[4.806,45.144]]],[[[4.806,45.144],[4.803,45.144],[4.802,45.145],[4.802,45.145],[4.801,45.145],[4.802,45.145],[4.802,45.145],[4.803,45.144],[4.805,45.144],[4.805,45.145],[4.805,45.146],[4.805,45.147],[4.806,45.144],[4.806,45.144],[4.806,45.144],[4.806,45.144]]],[[[4.808,45.146],[4.808,45.145],[4.807,45.145],[4.808,45.146]]],[[[4.809,45.146],[4.808,45.146],[4.808,45.147],[4.808,45.146],[4.806,45.144],[4.806,45.148],[4.805,45.149],[4.806,45.149],[4.806,45.149],[4.807,45.149],[4.807,45.148],[4.807,45.148],[4.809,45.146]]],[[[4.812,45.148],[4.81,45.148],[4.811,45.147],[4.81,45.146],[4.809,45.147],[4.807,45.148],[4.806,45.149],[4.807,45.148],[4.808,45.147],[4.809,45.146],[4.809,45.146],[4.807,45.148],[4.806,45.149],[4.805,45.149],[4.806,45.149],[4.808,45.15],[4.808,45.15],[4.808,45.151],[4.809,45.151],[4.809,45.15],[4.81,45.15],[4.81,45.149],[4.811,45.149],[4.811,45.149],[4.812,45.148]]],[[[4.808,45.153],[4.808,45.151],[4.808,45.15],[4.806,45.149],[4.804,45.152],[4.806,45.148],[4.805,45.147],[4.805,45.149],[4.804,45.15],[4.803,45.154],[4.804,45.153],[4.805,45.152],[4.806,45.152],[4.806,45.152],[4.807,45.153],[4.808,45.153],[4.808,45.153]]],[[[4.807,45.153],[4.806,45.152],[4.804,45.153],[4.807,45.153]]],[[[4.808,45.153],[4.807,45.153],[4.807,45.155],[4.807,45.154],[4.808,45.154],[4.807,45.156],[4.809,45.157],[4.809,45.159],[4.811,45.16],[4.812,45.157],[4.814,45.157],[4.813,45.157],[4.812,45.157],[4.812,45.156],[4.814,45.157],[4.815,45.155],[4.815,45.154],[4.814,45.154],[4.814,45.152],[4.813,45.153],[4.811,45.153],[4.814,45.152],[4.812,45.148],[4.811,45.149],[4.811,45.149],[4.81,45.15],[4.809,45.151],[4.808,45.151],[4.809,45.152],[4.808,45.153],[4.808,45.153]],[[4.809,45.154],[4.81,45.154],[4.809,45.154],[4.809,45.154]],[[4.81,45.154],[4.81,45.154],[4.81,45.154],[4.81,45.154]],[[4.811,45.154],[4.812,45.154],[4.811,45.154],[4.811,45.154]],[[4.812,45.154],[4.811,45.154],[4.811,45.154],[4.811,45.154],[4.811,45.154],[4.812,45.154],[4.812,45.154]],[[4.813,45.154],[4.813,45.154],[4.814,45.154],[4.813,45.154]]],[[[4.804,45.154],[4.805,45.154],[4.805,45.153],[4.804,45.154]]],[[[4.803,45.154],[4.803,45.154],[4.804,45.153],[4.803,45.154],[4.803,45.154]]],[[[4.802,45.154],[4.803,45.154],[4.803,45.154],[4.802,45.154]]],[[[4.81,45.16],[4.806,45.159],[4.804,45.157],[4.802,45.157],[4.802,45.158],[4.804,45.158],[4.804,45.159],[4.805,45.159],[4.804,45.158],[4.802,45.158],[4.8,45.161],[4.801,45.161],[4.803,45.159],[4.803,45.159],[4.803,45.161],[4.804,45.161],[4.806,45.16],[4.806,45.161],[4.804,45.162],[4.804,45.162],[4.806,45.163],[4.806,45.163],[4.806,45.163],[4.806,45.163],[4.808,45.161],[4.809,45.161],[4.81,45.161],[4.81,45.16],[4.811,45.16],[4.81,45.16]]],[[[4.803,45.161],[4.803,45.159],[4.801,45.161],[4.803,45.161]]],[[[4.806,45.161],[4.803,45.162],[4.804,45.162],[4.804,45.162],[4.806,45.161]]],[[[4.802,45.162],[4.802,45.162],[4.802,45.162],[4.802,45.162]]],[[[4.809,45.163],[4.809,45.161],[4.806,45.163],[4.805,45.163],[4.806,45.164],[4.807,45.164],[4.809,45.164],[4.809,45.163],[4.809,45.163],[4.809,45.163],[4.809,45.163],[4.808,45.162],[4.809,45.163]]],[[[4.805,45.164],[4.803,45.163],[4.804,45.163],[4.804,45.164],[4.804,45.164],[4.804,45.165],[4.804,45.165],[4.805,45.164],[4.805,45.164],[4.805,45.164]]],[[[4.802,45.162],[4.802,45.164],[4.803,45.164],[4.802,45.165],[4.803,45.166],[4.803,45.163],[4.802,45.163],[4.802,45.162]]],[[[4.808,45.164],[4.806,45.164],[4.805,45.163],[4.805,45.164],[4.805,45.164],[4.806,45.164],[4.806,45.164],[4.806,45.164],[4.806,45.165],[4.806,45.165],[4.807,45.165],[4.807,45.165],[4.807,45.165],[4.808,45.164]]],[[[4.806,45.165],[4.806,45.164],[4.805,45.164],[4.805,45.164],[4.805,45.164],[4.805,45.164],[4.805,45.164],[4.804,45.164],[4.805,45.165],[4.805,45.165],[4.805,45.165],[4.805,45.165],[4.806,45.165],[4.806,45.165]]],[[[4.804,45.164],[4.804,45.165],[4.803,45.165],[4.804,45.165],[4.804,45.165],[4.804,45.164],[4.804,45.164],[4.804,45.164]]],[[[4.808,45.164],[4.807,45.165],[4.807,45.166],[4.808,45.166],[4.808,45.164]]],[[[4.807,45.165],[4.807,45.165],[4.807,45.165],[4.807,45.165]]],[[[4.805,45.165],[4.804,45.165],[4.804,45.165],[4.803,45.165],[4.804,45.166],[4.803,45.167],[4.805,45.165]]],[[[4.804,45.166],[4.803,45.166],[4.803,45.166],[4.804,45.166]]],[[[4.807,45.166],[4.807,45.166],[4.807,45.166],[4.807,45.166]]],[[[4.807,45.165],[4.806,45.165],[4.806,45.165],[4.805,45.165],[4.804,45.166],[4.804,45.168],[4.805,45.167],[4.806,45.168],[4.807,45.166],[4.806,45.165],[4.807,45.165]]],[[[4.804,45.167],[4.804,45.167],[4.803,45.167],[4.804,45.167],[4.804,45.167]]],[[[4.806,45.168],[4.805,45.167],[4.804,45.168],[4.806,45.168]]],[[[4.804,45.169],[4.802,45.166],[4.803,45.172],[4.803,45.171],[4.803,45.171],[4.804,45.169],[4.804,45.169],[4.804,45.169]]],[[[4.805,45.169],[4.805,45.17],[4.805,45.17],[4.805,45.169]]],[[[4.805,45.17],[4.804,45.17],[4.804,45.171],[4.805,45.17]]],[[[4.804,45.169],[4.803,45.171],[4.803,45.172],[4.803,45.172],[4.804,45.171],[4.804,45.169]]],[[[4.804,45.171],[4.803,45.172],[4.804,45.172],[4.804,45.171]]],[[[4.823,45.004],[4.824,45.004],[4.825,45.005],[4.825,45.004],[4.823,45.004]]],[[[4.825,45.005],[4.825,45.005],[4.825,45.004],[4.825,45.005]]],[[[4.825,45.005],[4.824,45.004],[4.822,45.004],[4.822,45.004],[4.826,45.006],[4.825,45.005]]],[[[4.826,45.005],[4.825,45.005],[4.827,45.006],[4.826,45.005]]],[[[4.82,45.035],[4.819,45.034],[4.819,45.034],[4.819,45.033],[4.82,45.035]]],[[[4.829,45.03],[4.826,45.028],[4.823,45.028],[4.823,45.029],[4.823,45.029],[4.823,45.028],[4.824,45.028],[4.823,45.028],[4.821,45.028],[4.821,45.028],[4.821,45.028],[4.82,45.027],[4.82,45.027],[4.821,45.027],[4.82,45.027],[4.821,45.028],[4.819,45.029],[4.82,45.03],[4.821,45.029],[4.822,45.03],[4.823,45.031],[4.823,45.029],[4.823,45.031],[4.824,45.03],[4.825,45.03],[4.826,45.03],[4.825,45.03],[4.825,45.031],[4.824,45.031],[4.825,45.032],[4.825,45.032],[4.824,45.031],[4.825,45.033],[4.824,45.032],[4.823,45.033],[4.823,45.034],[4.823,45.034],[4.823,45.034],[4.823,45.034],[4.823,45.035],[4.823,45.036],[4.824,45.036],[4.825,45.037],[4.825,45.037],[4.825,45.037],[4.823,45.036],[4.823,45.036],[4.823,45.04],[4.825,45.039],[4.823,45.04],[4.825,45.04],[4.826,45.041],[4.826,45.041],[4.823,45.04],[4.823,45.041],[4.823,45.041],[4.824,45.041],[4.824,45.041],[4.826,45.041],[4.826,45.041],[4.826,45.041],[4.826,45.041],[4.825,45.041],[4.823,45.041],[4.823,45.041],[4.823,45.041],[4.823,45.042],[4.823,45.042],[4.827,45.042],[4.825,45.039],[4.826,45.035],[4.824,45.034],[4.825,45.034],[4.824,45.033],[4.826,45.035],[4.826,45.033],[4.826,45.034],[4.827,45.033],[4.826,45.032],[4.825,45.032],[4.825,45.032],[4.826,45.032],[4.827,45.032],[4.828,45.031],[4.827,45.031],[4.827,45.031],[4.826,45.03],[4.828,45.031],[4.829,45.03]],[[4.82,45.029],[4.82,45.029],[4.82,45.029],[4.82,45.029]],[[4.825,45.035],[4.825,45.035],[4.825,45.035],[4.825,45.035]],[[4.824,45.038],[4.823,45.038],[4.824,45.038],[4.824,45.038]],[[4.821,45.029],[4.821,45.029],[4.82,45.029],[4.821,45.029]],[[4.825,45.038],[4.825,45.038],[4.825,45.038],[4.825,45.038]],[[4.821,45.028],[4.82,45.029],[4.82,45.029],[4.82,45.029],[4.821,45.028],[4.821,45.028]],[[4.822,45.029],[4.821,45.029],[4.821,45.029],[4.822,45.029]]],[[[4.827,45.035],[4.827,45.035],[4.827,45.035],[4.827,45.035]]],[[[4.82,45.035],[4.822,45.037],[4.821,45.039],[4.822,45.042],[4.823,45.038],[4.823,45.038],[4.822,45.038],[4.823,45.038],[4.823,45.037],[4.822,45.036],[4.823,45.036],[4.823,45.034],[4.823,45.032],[4.825,45.032],[4.824,45.031],[4.825,45.03],[4.823,45.031],[4.82,45.03],[4.819,45.029],[4.819,45.033],[4.819,45.033],[4.819,45.033],[4.82,45.034],[4.821,45.034],[4.821,45.034],[4.822,45.035],[4.822,45.034],[4.822,45.034],[4.822,45.035],[4.822,45.034],[4.822,45.035],[4.822,45.035],[4.821,45.035],[4.819,45.034],[4.82,45.035],[4.82,45.035],[4.82,45.035]],[[4.821,45.035],[4.821,45.035],[4.82,45.035],[4.821,45.035]],[[4.823,45.035],[4.823,45.035],[4.823,45.035],[4.823,45.035]],[[4.822,45.04],[4.822,45.04],[4.822,45.04],[4.822,45.04]],[[4.822,45.04],[4.822,45.041],[4.822,45.04],[4.822,45.04]],[[4.822,45.039],[4.822,45.039],[4.821,45.039],[4.822,45.039]],[[4.823,45.031],[4.823,45.031],[4.823,45.031],[4.823,45.031]],[[4.822,45.039],[4.822,45.039],[4.822,45.039],[4.822,45.039]],[[4.821,45.036],[4.822,45.036],[4.821,45.036],[4.821,45.036]]],[[[4.829,45.035],[4.827,45.036],[4.829,45.036],[4.829,45.035]]],[[[4.826,45.036],[4.826,45.037],[4.827,45.037],[4.827,45.036],[4.826,45.036]]],[[[4.826,45.037],[4.826,45.038],[4.828,45.038],[4.828,45.037],[4.826,45.037]]],[[[4.826,45.038],[4.826,45.038],[4.826,45.039],[4.826,45.038]]],[[[4.827,45.041],[4.827,45.039],[4.826,45.039],[4.827,45.041]]],[[[4.823,45.041],[4.822,45.042],[4.823,45.042],[4.823,45.041]]],[[[4.828,45.042],[4.827,45.043],[4.828,45.043],[4.828,45.042]]],[[[4.826,45.043],[4.824,45.043],[4.824,45.043],[4.825,45.043],[4.825,45.044],[4.826,45.043]]],[[[4.826,45.043],[4.825,45.044],[4.827,45.045],[4.827,45.043],[4.826,45.043]]],[[[4.827,45.045],[4.825,45.044],[4.825,45.044],[4.824,45.045],[4.825,45.044],[4.824,45.043],[4.824,45.043],[4.823,45.043],[4.823,45.043],[4.824,45.044],[4.824,45.044],[4.823,45.043],[4.823,45.043],[4.822,45.043],[4.822,45.044],[4.822,45.044],[4.822,45.044],[4.822,45.043],[4.82,45.043],[4.821,45.043],[4.821,45.044],[4.823,45.046],[4.824,45.045],[4.825,45.046],[4.826,45.046],[4.827,45.045],[4.827,45.045]]],[[[4.823,45.046],[4.821,45.044],[4.819,45.044],[4.821,45.045],[4.823,45.046]]],[[[4.827,45.045],[4.827,45.045],[4.827,45.045],[4.827,45.045]]],[[[4.829,45.047],[4.827,45.043],[4.827,45.045],[4.827,45.044],[4.827,45.045],[4.827,45.045],[4.825,45.046],[4.824,45.045],[4.823,45.046],[4.822,45.046],[4.821,45.045],[4.82,45.045],[4.82,45.046],[4.821,45.047],[4.822,45.046],[4.821,45.047],[4.822,45.047],[4.822,45.047],[4.825,45.047],[4.824,45.046],[4.826,45.047],[4.828,45.046],[4.829,45.047]]],[[[4.829,45.047],[4.827,45.047],[4.827,45.047],[4.829,45.047]]],[[[4.814,45.049],[4.815,45.049],[4.815,45.049],[4.814,45.049]]],[[[4.828,45.051],[4.83,45.051],[4.83,45.05],[4.828,45.05],[4.83,45.05],[4.829,45.047],[4.828,45.047],[4.828,45.047],[4.828,45.048],[4.828,45.048],[4.828,45.048],[4.828,45.049],[4.827,45.049],[4.828,45.049],[4.827,45.049],[4.827,45.05],[4.827,45.05],[4.827,45.05],[4.827,45.051],[4.827,45.051],[4.828,45.051]]],[[[4.814,45.049],[4.812,45.049],[4.81,45.049],[4.811,45.05],[4.814,45.05],[4.814,45.049]]],[[[4.827,45.049],[4.827,45.05],[4.827,45.049],[4.827,45.049]]],[[[4.824,45.048],[4.823,45.05],[4.823,45.05],[4.823,45.051],[4.823,45.051],[4.824,45.048]]],[[[4.822,45.049],[4.821,45.049],[4.819,45.05],[4.818,45.049],[4.815,45.049],[4.816,45.051],[4.819,45.05],[4.82,45.051],[4.822,45.05],[4.822,45.049]]],[[[4.827,45.055],[4.828,45.054],[4.828,45.054],[4.828,45.054],[4.827,45.054],[4.827,45.053],[4.827,45.053],[4.827,45.053],[4.827,45.053],[4.828,45.053],[4.828,45.054],[4.828,45.052],[4.826,45.05],[4.826,45.049],[4.825,45.049],[4.824,45.051],[4.823,45.051],[4.825,45.049],[4.826,45.049],[4.826,45.05],[4.827,45.049],[4.828,45.047],[4.824,45.048],[4.824,45.049],[4.824,45.05],[4.824,45.05],[4.823,45.051],[4.823,45.051],[4.823,45.05],[4.822,45.051],[4.823,45.053],[4.824,45.053],[4.824,45.053],[4.824,45.054],[4.824,45.054],[4.824,45.054],[4.824,45.054],[4.824,45.054],[4.824,45.054],[4.824,45.054],[4.825,45.053],[4.826,45.053],[4.825,45.052],[4.826,45.052],[4.826,45.054],[4.827,45.055],[4.827,45.055]]],[[[4.824,45.054],[4.822,45.052],[4.822,45.051],[4.822,45.051],[4.821,45.051],[4.819,45.052],[4.817,45.055],[4.818,45.056],[4.818,45.055],[4.819,45.055],[4.818,45.055],[4.818,45.055],[4.819,45.055],[4.819,45.054],[4.818,45.056],[4.819,45.057],[4.821,45.056],[4.821,45.055],[4.822,45.054],[4.821,45.054],[4.821,45.054],[4.821,45.054],[4.82,45.054],[4.82,45.054],[4.82,45.053],[4.82,45.053],[4.82,45.053],[4.821,45.053],[4.821,45.053],[4.821,45.053],[4.823,45.054],[4.823,45.054],[4.823,45.053],[4.822,45.052],[4.823,45.053],[4.824,45.054],[4.824,45.054],[4.824,45.054]]],[[[4.829,45.055],[4.828,45.053],[4.827,45.053],[4.828,45.054],[4.828,45.054],[4.828,45.054],[4.828,45.055],[4.828,45.055],[4.829,45.055]]],[[[4.824,45.055],[4.821,45.053],[4.82,45.054],[4.821,45.054],[4.822,45.054],[4.822,45.054],[4.822,45.055],[4.822,45.055],[4.824,45.055]]],[[[4.824,45.054],[4.824,45.055],[4.824,45.056],[4.824,45.056],[4.825,45.056],[4.825,45.055],[4.825,45.055],[4.825,45.054],[4.825,45.054],[4.825,45.054],[4.825,45.053],[4.824,45.054]]],[[[4.829,45.055],[4.829,45.056],[4.828,45.056],[4.826,45.054],[4.826,45.054],[4.826,45.054],[4.825,45.054],[4.825,45.055],[4.826,45.056],[4.826,45.057],[4.826,45.057],[4.827,45.056],[4.827,45.056],[4.827,45.056],[4.829,45.056],[4.829,45.056],[4.829,45.055],[4.829,45.055]]],[[[4.827,45.055],[4.829,45.055],[4.828,45.055],[4.828,45.055],[4.827,45.055]]],[[[4.825,45.055],[4.825,45.056],[4.824,45.057],[4.825,45.056],[4.825,45.055]]],[[[4.817,45.056],[4.814,45.055],[4.814,45.057],[4.816,45.057],[4.818,45.056],[4.817,45.056]]],[[[4.807,45.057],[4.806,45.058],[4.807,45.058],[4.808,45.058],[4.807,45.057]]],[[[4.807,45.058],[4.807,45.06],[4.809,45.059],[4.808,45.058],[4.807,45.058]]],[[[4.828,45.062],[4.828,45.061],[4.828,45.06],[4.828,45.06],[4.828,45.06],[4.826,45.06],[4.826,45.061],[4.826,45.06],[4.825,45.061],[4.827,45.06],[4.827,45.059],[4.827,45.058],[4.827,45.057],[4.826,45.057],[4.826,45.056],[4.825,45.055],[4.825,45.056],[4.824,45.059],[4.824,45.061],[4.825,45.062],[4.826,45.062],[4.827,45.062],[4.828,45.062],[4.828,45.062]]],[[[4.828,45.06],[4.828,45.06],[4.828,45.06],[4.828,45.06],[4.828,45.06]]],[[[4.827,45.063],[4.83,45.062],[4.829,45.061],[4.829,45.061],[4.829,45.061],[4.829,45.062],[4.829,45.062],[4.827,45.063]]],[[[4.828,45.062],[4.826,45.062],[4.826,45.063],[4.827,45.063],[4.828,45.062]]],[[[4.807,45.063],[4.806,45.063],[4.806,45.063],[4.807,45.063],[4.806,45.064],[4.808,45.065],[4.808,45.062],[4.807,45.063]],[[4.807,45.063],[4.807,45.063],[4.807,45.063],[4.807,45.063]]],[[[4.828,45.064],[4.829,45.064],[4.829,45.064],[4.829,45.064],[4.829,45.064],[4.828,45.064]]],[[[4.829,45.064],[4.826,45.063],[4.828,45.065],[4.828,45.065],[4.828,45.064],[4.828,45.064],[4.828,45.064],[4.828,45.064],[4.828,45.064],[4.828,45.064],[4.828,45.064],[4.829,45.064]]],[[[4.828,45.064],[4.828,45.064],[4.828,45.064],[4.828,45.064],[4.828,45.064]]],[[[4.81,45.066],[4.809,45.064],[4.808,45.065],[4.81,45.066]]],[[[4.811,45.066],[4.812,45.067],[4.813,45.065],[4.812,45.065],[4.811,45.066]]],[[[4.828,45.068],[4.825,45.066],[4.825,45.066],[4.825,45.067],[4.826,45.068],[4.827,45.07],[4.828,45.068]]],[[[4.818,45.069],[4.818,45.068],[4.817,45.069],[4.818,45.069]]],[[[4.819,45.069],[4.819,45.07],[4.821,45.07],[4.819,45.069]]],[[[4.822,45.07],[4.821,45.069],[4.821,45.07],[4.821,45.07],[4.822,45.07]]],[[[4.812,45.079],[4.811,45.08],[4.811,45.08],[4.811,45.081],[4.813,45.08],[4.812,45.08],[4.813,45.079],[4.812,45.079]]],[[[4.813,45.081],[4.811,45.081],[4.811,45.081],[4.811,45.081],[4.81,45.081],[4.812,45.079],[4.811,45.078],[4.81,45.077],[4.809,45.078],[4.807,45.077],[4.806,45.081],[4.806,45.081],[4.807,45.081],[4.807,45.081],[4.807,45.081],[4.807,45.082],[4.806,45.081],[4.806,45.084],[4.808,45.084],[4.808,45.083],[4.809,45.082],[4.813,45.081]],[[4.809,45.081],[4.807,45.081],[4.809,45.08],[4.809,45.081]]],[[[4.812,45.083],[4.812,45.083],[4.813,45.083],[4.812,45.083]]],[[[4.813,45.084],[4.81,45.084],[4.808,45.085],[4.813,45.084]]],[[[4.81,45.085],[4.807,45.087],[4.807,45.087],[4.807,45.087],[4.807,45.088],[4.807,45.087],[4.805,45.087],[4.805,45.089],[4.809,45.09],[4.809,45.09],[4.809,45.089],[4.81,45.088],[4.81,45.088],[4.81,45.088],[4.81,45.088],[4.81,45.088],[4.81,45.088],[4.81,45.087],[4.811,45.087],[4.81,45.086],[4.811,45.085],[4.811,45.085],[4.811,45.085],[4.81,45.085]]],[[[4.818,45.091],[4.817,45.091],[4.817,45.09],[4.816,45.091],[4.817,45.091],[4.817,45.091],[4.816,45.09],[4.816,45.09],[4.816,45.09],[4.816,45.09],[4.816,45.09],[4.816,45.089],[4.816,45.09],[4.815,45.09],[4.815,45.091],[4.815,45.091],[4.815,45.091],[4.815,45.091],[4.815,45.09],[4.816,45.089],[4.816,45.089],[4.816,45.089],[4.816,45.09],[4.816,45.09],[4.817,45.091],[4.816,45.091],[4.817,45.09],[4.818,45.09],[4.817,45.087],[4.816,45.088],[4.813,45.088],[4.813,45.088],[4.813,45.088],[4.813,45.089],[4.813,45.089],[4.813,45.089],[4.813,45.088],[4.814,45.087],[4.813,45.087],[4.813,45.086],[4.813,45.086],[4.814,45.087],[4.814,45.088],[4.814,45.088],[4.814,45.086],[4.813,45.084],[4.81,45.085],[4.811,45.085],[4.81,45.086],[4.811,45.086],[4.811,45.087],[4.81,45.087],[4.811,45.087],[4.809,45.09],[4.809,45.09],[4.81,45.09],[4.81,45.09],[4.81,45.09],[4.809,45.09],[4.808,45.09],[4.81,45.091],[4.814,45.092],[4.815,45.094],[4.819,45.094],[4.818,45.091]],[[4.814,45.091],[4.814,45.091],[4.814,45.091],[4.814,45.091]]],[[[4.813,45.096],[4.813,45.096],[4.813,45.096],[4.814,45.096],[4.814,45.096],[4.814,45.096],[4.813,45.095],[4.813,45.096],[4.814,45.096],[4.813,45.096]]],[[[4.812,45.095],[4.809,45.094],[4.805,45.095],[4.804,45.098],[4.808,45.098],[4.808,45.096],[4.811,45.097],[4.812,45.096],[4.812,45.095],[4.812,45.095],[4.812,45.095]]],[[[4.814,45.096],[4.813,45.096],[4.813,45.096],[4.813,45.096],[4.813,45.097],[4.814,45.096]]],[[[4.816,45.096],[4.817,45.096],[4.817,45.096],[4.816,45.096]]],[[[4.814,45.096],[4.814,45.096],[4.814,45.096],[4.814,45.096]]],[[[4.814,45.096],[4.815,45.097],[4.816,45.096],[4.814,45.096]]],[[[4.813,45.097],[4.813,45.097],[4.813,45.096],[4.812,45.095],[4.812,45.096],[4.811,45.097],[4.812,45.097],[4.812,45.098],[4.812,45.098],[4.813,45.098],[4.813,45.097],[4.813,45.098],[4.813,45.097],[4.814,45.097],[4.814,45.097],[4.813,45.097],[4.813,45.097],[4.813,45.097]]],[[[4.817,45.098],[4.818,45.097],[4.817,45.097],[4.817,45.098]]],[[[4.812,45.099],[4.812,45.098],[4.811,45.097],[4.809,45.099],[4.81,45.1],[4.813,45.1],[4.812,45.099],[4.812,45.099]]],[[[4.818,45.099],[4.815,45.097],[4.813,45.099],[4.814,45.097],[4.815,45.097],[4.815,45.097],[4.814,45.096],[4.813,45.097],[4.814,45.097],[4.814,45.097],[4.812,45.099],[4.814,45.099],[4.814,45.1],[4.814,45.1],[4.814,45.099],[4.814,45.099],[4.814,45.099],[4.814,45.099],[4.815,45.099],[4.815,45.099],[4.815,45.1],[4.816,45.1],[4.816,45.1],[4.815,45.1],[4.815,45.101],[4.817,45.101],[4.816,45.101],[4.816,45.101],[4.818,45.1],[4.818,45.099]],[[4.817,45.099],[4.817,45.099],[4.817,45.099],[4.817,45.099]]],[[[4.815,45.1],[4.815,45.1],[4.815,45.1],[4.815,45.099],[4.814,45.099],[4.814,45.1],[4.814,45.1],[4.814,45.1],[4.814,45.1],[4.813,45.099],[4.812,45.099],[4.813,45.1],[4.815,45.1]]],[[[4.815,45.1],[4.815,45.1],[4.815,45.1],[4.815,45.1]]],[[[4.817,45.102],[4.811,45.103],[4.809,45.102],[4.808,45.104],[4.81,45.105],[4.81,45.104],[4.81,45.104],[4.809,45.104],[4.81,45.104],[4.813,45.103],[4.813,45.105],[4.814,45.106],[4.814,45.104],[4.814,45.104],[4.814,45.103],[4.815,45.102],[4.814,45.106],[4.817,45.102]]],[[[4.809,45.142],[4.809,45.141],[4.809,45.142],[4.809,45.142]]],[[[4.811,45.146],[4.811,45.145],[4.811,45.146],[4.811,45.146]]],[[[4.812,45.147],[4.811,45.147],[4.812,45.147],[4.812,45.147]]],[[[4.813,45.148],[4.812,45.147],[4.812,45.148],[4.813,45.148]]],[[[4.815,45.152],[4.814,45.151],[4.815,45.152],[4.815,45.152]]],[[[4.815,45.153],[4.815,45.152],[4.815,45.154],[4.815,45.153]]],[[[4.815,45.156],[4.815,45.154],[4.815,45.156],[4.815,45.156]]],[[[4.812,45.16],[4.811,45.16],[4.81,45.161],[4.81,45.161],[4.812,45.16]]],[[[4.811,45.16],[4.81,45.161],[4.81,45.162],[4.81,45.162],[4.81,45.161],[4.811,45.16]]],[[[4.856,44.916],[4.854,44.916],[4.854,44.92],[4.855,44.921],[4.855,44.921],[4.855,44.921],[4.856,44.921],[4.855,44.918],[4.856,44.916]]],[[[4.849,44.92],[4.847,44.918],[4.846,44.919],[4.848,44.921],[4.849,44.92]]],[[[4.852,44.923],[4.85,44.92],[4.849,44.921],[4.851,44.923],[4.852,44.923]]],[[[4.854,44.92],[4.851,44.921],[4.852,44.923],[4.853,44.922],[4.853,44.922],[4.852,44.922],[4.853,44.922],[4.855,44.923],[4.853,44.922],[4.852,44.923],[4.853,44.923],[4.854,44.924],[4.854,44.924],[4.854,44.924],[4.855,44.924],[4.854,44.924],[4.854,44.925],[4.855,44.927],[4.856,44.927],[4.857,44.921],[4.855,44.921],[4.854,44.92]]],[[[4.853,44.924],[4.851,44.93],[4.851,44.931],[4.853,44.931],[4.854,44.931],[4.854,44.93],[4.854,44.929],[4.854,44.926],[4.854,44.928],[4.856,44.928],[4.855,44.927],[4.855,44.926],[4.854,44.925],[4.853,44.923],[4.851,44.923],[4.852,44.923],[4.851,44.923],[4.853,44.924]],[[4.853,44.93],[4.854,44.93],[4.854,44.93],[4.853,44.93]],[[4.855,44.928],[4.855,44.927],[4.855,44.928],[4.855,44.928]]],[[[4.854,44.93],[4.854,44.93],[4.854,44.93],[4.854,44.931],[4.854,44.931],[4.855,44.93],[4.855,44.929],[4.854,44.928],[4.854,44.929],[4.854,44.93],[4.854,44.93]],[[4.855,44.929],[4.855,44.929],[4.855,44.929],[4.855,44.929]],[[4.854,44.93],[4.854,44.93],[4.854,44.93],[4.854,44.93]],[[4.855,44.93],[4.855,44.93],[4.855,44.93],[4.855,44.93]]],[[[4.855,44.932],[4.855,44.932],[4.855,44.933],[4.855,44.932]]],[[[4.856,44.937],[4.856,44.933],[4.855,44.933],[4.854,44.931],[4.851,44.931],[4.856,44.941],[4.856,44.939],[4.856,44.938],[4.856,44.938],[4.856,44.938],[4.856,44.937]],[[4.856,44.938],[4.856,44.938],[4.856,44.938],[4.856,44.938]]],[[[4.835,44.981],[4.834,44.981],[4.833,44.981],[4.833,44.981],[4.834,44.982],[4.836,44.981],[4.835,44.981]]],[[[4.841,44.982],[4.841,44.982],[4.841,44.982],[4.841,44.983],[4.839,44.985],[4.84,44.984],[4.842,44.984],[4.843,44.982],[4.841,44.982],[4.841,44.982]]],[[[4.843,44.982],[4.843,44.985],[4.844,44.985],[4.845,44.982],[4.843,44.982]]],[[[4.838,44.986],[4.84,44.984],[4.84,44.984],[4.839,44.985],[4.841,44.983],[4.84,44.982],[4.838,44.984],[4.837,44.984],[4.836,44.986],[4.836,44.986],[4.838,44.986]]],[[[4.836,44.984],[4.832,44.983],[4.831,44.985],[4.833,44.985],[4.834,44.985],[4.835,44.986],[4.836,44.984]]],[[[4.841,44.984],[4.84,44.985],[4.842,44.984],[4.841,44.984]]],[[[4.836,44.986],[4.836,44.986],[4.836,44.986],[4.836,44.986]]],[[[4.84,44.987],[4.836,44.986],[4.836,44.987],[4.84,44.987],[4.84,44.987]]],[[[4.84,44.994],[4.838,44.992],[4.837,44.993],[4.838,44.994],[4.838,44.993],[4.837,44.994],[4.838,44.995],[4.838,44.994],[4.839,44.997],[4.839,44.998],[4.839,44.996],[4.84,44.996],[4.84,44.995],[4.84,44.995],[4.84,44.995],[4.84,44.994]]],[[[4.842,44.994],[4.841,44.995],[4.84,44.994],[4.842,44.996],[4.842,44.995],[4.842,44.994]]],[[[4.843,44.995],[4.842,44.994],[4.842,44.995],[4.842,44.995],[4.842,44.996],[4.843,44.995]]],[[[4.836,44.998],[4.836,44.996],[4.834,44.995],[4.832,44.995],[4.832,44.996],[4.832,44.995],[4.827,44.994],[4.827,44.997],[4.832,44.997],[4.835,44.999],[4.837,44.999],[4.836,44.998]]],[[[4.841,44.996],[4.84,44.994],[4.84,44.996],[4.839,44.998],[4.837,44.995],[4.839,44.998],[4.84,44.999],[4.84,44.999],[4.841,44.999],[4.841,44.996]]],[[[4.842,44.998],[4.841,45.0],[4.843,44.998],[4.842,44.998]]],[[[4.841,44.999],[4.84,45.0],[4.841,44.999],[4.841,44.999]]],[[[4.84,45.0],[4.837,44.999],[4.837,45.0],[4.836,45.0],[4.835,45.0],[4.835,45.001],[4.835,45.0],[4.834,45.0],[4.826,44.999],[4.829,45.001],[4.837,45.002],[4.838,45.001],[4.84,45.002],[4.84,45.0]]],[[[4.834,45.004],[4.831,45.003],[4.83,45.004],[4.832,45.004],[4.832,45.005],[4.832,45.006],[4.832,45.006],[4.832,45.006],[4.833,45.006],[4.833,45.005],[4.833,45.005],[4.832,45.004],[4.833,45.004],[4.834,45.004],[4.834,45.005],[4.834,45.007],[4.834,45.007],[4.834,45.006],[4.835,45.005],[4.834,45.004]]],[[[4.836,45.005],[4.836,45.005],[4.836,45.005],[4.836,45.005]]],[[[4.833,45.007],[4.834,45.004],[4.833,45.004],[4.833,45.004],[4.833,45.005],[4.833,45.006],[4.832,45.006],[4.833,45.007]]],[[[4.835,45.006],[4.835,45.006],[4.835,45.005],[4.835,45.006]]],[[[4.831,45.008],[4.833,45.008],[4.833,45.008],[4.834,45.007],[4.833,45.007],[4.832,45.007],[4.831,45.006],[4.832,45.006],[4.832,45.004],[4.827,45.003],[4.828,45.004],[4.831,45.006],[4.829,45.008],[4.831,45.008]]],[[[4.834,45.006],[4.834,45.006],[4.834,45.006],[4.834,45.006]]],[[[4.832,45.007],[4.832,45.006],[4.832,45.007],[4.832,45.007]]],[[[4.834,45.007],[4.834,45.008],[4.834,45.007],[4.834,45.007],[4.834,45.007]]],[[[4.827,45.008],[4.827,45.008],[4.828,45.009],[4.83,45.008],[4.833,45.008],[4.827,45.008]]],[[[4.829,45.013],[4.826,45.013],[4.826,45.013],[4.829,45.013],[4.829,45.013],[4.829,45.013]]],[[[4.831,45.011],[4.829,45.012],[4.83,45.013],[4.83,45.014],[4.83,45.013],[4.83,45.014],[4.831,45.015],[4.831,45.014],[4.831,45.015],[4.832,45.017],[4.833,45.017],[4.833,45.013],[4.831,45.013],[4.83,45.013],[4.83,45.013],[4.833,45.013],[4.833,45.011],[4.831,45.011]]],[[[4.831,45.015],[4.83,45.015],[4.83,45.014],[4.83,45.014],[4.83,45.013],[4.829,45.013],[4.829,45.013],[4.828,45.014],[4.832,45.017],[4.831,45.015]]],[[[4.835,45.015],[4.835,45.016],[4.835,45.016],[4.834,45.016],[4.834,45.018],[4.837,45.015],[4.835,45.015]]],[[[4.833,45.015],[4.833,45.017],[4.834,45.018],[4.833,45.015]]],[[[4.834,45.019],[4.833,45.018],[4.834,45.019],[4.834,45.019]]],[[[4.832,45.021],[4.832,45.02],[4.833,45.02],[4.832,45.019],[4.831,45.019],[4.831,45.019],[4.83,45.021],[4.83,45.021],[4.83,45.021],[4.831,45.019],[4.833,45.018],[4.833,45.017],[4.831,45.017],[4.83,45.019],[4.827,45.019],[4.827,45.022],[4.832,45.023],[4.832,45.021],[4.831,45.021],[4.832,45.021]],[[4.831,45.022],[4.831,45.022],[4.832,45.022],[4.831,45.022]]],[[[4.834,45.02],[4.833,45.02],[4.833,45.02],[4.834,45.02]]],[[[4.833,45.021],[4.834,45.021],[4.834,45.02],[4.833,45.02],[4.833,45.021]]],[[[4.832,45.023],[4.829,45.023],[4.827,45.022],[4.827,45.023],[4.831,45.024],[4.832,45.023]]],[[[4.832,45.023],[4.832,45.024],[4.833,45.023],[4.832,45.023]]],[[[4.832,45.025],[4.833,45.025],[4.833,45.025],[4.832,45.025]]],[[[4.831,45.025],[4.83,45.025],[4.831,45.026],[4.831,45.025]]],[[[4.831,45.025],[4.829,45.026],[4.829,45.027],[4.828,45.029],[4.829,45.029],[4.829,45.028],[4.83,45.027],[4.83,45.027],[4.83,45.026],[4.83,45.026],[4.83,45.025],[4.831,45.025]]],[[[4.831,45.027],[4.83,45.027],[4.829,45.028],[4.831,45.027]]],[[[4.831,45.028],[4.831,45.028],[4.831,45.028],[4.831,45.028]]],[[[4.83,45.028],[4.83,45.028],[4.83,45.028],[4.83,45.028]]],[[[4.831,45.028],[4.831,45.029],[4.831,45.028],[4.831,45.028]]],[[[4.834,45.028],[4.831,45.028],[4.831,45.029],[4.834,45.028]]],[[[4.83,45.029],[4.83,45.029],[4.829,45.029],[4.83,45.029]]],[[[4.833,45.029],[4.832,45.029],[4.831,45.029],[4.831,45.03],[4.832,45.03],[4.833,45.029],[4.833,45.029]]],[[[4.834,45.029],[4.833,45.029],[4.833,45.03],[4.832,45.03],[4.83,45.03],[4.83,45.031],[4.833,45.031],[4.834,45.029]],[[4.833,45.03],[4.833,45.03],[4.833,45.03],[4.833,45.03]]],[[[4.83,45.03],[4.829,45.03],[4.83,45.03],[4.83,45.03],[4.83,45.03]]],[[[4.828,45.034],[4.828,45.035],[4.829,45.035],[4.829,45.034],[4.828,45.034]]],[[[4.831,45.042],[4.83,45.042],[4.83,45.042],[4.831,45.042],[4.831,45.042]]],[[[4.829,45.042],[4.828,45.042],[4.829,45.043],[4.829,45.042]]],[[[4.833,45.043],[4.831,45.041],[4.832,45.043],[4.832,45.042],[4.83,45.042],[4.831,45.044],[4.833,45.043]]],[[[4.829,45.043],[4.83,45.042],[4.829,45.042],[4.829,45.043]]],[[[4.833,45.043],[4.831,45.044],[4.832,45.045],[4.834,45.044],[4.834,45.043],[4.833,45.043]]],[[[4.831,45.044],[4.83,45.045],[4.832,45.045],[4.832,45.044],[4.831,45.044]]],[[[4.83,45.046],[4.83,45.047],[4.83,45.047],[4.831,45.047],[4.831,45.046],[4.832,45.045],[4.83,45.046]]],[[[4.833,45.047],[4.832,45.046],[4.831,45.047],[4.83,45.047],[4.83,45.049],[4.832,45.049],[4.832,45.047],[4.833,45.047]]],[[[4.828,45.051],[4.828,45.052],[4.829,45.053],[4.829,45.054],[4.831,45.053],[4.829,45.052],[4.829,45.051],[4.828,45.051]]],[[[4.831,45.054],[4.83,45.054],[4.829,45.054],[4.829,45.055],[4.831,45.054]]],[[[4.831,45.054],[4.829,45.055],[4.83,45.055],[4.83,45.056],[4.83,45.056],[4.831,45.056],[4.831,45.055],[4.832,45.055],[4.831,45.054]]],[[[4.83,45.055],[4.829,45.055],[4.828,45.055],[4.829,45.055],[4.829,45.056],[4.83,45.055]]],[[[4.832,45.056],[4.831,45.056],[4.83,45.056],[4.831,45.056],[4.831,45.057],[4.832,45.056]]],[[[4.832,45.056],[4.832,45.057],[4.833,45.057],[4.832,45.056]]],[[[4.832,45.057],[4.83,45.056],[4.829,45.056],[4.83,45.056],[4.831,45.057],[4.831,45.057],[4.831,45.057],[4.832,45.057],[4.832,45.057]]],[[[4.837,45.057],[4.835,45.056],[4.833,45.057],[4.833,45.057],[4.837,45.057]]],[[[4.832,45.057],[4.829,45.056],[4.826,45.057],[4.827,45.057],[4.828,45.06],[4.829,45.058],[4.83,45.057],[4.83,45.057],[4.831,45.057],[4.831,45.057],[4.831,45.058],[4.832,45.057]]],[[[4.833,45.063],[4.832,45.058],[4.83,45.057],[4.828,45.06],[4.828,45.06],[4.828,45.06],[4.83,45.058],[4.83,45.058],[4.831,45.059],[4.832,45.061],[4.832,45.062],[4.832,45.062],[4.832,45.062],[4.832,45.063],[4.833,45.063]]],[[[4.832,45.063],[4.831,45.059],[4.83,45.058],[4.828,45.062],[4.829,45.061],[4.83,45.061],[4.83,45.062],[4.83,45.062],[4.83,45.062],[4.83,45.062],[4.83,45.061],[4.831,45.061],[4.831,45.061],[4.83,45.062],[4.832,45.063]]],[[[4.831,45.065],[4.83,45.064],[4.828,45.064],[4.828,45.065],[4.828,45.066],[4.83,45.066],[4.831,45.065]]],[[[4.831,45.065],[4.831,45.067],[4.831,45.065],[4.831,45.065]]]]}},{"type":"Feature","properties":{"id_app":285,"app":"Saint-Péray","denom":"Saint-Péray","hierarchy":"AOC","dt":"Valence","dept":"07"},"geometry":{"type":"MultiPolygon","coordinates":[[[[4.782,44.917],[4.782,44.917],[4.782,44.917],[4.782,44.917],[4.782,44.917]]],[[[4.782,44.918],[4.783,44.917],[4.782,44.917],[4.782,44.918]]],[[[4.788,44.918],[4.788,44.919],[4.789,44.918],[4.788,44.918]]],[[[4.787,44.919],[4.787,44.918],[4.786,44.918],[4.787,44.919]]],[[[4.784,44.918],[4.783,44.917],[4.782,44.918],[4.784,44.921],[4.785,44.921],[4.784,44.918]]],[[[4.787,44.918],[4.787,44.919],[4.788,44.92],[4.788,44.918],[4.787,44.918]]],[[[4.784,44.918],[4.785,44.919],[4.785,44.921],[4.785,44.921],[4.787,44.922],[4.788,44.92],[4.787,44.919],[4.786,44.918],[4.784,44.918]]],[[[4.784,44.934],[4.783,44.934],[4.785,44.934],[4.784,44.934]]],[[[4.788,44.936],[4.789,44.935],[4.789,44.933],[4.789,44.931],[4.784,44.933],[4.783,44.933],[4.785,44.934],[4.785,44.934],[4.785,44.934],[4.786,44.934],[4.786,44.934],[4.787,44.934],[4.787,44.934],[4.787,44.936],[4.787,44.936],[4.788,44.936]]],[[[4.792,44.933],[4.79,44.932],[4.789,44.933],[4.789,44.934],[4.791,44.935],[4.789,44.935],[4.791,44.936],[4.792,44.933]]],[[[4.787,44.934],[4.785,44.934],[4.786,44.935],[4.785,44.935],[4.783,44.934],[4.783,44.935],[4.784,44.935],[4.787,44.936],[4.787,44.934]]],[[[4.788,44.937],[4.789,44.936],[4.789,44.935],[4.789,44.935],[4.787,44.937],[4.788,44.937]]],[[[4.787,44.937],[4.788,44.936],[4.789,44.935],[4.787,44.936],[4.787,44.937]]],[[[4.787,44.937],[4.787,44.936],[4.783,44.935],[4.783,44.936],[4.786,44.936],[4.785,44.937],[4.787,44.937]]],[[[4.791,44.937],[4.791,44.936],[4.79,44.935],[4.791,44.937]]],[[[4.79,44.937],[4.79,44.935],[4.789,44.935],[4.789,44.937],[4.79,44.937]]],[[[4.789,44.937],[4.789,44.936],[4.788,44.937],[4.789,44.937]]],[[[4.791,44.937],[4.79,44.937],[4.79,44.938],[4.791,44.937]]],[[[4.787,44.938],[4.785,44.937],[4.784,44.937],[4.787,44.938]]],[[[4.784,44.937],[4.783,44.937],[4.784,44.939],[4.785,44.939],[4.786,44.938],[4.787,44.938],[4.784,44.937]]],[[[4.786,44.938],[4.785,44.939],[4.784,44.939],[4.784,44.939],[4.787,44.939],[4.786,44.938]]],[[[4.791,44.939],[4.791,44.939],[4.79,44.939],[4.79,44.939],[4.787,44.937],[4.787,44.938],[4.788,44.94],[4.786,44.942],[4.788,44.942],[4.791,44.939],[4.791,44.939],[4.792,44.939],[4.792,44.939],[4.791,44.939]]],[[[4.785,44.94],[4.786,44.94],[4.787,44.94],[4.785,44.94]]],[[[4.786,44.94],[4.787,44.94],[4.787,44.94],[4.786,44.94]]],[[[4.787,44.94],[4.787,44.94],[4.786,44.94],[4.787,44.94]]],[[[4.785,44.94],[4.786,44.941],[4.787,44.941],[4.786,44.94],[4.785,44.94]]],[[[4.786,44.942],[4.786,44.941],[4.786,44.941],[4.785,44.941],[4.785,44.94],[4.784,44.939],[4.782,44.941],[4.786,44.941],[4.782,44.941],[4.782,44.941],[4.786,44.943],[4.786,44.942]]],[[[4.788,44.942],[4.788,44.942],[4.787,44.942],[4.788,44.942],[4.789,44.942],[4.788,44.942]]],[[[4.792,44.942],[4.79,44.941],[4.789,44.942],[4.789,44.942],[4.789,44.942],[4.79,44.943],[4.791,44.941],[4.791,44.943],[4.792,44.942]]],[[[4.792,44.942],[4.792,44.942],[4.793,44.942],[4.792,44.942]]],[[[4.79,44.943],[4.787,44.942],[4.786,44.942],[4.786,44.942],[4.786,44.942],[4.787,44.942],[4.787,44.942],[4.787,44.943],[4.788,44.942],[4.789,44.943],[4.79,44.943],[4.79,44.943]]],[[[4.791,44.943],[4.79,44.943],[4.791,44.943],[4.791,44.942],[4.791,44.943]]],[[[4.79,44.943],[4.79,44.943],[4.79,44.943],[4.79,44.943]]],[[[4.793,44.943],[4.792,44.942],[4.792,44.943],[4.792,44.942],[4.791,44.943],[4.792,44.943],[4.793,44.943]]],[[[4.784,44.944],[4.785,44.943],[4.782,44.941],[4.782,44.944],[4.784,44.944],[4.784,44.944]]],[[[4.785,44.943],[4.786,44.943],[4.785,44.943],[4.785,44.943]]],[[[4.791,44.944],[4.79,44.943],[4.79,44.943],[4.787,44.943],[4.789,44.944],[4.792,44.945],[4.791,44.944]]],[[[4.792,44.945],[4.787,44.943],[4.787,44.945],[4.787,44.942],[4.786,44.942],[4.786,44.943],[4.786,44.943],[4.786,44.943],[4.787,44.945],[4.788,44.946],[4.788,44.946],[4.789,44.946],[4.79,44.946],[4.791,44.946],[4.791,44.946],[4.792,44.945]]],[[[4.794,44.945],[4.793,44.944],[4.793,44.943],[4.791,44.943],[4.79,44.943],[4.791,44.944],[4.791,44.944],[4.792,44.945],[4.792,44.945],[4.792,44.946],[4.793,44.946],[4.794,44.945],[4.792,44.945],[4.793,44.945],[4.794,44.945],[4.794,44.945],[4.794,44.945]]],[[[4.783,44.945],[4.784,44.944],[4.783,44.945],[4.783,44.945]]],[[[4.787,44.945],[4.786,44.944],[4.786,44.944],[4.785,44.944],[4.786,44.944],[4.786,44.944],[4.787,44.945],[4.788,44.946],[4.787,44.945]]],[[[4.782,44.944],[4.782,44.945],[4.783,44.945],[4.783,44.945],[4.782,44.944]]],[[[4.786,44.944],[4.784,44.944],[4.783,44.946],[4.782,44.946],[4.783,44.946],[4.782,44.946],[4.783,44.947],[4.783,44.946],[4.784,44.945],[4.784,44.945],[4.784,44.944],[4.785,44.944],[4.785,44.944],[4.786,44.944]]],[[[4.792,44.945],[4.791,44.945],[4.792,44.945],[4.792,44.946],[4.792,44.945]]],[[[4.782,44.946],[4.783,44.945],[4.782,44.945],[4.782,44.946]]],[[[4.788,44.946],[4.787,44.945],[4.786,44.944],[4.785,44.944],[4.784,44.945],[4.783,44.947],[4.787,44.948],[4.788,44.946]]],[[[4.788,44.946],[4.79,44.946],[4.788,44.946],[4.788,44.946],[4.788,44.946]]],[[[4.789,44.946],[4.79,44.946],[4.791,44.946],[4.792,44.947],[4.792,44.946],[4.791,44.946],[4.789,44.946]]],[[[4.793,44.946],[4.792,44.946],[4.792,44.947],[4.793,44.946]]],[[[4.792,44.947],[4.792,44.947],[4.792,44.947],[4.792,44.947]]],[[[4.788,44.947],[4.789,44.949],[4.79,44.949],[4.79,44.949],[4.791,44.95],[4.792,44.947],[4.791,44.947],[4.79,44.948],[4.79,44.949],[4.79,44.949],[4.79,44.948],[4.79,44.947],[4.791,44.947],[4.791,44.947],[4.79,44.946],[4.789,44.947],[4.79,44.946],[4.788,44.947]]],[[[4.791,44.95],[4.789,44.949],[4.788,44.946],[4.787,44.948],[4.788,44.948],[4.788,44.949],[4.789,44.949],[4.79,44.95],[4.788,44.949],[4.79,44.951],[4.791,44.95]]],[[[4.792,44.95],[4.791,44.95],[4.792,44.95],[4.792,44.95]]],[[[4.792,44.95],[4.792,44.95],[4.792,44.95],[4.792,44.95]]],[[[4.794,44.95],[4.793,44.95],[4.793,44.95],[4.792,44.95],[4.793,44.951],[4.793,44.951],[4.791,44.95],[4.79,44.951],[4.791,44.951],[4.792,44.951],[4.794,44.951],[4.794,44.95]]],[[[4.795,44.956],[4.795,44.954],[4.794,44.954],[4.793,44.954],[4.793,44.954],[4.793,44.954],[4.794,44.952],[4.794,44.952],[4.794,44.951],[4.794,44.951],[4.792,44.951],[4.791,44.951],[4.79,44.951],[4.792,44.955],[4.794,44.955],[4.795,44.956]]],[[[4.795,44.919],[4.796,44.923],[4.797,44.923],[4.796,44.92],[4.797,44.921],[4.797,44.919],[4.797,44.922],[4.798,44.922],[4.799,44.919],[4.799,44.921],[4.8,44.92],[4.799,44.921],[4.8,44.92],[4.801,44.92],[4.798,44.922],[4.8,44.923],[4.801,44.921],[4.8,44.923],[4.802,44.922],[4.802,44.921],[4.801,44.923],[4.801,44.923],[4.803,44.922],[4.801,44.923],[4.801,44.924],[4.803,44.925],[4.804,44.923],[4.805,44.925],[4.807,44.925],[4.807,44.924],[4.808,44.925],[4.81,44.925],[4.81,44.924],[4.809,44.923],[4.808,44.923],[4.808,44.923],[4.81,44.924],[4.81,44.924],[4.81,44.923],[4.806,44.923],[4.804,44.921],[4.799,44.919],[4.789,44.918],[4.788,44.92],[4.792,44.921],[4.793,44.92],[4.793,44.919],[4.792,44.921],[4.793,44.922],[4.795,44.922],[4.794,44.921],[4.795,44.919]],[[4.795,44.919],[4.795,44.919],[4.795,44.919],[4.795,44.919]]],[[[4.804,44.924],[4.803,44.925],[4.805,44.924],[4.804,44.924]]],[[[4.803,44.925],[4.803,44.925],[4.801,44.924],[4.801,44.923],[4.799,44.923],[4.8,44.924],[4.801,44.925],[4.802,44.925],[4.803,44.925],[4.803,44.926],[4.803,44.925]]],[[[4.803,44.925],[4.801,44.925],[4.799,44.923],[4.797,44.924],[4.795,44.926],[4.796,44.926],[4.797,44.927],[4.798,44.928],[4.798,44.929],[4.798,44.929],[4.799,44.929],[4.799,44.927],[4.801,44.929],[4.801,44.928],[4.801,44.927],[4.8,44.927],[4.801,44.927],[4.8,44.927],[4.802,44.927],[4.802,44.927],[4.803,44.926],[4.803,44.925]]],[[[4.803,44.926],[4.803,44.926],[4.803,44.926],[4.803,44.926]]],[[[4.798,44.929],[4.795,44.926],[4.792,44.927],[4.792,44.927],[4.794,44.928],[4.795,44.929],[4.795,44.929],[4.798,44.929]]],[[[4.805,44.927],[4.804,44.928],[4.803,44.926],[4.802,44.927],[4.802,44.928],[4.802,44.929],[4.802,44.927],[4.801,44.929],[4.802,44.929],[4.804,44.928],[4.804,44.928],[4.805,44.928],[4.805,44.927]]],[[[4.795,44.93],[4.795,44.929],[4.792,44.927],[4.791,44.929],[4.793,44.929],[4.795,44.93]]],[[[4.795,44.93],[4.791,44.929],[4.79,44.931],[4.792,44.932],[4.79,44.931],[4.792,44.933],[4.794,44.933],[4.793,44.931],[4.793,44.93],[4.795,44.93]]],[[[4.798,44.933],[4.798,44.933],[4.798,44.933],[4.798,44.933]]],[[[4.796,44.935],[4.794,44.933],[4.792,44.933],[4.796,44.935]]],[[[4.794,44.935],[4.793,44.934],[4.792,44.935],[4.793,44.935],[4.794,44.935],[4.794,44.935]]],[[[4.794,44.935],[4.795,44.935],[4.794,44.935],[4.794,44.935]]],[[[4.798,44.933],[4.796,44.932],[4.795,44.931],[4.793,44.931],[4.796,44.935],[4.796,44.935],[4.794,44.936],[4.793,44.935],[4.791,44.938],[4.788,44.937],[4.787,44.937],[4.787,44.937],[4.788,44.937],[4.789,44.938],[4.79,44.939],[4.791,44.939],[4.791,44.939],[4.792,44.939],[4.793,44.94],[4.795,44.938],[4.797,44.937],[4.798,44.937],[4.795,44.938],[4.794,44.939],[4.793,44.94],[4.791,44.939],[4.788,44.942],[4.791,44.941],[4.794,44.942],[4.795,44.941],[4.796,44.941],[4.798,44.941],[4.798,44.939],[4.799,44.939],[4.799,44.938],[4.8,44.937],[4.799,44.936],[4.799,44.935],[4.799,44.934],[4.798,44.934],[4.798,44.933]]],[[[4.812,44.941],[4.812,44.94],[4.811,44.939],[4.811,44.939],[4.811,44.938],[4.81,44.938],[4.808,44.938],[4.803,44.938],[4.8,44.937],[4.798,44.941],[4.795,44.941],[4.795,44.942],[4.795,44.942],[4.796,44.942],[4.798,44.944],[4.799,44.943],[4.8,44.943],[4.802,44.944],[4.802,44.943],[4.802,44.944],[4.799,44.943],[4.802,44.944],[4.803,44.943],[4.803,44.943],[4.802,44.942],[4.803,44.943],[4.805,44.942],[4.807,44.941],[4.809,44.941],[4.81,44.941],[4.81,44.941],[4.812,44.941],[4.813,44.941],[4.812,44.941]]],[[[4.793,44.942],[4.794,44.943],[4.793,44.942],[4.793,44.942]]],[[[4.805,44.943],[4.803,44.943],[4.804,44.944],[4.805,44.943]]],[[[4.797,44.943],[4.795,44.942],[4.794,44.942],[4.795,44.942],[4.793,44.944],[4.794,44.945],[4.794,44.944],[4.794,44.944],[4.794,44.945],[4.795,44.945],[4.795,44.945],[4.796,44.945],[4.796,44.944],[4.796,44.944],[4.797,44.943]]],[[[4.802,44.944],[4.799,44.943],[4.799,44.944],[4.8,44.944],[4.801,44.944],[4.801,44.944],[4.802,44.944]]],[[[4.803,44.944],[4.803,44.944],[4.803,44.944],[4.803,44.944]]],[[[4.803,44.943],[4.803,44.944],[4.803,44.945],[4.804,44.944],[4.803,44.943]]],[[[4.801,44.944],[4.796,44.944],[4.796,44.945],[4.795,44.945],[4.797,44.945],[4.799,44.945],[4.798,44.944],[4.801,44.944]]],[[[4.802,44.944],[4.802,44.945],[4.803,44.944],[4.802,44.944],[4.802,44.944]]],[[[4.801,44.945],[4.801,44.944],[4.799,44.945],[4.801,44.945]]],[[[4.803,44.945],[4.803,44.945],[4.803,44.945],[4.803,44.945]]],[[[4.803,44.945],[4.802,44.945],[4.802,44.945],[4.803,44.945]]],[[[4.801,44.945],[4.799,44.945],[4.799,44.946],[4.799,44.946],[4.801,44.946],[4.801,44.945],[4.802,44.945],[4.801,44.945]]],[[[4.804,44.946],[4.803,44.945],[4.802,44.945],[4.802,44.945],[4.802,44.945],[4.802,44.945],[4.803,44.946],[4.804,44.946]]],[[[4.795,44.946],[4.795,44.946],[4.795,44.945],[4.795,44.945],[4.792,44.947],[4.794,44.946],[4.794,44.946],[4.795,44.947],[4.796,44.946],[4.795,44.946]]],[[[4.799,44.947],[4.797,44.945],[4.797,44.946],[4.797,44.945],[4.795,44.946],[4.796,44.946],[4.796,44.946],[4.797,44.946],[4.798,44.947],[4.799,44.948],[4.799,44.948],[4.799,44.947]]],[[[4.803,44.947],[4.803,44.946],[4.803,44.946],[4.803,44.947]]],[[[4.803,44.947],[4.802,44.945],[4.802,44.946],[4.802,44.947],[4.801,44.948],[4.802,44.948],[4.802,44.947],[4.802,44.947],[4.803,44.947]]],[[[4.8,44.948],[4.801,44.949],[4.801,44.946],[4.802,44.945],[4.801,44.945],[4.801,44.946],[4.8,44.946],[4.799,44.946],[4.799,44.948],[4.8,44.948]]],[[[4.799,44.948],[4.799,44.948],[4.8,44.948],[4.799,44.948]]],[[[4.802,44.948],[4.801,44.949],[4.802,44.948],[4.802,44.948]]],[[[4.801,44.948],[4.799,44.948],[4.799,44.95],[4.798,44.95],[4.798,44.949],[4.796,44.95],[4.796,44.95],[4.798,44.949],[4.796,44.949],[4.798,44.949],[4.798,44.948],[4.796,44.946],[4.796,44.948],[4.795,44.949],[4.796,44.947],[4.794,44.946],[4.792,44.947],[4.792,44.949],[4.792,44.95],[4.792,44.95],[4.793,44.95],[4.793,44.95],[4.794,44.95],[4.794,44.95],[4.795,44.952],[4.796,44.951],[4.796,44.951],[4.796,44.951],[4.796,44.951],[4.795,44.951],[4.796,44.951],[4.797,44.951],[4.797,44.951],[4.799,44.951],[4.799,44.95],[4.798,44.95],[4.798,44.95],[4.801,44.95],[4.801,44.948]]],[[[4.797,44.953],[4.799,44.951],[4.797,44.951],[4.795,44.952],[4.796,44.952],[4.797,44.953]]],[[[4.808,44.949],[4.807,44.948],[4.807,44.947],[4.806,44.946],[4.806,44.946],[4.806,44.945],[4.806,44.945],[4.804,44.944],[4.803,44.945],[4.803,44.945],[4.804,44.945],[4.803,44.945],[4.804,44.946],[4.805,44.947],[4.805,44.946],[4.806,44.947],[4.805,44.947],[4.806,44.947],[4.807,44.948],[4.804,44.946],[4.805,44.948],[4.804,44.947],[4.803,44.947],[4.803,44.948],[4.803,44.947],[4.802,44.947],[4.804,44.951],[4.802,44.948],[4.801,44.949],[4.801,44.95],[4.801,44.95],[4.801,44.951],[4.801,44.952],[4.801,44.952],[4.8,44.953],[4.803,44.955],[4.801,44.954],[4.8,44.954],[4.8,44.954],[4.799,44.954],[4.799,44.955],[4.8,44.955],[4.799,44.956],[4.799,44.957],[4.8,44.955],[4.802,44.955],[4.803,44.956],[4.803,44.956],[4.804,44.954],[4.804,44.954],[4.803,44.956],[4.802,44.957],[4.802,44.959],[4.803,44.958],[4.805,44.958],[4.806,44.958],[4.802,44.957],[4.806,44.955],[4.805,44.954],[4.805,44.954],[4.805,44.953],[4.805,44.953],[4.805,44.952],[4.804,44.952],[4.803,44.952],[4.803,44.952],[4.803,44.952],[4.804,44.951],[4.807,44.95],[4.807,44.95],[4.808,44.95],[4.808,44.949]]],[[[4.795,44.952],[4.795,44.952],[4.795,44.951],[4.795,44.952]]],[[[4.795,44.952],[4.795,44.952],[4.796,44.952],[4.795,44.952]]],[[[4.801,44.95],[4.799,44.95],[4.799,44.952],[4.797,44.953],[4.798,44.953],[4.799,44.954],[4.801,44.952],[4.8,44.952],[4.801,44.95],[4.801,44.95]]],[[[4.795,44.952],[4.795,44.952],[4.795,44.952],[4.795,44.952]]],[[[4.795,44.953],[4.793,44.954],[4.794,44.954],[4.795,44.954],[4.795,44.953]]],[[[4.801,44.954],[4.8,44.953],[4.799,44.954],[4.8,44.954],[4.801,44.954]]],[[[4.795,44.952],[4.795,44.954],[4.795,44.954],[4.796,44.955],[4.796,44.955],[4.796,44.955],[4.799,44.954],[4.798,44.953],[4.797,44.953],[4.797,44.953],[4.795,44.952]]],[[[4.796,44.955],[4.795,44.954],[4.795,44.956],[4.796,44.955]]],[[[4.793,44.955],[4.794,44.955],[4.792,44.955],[4.792,44.955],[4.793,44.955]]],[[[4.795,44.956],[4.794,44.956],[4.795,44.956],[4.795,44.956]]],[[[4.799,44.955],[4.799,44.954],[4.798,44.955],[4.797,44.956],[4.797,44.957],[4.798,44.957],[4.799,44.957],[4.799,44.955]]],[[[4.796,44.956],[4.796,44.956],[4.796,44.956],[4.796,44.956]]],[[[4.796,44.956],[4.795,44.956],[4.795,44.956],[4.794,44.956],[4.795,44.956],[4.796,44.956]]],[[[4.798,44.955],[4.796,44.956],[4.796,44.956],[4.796,44.957],[4.797,44.957],[4.798,44.955]]],[[[4.792,44.955],[4.792,44.958],[4.794,44.959],[4.793,44.958],[4.794,44.958],[4.794,44.957],[4.795,44.956],[4.792,44.955]]],[[[4.803,44.956],[4.8,44.955],[4.798,44.957],[4.798,44.957],[4.797,44.957],[4.796,44.956],[4.794,44.956],[4.794,44.959],[4.795,44.959],[4.799,44.957],[4.795,44.959],[4.795,44.959],[4.798,44.96],[4.798,44.959],[4.798,44.959],[4.798,44.958],[4.799,44.958],[4.8,44.958],[4.801,44.959],[4.802,44.959],[4.802,44.959],[4.802,44.957],[4.803,44.956]]],[[[4.8,44.958],[4.798,44.959],[4.798,44.96],[4.8,44.96],[4.801,44.959],[4.8,44.958]]],[[[4.809,44.958],[4.808,44.958],[4.808,44.958],[4.803,44.958],[4.802,44.96],[4.802,44.959],[4.801,44.96],[4.8,44.96],[4.8,44.96],[4.806,44.962],[4.806,44.961],[4.807,44.96],[4.806,44.96],[4.805,44.96],[4.807,44.96],[4.808,44.959],[4.806,44.959],[4.805,44.959],[4.804,44.959],[4.806,44.959],[4.808,44.959],[4.809,44.958]]],[[[4.815,44.921],[4.813,44.92],[4.812,44.92],[4.811,44.921],[4.811,44.921],[4.81,44.92],[4.81,44.92],[4.81,44.92],[4.81,44.92],[4.81,44.92],[4.81,44.92],[4.81,44.92],[4.811,44.921],[4.813,44.919],[4.81,44.918],[4.809,44.919],[4.805,44.919],[4.807,44.922],[4.811,44.921],[4.813,44.922],[4.814,44.921],[4.815,44.921],[4.815,44.921],[4.815,44.921]],[[4.81,44.92],[4.81,44.92],[4.81,44.92],[4.81,44.92]],[[4.809,44.92],[4.809,44.92],[4.81,44.92],[4.809,44.92]],[[4.811,44.921],[4.811,44.921],[4.811,44.921],[4.811,44.921]]],[[[4.813,44.922],[4.81,44.923],[4.81,44.924],[4.812,44.924],[4.811,44.925],[4.812,44.924],[4.812,44.923],[4.813,44.923],[4.813,44.922],[4.813,44.923],[4.815,44.923],[4.815,44.921],[4.814,44.921],[4.813,44.922]],[[4.813,44.922],[4.813,44.922],[4.813,44.922],[4.813,44.922]],[[4.814,44.922],[4.814,44.922],[4.814,44.922],[4.814,44.922]]],[[[4.81,44.924],[4.81,44.924],[4.81,44.924],[4.81,44.924]]],[[[4.811,44.925],[4.813,44.925],[4.813,44.924],[4.812,44.924],[4.812,44.925],[4.811,44.925]]],[[[4.811,44.925],[4.811,44.924],[4.81,44.924],[4.811,44.925]]],[[[4.81,44.925],[4.81,44.925],[4.81,44.924],[4.81,44.925],[4.81,44.925]]],[[[4.812,44.925],[4.81,44.924],[4.811,44.925],[4.81,44.925],[4.812,44.925]]],[[[4.808,44.925],[4.808,44.926],[4.809,44.926],[4.809,44.926],[4.81,44.925],[4.808,44.925]]],[[[4.808,44.925],[4.805,44.925],[4.805,44.924],[4.803,44.925],[4.804,44.926],[4.808,44.926],[4.808,44.925]]],[[[4.81,44.925],[4.809,44.926],[4.809,44.926],[4.808,44.926],[4.809,44.926],[4.809,44.926],[4.81,44.925]]],[[[4.808,44.926],[4.807,44.926],[4.808,44.926],[4.809,44.926],[4.808,44.926]]],[[[4.81,44.926],[4.809,44.926],[4.81,44.926],[4.81,44.926],[4.81,44.926]]],[[[4.806,44.926],[4.807,44.926],[4.806,44.926],[4.806,44.926]]],[[[4.806,44.926],[4.805,44.926],[4.805,44.926],[4.806,44.926]]],[[[4.805,44.927],[4.804,44.926],[4.804,44.927],[4.805,44.927]]],[[[4.811,44.926],[4.809,44.926],[4.809,44.927],[4.809,44.929],[4.809,44.926],[4.808,44.926],[4.807,44.926],[4.807,44.927],[4.808,44.928],[4.807,44.927],[4.807,44.928],[4.807,44.926],[4.806,44.926],[4.806,44.927],[4.806,44.929],[4.806,44.926],[4.805,44.927],[4.805,44.928],[4.805,44.929],[4.806,44.929],[4.808,44.929],[4.808,44.929],[4.809,44.929],[4.81,44.929],[4.81,44.929],[4.81,44.928],[4.811,44.926]]],[[[4.815,44.932],[4.811,44.93],[4.81,44.931],[4.808,44.931],[4.808,44.931],[4.809,44.93],[4.808,44.929],[4.807,44.929],[4.806,44.929],[4.807,44.929],[4.807,44.929],[4.807,44.929],[4.807,44.93],[4.805,44.931],[4.805,44.931],[4.805,44.931],[4.806,44.932],[4.806,44.932],[4.807,44.934],[4.808,44.934],[4.809,44.934],[4.809,44.934],[4.809,44.935],[4.809,44.935],[4.81,44.934],[4.811,44.934],[4.811,44.933],[4.812,44.933],[4.813,44.934],[4.813,44.933],[4.813,44.933],[4.814,44.933],[4.815,44.932]]],[[[4.829,44.937],[4.828,44.936],[4.827,44.936],[4.826,44.936],[4.825,44.936],[4.824,44.936],[4.823,44.935],[4.823,44.936],[4.822,44.935],[4.821,44.936],[4.821,44.936],[4.821,44.936],[4.821,44.936],[4.821,44.937],[4.821,44.936],[4.821,44.936],[4.82,44.936],[4.819,44.936],[4.819,44.938],[4.819,44.939],[4.819,44.936],[4.82,44.934],[4.817,44.935],[4.816,44.935],[4.815,44.935],[4.816,44.937],[4.815,44.935],[4.817,44.935],[4.815,44.935],[4.814,44.934],[4.814,44.933],[4.814,44.933],[4.814,44.934],[4.813,44.933],[4.813,44.934],[4.811,44.934],[4.809,44.935],[4.809,44.934],[4.808,44.934],[4.807,44.934],[4.806,44.932],[4.805,44.932],[4.805,44.931],[4.807,44.93],[4.807,44.929],[4.805,44.929],[4.804,44.928],[4.801,44.93],[4.8,44.928],[4.799,44.929],[4.798,44.929],[4.795,44.929],[4.795,44.93],[4.794,44.93],[4.793,44.931],[4.793,44.932],[4.793,44.931],[4.794,44.931],[4.795,44.931],[4.798,44.932],[4.799,44.934],[4.799,44.935],[4.799,44.936],[4.8,44.937],[4.8,44.937],[4.8,44.937],[4.803,44.938],[4.808,44.938],[4.81,44.938],[4.809,44.937],[4.808,44.937],[4.809,44.937],[4.809,44.936],[4.81,44.936],[4.809,44.936],[4.809,44.936],[4.81,44.936],[4.81,44.936],[4.808,44.937],[4.81,44.938],[4.811,44.938],[4.812,44.941],[4.815,44.942],[4.815,44.942],[4.816,44.943],[4.816,44.944],[4.816,44.943],[4.819,44.941],[4.818,44.941],[4.818,44.941],[4.818,44.939],[4.816,44.939],[4.816,44.938],[4.816,44.939],[4.818,44.939],[4.818,44.941],[4.819,44.939],[4.821,44.939],[4.824,44.939],[4.825,44.938],[4.827,44.937],[4.827,44.937],[4.828,44.938],[4.828,44.939],[4.828,44.939],[4.829,44.939],[4.829,44.938],[4.829,44.937],[4.83,44.938],[4.829,44.937]],[[4.804,44.935],[4.804,44.935],[4.804,44.935],[4.804,44.935]]],[[[4.809,44.941],[4.808,44.941],[4.807,44.941],[4.809,44.941],[4.81,44.941],[4.809,44.941]]],[[[4.807,44.941],[4.804,44.943],[4.803,44.943],[4.807,44.941]]],[[[4.811,44.943],[4.812,44.942],[4.811,44.942],[4.81,44.941],[4.809,44.941],[4.81,44.942],[4.811,44.942],[4.811,44.943]]],[[[4.811,44.943],[4.809,44.941],[4.807,44.941],[4.804,44.943],[4.805,44.943],[4.806,44.942],[4.808,44.942],[4.81,44.942],[4.811,44.943],[4.811,44.944],[4.812,44.943],[4.811,44.943],[4.811,44.943]]],[[[4.811,44.943],[4.813,44.944],[4.814,44.943],[4.813,44.942],[4.812,44.942],[4.811,44.943]]],[[[4.811,44.944],[4.812,44.944],[4.812,44.944],[4.811,44.944]]],[[[4.81,44.944],[4.81,44.942],[4.806,44.943],[4.805,44.943],[4.806,44.943],[4.806,44.944],[4.805,44.943],[4.804,44.944],[4.806,44.945],[4.806,44.945],[4.804,44.944],[4.803,44.945],[4.804,44.944],[4.806,44.945],[4.806,44.946],[4.807,44.946],[4.807,44.946],[4.808,44.945],[4.809,44.945],[4.808,44.944],[4.809,44.945],[4.809,44.944],[4.809,44.944],[4.81,44.945],[4.81,44.944],[4.809,44.944],[4.81,44.944]]],[[[4.814,44.943],[4.811,44.944],[4.812,44.944],[4.812,44.944],[4.814,44.945],[4.814,44.945],[4.813,44.945],[4.815,44.944],[4.814,44.943]]],[[[4.81,44.944],[4.81,44.945],[4.811,44.944],[4.81,44.944]]],[[[4.811,44.944],[4.811,44.944],[4.811,44.944],[4.811,44.944]]],[[[4.813,44.945],[4.811,44.945],[4.811,44.945],[4.812,44.945],[4.813,44.945]]],[[[4.81,44.945],[4.811,44.945],[4.811,44.944],[4.81,44.945]]],[[[4.811,44.945],[4.811,44.945],[4.811,44.945],[4.811,44.945]]],[[[4.813,44.946],[4.813,44.945],[4.813,44.946],[4.813,44.946],[4.813,44.946]]],[[[4.807,44.947],[4.808,44.947],[4.811,44.947],[4.809,44.947],[4.811,44.947],[4.811,44.945],[4.808,44.945],[4.807,44.946],[4.806,44.946],[4.807,44.947]]],[[[4.817,44.947],[4.815,44.946],[4.814,44.946],[4.813,44.946],[4.814,44.946],[4.814,44.946],[4.813,44.946],[4.813,44.947],[4.813,44.947],[4.813,44.948],[4.812,44.948],[4.813,44.946],[4.812,44.946],[4.812,44.946],[4.812,44.946],[4.809,44.949],[4.811,44.949],[4.812,44.949],[4.813,44.949],[4.813,44.95],[4.814,44.949],[4.812,44.948],[4.815,44.949],[4.815,44.947],[4.815,44.947],[4.817,44.947]]],[[[4.807,44.947],[4.808,44.949],[4.808,44.95],[4.808,44.95],[4.807,44.95],[4.807,44.951],[4.807,44.951],[4.809,44.95],[4.809,44.95],[4.809,44.949],[4.809,44.949],[4.812,44.946],[4.812,44.945],[4.813,44.946],[4.813,44.946],[4.813,44.945],[4.813,44.945],[4.811,44.945],[4.81,44.948],[4.81,44.947],[4.809,44.947],[4.808,44.947],[4.807,44.947]]],[[[4.813,44.95],[4.809,44.949],[4.809,44.95],[4.81,44.95],[4.813,44.951],[4.813,44.95]]],[[[4.81,44.95],[4.81,44.95],[4.808,44.951],[4.807,44.951],[4.809,44.951],[4.81,44.95],[4.81,44.95]]],[[[4.813,44.951],[4.811,44.951],[4.81,44.95],[4.812,44.951],[4.812,44.951],[4.812,44.951],[4.812,44.952],[4.813,44.951]]],[[[4.812,44.952],[4.812,44.952],[4.813,44.951],[4.812,44.952]]],[[[4.805,44.954],[4.807,44.954],[4.806,44.953],[4.807,44.953],[4.808,44.952],[4.807,44.951],[4.807,44.951],[4.804,44.952],[4.804,44.951],[4.806,44.951],[4.807,44.951],[4.808,44.95],[4.803,44.952],[4.805,44.952],[4.805,44.953],[4.805,44.953],[4.805,44.954]]],[[[4.812,44.952],[4.81,44.95],[4.809,44.951],[4.807,44.951],[4.808,44.952],[4.807,44.953],[4.808,44.953],[4.808,44.953],[4.81,44.952],[4.812,44.952]]],[[[4.807,44.953],[4.807,44.953],[4.807,44.954],[4.807,44.953]]],[[[4.807,44.954],[4.81,44.955],[4.811,44.954],[4.811,44.954],[4.812,44.952],[4.807,44.954]]],[[[4.815,44.95],[4.814,44.95],[4.812,44.952],[4.812,44.953],[4.812,44.954],[4.811,44.954],[4.81,44.956],[4.81,44.956],[4.809,44.956],[4.807,44.956],[4.806,44.957],[4.807,44.956],[4.808,44.957],[4.809,44.957],[4.809,44.958],[4.809,44.958],[4.813,44.954],[4.813,44.952],[4.816,44.951],[4.815,44.95]]],[[[4.805,44.954],[4.806,44.955],[4.806,44.955],[4.806,44.955],[4.803,44.957],[4.806,44.956],[4.806,44.957],[4.806,44.956],[4.807,44.956],[4.808,44.955],[4.808,44.955],[4.807,44.954],[4.805,44.954]]],[[[4.808,44.956],[4.806,44.957],[4.807,44.956],[4.81,44.955],[4.808,44.955],[4.808,44.955],[4.808,44.956]]],[[[4.808,44.957],[4.807,44.956],[4.806,44.957],[4.806,44.957],[4.804,44.957],[4.803,44.957],[4.806,44.958],[4.809,44.958],[4.809,44.958],[4.808,44.957]]],[[[4.81,44.958],[4.811,44.958],[4.811,44.958],[4.812,44.957],[4.811,44.957],[4.809,44.958],[4.81,44.958]]],[[[4.814,44.957],[4.813,44.957],[4.812,44.957],[4.814,44.958],[4.814,44.958],[4.814,44.957]]],[[[4.813,44.959],[4.812,44.957],[4.811,44.958],[4.813,44.959]]],[[[4.813,44.959],[4.814,44.959],[4.814,44.959],[4.813,44.959]]],[[[4.811,44.959],[4.811,44.959],[4.811,44.959],[4.811,44.959],[4.813,44.959],[4.811,44.959]]],[[[4.81,44.958],[4.808,44.959],[4.809,44.96],[4.811,44.958],[4.81,44.958]]],[[[4.808,44.96],[4.808,44.959],[4.807,44.96],[4.808,44.961],[4.808,44.96]]],[[[4.815,44.959],[4.813,44.959],[4.813,44.96],[4.813,44.959],[4.811,44.959],[4.812,44.962],[4.814,44.962],[4.814,44.96],[4.816,44.96],[4.815,44.959]]],[[[4.808,44.961],[4.807,44.96],[4.806,44.962],[4.808,44.961]]],[[[4.813,44.923],[4.813,44.923],[4.814,44.923],[4.815,44.923],[4.815,44.923],[4.813,44.923],[4.813,44.923],[4.813,44.924],[4.813,44.923],[4.813,44.923]]],[[[4.819,44.924],[4.819,44.925],[4.819,44.924],[4.819,44.924]]],[[[4.819,44.924],[4.819,44.924],[4.819,44.925],[4.819,44.924]]],[[[4.824,44.925],[4.823,44.926],[4.822,44.926],[4.82,44.926],[4.819,44.927],[4.819,44.927],[4.819,44.927],[4.819,44.927],[4.819,44.927],[4.82,44.926],[4.82,44.926],[4.823,44.926],[4.825,44.925],[4.824,44.925]]],[[[4.821,44.926],[4.822,44.926],[4.821,44.926],[4.821,44.926]]],[[[4.824,44.925],[4.82,44.924],[4.82,44.924],[4.819,44.925],[4.82,44.924],[4.819,44.925],[4.817,44.924],[4.818,44.924],[4.818,44.925],[4.817,44.927],[4.817,44.928],[4.817,44.928],[4.817,44.929],[4.818,44.928],[4.819,44.927],[4.819,44.926],[4.821,44.926],[4.823,44.926],[4.824,44.925]]],[[[4.821,44.927],[4.819,44.927],[4.819,44.927],[4.819,44.927],[4.819,44.927],[4.819,44.928],[4.821,44.927]]],[[[4.819,44.927],[4.818,44.928],[4.819,44.927],[4.819,44.927]]],[[[4.818,44.928],[4.819,44.928],[4.819,44.927],[4.818,44.928]]],[[[4.816,44.925],[4.815,44.925],[4.815,44.926],[4.816,44.926],[4.816,44.927],[4.816,44.927],[4.816,44.927],[4.816,44.928],[4.816,44.928],[4.815,44.929],[4.816,44.929],[4.817,44.929],[4.817,44.929],[4.816,44.926],[4.817,44.927],[4.818,44.925],[4.817,44.924],[4.816,44.924],[4.816,44.924],[4.815,44.925],[4.816,44.925],[4.816,44.925],[4.815,44.925],[4.816,44.924],[4.817,44.924],[4.815,44.923],[4.814,44.924],[4.813,44.924],[4.814,44.924],[4.815,44.924],[4.815,44.925],[4.813,44.925],[4.813,44.925],[4.814,44.925],[4.814,44.925],[4.814,44.927],[4.815,44.928],[4.815,44.928],[4.815,44.928],[4.813,44.927],[4.814,44.925],[4.813,44.925],[4.813,44.925],[4.813,44.925],[4.813,44.925],[4.813,44.925],[4.812,44.925],[4.811,44.926],[4.813,44.925],[4.813,44.925],[4.815,44.923],[4.813,44.923],[4.813,44.925],[4.81,44.926],[4.811,44.927],[4.81,44.93],[4.81,44.929],[4.809,44.929],[4.809,44.93],[4.808,44.931],[4.809,44.931],[4.811,44.93],[4.813,44.93],[4.814,44.931],[4.815,44.934],[4.816,44.933],[4.815,44.93],[4.816,44.929],[4.816,44.929],[4.816,44.929],[4.815,44.929],[4.816,44.928],[4.815,44.927],[4.815,44.925],[4.815,44.925],[4.816,44.925]],[[4.816,44.925],[4.816,44.925],[4.816,44.925],[4.816,44.925]],[[4.815,44.925],[4.815,44.925],[4.815,44.925],[4.815,44.925]]],[[[4.817,44.928],[4.818,44.929],[4.818,44.928],[4.818,44.928],[4.817,44.928]]],[[[4.817,44.929],[4.816,44.929],[4.816,44.929],[4.817,44.929],[4.817,44.929],[4.818,44.929],[4.818,44.929],[4.817,44.929]]],[[[4.823,44.929],[4.822,44.929],[4.821,44.929],[4.821,44.928],[4.82,44.928],[4.818,44.928],[4.818,44.929],[4.819,44.928],[4.819,44.928],[4.82,44.929],[4.82,44.931],[4.822,44.93],[4.821,44.93],[4.822,44.93],[4.823,44.929]]],[[[4.816,44.929],[4.815,44.93],[4.817,44.93],[4.817,44.93],[4.817,44.93],[4.817,44.929],[4.816,44.929]]],[[[4.823,44.93],[4.823,44.93],[4.821,44.931],[4.822,44.931],[4.823,44.931],[4.824,44.93],[4.823,44.93]]],[[[4.815,44.93],[4.816,44.931],[4.817,44.931],[4.817,44.931],[4.817,44.93],[4.815,44.93]]],[[[4.824,44.928],[4.822,44.927],[4.821,44.928],[4.821,44.927],[4.822,44.927],[4.822,44.927],[4.82,44.927],[4.82,44.927],[4.819,44.928],[4.818,44.929],[4.818,44.929],[4.817,44.931],[4.817,44.931],[4.817,44.932],[4.817,44.933],[4.817,44.934],[4.817,44.935],[4.817,44.935],[4.817,44.935],[4.817,44.934],[4.817,44.934],[4.817,44.933],[4.818,44.931],[4.818,44.931],[4.819,44.93],[4.819,44.929],[4.819,44.929],[4.82,44.929],[4.82,44.929],[4.819,44.928],[4.818,44.929],[4.818,44.928],[4.82,44.928],[4.823,44.929],[4.824,44.928]]],[[[4.818,44.933],[4.819,44.933],[4.82,44.933],[4.82,44.933],[4.822,44.932],[4.821,44.932],[4.821,44.932],[4.821,44.932],[4.82,44.932],[4.82,44.932],[4.819,44.932],[4.819,44.932],[4.819,44.932],[4.82,44.932],[4.821,44.932],[4.82,44.931],[4.821,44.931],[4.82,44.93],[4.819,44.929],[4.819,44.93],[4.818,44.931],[4.818,44.933],[4.818,44.933]]],[[[4.822,44.932],[4.821,44.931],[4.821,44.931],[4.822,44.932]]],[[[4.816,44.931],[4.816,44.932],[4.816,44.932],[4.817,44.932],[4.817,44.931],[4.817,44.931],[4.816,44.931]]],[[[4.816,44.932],[4.816,44.932],[4.816,44.932],[4.817,44.932],[4.817,44.932],[4.816,44.932]]],[[[4.817,44.932],[4.815,44.934],[4.816,44.934],[4.817,44.932]]],[[[4.817,44.934],[4.819,44.933],[4.818,44.933],[4.817,44.934]]],[[[4.815,44.934],[4.815,44.934],[4.815,44.934],[4.815,44.934]]],[[[4.815,44.934],[4.815,44.934],[4.815,44.934],[4.815,44.934]]],[[[4.824,44.933],[4.822,44.933],[4.822,44.932],[4.82,44.933],[4.818,44.934],[4.82,44.934],[4.82,44.936],[4.821,44.934],[4.824,44.933]]],[[[4.817,44.935],[4.816,44.934],[4.817,44.934],[4.816,44.934],[4.816,44.934],[4.816,44.935],[4.817,44.935]]],[[[4.816,44.934],[4.815,44.934],[4.816,44.935],[4.816,44.934],[4.816,44.934]]],[[[4.817,44.935],[4.818,44.934],[4.819,44.934],[4.817,44.935]]],[[[4.821,44.934],[4.821,44.935],[4.821,44.936],[4.822,44.935],[4.821,44.934]]],[[[4.821,44.935],[4.82,44.936],[4.821,44.936],[4.821,44.935]]],[[[4.822,44.939],[4.822,44.94],[4.822,44.94],[4.822,44.939]]],[[[4.823,44.941],[4.822,44.941],[4.822,44.941],[4.823,44.941]]],[[[4.822,44.941],[4.822,44.941],[4.822,44.941],[4.822,44.941]]],[[[4.821,44.939],[4.819,44.939],[4.819,44.941],[4.818,44.942],[4.816,44.942],[4.816,44.943],[4.816,44.944],[4.816,44.943],[4.815,44.942],[4.812,44.941],[4.81,44.941],[4.81,44.941],[4.81,44.941],[4.814,44.943],[4.814,44.942],[4.816,44.944],[4.817,44.944],[4.818,44.944],[4.819,44.944],[4.82,44.942],[4.82,44.942],[4.821,44.942],[4.822,44.941],[4.82,44.94],[4.821,44.94],[4.82,44.939],[4.822,44.941],[4.822,44.941],[4.823,44.94],[4.822,44.94],[4.821,44.939]]],[[[4.825,44.943],[4.823,44.941],[4.822,44.942],[4.822,44.941],[4.821,44.942],[4.822,44.945],[4.821,44.942],[4.82,44.943],[4.82,44.945],[4.822,44.946],[4.823,44.947],[4.824,44.947],[4.823,44.946],[4.823,44.945],[4.822,44.944],[4.822,44.944],[4.822,44.943],[4.822,44.943],[4.822,44.942],[4.823,44.942],[4.823,44.943],[4.824,44.943],[4.824,44.945],[4.825,44.943]]],[[[4.82,44.945],[4.82,44.943],[4.818,44.944],[4.82,44.946],[4.819,44.947],[4.818,44.947],[4.818,44.947],[4.817,44.947],[4.818,44.947],[4.82,44.947],[4.82,44.946],[4.82,44.945],[4.821,44.945],[4.82,44.945]]],[[[4.819,44.946],[4.818,44.944],[4.818,44.944],[4.816,44.944],[4.817,44.945],[4.815,44.944],[4.814,44.946],[4.815,44.946],[4.817,44.946],[4.818,44.947],[4.819,44.946]]],[[[4.814,44.946],[4.813,44.946],[4.813,44.946],[4.814,44.946]]],[[[4.82,44.948],[4.823,44.948],[4.822,44.947],[4.823,44.948],[4.824,44.947],[4.824,44.947],[4.823,44.947],[4.822,44.947],[4.82,44.945],[4.82,44.948],[4.82,44.948],[4.82,44.948],[4.819,44.948],[4.819,44.948],[4.82,44.95],[4.819,44.95],[4.823,44.95],[4.823,44.949],[4.82,44.949],[4.821,44.949],[4.82,44.948]]],[[[4.82,44.947],[4.818,44.947],[4.816,44.947],[4.815,44.949],[4.815,44.95],[4.816,44.95],[4.818,44.95],[4.82,44.95],[4.819,44.948],[4.819,44.948],[4.82,44.948],[4.82,44.948],[4.82,44.947]]],[[[4.816,44.95],[4.815,44.95],[4.816,44.951],[4.816,44.95],[4.816,44.95]]],[[[4.815,44.949],[4.814,44.95],[4.812,44.952],[4.814,44.95],[4.815,44.95],[4.815,44.949]]],[[[4.819,44.951],[4.82,44.951],[4.82,44.951],[4.821,44.951],[4.819,44.95],[4.819,44.951]]],[[[4.821,44.951],[4.824,44.952],[4.823,44.951],[4.826,44.952],[4.827,44.95],[4.826,44.95],[4.825,44.95],[4.825,44.95],[4.824,44.95],[4.824,44.95],[4.823,44.95],[4.823,44.95],[4.823,44.95],[4.823,44.95],[4.823,44.95],[4.822,44.95],[4.819,44.95],[4.82,44.95],[4.821,44.951],[4.821,44.951]]],[[[4.819,44.951],[4.819,44.951],[4.819,44.952],[4.819,44.951]]],[[[4.821,44.951],[4.82,44.951],[4.819,44.951],[4.819,44.952],[4.819,44.951],[4.821,44.952],[4.822,44.952],[4.821,44.951]]],[[[4.822,44.952],[4.821,44.952],[4.819,44.952],[4.822,44.953],[4.822,44.952]]],[[[4.819,44.95],[4.818,44.95],[4.817,44.95],[4.816,44.951],[4.815,44.951],[4.817,44.954],[4.817,44.956],[4.817,44.956],[4.817,44.956],[4.817,44.956],[4.818,44.956],[4.818,44.955],[4.82,44.954],[4.819,44.952],[4.817,44.952],[4.817,44.952],[4.819,44.952],[4.819,44.951],[4.818,44.951],[4.818,44.951],[4.817,44.951],[4.818,44.951],[4.817,44.95],[4.818,44.951],[4.819,44.95]]],[[[4.825,44.954],[4.822,44.953],[4.822,44.953],[4.82,44.952],[4.819,44.952],[4.82,44.954],[4.818,44.955],[4.819,44.956],[4.82,44.955],[4.821,44.955],[4.823,44.955],[4.825,44.954]]],[[[4.817,44.956],[4.815,44.951],[4.813,44.952],[4.813,44.954],[4.811,44.957],[4.812,44.957],[4.813,44.957],[4.814,44.957],[4.814,44.958],[4.815,44.957],[4.816,44.957],[4.817,44.956],[4.816,44.955],[4.817,44.956],[4.817,44.956],[4.817,44.956]]],[[[4.818,44.955],[4.818,44.956],[4.817,44.956],[4.817,44.957],[4.819,44.956],[4.818,44.955]]],[[[4.816,44.957],[4.815,44.958],[4.815,44.958],[4.816,44.958],[4.817,44.956],[4.816,44.957]]],[[[4.824,44.958],[4.823,44.957],[4.823,44.956],[4.823,44.956],[4.823,44.955],[4.821,44.955],[4.817,44.957],[4.816,44.96],[4.816,44.958],[4.813,44.959],[4.815,44.959],[4.816,44.96],[4.816,44.96],[4.818,44.959],[4.823,44.959],[4.824,44.958],[4.824,44.958]]],[[[4.814,44.958],[4.814,44.958],[4.814,44.959],[4.814,44.958],[4.814,44.958]]],[[[4.835,44.92],[4.831,44.921],[4.831,44.923],[4.831,44.923],[4.832,44.922],[4.833,44.922],[4.833,44.922],[4.834,44.921],[4.835,44.92]]],[[[4.826,44.927],[4.825,44.925],[4.823,44.926],[4.822,44.927],[4.822,44.927],[4.821,44.928],[4.822,44.927],[4.823,44.928],[4.824,44.928],[4.824,44.928],[4.824,44.927],[4.824,44.929],[4.825,44.927],[4.826,44.927]]],[[[4.826,44.928],[4.826,44.927],[4.825,44.927],[4.826,44.928]]],[[[4.826,44.928],[4.825,44.927],[4.823,44.93],[4.824,44.93],[4.825,44.93],[4.826,44.928]]],[[[4.833,44.933],[4.827,44.927],[4.827,44.928],[4.826,44.928],[4.826,44.928],[4.823,44.931],[4.823,44.932],[4.824,44.932],[4.826,44.931],[4.827,44.931],[4.833,44.933]]],[[[4.826,44.933],[4.825,44.932],[4.825,44.931],[4.824,44.932],[4.821,44.932],[4.825,44.933],[4.826,44.933],[4.826,44.933]]],[[[4.833,44.933],[4.827,44.931],[4.826,44.931],[4.826,44.933],[4.825,44.933],[4.826,44.933],[4.827,44.933],[4.828,44.933],[4.828,44.933],[4.829,44.933],[4.829,44.933],[4.83,44.934],[4.831,44.934],[4.831,44.933],[4.831,44.933],[4.833,44.933]]],[[[4.833,44.933],[4.831,44.933],[4.831,44.933],[4.831,44.934],[4.831,44.933],[4.833,44.933]]],[[[4.83,44.934],[4.83,44.934],[4.829,44.933],[4.83,44.934],[4.831,44.934],[4.831,44.934],[4.83,44.934]]],[[[4.824,44.933],[4.824,44.933],[4.824,44.934],[4.824,44.934],[4.824,44.934],[4.825,44.935],[4.825,44.933],[4.825,44.933],[4.824,44.933]]],[[[4.825,44.936],[4.824,44.934],[4.824,44.933],[4.822,44.934],[4.825,44.936]]],[[[4.829,44.933],[4.828,44.933],[4.825,44.933],[4.825,44.934],[4.825,44.936],[4.826,44.936],[4.826,44.934],[4.826,44.934],[4.826,44.935],[4.826,44.936],[4.827,44.936],[4.828,44.935],[4.828,44.934],[4.829,44.933]]],[[[4.834,44.934],[4.834,44.935],[4.834,44.935],[4.834,44.934]]],[[[4.826,44.935],[4.826,44.935],[4.826,44.935],[4.826,44.935]]],[[[4.837,44.94],[4.836,44.939],[4.834,44.94],[4.833,44.94],[4.833,44.94],[4.833,44.939],[4.834,44.939],[4.836,44.938],[4.835,44.938],[4.835,44.938],[4.833,44.934],[4.831,44.934],[4.83,44.934],[4.829,44.935],[4.829,44.937],[4.829,44.935],[4.831,44.934],[4.83,44.934],[4.829,44.933],[4.828,44.935],[4.826,44.936],[4.827,44.936],[4.828,44.936],[4.829,44.937],[4.832,44.939],[4.833,44.94],[4.836,44.94],[4.837,44.94]]],[[[4.829,44.939],[4.83,44.938],[4.831,44.939],[4.831,44.939],[4.829,44.938],[4.829,44.939]]],[[[4.836,44.938],[4.836,44.938],[4.836,44.938],[4.836,44.938]]],[[[4.829,44.939],[4.829,44.939],[4.828,44.939],[4.827,44.937],[4.825,44.938],[4.824,44.939],[4.826,44.94],[4.827,44.938],[4.828,44.939],[4.829,44.94],[4.83,44.94],[4.83,44.939],[4.829,44.939]]],[[[4.828,44.939],[4.827,44.939],[4.828,44.939],[4.828,44.939]]],[[[4.825,44.94],[4.824,44.939],[4.822,44.939],[4.823,44.94],[4.823,44.94],[4.825,44.94]]],[[[4.835,44.939],[4.833,44.939],[4.833,44.94],[4.834,44.94],[4.835,44.939]]],[[[4.828,44.939],[4.828,44.941],[4.828,44.941],[4.829,44.94],[4.828,44.939]]],[[[4.827,44.939],[4.827,44.94],[4.825,44.94],[4.826,44.941],[4.827,44.94],[4.827,44.939]]],[[[4.825,44.94],[4.823,44.94],[4.823,44.94],[4.825,44.941],[4.825,44.94]]],[[[4.828,44.941],[4.829,44.942],[4.83,44.942],[4.83,44.94],[4.83,44.94],[4.83,44.94],[4.829,44.94],[4.829,44.94],[4.828,44.941]]],[[[4.83,44.939],[4.83,44.942],[4.832,44.943],[4.832,44.941],[4.831,44.939],[4.832,44.941],[4.832,44.943],[4.834,44.943],[4.834,44.943],[4.834,44.942],[4.834,44.941],[4.834,44.941],[4.833,44.941],[4.833,44.94],[4.831,44.939],[4.83,44.939]]],[[[4.825,44.941],[4.823,44.941],[4.822,44.941],[4.823,44.941],[4.825,44.942],[4.825,44.941]]],[[[4.831,44.942],[4.829,44.942],[4.827,44.941],[4.825,44.941],[4.825,44.942],[4.825,44.943],[4.826,44.943],[4.825,44.944],[4.826,44.943],[4.827,44.943],[4.827,44.943],[4.828,44.943],[4.827,44.943],[4.828,44.943],[4.83,44.943],[4.831,44.942]]],[[[4.831,44.944],[4.831,44.943],[4.829,44.944],[4.831,44.942],[4.828,44.943],[4.827,44.943],[4.825,44.944],[4.826,44.945],[4.827,44.946],[4.827,44.947],[4.831,44.944],[4.827,44.945],[4.831,44.944]]],[[[4.826,44.945],[4.825,44.944],[4.824,44.945],[4.825,44.944],[4.825,44.945],[4.826,44.945]]],[[[4.824,44.947],[4.825,44.947],[4.827,44.946],[4.824,44.945],[4.824,44.944],[4.824,44.945],[4.824,44.943],[4.823,44.942],[4.822,44.944],[4.823,44.945],[4.824,44.947]]],[[[4.838,44.946],[4.837,44.947],[4.838,44.946],[4.836,44.946],[4.837,44.944],[4.837,44.944],[4.836,44.943],[4.835,44.944],[4.836,44.945],[4.836,44.945],[4.835,44.945],[4.835,44.943],[4.834,44.944],[4.835,44.943],[4.832,44.943],[4.832,44.947],[4.832,44.944],[4.831,44.945],[4.831,44.946],[4.831,44.946],[4.831,44.946],[4.831,44.946],[4.832,44.947],[4.833,44.947],[4.833,44.946],[4.834,44.947],[4.836,44.947],[4.838,44.947],[4.839,44.947],[4.838,44.946]],[[4.836,44.944],[4.836,44.945],[4.836,44.944],[4.836,44.944]],[[4.834,44.946],[4.834,44.945],[4.834,44.946],[4.834,44.946]],[[4.836,44.946],[4.836,44.947],[4.836,44.947],[4.836,44.946],[4.836,44.946]]],[[[4.831,44.945],[4.829,44.947],[4.829,44.947],[4.83,44.946],[4.831,44.946],[4.831,44.945]]],[[[4.832,44.947],[4.83,44.946],[4.83,44.947],[4.83,44.947],[4.83,44.947],[4.83,44.947],[4.83,44.947],[4.832,44.947]]],[[[4.827,44.947],[4.826,44.947],[4.826,44.948],[4.826,44.947],[4.827,44.947]]],[[[4.829,44.947],[4.829,44.946],[4.826,44.947],[4.827,44.947],[4.827,44.947],[4.827,44.947],[4.829,44.949],[4.829,44.948],[4.829,44.947],[4.829,44.948],[4.829,44.947]]],[[[4.83,44.947],[4.829,44.948],[4.829,44.948],[4.83,44.947]]],[[[4.828,44.949],[4.827,44.947],[4.827,44.947],[4.826,44.949],[4.828,44.949]]],[[[4.825,44.947],[4.825,44.948],[4.825,44.947],[4.823,44.948],[4.824,44.95],[4.824,44.95],[4.824,44.95],[4.825,44.95],[4.825,44.95],[4.825,44.95],[4.825,44.949],[4.826,44.948],[4.826,44.948],[4.826,44.948],[4.826,44.947],[4.825,44.947]]],[[[4.84,44.949],[4.839,44.948],[4.84,44.947],[4.838,44.947],[4.834,44.947],[4.833,44.947],[4.833,44.948],[4.83,44.947],[4.829,44.948],[4.829,44.949],[4.829,44.95],[4.828,44.949],[4.828,44.949],[4.829,44.95],[4.83,44.95],[4.83,44.95],[4.83,44.95],[4.831,44.949],[4.83,44.949],[4.83,44.948],[4.831,44.949],[4.831,44.949],[4.831,44.949],[4.834,44.948],[4.834,44.947],[4.835,44.949],[4.836,44.949],[4.837,44.949],[4.838,44.949],[4.839,44.949],[4.84,44.949]]],[[[4.826,44.95],[4.826,44.948],[4.826,44.95],[4.825,44.95],[4.826,44.95]]],[[[4.827,44.949],[4.826,44.949],[4.826,44.95],[4.827,44.949]]],[[[4.824,44.95],[4.823,44.948],[4.823,44.949],[4.824,44.95]]],[[[4.828,44.949],[4.828,44.95],[4.828,44.949],[4.828,44.949]]],[[[4.836,44.949],[4.836,44.949],[4.836,44.95],[4.836,44.949]]],[[[4.837,44.949],[4.835,44.949],[4.834,44.949],[4.832,44.949],[4.83,44.951],[4.831,44.951],[4.832,44.952],[4.833,44.952],[4.833,44.952],[4.833,44.952],[4.832,44.95],[4.832,44.95],[4.832,44.95],[4.832,44.95],[4.831,44.951],[4.831,44.951],[4.832,44.95],[4.832,44.949],[4.833,44.949],[4.833,44.949],[4.833,44.949],[4.833,44.949],[4.834,44.95],[4.835,44.949],[4.836,44.95],[4.836,44.949],[4.836,44.949],[4.837,44.949],[4.837,44.949]]],[[[4.83,44.95],[4.829,44.95],[4.828,44.95],[4.828,44.95],[4.828,44.95],[4.828,44.951],[4.827,44.949],[4.826,44.95],[4.827,44.95],[4.827,44.951],[4.826,44.952],[4.824,44.952],[4.826,44.953],[4.831,44.95],[4.83,44.95]]],[[[4.826,44.953],[4.824,44.952],[4.824,44.952],[4.822,44.952],[4.822,44.953],[4.825,44.954],[4.826,44.953]]],[[[4.833,44.949],[4.833,44.95],[4.834,44.952],[4.833,44.952],[4.833,44.953],[4.833,44.953],[4.833,44.953],[4.834,44.954],[4.834,44.954],[4.835,44.956],[4.835,44.956],[4.835,44.956],[4.836,44.956],[4.836,44.956],[4.836,44.956],[4.838,44.954],[4.838,44.954],[4.838,44.953],[4.838,44.953],[4.838,44.953],[4.838,44.953],[4.838,44.953],[4.838,44.952],[4.838,44.951],[4.838,44.951],[4.839,44.951],[4.839,44.95],[4.839,44.949],[4.835,44.951],[4.835,44.951],[4.835,44.951],[4.835,44.951],[4.835,44.951],[4.835,44.951],[4.835,44.952],[4.835,44.952],[4.835,44.952],[4.834,44.952],[4.834,44.952],[4.834,44.952],[4.834,44.953],[4.834,44.953],[4.834,44.952],[4.834,44.952],[4.835,44.951],[4.838,44.949],[4.837,44.949],[4.837,44.949],[4.836,44.949],[4.836,44.95],[4.834,44.95],[4.833,44.949],[4.833,44.949]],[[4.838,44.953],[4.838,44.953],[4.838,44.953],[4.838,44.953]],[[4.834,44.952],[4.835,44.952],[4.834,44.952],[4.834,44.952]],[[4.835,44.952],[4.835,44.952],[4.835,44.952],[4.835,44.952]],[[4.837,44.951],[4.837,44.951],[4.837,44.951],[4.837,44.951]],[[4.837,44.953],[4.836,44.954],[4.837,44.953],[4.837,44.953]],[[4.837,44.951],[4.837,44.952],[4.837,44.952],[4.837,44.951],[4.837,44.951],[4.837,44.951]]],[[[4.835,44.956],[4.834,44.954],[4.834,44.954],[4.832,44.953],[4.833,44.952],[4.832,44.952],[4.831,44.951],[4.831,44.951],[4.832,44.956],[4.834,44.956],[4.835,44.956]]],[[[4.832,44.955],[4.831,44.954],[4.83,44.951],[4.827,44.953],[4.828,44.954],[4.828,44.953],[4.829,44.953],[4.829,44.953],[4.829,44.953],[4.829,44.954],[4.829,44.955],[4.829,44.956],[4.829,44.955],[4.831,44.957],[4.832,44.955]]],[[[4.828,44.957],[4.83,44.956],[4.829,44.956],[4.829,44.954],[4.829,44.953],[4.828,44.957]]],[[[4.828,44.957],[4.828,44.954],[4.827,44.953],[4.826,44.953],[4.823,44.955],[4.823,44.955],[4.823,44.956],[4.824,44.958],[4.824,44.958],[4.826,44.956],[4.828,44.957]]],[[[4.835,44.956],[4.832,44.956],[4.833,44.957],[4.833,44.957],[4.834,44.957],[4.834,44.957],[4.834,44.956],[4.835,44.956]]],[[[4.834,44.957],[4.832,44.956],[4.831,44.957],[4.832,44.957],[4.833,44.957],[4.834,44.957]]],[[[4.835,44.956],[4.834,44.957],[4.834,44.958],[4.833,44.957],[4.831,44.958],[4.833,44.957],[4.834,44.958],[4.834,44.958],[4.835,44.956]]],[[[4.838,44.919],[4.838,44.919],[4.837,44.92],[4.836,44.92],[4.835,44.92],[4.838,44.919]]],[[[4.838,44.922],[4.841,44.923],[4.841,44.92],[4.842,44.918],[4.839,44.919],[4.837,44.92],[4.835,44.921],[4.833,44.922],[4.831,44.923],[4.832,44.924],[4.832,44.924],[4.833,44.924],[4.833,44.924],[4.836,44.923],[4.836,44.922],[4.836,44.923],[4.836,44.923],[4.838,44.923],[4.838,44.922],[4.838,44.922],[4.838,44.922]]],[[[4.838,44.922],[4.838,44.922],[4.838,44.922],[4.838,44.922]]],[[[4.841,44.925],[4.842,44.924],[4.841,44.923],[4.841,44.923],[4.838,44.922],[4.838,44.923],[4.836,44.923],[4.836,44.923],[4.835,44.924],[4.835,44.924],[4.836,44.924],[4.838,44.924],[4.84,44.924],[4.841,44.925]]],[[[4.833,44.927],[4.838,44.932],[4.838,44.931],[4.839,44.93],[4.839,44.93],[4.841,44.929],[4.84,44.929],[4.84,44.928],[4.84,44.928],[4.841,44.928],[4.841,44.927],[4.841,44.927],[4.842,44.926],[4.842,44.925],[4.841,44.925],[4.835,44.924],[4.834,44.924],[4.833,44.924],[4.832,44.924],[4.832,44.924],[4.833,44.927],[4.835,44.927],[4.836,44.926],[4.833,44.927]],[[4.835,44.927],[4.835,44.927],[4.835,44.927],[4.835,44.927]]],[[[4.84,44.932],[4.84,44.932],[4.841,44.932],[4.841,44.931],[4.841,44.931],[4.842,44.931],[4.841,44.931],[4.841,44.931],[4.841,44.932],[4.84,44.932],[4.84,44.932],[4.84,44.932],[4.84,44.932]]],[[[4.848,44.939],[4.85,44.941],[4.851,44.94],[4.851,44.94],[4.852,44.94],[4.852,44.94],[4.852,44.94],[4.851,44.94],[4.85,44.942],[4.849,44.943],[4.849,44.943],[4.849,44.943],[4.849,44.943],[4.847,44.943],[4.847,44.943],[4.847,44.943],[4.846,44.943],[4.849,44.944],[4.85,44.945],[4.849,44.944],[4.848,44.944],[4.847,44.944],[4.847,44.945],[4.848,44.945],[4.848,44.945],[4.847,44.944],[4.849,44.944],[4.851,44.946],[4.854,44.943],[4.853,44.942],[4.853,44.942],[4.853,44.941],[4.852,44.941],[4.852,44.941],[4.851,44.941],[4.851,44.941],[4.851,44.941],[4.853,44.942],[4.854,44.943],[4.855,44.942],[4.85,44.935],[4.851,44.933],[4.849,44.93],[4.85,44.925],[4.845,44.92],[4.847,44.918],[4.844,44.917],[4.841,44.92],[4.841,44.923],[4.843,44.924],[4.842,44.925],[4.842,44.926],[4.841,44.927],[4.841,44.928],[4.84,44.929],[4.841,44.929],[4.839,44.93],[4.838,44.931],[4.838,44.932],[4.837,44.932],[4.837,44.932],[4.838,44.934],[4.839,44.933],[4.839,44.933],[4.842,44.93],[4.844,44.929],[4.845,44.929],[4.846,44.929],[4.842,44.93],[4.846,44.929],[4.842,44.93],[4.842,44.931],[4.844,44.931],[4.842,44.931],[4.841,44.932],[4.842,44.932],[4.842,44.932],[4.842,44.932],[4.842,44.932],[4.844,44.931],[4.844,44.931],[4.842,44.932],[4.842,44.933],[4.841,44.932],[4.841,44.931],[4.841,44.931],[4.841,44.932],[4.84,44.932],[4.839,44.933],[4.839,44.933],[4.838,44.934],[4.839,44.936],[4.84,44.936],[4.841,44.935],[4.842,44.936],[4.843,44.933],[4.844,44.932],[4.844,44.932],[4.845,44.932],[4.847,44.93],[4.844,44.932],[4.848,44.932],[4.843,44.933],[4.842,44.935],[4.842,44.936],[4.843,44.936],[4.846,44.934],[4.848,44.933],[4.848,44.934],[4.847,44.934],[4.848,44.934],[4.846,44.934],[4.845,44.935],[4.846,44.936],[4.846,44.936],[4.847,44.936],[4.848,44.936],[4.846,44.936],[4.846,44.936],[4.845,44.935],[4.843,44.936],[4.843,44.936],[4.842,44.936],[4.841,44.935],[4.839,44.937],[4.841,44.937],[4.839,44.937],[4.84,44.939],[4.842,44.938],[4.842,44.937],[4.843,44.937],[4.843,44.937],[4.843,44.936],[4.844,44.935],[4.843,44.936],[4.846,44.936],[4.843,44.936],[4.842,44.938],[4.843,44.939],[4.842,44.939],[4.843,44.94],[4.843,44.941],[4.844,44.94],[4.844,44.941],[4.844,44.943],[4.847,44.941],[4.846,44.943],[4.847,44.941],[4.847,44.943],[4.849,44.943],[4.848,44.943],[4.85,44.941],[4.85,44.941],[4.85,44.941],[4.849,44.94],[4.848,44.939]],[[4.848,44.928],[4.846,44.928],[4.849,44.928],[4.848,44.928]],[[4.848,44.939],[4.848,44.939],[4.848,44.939],[4.848,44.939]],[[4.848,44.944],[4.848,44.944],[4.848,44.944],[4.848,44.944]],[[4.842,44.937],[4.842,44.937],[4.842,44.937],[4.842,44.937]],[[4.849,44.94],[4.851,44.94],[4.85,44.94],[4.849,44.94]],[[4.841,44.929],[4.843,44.929],[4.843,44.929],[4.841,44.929],[4.84,44.93],[4.84,44.93],[4.84,44.93],[4.841,44.929]],[[4.844,44.94],[4.843,44.94],[4.843,44.94],[4.844,44.94]]],[[[4.837,44.94],[4.836,44.94],[4.837,44.94],[4.837,44.94]]],[[[4.843,44.941],[4.843,44.94],[4.843,44.941],[4.843,44.941]]],[[[4.841,44.943],[4.837,44.94],[4.835,44.94],[4.835,44.941],[4.836,44.941],[4.838,44.943],[4.84,44.943],[4.84,44.944],[4.835,44.941],[4.835,44.94],[4.834,44.941],[4.834,44.941],[4.834,44.943],[4.834,44.943],[4.835,44.941],[4.835,44.943],[4.836,44.943],[4.839,44.944],[4.841,44.943]]],[[[4.847,44.944],[4.846,44.943],[4.846,44.943],[4.846,44.942],[4.844,44.943],[4.846,44.945],[4.847,44.944]]],[[[4.842,44.944],[4.841,44.944],[4.841,44.945],[4.841,44.945],[4.841,44.944],[4.842,44.944]]],[[[4.84,44.944],[4.84,44.945],[4.84,44.945],[4.84,44.944]]],[[[4.841,44.944],[4.84,44.945],[4.841,44.945],[4.841,44.944]]],[[[4.842,44.945],[4.842,44.944],[4.841,44.945],[4.842,44.945]]],[[[4.841,44.945],[4.841,44.945],[4.841,44.945],[4.841,44.945],[4.841,44.945]]],[[[4.841,44.945],[4.839,44.945],[4.839,44.946],[4.84,44.946],[4.841,44.945]]],[[[4.84,44.946],[4.839,44.946],[4.839,44.946],[4.838,44.946],[4.838,44.946],[4.839,44.945],[4.838,44.944],[4.837,44.945],[4.838,44.946],[4.839,44.946],[4.84,44.946],[4.84,44.946]]],[[[4.842,44.946],[4.842,44.945],[4.842,44.946],[4.842,44.946]]],[[[4.848,44.945],[4.849,44.946],[4.849,44.945],[4.848,44.945]]],[[[4.841,44.946],[4.841,44.945],[4.841,44.945],[4.841,44.946]]],[[[4.839,44.946],[4.839,44.946],[4.839,44.946],[4.839,44.946]]],[[[4.85,44.946],[4.849,44.945],[4.849,44.946],[4.85,44.946]]],[[[4.839,44.946],[4.838,44.946],[4.838,44.946],[4.839,44.946]]],[[[4.844,44.946],[4.842,44.945],[4.842,44.946],[4.842,44.946],[4.841,44.945],[4.84,44.946],[4.84,44.947],[4.841,44.947],[4.841,44.947],[4.841,44.947],[4.842,44.947],[4.842,44.947],[4.844,44.946]]],[[[4.84,44.947],[4.839,44.947],[4.839,44.947],[4.84,44.947]]],[[[4.844,44.946],[4.842,44.947],[4.84,44.947],[4.84,44.948],[4.839,44.948],[4.843,44.949],[4.843,44.948],[4.843,44.949],[4.842,44.949],[4.844,44.948],[4.844,44.946]]],[[[4.843,44.948],[4.843,44.948],[4.843,44.948],[4.843,44.948]]],[[[4.837,44.949],[4.837,44.949],[4.837,44.949],[4.837,44.949]]],[[[4.844,44.95],[4.844,44.949],[4.842,44.949],[4.842,44.951],[4.843,44.95],[4.842,44.95],[4.842,44.95],[4.844,44.95],[4.844,44.95],[4.843,44.95],[4.843,44.95],[4.844,44.95]]],[[[4.842,44.951],[4.842,44.949],[4.839,44.949],[4.84,44.951],[4.842,44.951]]],[[[4.843,44.95],[4.844,44.95],[4.843,44.95],[4.843,44.95]]],[[[4.839,44.95],[4.839,44.95],[4.839,44.95],[4.839,44.95]]],[[[4.843,44.95],[4.842,44.95],[4.842,44.95],[4.843,44.95]]],[[[4.847,44.951],[4.847,44.95],[4.847,44.95],[4.845,44.95],[4.846,44.951],[4.847,44.951]]],[[[4.847,44.95],[4.848,44.95],[4.847,44.951],[4.848,44.951],[4.848,44.95],[4.847,44.95]]],[[[4.846,44.951],[4.845,44.95],[4.844,44.95],[4.845,44.951],[4.846,44.951]]],[[[4.839,44.951],[4.839,44.951],[4.839,44.951],[4.839,44.951]]],[[[4.846,44.952],[4.847,44.951],[4.845,44.951],[4.846,44.952]]],[[[4.845,44.952],[4.845,44.951],[4.845,44.952],[4.845,44.952]]],[[[4.851,44.951],[4.849,44.951],[4.849,44.952],[4.851,44.952],[4.851,44.951]]],[[[4.847,44.952],[4.846,44.952],[4.846,44.952],[4.846,44.952],[4.847,44.952]]],[[[4.846,44.952],[4.845,44.952],[4.845,44.952],[4.846,44.952]]],[[[4.848,44.951],[4.847,44.952],[4.848,44.953],[4.848,44.952],[4.848,44.951]]],[[[4.847,44.952],[4.846,44.952],[4.847,44.952],[4.847,44.952]]],[[[4.849,44.951],[4.848,44.952],[4.848,44.953],[4.849,44.951]]],[[[4.851,44.952],[4.849,44.952],[4.849,44.953],[4.851,44.953],[4.851,44.952]]],[[[4.847,44.953],[4.846,44.952],[4.846,44.953],[4.847,44.953]]],[[[4.846,44.953],[4.845,44.952],[4.845,44.953],[4.846,44.953]]],[[[4.845,44.953],[4.844,44.95],[4.841,44.951],[4.841,44.952],[4.841,44.952],[4.839,44.952],[4.839,44.953],[4.839,44.953],[4.841,44.952],[4.841,44.952],[4.84,44.952],[4.839,44.952],[4.839,44.952],[4.839,44.952],[4.84,44.952],[4.841,44.952],[4.841,44.952],[4.841,44.951],[4.838,44.951],[4.838,44.952],[4.838,44.953],[4.838,44.954],[4.839,44.954],[4.839,44.954],[4.836,44.956],[4.837,44.956],[4.844,44.954],[4.843,44.954],[4.845,44.953]],[[4.841,44.953],[4.841,44.953],[4.841,44.953],[4.841,44.953]],[[4.841,44.954],[4.841,44.954],[4.841,44.953],[4.841,44.954]],[[4.841,44.953],[4.841,44.953],[4.841,44.953],[4.841,44.953]],[[4.841,44.953],[4.841,44.953],[4.841,44.953],[4.841,44.953]],[[4.842,44.955],[4.842,44.955],[4.842,44.955],[4.842,44.955]],[[4.84,44.953],[4.84,44.953],[4.84,44.953],[4.84,44.953]],[[4.842,44.955],[4.842,44.955],[4.842,44.955],[4.842,44.955]],[[4.839,44.952],[4.838,44.952],[4.838,44.952],[4.838,44.952],[4.839,44.952]]],[[[4.848,44.953],[4.846,44.953],[4.846,44.953],[4.848,44.953]]]]}},{"type":"Feature","properties":{"id_app":1130,"app":"Vinsobres","denom":"Vinsobres","hierarchy":"AOC","dt":"Valence","dept":"26"},"geometry":{"type":"MultiPolygon","coordinates":[[[[5.025,44.306],[5.024,44.308],[5.027,44.309],[5.027,44.308],[5.028,44.308],[5.025,44.306]]],[[[5.028,44.307],[5.027,44.309],[5.028,44.309],[5.029,44.309],[5.03,44.309],[5.03,44.31],[5.03,44.308],[5.03,44.308],[5.028,44.307]]],[[[5.023,44.31],[5.024,44.308],[5.022,44.311],[5.023,44.311],[5.023,44.31]]],[[[5.024,44.308],[5.024,44.311],[5.022,44.315],[5.027,44.309],[5.024,44.308]]],[[[5.027,44.31],[5.027,44.311],[5.026,44.311],[5.025,44.313],[5.027,44.313],[5.026,44.314],[5.025,44.313],[5.024,44.314],[5.027,44.315],[5.026,44.314],[5.027,44.315],[5.028,44.312],[5.029,44.312],[5.029,44.311],[5.029,44.311],[5.03,44.31],[5.027,44.309],[5.027,44.31]]],[[[5.028,44.315],[5.029,44.313],[5.029,44.312],[5.027,44.315],[5.028,44.315]]],[[[5.033,44.311],[5.03,44.31],[5.03,44.31],[5.029,44.311],[5.029,44.312],[5.029,44.313],[5.028,44.314],[5.028,44.315],[5.027,44.316],[5.027,44.316],[5.026,44.315],[5.026,44.316],[5.028,44.317],[5.028,44.316],[5.029,44.317],[5.032,44.313],[5.035,44.312],[5.035,44.312],[5.035,44.311],[5.035,44.311],[5.033,44.311]],[[5.032,44.313],[5.032,44.313],[5.032,44.313],[5.032,44.313]]],[[[5.035,44.312],[5.033,44.312],[5.029,44.317],[5.027,44.319],[5.028,44.32],[5.028,44.319],[5.034,44.314],[5.034,44.313],[5.035,44.312]]],[[[5.015,44.316],[5.015,44.316],[5.015,44.316],[5.015,44.316]]],[[[5.011,44.316],[5.009,44.317],[5.011,44.317],[5.011,44.317],[5.011,44.317],[5.011,44.317],[5.011,44.316],[5.011,44.316]]],[[[5.017,44.316],[5.015,44.316],[5.017,44.317],[5.017,44.316]]],[[[5.011,44.316],[5.011,44.317],[5.011,44.317],[5.015,44.319],[5.016,44.319],[5.016,44.319],[5.014,44.318],[5.013,44.317],[5.011,44.316]],[[5.013,44.317],[5.013,44.317],[5.013,44.317],[5.013,44.317]],[[5.013,44.317],[5.013,44.317],[5.013,44.317],[5.013,44.317]]],[[[5.01,44.317],[5.009,44.317],[5.009,44.318],[5.01,44.318],[5.01,44.317]]],[[[5.015,44.319],[5.01,44.317],[5.009,44.318],[5.012,44.318],[5.015,44.32],[5.015,44.319]]],[[[5.031,44.317],[5.029,44.318],[5.03,44.32],[5.031,44.318],[5.031,44.317]]],[[[5.009,44.32],[5.01,44.32],[5.009,44.32],[5.009,44.32]]],[[[5.01,44.321],[5.011,44.321],[5.01,44.32],[5.01,44.32],[5.01,44.321]]],[[[5.016,44.319],[5.015,44.32],[5.017,44.321],[5.018,44.32],[5.017,44.321],[5.021,44.322],[5.018,44.32],[5.018,44.321],[5.018,44.32],[5.016,44.319]]],[[[5.023,44.318],[5.021,44.318],[5.02,44.319],[5.028,44.323],[5.028,44.324],[5.032,44.324],[5.038,44.327],[5.039,44.326],[5.035,44.324],[5.033,44.324],[5.035,44.323],[5.03,44.323],[5.028,44.322],[5.028,44.321],[5.028,44.321],[5.026,44.32],[5.026,44.321],[5.023,44.318]]],[[[5.015,44.326],[5.013,44.329],[5.014,44.329],[5.016,44.328],[5.015,44.328],[5.017,44.328],[5.016,44.327],[5.017,44.326],[5.015,44.326]]],[[[5.022,44.331],[5.021,44.327],[5.021,44.327],[5.019,44.326],[5.017,44.331],[5.015,44.332],[5.016,44.332],[5.016,44.333],[5.018,44.333],[5.018,44.33],[5.02,44.33],[5.021,44.332],[5.022,44.332],[5.021,44.331],[5.022,44.331]]],[[[5.032,44.332],[5.032,44.332],[5.032,44.333],[5.033,44.333],[5.032,44.332]]],[[[5.025,44.333],[5.03,44.334],[5.031,44.333],[5.025,44.333]]],[[[5.022,44.335],[5.021,44.335],[5.021,44.337],[5.023,44.337],[5.022,44.335]]],[[[5.03,44.337],[5.029,44.336],[5.025,44.336],[5.026,44.338],[5.026,44.337],[5.028,44.337],[5.029,44.338],[5.03,44.338],[5.03,44.337],[5.03,44.337]]],[[[5.018,44.336],[5.015,44.335],[5.016,44.337],[5.021,44.34],[5.023,44.34],[5.022,44.338],[5.023,44.338],[5.021,44.338],[5.019,44.336],[5.018,44.336]]],[[[5.018,44.339],[5.016,44.339],[5.019,44.341],[5.018,44.339]]],[[[5.039,44.341],[5.036,44.341],[5.04,44.341],[5.041,44.34],[5.04,44.34],[5.04,44.34],[5.04,44.338],[5.039,44.338],[5.038,44.338],[5.036,44.339],[5.034,44.339],[5.031,44.338],[5.026,44.337],[5.026,44.338],[5.027,44.338],[5.027,44.339],[5.025,44.34],[5.026,44.341],[5.027,44.341],[5.027,44.34],[5.03,44.339],[5.032,44.339],[5.04,44.341],[5.036,44.34],[5.031,44.341],[5.03,44.342],[5.032,44.341],[5.037,44.343],[5.04,44.343],[5.04,44.341],[5.039,44.342],[5.039,44.341]]],[[[5.027,44.342],[5.029,44.342],[5.029,44.342],[5.028,44.341],[5.027,44.342]]],[[[5.02,44.342],[5.021,44.344],[5.024,44.343],[5.021,44.344],[5.023,44.345],[5.026,44.345],[5.026,44.344],[5.027,44.344],[5.028,44.346],[5.029,44.346],[5.029,44.343],[5.027,44.344],[5.026,44.343],[5.024,44.342],[5.02,44.342]]],[[[5.031,44.343],[5.032,44.346],[5.034,44.346],[5.032,44.344],[5.031,44.343]]],[[[5.029,44.351],[5.029,44.349],[5.027,44.349],[5.027,44.351],[5.029,44.351]]],[[[5.033,44.351],[5.033,44.351],[5.033,44.352],[5.033,44.351]]],[[[5.025,44.352],[5.025,44.351],[5.025,44.351],[5.025,44.352]]],[[[5.025,44.353],[5.025,44.351],[5.024,44.351],[5.025,44.353]]],[[[5.031,44.353],[5.031,44.356],[5.031,44.356],[5.033,44.351],[5.032,44.353],[5.031,44.353]]],[[[5.028,44.351],[5.027,44.353],[5.029,44.355],[5.027,44.353],[5.027,44.352],[5.025,44.352],[5.025,44.353],[5.025,44.353],[5.027,44.355],[5.027,44.355],[5.027,44.357],[5.028,44.357],[5.028,44.357],[5.028,44.357],[5.029,44.357],[5.03,44.356],[5.031,44.351],[5.028,44.351]]],[[[5.033,44.351],[5.031,44.356],[5.032,44.357],[5.033,44.357],[5.033,44.356],[5.034,44.351],[5.033,44.351]]],[[[5.027,44.356],[5.027,44.355],[5.025,44.356],[5.026,44.356],[5.027,44.356]]],[[[5.023,44.356],[5.023,44.357],[5.025,44.357],[5.027,44.359],[5.028,44.357],[5.025,44.356],[5.024,44.354],[5.022,44.353],[5.023,44.355],[5.023,44.356]]],[[[5.031,44.356],[5.031,44.358],[5.032,44.357],[5.031,44.356]]],[[[5.031,44.356],[5.03,44.356],[5.03,44.358],[5.031,44.356],[5.031,44.356]]],[[[5.029,44.357],[5.03,44.358],[5.03,44.356],[5.029,44.357]]],[[[5.032,44.361],[5.03,44.361],[5.03,44.361],[5.031,44.362],[5.032,44.361]]],[[[5.031,44.309],[5.032,44.31],[5.035,44.311],[5.035,44.31],[5.031,44.308],[5.03,44.31],[5.031,44.31],[5.031,44.309]]],[[[5.035,44.31],[5.036,44.311],[5.035,44.312],[5.036,44.312],[5.037,44.309],[5.035,44.309],[5.035,44.31]]],[[[5.036,44.312],[5.035,44.312],[5.034,44.314],[5.034,44.315],[5.035,44.314],[5.036,44.312]]],[[[5.037,44.311],[5.035,44.315],[5.035,44.315],[5.036,44.316],[5.037,44.316],[5.039,44.317],[5.04,44.317],[5.041,44.315],[5.043,44.315],[5.041,44.314],[5.04,44.313],[5.045,44.315],[5.046,44.314],[5.044,44.314],[5.045,44.313],[5.037,44.311]],[[5.038,44.316],[5.038,44.313],[5.039,44.312],[5.039,44.314],[5.039,44.315],[5.038,44.316]]],[[[5.042,44.316],[5.042,44.315],[5.041,44.316],[5.042,44.316],[5.042,44.316]]],[[[5.042,44.317],[5.043,44.316],[5.04,44.317],[5.042,44.318],[5.042,44.318],[5.042,44.318],[5.042,44.318],[5.042,44.317]]],[[[5.046,44.315],[5.043,44.315],[5.042,44.318],[5.042,44.318],[5.044,44.319],[5.044,44.318],[5.045,44.317],[5.045,44.318],[5.046,44.316],[5.048,44.315],[5.046,44.317],[5.047,44.317],[5.044,44.319],[5.045,44.32],[5.046,44.32],[5.046,44.319],[5.047,44.319],[5.048,44.316],[5.048,44.32],[5.047,44.32],[5.049,44.321],[5.049,44.32],[5.05,44.319],[5.049,44.321],[5.05,44.321],[5.05,44.321],[5.05,44.322],[5.05,44.322],[5.052,44.321],[5.052,44.318],[5.051,44.316],[5.049,44.315],[5.049,44.315],[5.049,44.315],[5.047,44.314],[5.046,44.315]]],[[[5.045,44.318],[5.045,44.318],[5.045,44.318],[5.045,44.318]]],[[[5.04,44.317],[5.034,44.315],[5.033,44.315],[5.031,44.317],[5.036,44.318],[5.034,44.32],[5.035,44.322],[5.037,44.323],[5.037,44.323],[5.038,44.322],[5.037,44.322],[5.036,44.321],[5.037,44.322],[5.039,44.323],[5.039,44.323],[5.04,44.32],[5.042,44.318],[5.04,44.317],[5.04,44.319],[5.039,44.32],[5.04,44.318],[5.04,44.318],[5.039,44.318],[5.039,44.318],[5.038,44.319],[5.038,44.32],[5.037,44.321],[5.04,44.317],[5.037,44.32],[5.04,44.317]],[[5.036,44.322],[5.036,44.321],[5.036,44.321],[5.036,44.322]]],[[[5.048,44.319],[5.047,44.319],[5.046,44.32],[5.047,44.32],[5.047,44.32],[5.047,44.32],[5.048,44.319]]],[[[5.042,44.318],[5.039,44.323],[5.04,44.323],[5.042,44.324],[5.043,44.324],[5.044,44.322],[5.045,44.321],[5.044,44.321],[5.044,44.32],[5.044,44.321],[5.043,44.321],[5.043,44.321],[5.043,44.321],[5.043,44.322],[5.042,44.322],[5.042,44.322],[5.042,44.322],[5.041,44.322],[5.041,44.322],[5.043,44.322],[5.043,44.321],[5.044,44.321],[5.043,44.32],[5.044,44.319],[5.042,44.318]],[[5.042,44.32],[5.041,44.322],[5.04,44.323],[5.041,44.322],[5.042,44.32]]],[[[5.044,44.319],[5.043,44.32],[5.044,44.32],[5.044,44.32],[5.044,44.32],[5.044,44.321],[5.045,44.321],[5.043,44.324],[5.045,44.325],[5.045,44.325],[5.046,44.326],[5.048,44.325],[5.048,44.324],[5.05,44.322],[5.048,44.32],[5.047,44.321],[5.047,44.322],[5.044,44.324],[5.048,44.32],[5.047,44.32],[5.044,44.319]]],[[[5.037,44.323],[5.039,44.323],[5.04,44.323],[5.04,44.323],[5.038,44.322],[5.037,44.323]]],[[[5.037,44.323],[5.039,44.324],[5.04,44.324],[5.042,44.324],[5.04,44.323],[5.039,44.323],[5.037,44.323],[5.037,44.323]]],[[[5.05,44.322],[5.047,44.326],[5.047,44.326],[5.048,44.326],[5.05,44.326],[5.05,44.326],[5.051,44.324],[5.05,44.322]]],[[[5.046,44.326],[5.047,44.326],[5.047,44.325],[5.046,44.326]]],[[[5.041,44.325],[5.043,44.328],[5.045,44.326],[5.042,44.324],[5.041,44.325]]],[[[5.047,44.326],[5.044,44.327],[5.046,44.328],[5.048,44.327],[5.049,44.329],[5.049,44.329],[5.05,44.326],[5.048,44.327],[5.05,44.326],[5.047,44.326]]],[[[5.036,44.336],[5.04,44.338],[5.045,44.338],[5.046,44.338],[5.046,44.338],[5.05,44.335],[5.051,44.335],[5.051,44.336],[5.053,44.335],[5.051,44.336],[5.048,44.337],[5.049,44.338],[5.049,44.339],[5.051,44.338],[5.051,44.337],[5.051,44.338],[5.054,44.337],[5.054,44.337],[5.052,44.337],[5.052,44.336],[5.056,44.337],[5.056,44.335],[5.055,44.335],[5.056,44.335],[5.056,44.334],[5.056,44.333],[5.054,44.334],[5.053,44.335],[5.056,44.333],[5.052,44.333],[5.051,44.333],[5.051,44.334],[5.051,44.335],[5.051,44.333],[5.05,44.334],[5.05,44.335],[5.048,44.336],[5.05,44.334],[5.049,44.334],[5.047,44.333],[5.046,44.336],[5.047,44.337],[5.046,44.337],[5.045,44.331],[5.045,44.331],[5.044,44.331],[5.042,44.33],[5.041,44.329],[5.04,44.328],[5.044,44.331],[5.044,44.33],[5.042,44.329],[5.04,44.326],[5.038,44.327],[5.041,44.329],[5.033,44.324],[5.028,44.325],[5.031,44.325],[5.029,44.325],[5.027,44.324],[5.026,44.324],[5.026,44.324],[5.022,44.324],[5.021,44.324],[5.019,44.322],[5.014,44.321],[5.014,44.322],[5.016,44.323],[5.015,44.323],[5.015,44.324],[5.017,44.325],[5.014,44.325],[5.014,44.326],[5.022,44.327],[5.021,44.327],[5.022,44.328],[5.024,44.327],[5.022,44.328],[5.023,44.33],[5.028,44.328],[5.027,44.328],[5.027,44.328],[5.028,44.328],[5.029,44.328],[5.029,44.328],[5.028,44.329],[5.028,44.33],[5.029,44.33],[5.028,44.332],[5.029,44.332],[5.031,44.33],[5.031,44.328],[5.033,44.329],[5.034,44.329],[5.036,44.329],[5.039,44.33],[5.04,44.33],[5.038,44.332],[5.042,44.331],[5.037,44.335],[5.038,44.336],[5.036,44.336],[5.036,44.336]],[[5.028,44.329],[5.028,44.329],[5.028,44.329],[5.028,44.329]],[[5.028,44.329],[5.028,44.329],[5.028,44.329],[5.028,44.329]],[[5.028,44.33],[5.028,44.329],[5.028,44.33],[5.028,44.33]],[[5.028,44.33],[5.028,44.33],[5.028,44.33],[5.028,44.33]],[[5.028,44.33],[5.028,44.33],[5.028,44.33],[5.028,44.33]],[[5.029,44.33],[5.031,44.33],[5.031,44.33],[5.031,44.33],[5.029,44.33]]],[[[5.037,44.33],[5.038,44.33],[5.039,44.33],[5.038,44.33],[5.037,44.33]]],[[[5.034,44.332],[5.035,44.331],[5.036,44.33],[5.035,44.329],[5.032,44.331],[5.034,44.332]]],[[[5.037,44.334],[5.039,44.33],[5.036,44.332],[5.036,44.332],[5.033,44.333],[5.031,44.334],[5.032,44.335],[5.034,44.334],[5.037,44.334]]],[[[5.034,44.335],[5.032,44.337],[5.03,44.337],[5.03,44.338],[5.033,44.338],[5.036,44.336],[5.034,44.335]]],[[[5.035,44.337],[5.033,44.338],[5.032,44.338],[5.04,44.338],[5.035,44.337]]],[[[5.047,44.338],[5.04,44.338],[5.04,44.34],[5.041,44.34],[5.04,44.341],[5.044,44.341],[5.047,44.342],[5.048,44.341],[5.046,44.341],[5.047,44.338]]],[[[5.04,44.341],[5.039,44.342],[5.039,44.342],[5.04,44.341]]],[[[5.041,44.343],[5.043,44.343],[5.043,44.342],[5.042,44.342],[5.041,44.343]]],[[[5.046,44.342],[5.044,44.342],[5.045,44.343],[5.046,44.342]]],[[[5.041,44.345],[5.044,44.343],[5.04,44.344],[5.041,44.345]]],[[[5.047,44.343],[5.044,44.344],[5.044,44.344],[5.042,44.344],[5.046,44.345],[5.047,44.343]]],[[[5.047,44.346],[5.049,44.347],[5.049,44.345],[5.048,44.345],[5.048,44.343],[5.047,44.343],[5.047,44.343],[5.047,44.343],[5.047,44.343],[5.046,44.345],[5.047,44.345],[5.047,44.346]],[[5.046,44.345],[5.048,44.345],[5.046,44.345],[5.046,44.345]]],[[[5.036,44.346],[5.034,44.344],[5.034,44.347],[5.036,44.346]]],[[[5.034,44.347],[5.036,44.347],[5.036,44.346],[5.034,44.347]]],[[[5.037,44.347],[5.036,44.349],[5.037,44.349],[5.037,44.347]]],[[[5.04,44.347],[5.041,44.348],[5.043,44.349],[5.043,44.349],[5.047,44.35],[5.047,44.349],[5.047,44.349],[5.048,44.348],[5.049,44.347],[5.047,44.347],[5.046,44.348],[5.043,44.347],[5.044,44.347],[5.044,44.347],[5.042,44.346],[5.04,44.347]]],[[[5.033,44.355],[5.033,44.357],[5.037,44.357],[5.033,44.355]]],[[[5.037,44.357],[5.037,44.357],[5.037,44.357],[5.037,44.357]]],[[[5.037,44.357],[5.037,44.357],[5.037,44.357],[5.037,44.357]]],[[[5.037,44.358],[5.037,44.358],[5.037,44.358],[5.037,44.358]]],[[[5.037,44.358],[5.037,44.358],[5.037,44.358],[5.037,44.358]]],[[[5.047,44.351],[5.05,44.352],[5.047,44.351],[5.046,44.353],[5.046,44.353],[5.047,44.353],[5.047,44.353],[5.047,44.353],[5.048,44.353],[5.046,44.353],[5.046,44.353],[5.044,44.355],[5.047,44.356],[5.047,44.355],[5.047,44.356],[5.045,44.356],[5.046,44.358],[5.048,44.359],[5.049,44.362],[5.049,44.364],[5.052,44.365],[5.053,44.365],[5.053,44.362],[5.052,44.362],[5.052,44.363],[5.05,44.363],[5.049,44.359],[5.05,44.358],[5.051,44.36],[5.05,44.358],[5.051,44.357],[5.05,44.356],[5.05,44.356],[5.049,44.356],[5.048,44.354],[5.05,44.355],[5.051,44.353],[5.05,44.353],[5.05,44.351],[5.047,44.351]],[[5.046,44.356],[5.046,44.355],[5.046,44.356],[5.046,44.356]]],[[[5.037,44.357],[5.034,44.357],[5.034,44.362],[5.033,44.359],[5.032,44.359],[5.033,44.359],[5.033,44.358],[5.033,44.358],[5.033,44.357],[5.03,44.358],[5.03,44.361],[5.032,44.361],[5.034,44.363],[5.036,44.363],[5.037,44.361],[5.037,44.359],[5.036,44.359],[5.038,44.358],[5.036,44.358],[5.036,44.357],[5.037,44.358],[5.037,44.357]]],[[[5.04,44.359],[5.04,44.358],[5.04,44.357],[5.04,44.357],[5.039,44.359],[5.04,44.36],[5.042,44.362],[5.043,44.362],[5.042,44.361],[5.043,44.361],[5.043,44.361],[5.043,44.362],[5.042,44.362],[5.049,44.364],[5.048,44.363],[5.047,44.363],[5.044,44.359],[5.043,44.36],[5.043,44.36],[5.043,44.36],[5.043,44.36],[5.044,44.359],[5.041,44.357],[5.04,44.359]]],[[[5.037,44.364],[5.041,44.364],[5.042,44.363],[5.041,44.362],[5.038,44.363],[5.039,44.362],[5.037,44.362],[5.037,44.364]]],[[[5.058,44.319],[5.06,44.32],[5.061,44.32],[5.059,44.319],[5.058,44.319]]],[[[5.052,44.316],[5.052,44.319],[5.053,44.32],[5.053,44.321],[5.053,44.322],[5.055,44.325],[5.057,44.319],[5.054,44.319],[5.054,44.318],[5.056,44.319],[5.056,44.318],[5.053,44.317],[5.054,44.316],[5.052,44.316]]],[[[5.052,44.321],[5.052,44.321],[5.05,44.322],[5.051,44.324],[5.052,44.323],[5.052,44.323],[5.053,44.323],[5.053,44.322],[5.052,44.321],[5.052,44.321]]],[[[5.052,44.319],[5.053,44.322],[5.052,44.323],[5.052,44.323],[5.052,44.324],[5.055,44.326],[5.053,44.322],[5.053,44.32],[5.052,44.319]]],[[[5.061,44.323],[5.062,44.323],[5.061,44.323],[5.061,44.323]]],[[[5.059,44.323],[5.057,44.326],[5.059,44.321],[5.057,44.32],[5.055,44.325],[5.056,44.328],[5.059,44.324],[5.059,44.323]]],[[[5.051,44.324],[5.051,44.326],[5.051,44.326],[5.054,44.327],[5.056,44.328],[5.055,44.326],[5.051,44.324]]],[[[5.05,44.326],[5.05,44.326],[5.05,44.326],[5.05,44.326]]],[[[5.061,44.324],[5.059,44.328],[5.059,44.33],[5.059,44.329],[5.06,44.329],[5.06,44.327],[5.061,44.327],[5.061,44.326],[5.06,44.326],[5.061,44.326],[5.061,44.324]]],[[[5.052,44.329],[5.056,44.328],[5.054,44.327],[5.051,44.327],[5.05,44.326],[5.05,44.328],[5.049,44.329],[5.053,44.33],[5.053,44.329],[5.054,44.329],[5.054,44.329],[5.052,44.329]]],[[[5.06,44.331],[5.061,44.331],[5.061,44.331],[5.06,44.331]]],[[[5.055,44.328],[5.054,44.328],[5.054,44.329],[5.054,44.329],[5.054,44.329],[5.053,44.33],[5.052,44.33],[5.051,44.33],[5.05,44.33],[5.05,44.331],[5.05,44.332],[5.048,44.333],[5.049,44.334],[5.049,44.334],[5.05,44.334],[5.052,44.333],[5.052,44.332],[5.055,44.333],[5.051,44.332],[5.054,44.332],[5.054,44.332],[5.054,44.332],[5.056,44.332],[5.056,44.33],[5.056,44.33],[5.056,44.33],[5.056,44.33],[5.056,44.331],[5.055,44.331],[5.055,44.33],[5.054,44.33],[5.054,44.33],[5.052,44.331],[5.051,44.331],[5.05,44.331],[5.05,44.331],[5.052,44.331],[5.054,44.33],[5.054,44.33],[5.054,44.33],[5.055,44.33],[5.055,44.33],[5.055,44.331],[5.056,44.33],[5.056,44.33],[5.057,44.329],[5.055,44.328]]],[[[5.059,44.332],[5.058,44.33],[5.059,44.332],[5.059,44.332]]],[[[5.06,44.332],[5.06,44.332],[5.06,44.332],[5.06,44.332]]],[[[5.063,44.333],[5.061,44.334],[5.061,44.335],[5.062,44.335],[5.063,44.333]],[[5.062,44.334],[5.062,44.334],[5.062,44.334],[5.062,44.334]]],[[[5.06,44.336],[5.06,44.336],[5.061,44.337],[5.061,44.336],[5.06,44.336]],[[5.06,44.336],[5.06,44.336],[5.06,44.336],[5.06,44.336]]],[[[5.054,44.338],[5.051,44.338],[5.053,44.339],[5.054,44.338]]],[[[5.05,44.34],[5.052,44.339],[5.053,44.339],[5.05,44.339],[5.05,44.34]]],[[[5.054,44.338],[5.052,44.339],[5.051,44.34],[5.052,44.341],[5.054,44.339],[5.055,44.339],[5.054,44.337],[5.054,44.338]]],[[[5.06,44.339],[5.062,44.34],[5.06,44.339],[5.06,44.339]]],[[[5.062,44.341],[5.06,44.34],[5.06,44.341],[5.062,44.341],[5.062,44.341]]],[[[5.06,44.342],[5.06,44.341],[5.06,44.341],[5.06,44.34],[5.06,44.34],[5.059,44.34],[5.06,44.342]]],[[[5.059,44.343],[5.06,44.343],[5.06,44.342],[5.059,44.343]]],[[[5.061,44.343],[5.06,44.343],[5.06,44.344],[5.061,44.344],[5.061,44.343]]],[[[5.062,44.344],[5.062,44.343],[5.061,44.343],[5.061,44.343],[5.062,44.344]]],[[[5.057,44.343],[5.055,44.343],[5.056,44.345],[5.058,44.345],[5.056,44.344],[5.057,44.343]]],[[[5.063,44.345],[5.062,44.344],[5.062,44.345],[5.061,44.345],[5.061,44.346],[5.063,44.345],[5.063,44.345]]],[[[5.054,44.345],[5.054,44.346],[5.055,44.345],[5.054,44.345]]],[[[5.051,44.347],[5.052,44.346],[5.051,44.347],[5.051,44.347]]],[[[5.063,44.346],[5.062,44.347],[5.062,44.348],[5.063,44.346]]],[[[5.056,44.346],[5.056,44.347],[5.053,44.349],[5.054,44.349],[5.056,44.348],[5.057,44.349],[5.06,44.348],[5.059,44.347],[5.059,44.347],[5.058,44.347],[5.059,44.346],[5.058,44.345],[5.056,44.346]]],[[[5.051,44.347],[5.047,44.348],[5.047,44.35],[5.051,44.35],[5.051,44.351],[5.055,44.351],[5.055,44.35],[5.054,44.35],[5.053,44.351],[5.052,44.35],[5.053,44.35],[5.051,44.35],[5.05,44.349],[5.052,44.349],[5.053,44.346],[5.051,44.347],[5.051,44.347],[5.051,44.347]]],[[[5.059,44.349],[5.056,44.35],[5.057,44.35],[5.057,44.352],[5.058,44.352],[5.061,44.35],[5.059,44.348],[5.058,44.349],[5.059,44.349]]],[[[5.061,44.352],[5.061,44.356],[5.062,44.356],[5.062,44.355],[5.064,44.355],[5.061,44.352]]],[[[5.061,44.352],[5.059,44.353],[5.06,44.357],[5.061,44.352]]],[[[5.055,44.358],[5.055,44.358],[5.056,44.356],[5.053,44.357],[5.055,44.358]]],[[[5.061,44.356],[5.06,44.357],[5.063,44.359],[5.063,44.357],[5.061,44.357],[5.061,44.357],[5.061,44.356],[5.062,44.357],[5.062,44.356],[5.061,44.356],[5.061,44.356]]],[[[5.059,44.358],[5.059,44.357],[5.059,44.358],[5.059,44.358]]],[[[5.058,44.357],[5.058,44.355],[5.056,44.358],[5.056,44.359],[5.054,44.36],[5.054,44.362],[5.055,44.362],[5.056,44.364],[5.058,44.363],[5.057,44.362],[5.057,44.361],[5.058,44.36],[5.057,44.36],[5.058,44.36],[5.057,44.358],[5.058,44.357]]],[[[5.06,44.357],[5.057,44.362],[5.059,44.364],[5.06,44.362],[5.06,44.361],[5.059,44.361],[5.062,44.359],[5.06,44.357]]],[[[5.058,44.366],[5.058,44.363],[5.056,44.364],[5.058,44.366]]],[[[5.06,44.365],[5.059,44.367],[5.059,44.367],[5.06,44.365],[5.058,44.364],[5.06,44.365]]],[[[5.057,44.368],[5.059,44.371],[5.059,44.371],[5.061,44.371],[5.063,44.371],[5.062,44.369],[5.062,44.37],[5.061,44.37],[5.062,44.369],[5.061,44.367],[5.058,44.368],[5.059,44.368],[5.058,44.367],[5.057,44.368]],[[5.061,44.368],[5.061,44.369],[5.061,44.368],[5.061,44.368]]],[[[5.063,44.371],[5.059,44.371],[5.063,44.372],[5.062,44.371],[5.063,44.371]]],[[[5.062,44.32],[5.065,44.324],[5.065,44.325],[5.062,44.323],[5.061,44.327],[5.06,44.329],[5.061,44.329],[5.063,44.329],[5.063,44.328],[5.064,44.326],[5.063,44.328],[5.064,44.329],[5.065,44.327],[5.065,44.327],[5.064,44.329],[5.065,44.329],[5.066,44.328],[5.066,44.328],[5.067,44.328],[5.069,44.326],[5.069,44.325],[5.07,44.325],[5.062,44.32]]],[[[5.07,44.325],[5.067,44.328],[5.066,44.333],[5.067,44.332],[5.072,44.332],[5.072,44.329],[5.071,44.329],[5.07,44.33],[5.07,44.33],[5.069,44.33],[5.069,44.331],[5.069,44.331],[5.067,44.331],[5.069,44.331],[5.069,44.33],[5.07,44.329],[5.07,44.329],[5.07,44.329],[5.07,44.329],[5.069,44.33],[5.07,44.33],[5.073,44.328],[5.072,44.332],[5.075,44.33],[5.076,44.33],[5.076,44.329],[5.077,44.329],[5.07,44.325]]],[[[5.061,44.329],[5.063,44.33],[5.063,44.33],[5.061,44.329]]],[[[5.066,44.33],[5.065,44.331],[5.066,44.331],[5.066,44.33]]],[[[5.064,44.331],[5.065,44.331],[5.064,44.331],[5.064,44.331]]],[[[5.062,44.332],[5.063,44.332],[5.064,44.332],[5.064,44.332],[5.064,44.331],[5.063,44.331],[5.062,44.332]],[[5.063,44.332],[5.063,44.332],[5.064,44.332],[5.063,44.332]],[[5.062,44.332],[5.062,44.332],[5.062,44.332],[5.062,44.332]],[[5.062,44.332],[5.062,44.332],[5.062,44.332],[5.062,44.332]],[[5.062,44.332],[5.062,44.332],[5.062,44.332],[5.062,44.332]],[[5.062,44.332],[5.062,44.332],[5.062,44.332],[5.062,44.332]],[[5.063,44.332],[5.063,44.332],[5.063,44.332],[5.063,44.332]],[[5.063,44.332],[5.063,44.332],[5.063,44.332],[5.063,44.332]],[[5.063,44.332],[5.063,44.332],[5.063,44.332],[5.063,44.332]],[[5.063,44.332],[5.063,44.332],[5.063,44.332],[5.063,44.332]]],[[[5.065,44.331],[5.065,44.332],[5.066,44.332],[5.065,44.331]]],[[[5.075,44.332],[5.072,44.332],[5.071,44.332],[5.071,44.333],[5.069,44.332],[5.065,44.333],[5.064,44.334],[5.067,44.335],[5.068,44.335],[5.069,44.335],[5.069,44.334],[5.07,44.334],[5.072,44.335],[5.072,44.335],[5.072,44.337],[5.075,44.332]]],[[[5.065,44.335],[5.062,44.335],[5.062,44.336],[5.063,44.336],[5.064,44.337],[5.066,44.337],[5.066,44.337],[5.066,44.337],[5.067,44.335],[5.066,44.334],[5.065,44.335]],[[5.064,44.335],[5.064,44.335],[5.064,44.335],[5.064,44.335]],[[5.064,44.335],[5.064,44.335],[5.064,44.335],[5.064,44.335]],[[5.064,44.335],[5.064,44.335],[5.064,44.335],[5.064,44.335]]],[[[5.067,44.335],[5.067,44.337],[5.069,44.337],[5.069,44.335],[5.067,44.335]]],[[[5.069,44.335],[5.069,44.337],[5.072,44.338],[5.072,44.337],[5.072,44.337],[5.072,44.337],[5.072,44.335],[5.069,44.335]],[[5.071,44.337],[5.072,44.337],[5.072,44.337],[5.071,44.337]]],[[[5.066,44.337],[5.067,44.339],[5.068,44.339],[5.069,44.337],[5.066,44.337]]],[[[5.063,44.336],[5.063,44.338],[5.063,44.338],[5.061,44.338],[5.06,44.337],[5.06,44.338],[5.062,44.339],[5.063,44.341],[5.067,44.339],[5.066,44.337],[5.063,44.336]]],[[[5.069,44.339],[5.067,44.34],[5.07,44.34],[5.071,44.341],[5.071,44.341],[5.072,44.341],[5.072,44.339],[5.072,44.339],[5.072,44.339],[5.069,44.338],[5.069,44.339]]],[[[5.07,44.34],[5.07,44.341],[5.07,44.341],[5.07,44.341],[5.071,44.341],[5.07,44.34]]],[[[5.07,44.342],[5.07,44.341],[5.07,44.341],[5.07,44.342]]],[[[5.067,44.34],[5.066,44.341],[5.066,44.341],[5.066,44.341],[5.066,44.341],[5.064,44.342],[5.066,44.34],[5.064,44.34],[5.064,44.341],[5.064,44.34],[5.062,44.342],[5.06,44.342],[5.063,44.344],[5.065,44.345],[5.066,44.344],[5.067,44.344],[5.066,44.345],[5.066,44.345],[5.068,44.345],[5.067,44.344],[5.069,44.343],[5.069,44.343],[5.068,44.343],[5.068,44.345],[5.07,44.343],[5.069,44.34],[5.067,44.34]],[[5.062,44.343],[5.062,44.343],[5.066,44.344],[5.064,44.343],[5.063,44.344],[5.062,44.343]]],[[[5.074,44.342],[5.074,44.344],[5.074,44.344],[5.075,44.342],[5.074,44.342]]],[[[5.071,44.342],[5.07,44.344],[5.071,44.343],[5.071,44.342]]],[[[5.075,44.345],[5.075,44.344],[5.073,44.344],[5.073,44.345],[5.075,44.345]]],[[[5.071,44.344],[5.069,44.345],[5.07,44.346],[5.07,44.347],[5.07,44.347],[5.072,44.346],[5.071,44.344]]],[[[5.073,44.347],[5.074,44.346],[5.075,44.346],[5.074,44.346],[5.073,44.347]]],[[[5.074,44.346],[5.074,44.347],[5.074,44.347],[5.074,44.347],[5.074,44.348],[5.074,44.346]]],[[[5.071,44.347],[5.072,44.347],[5.071,44.347],[5.071,44.347]]],[[[5.07,44.347],[5.07,44.347],[5.07,44.347],[5.069,44.347],[5.069,44.347],[5.069,44.347],[5.068,44.347],[5.068,44.347],[5.067,44.348],[5.067,44.348],[5.068,44.347],[5.069,44.347],[5.069,44.347],[5.07,44.347],[5.07,44.347],[5.07,44.345],[5.068,44.345],[5.067,44.347],[5.067,44.346],[5.066,44.346],[5.065,44.347],[5.066,44.345],[5.063,44.345],[5.063,44.348],[5.064,44.348],[5.064,44.346],[5.065,44.348],[5.064,44.349],[5.067,44.351],[5.069,44.349],[5.07,44.348],[5.072,44.348],[5.071,44.347],[5.07,44.347]]],[[[5.073,44.347],[5.074,44.348],[5.074,44.347],[5.073,44.347]]],[[[5.072,44.348],[5.068,44.35],[5.07,44.35],[5.072,44.349],[5.072,44.348]]],[[[5.072,44.351],[5.073,44.35],[5.071,44.351],[5.072,44.351]]],[[[5.074,44.351],[5.075,44.351],[5.075,44.35],[5.074,44.351]]],[[[5.075,44.352],[5.074,44.353],[5.075,44.354],[5.075,44.354],[5.075,44.354],[5.075,44.354],[5.075,44.353],[5.076,44.353],[5.075,44.353],[5.075,44.352],[5.075,44.352]]],[[[5.075,44.354],[5.075,44.354],[5.075,44.355],[5.075,44.355],[5.075,44.354]]],[[[5.072,44.353],[5.071,44.354],[5.069,44.354],[5.071,44.353],[5.069,44.353],[5.069,44.351],[5.066,44.352],[5.066,44.354],[5.068,44.354],[5.068,44.357],[5.07,44.359],[5.072,44.358],[5.073,44.357],[5.074,44.356],[5.072,44.354],[5.071,44.355],[5.07,44.355],[5.072,44.354],[5.074,44.353],[5.073,44.354],[5.072,44.353]],[[5.068,44.354],[5.068,44.353],[5.069,44.354],[5.068,44.354],[5.068,44.354]]],[[[5.063,44.356],[5.064,44.356],[5.064,44.357],[5.065,44.356],[5.064,44.355],[5.062,44.356],[5.063,44.356]]],[[[5.075,44.357],[5.074,44.356],[5.073,44.357],[5.074,44.357],[5.075,44.357]]],[[[5.07,44.359],[5.069,44.359],[5.069,44.36],[5.069,44.36],[5.07,44.359]]],[[[5.07,44.359],[5.069,44.36],[5.069,44.363],[5.071,44.359],[5.07,44.359]]],[[[5.064,44.358],[5.062,44.362],[5.064,44.367],[5.067,44.366],[5.066,44.366],[5.065,44.365],[5.066,44.358],[5.064,44.358]]],[[[5.067,44.361],[5.067,44.365],[5.068,44.365],[5.069,44.362],[5.067,44.361]]],[[[5.068,44.366],[5.068,44.366],[5.068,44.366],[5.068,44.366]]],[[[5.071,44.368],[5.07,44.367],[5.07,44.368],[5.071,44.368]]],[[[5.07,44.369],[5.069,44.368],[5.068,44.368],[5.07,44.369]]],[[[5.065,44.368],[5.066,44.369],[5.065,44.371],[5.067,44.371],[5.069,44.369],[5.067,44.368],[5.065,44.368]]],[[[5.07,44.374],[5.071,44.373],[5.071,44.372],[5.07,44.373],[5.07,44.374]]],[[[5.071,44.376],[5.071,44.374],[5.07,44.375],[5.071,44.376]]],[[[5.077,44.33],[5.078,44.33],[5.078,44.33],[5.077,44.329],[5.077,44.33]]],[[[5.077,44.33],[5.075,44.33],[5.073,44.331],[5.075,44.332],[5.077,44.33]]],[[[5.081,44.331],[5.08,44.33],[5.08,44.331],[5.081,44.331]]],[[[5.076,44.332],[5.077,44.332],[5.078,44.332],[5.078,44.331],[5.08,44.332],[5.081,44.331],[5.077,44.33],[5.076,44.332]]],[[[5.082,44.332],[5.081,44.331],[5.08,44.332],[5.079,44.333],[5.082,44.333],[5.083,44.333],[5.083,44.334],[5.084,44.332],[5.082,44.332]]],[[[5.076,44.332],[5.077,44.333],[5.078,44.332],[5.077,44.332],[5.076,44.332]]],[[[5.085,44.334],[5.086,44.332],[5.085,44.332],[5.084,44.334],[5.084,44.334],[5.085,44.334]]],[[[5.085,44.334],[5.087,44.333],[5.086,44.332],[5.085,44.333],[5.085,44.334]]],[[[5.085,44.334],[5.087,44.335],[5.088,44.334],[5.087,44.333],[5.085,44.334]]],[[[5.085,44.334],[5.084,44.334],[5.083,44.334],[5.083,44.334],[5.085,44.335],[5.085,44.334]]],[[[5.083,44.334],[5.083,44.335],[5.084,44.336],[5.085,44.335],[5.083,44.334]]],[[[5.077,44.333],[5.076,44.333],[5.074,44.335],[5.075,44.335],[5.075,44.337],[5.077,44.338],[5.078,44.336],[5.077,44.333]]],[[[5.078,44.333],[5.078,44.337],[5.077,44.338],[5.078,44.338],[5.08,44.338],[5.081,44.339],[5.081,44.338],[5.082,44.337],[5.081,44.337],[5.081,44.337],[5.082,44.336],[5.082,44.335],[5.082,44.336],[5.08,44.335],[5.082,44.336],[5.083,44.334],[5.083,44.334],[5.08,44.333],[5.078,44.333]]],[[[5.076,44.338],[5.076,44.337],[5.076,44.337],[5.075,44.337],[5.074,44.335],[5.074,44.338],[5.075,44.339],[5.075,44.338],[5.075,44.338],[5.076,44.338]]],[[[5.083,44.335],[5.082,44.337],[5.081,44.339],[5.083,44.339],[5.083,44.339],[5.083,44.339],[5.085,44.337],[5.086,44.337],[5.083,44.335]]],[[[5.085,44.334],[5.085,44.336],[5.087,44.337],[5.085,44.339],[5.089,44.341],[5.091,44.337],[5.085,44.334]]],[[[5.09,44.339],[5.091,44.338],[5.09,44.339],[5.09,44.339]]],[[[5.076,44.34],[5.075,44.339],[5.075,44.339],[5.075,44.34],[5.076,44.34]]],[[[5.077,44.338],[5.075,44.338],[5.076,44.34],[5.075,44.341],[5.077,44.341],[5.08,44.342],[5.08,44.339],[5.081,44.339],[5.078,44.338],[5.077,44.338],[5.076,44.34],[5.075,44.341],[5.076,44.34],[5.077,44.338]]],[[[5.083,44.339],[5.081,44.339],[5.08,44.342],[5.08,44.342],[5.081,44.341],[5.082,44.34],[5.083,44.339]]],[[[5.082,44.341],[5.081,44.341],[5.081,44.342],[5.082,44.342],[5.082,44.341]]],[[[5.082,44.341],[5.082,44.343],[5.084,44.343],[5.084,44.343],[5.084,44.343],[5.084,44.342],[5.084,44.342],[5.085,44.341],[5.084,44.34],[5.082,44.341]]],[[[5.082,44.342],[5.081,44.342],[5.08,44.343],[5.081,44.343],[5.082,44.342]]],[[[5.083,44.343],[5.083,44.343],[5.083,44.343],[5.083,44.343]]],[[[5.082,44.343],[5.081,44.344],[5.082,44.344],[5.082,44.344],[5.082,44.344],[5.082,44.345],[5.082,44.345],[5.083,44.345],[5.083,44.345],[5.083,44.345],[5.083,44.345],[5.083,44.345],[5.083,44.344],[5.083,44.344],[5.084,44.344],[5.084,44.343],[5.083,44.343],[5.083,44.343],[5.082,44.343]]],[[[5.075,44.341],[5.075,44.343],[5.075,44.345],[5.074,44.347],[5.075,44.348],[5.075,44.347],[5.076,44.347],[5.077,44.346],[5.078,44.346],[5.078,44.346],[5.079,44.344],[5.079,44.344],[5.079,44.344],[5.08,44.342],[5.075,44.341]],[[5.075,44.346],[5.075,44.346],[5.076,44.346],[5.075,44.346]]],[[[5.084,44.344],[5.088,44.341],[5.086,44.34],[5.085,44.339],[5.084,44.34],[5.085,44.341],[5.084,44.344],[5.084,44.345],[5.084,44.345],[5.083,44.344],[5.083,44.345],[5.082,44.347],[5.082,44.347],[5.081,44.347],[5.081,44.347],[5.08,44.348],[5.08,44.349],[5.081,44.35],[5.081,44.349],[5.081,44.348],[5.085,44.348],[5.085,44.347],[5.083,44.346],[5.085,44.346],[5.085,44.346],[5.086,44.345],[5.084,44.345],[5.089,44.343],[5.088,44.341],[5.084,44.344]]],[[[5.087,44.345],[5.088,44.345],[5.088,44.344],[5.086,44.345],[5.087,44.345]]],[[[5.081,44.344],[5.08,44.346],[5.082,44.347],[5.083,44.345],[5.082,44.344],[5.081,44.344]]],[[[5.079,44.344],[5.079,44.344],[5.079,44.344],[5.079,44.344],[5.078,44.346],[5.076,44.347],[5.075,44.348],[5.079,44.348],[5.078,44.346],[5.079,44.344]]],[[[5.085,44.346],[5.085,44.346],[5.085,44.346],[5.085,44.346]]],[[[5.085,44.346],[5.085,44.346],[5.085,44.346],[5.085,44.346]]],[[[5.085,44.346],[5.085,44.347],[5.086,44.346],[5.085,44.346],[5.085,44.346]]],[[[5.08,44.346],[5.079,44.348],[5.079,44.348],[5.079,44.348],[5.08,44.347],[5.081,44.347],[5.081,44.347],[5.081,44.347],[5.08,44.346]]],[[[5.075,44.348],[5.076,44.35],[5.076,44.349],[5.077,44.349],[5.077,44.349],[5.076,44.35],[5.076,44.35],[5.079,44.349],[5.079,44.348],[5.075,44.348]]],[[[5.082,44.349],[5.083,44.35],[5.084,44.35],[5.082,44.349]]],[[[5.078,44.35],[5.079,44.35],[5.079,44.349],[5.078,44.35]]],[[[5.083,44.351],[5.081,44.35],[5.081,44.351],[5.083,44.352],[5.083,44.351]]],[[[5.075,44.351],[5.075,44.352],[5.075,44.351],[5.075,44.351]]],[[[5.075,44.35],[5.076,44.353],[5.075,44.354],[5.076,44.354],[5.076,44.354],[5.077,44.352],[5.078,44.35],[5.075,44.35]]],[[[5.076,44.354],[5.077,44.354],[5.077,44.353],[5.076,44.354]]],[[[5.08,44.353],[5.081,44.354],[5.082,44.354],[5.08,44.353]]],[[[5.077,44.353],[5.078,44.355],[5.079,44.356],[5.08,44.355],[5.079,44.355],[5.079,44.354],[5.08,44.355],[5.081,44.354],[5.079,44.354],[5.078,44.353],[5.08,44.353],[5.08,44.353],[5.078,44.352],[5.079,44.352],[5.077,44.353]]],[[[5.077,44.355],[5.075,44.354],[5.075,44.356],[5.077,44.355]]]]}}]}